account_id,customer_id,branch_id,account_type,open_date,status,current_balance,interest_rate
AC00000001,CU00004904,BR006,Current,2023-10-06,Active,284900.0,0.0
AC00000002,CU00002043,BR003,Salary,2026-03-04,Active,113904.97,2.5
AC00000003,CU00002912,BR015,Savings,2025-06-09,Active,19388.39,2.7
AC00000004,CU00003371,BR017,Savings,2018-07-06,Active,10153.13,2.7
AC00000005,CU00004625,BR004,Salary,2023-06-03,Active,125355.91,2.5
AC00000006,CU00002249,BR015,Fixed Deposit,2024-10-22,Active,129830.97,7.1
AC00000007,CU00002075,BR022,Savings,2023-07-31,Active,25344.4,2.7
AC00000008,CU00004494,BR014,Current,2024-11-11,Active,19072.88,0.0
AC00000009,CU00004506,BR002,Current,2026-03-22,Active,18489.08,0.0
AC00000010,CU00001244,BR013,Savings,2021-08-11,Active,143347.36,2.7
AC00000011,CU00001325,BR018,Savings,2025-11-03,Active,61668.66,2.7
AC00000012,CU00001014,BR009,Fixed Deposit,2025-09-06,Active,206382.35,7.1
AC00000013,CU00004468,BR015,Salary,2018-11-01,Active,32745.13,2.5
AC00000014,CU00002837,BR006,Savings,2024-07-06,Active,10274.97,2.7
AC00000015,CU00002896,BR018,Salary,2018-08-02,Active,45383.06,2.5
AC00000016,CU00003408,BR012,Savings,2020-12-03,Active,21500.6,2.7
AC00000017,CU00003157,BR017,Savings,2020-05-14,Active,8497.3,2.7
AC00000018,CU00000918,BR001,Savings,2025-12-02,Active,50945.64,2.7
AC00000019,CU00001731,BR023,Savings,2019-12-24,Active,31890.83,2.7
AC00000020,CU00002778,BR007,Savings,2018-09-09,Active,47058.93,2.7
AC00000021,CU00003786,BR017,Current,2023-04-17,Active,85195.32,0.0
AC00000022,CU00003536,BR020,Current,2021-01-12,Active,29605.11,0.0
AC00000023,CU00004110,BR005,Fixed Deposit,2018-08-02,Active,857574.95,7.1
AC00000024,CU00000213,BR024,Salary,2024-11-21,Active,17240.68,2.5
AC00000025,CU00003854,BR008,Savings,2021-02-28,Active,56263.36,2.7
AC00000026,CU00001498,BR004,Salary,2020-04-14,Active,18746.14,2.5
AC00000027,CU00004109,BR014,Savings,2022-01-11,Active,51730.17,2.7
AC00000028,CU00001933,BR007,Fixed Deposit,2024-06-28,Active,50633.9,7.1
AC00000029,CU00003381,BR024,Savings,2025-11-12,Dormant,11737.61,2.7
AC00000030,CU00000940,BR006,Savings,2024-05-15,Active,4322.35,2.7
AC00000031,CU00004390,BR004,Savings,2025-09-21,Active,115315.73,2.7
AC00000032,CU00001456,BR003,Savings,2018-08-31,Active,19524.01,2.7
AC00000033,CU00004784,BR018,Savings,2020-08-23,Active,59378.08,2.7
AC00000034,CU00002007,BR014,Savings,2021-04-20,Active,33108.21,2.7
AC00000035,CU00001150,BR012,Savings,2018-08-27,Active,50107.96,2.7
AC00000036,CU00003342,BR024,Current,2024-02-21,Dormant,48677.36,0.0
AC00000037,CU00000109,BR018,Fixed Deposit,2021-10-14,Active,146597.56,7.1
AC00000038,CU00001278,BR017,Savings,2023-08-27,Active,19414.87,2.7
AC00000039,CU00000652,BR011,Savings,2021-01-27,Active,5468.99,2.7
AC00000040,CU00002137,BR016,Savings,2021-12-12,Active,32341.77,2.7
AC00000041,CU00002373,BR020,Current,2019-06-18,Active,14241.94,0.0
AC00000042,CU00002108,BR011,Savings,2024-04-17,Active,101140.49,2.7
AC00000043,CU00000486,BR006,Salary,2022-05-23,Active,8709.65,2.5
AC00000044,CU00001638,BR013,Salary,2021-04-18,Active,48776.62,2.5
AC00000045,CU00000680,BR024,Current,2023-09-14,Active,47738.83,0.0
AC00000046,CU00001308,BR004,Savings,2024-12-17,Active,9713.47,2.7
AC00000047,CU00001562,BR007,Savings,2023-01-09,Active,44079.75,2.7
AC00000048,CU00000829,BR008,Savings,2025-11-01,Active,139343.11,2.7
AC00000049,CU00002611,BR017,Current,2019-04-16,Active,91214.34,0.0
AC00000050,CU00003311,BR018,Savings,2024-06-17,Active,624838.99,2.7
AC00000051,CU00000236,BR011,Current,2024-04-05,Active,38807.01,0.0
AC00000052,CU00000763,BR011,Current,2021-12-29,Active,63179.03,0.0
AC00000053,CU00001419,BR017,Savings,2018-11-19,Active,27558.67,2.7
AC00000054,CU00002704,BR019,Savings,2018-11-06,Active,12957.76,2.7
AC00000055,CU00001284,BR009,Savings,2019-10-10,Active,61502.79,2.7
AC00000056,CU00004482,BR003,Savings,2020-10-26,Active,8915.97,2.7
AC00000057,CU00000056,BR007,Salary,2019-12-06,Active,14863.67,2.5
AC00000058,CU00002125,BR005,Savings,2022-03-26,Active,3438.94,2.7
AC00000059,CU00001050,BR015,Savings,2024-03-07,Active,3069.47,2.7
AC00000060,CU00003822,BR010,Salary,2018-12-08,Dormant,43808.2,2.5
AC00000061,CU00003339,BR008,Current,2018-08-02,Active,83259.56,0.0
AC00000062,CU00003918,BR024,Savings,2026-05-28,Active,24336.45,2.7
AC00000063,CU00002645,BR005,Salary,2020-01-16,Active,6224.92,2.5
AC00000064,CU00003604,BR017,Savings,2020-11-01,Active,125486.37,2.7
AC00000065,CU00004190,BR018,Savings,2025-07-25,Active,105796.81,2.7
AC00000066,CU00003656,BR010,Savings,2021-02-10,Active,20251.21,2.7
AC00000067,CU00002099,BR001,Savings,2026-04-25,Active,4927.29,2.7
AC00000068,CU00004199,BR005,Fixed Deposit,2019-06-28,Active,159464.02,7.1
AC00000069,CU00003096,BR014,Savings,2022-05-27,Active,26553.41,2.7
AC00000070,CU00004120,BR002,Salary,2021-08-27,Active,23293.21,2.5
AC00000071,CU00000920,BR020,Fixed Deposit,2021-11-18,Active,166116.56,7.1
AC00000072,CU00000588,BR020,Current,2022-05-10,Active,47784.02,0.0
AC00000073,CU00001697,BR003,Salary,2023-04-01,Active,25339.14,2.5
AC00000074,CU00000479,BR009,Savings,2024-12-19,Active,21958.02,2.7
AC00000075,CU00004320,BR012,Fixed Deposit,2025-06-25,Active,401090.15,7.1
AC00000076,CU00004532,BR010,Salary,2024-10-31,Active,6898.96,2.5
AC00000077,CU00000088,BR012,Salary,2019-06-25,Active,45288.25,2.5
AC00000078,CU00002939,BR018,Fixed Deposit,2023-09-02,Active,105647.49,7.1
AC00000079,CU00004842,BR013,Fixed Deposit,2022-12-21,Dormant,430195.07,7.1
AC00000080,CU00001543,BR002,Savings,2024-05-12,Active,115700.15,2.7
AC00000081,CU00002537,BR019,Savings,2024-03-05,Active,93110.41,2.7
AC00000082,CU00001893,BR024,Savings,2018-06-18,Active,27404.32,2.7
AC00000083,CU00001402,BR008,Current,2021-04-02,Active,46434.62,0.0
AC00000084,CU00002068,BR015,Fixed Deposit,2020-06-18,Active,37765.19,7.1
AC00000085,CU00000462,BR009,Salary,2022-08-10,Active,13483.09,2.5
AC00000086,CU00000741,BR019,Savings,2022-03-29,Active,7291.6,2.7
AC00000087,CU00001904,BR006,Fixed Deposit,2021-09-04,Active,172583.49,7.1
AC00000088,CU00004660,BR015,Salary,2022-08-04,Active,27665.89,2.5
AC00000089,CU00004858,BR008,Savings,2018-10-30,Active,7226.32,2.7
AC00000090,CU00000574,BR011,Savings,2026-06-01,Active,7216.42,2.7
AC00000091,CU00004935,BR001,Savings,2020-11-28,Active,28220.44,2.7
AC00000092,CU00002008,BR021,Savings,2023-12-17,Active,40699.94,2.7
AC00000093,CU00000693,BR002,Savings,2019-07-17,Active,23744.51,2.7
AC00000094,CU00000237,BR007,Salary,2022-10-16,Active,50996.42,2.5
AC00000095,CU00000500,BR006,Salary,2025-03-27,Active,50080.82,2.5
AC00000096,CU00000017,BR011,Salary,2023-09-23,Dormant,3149.24,2.5
AC00000097,CU00002478,BR007,Salary,2025-03-03,Active,22167.36,2.5
AC00000098,CU00002648,BR005,Salary,2023-06-06,Active,1301.55,2.5
AC00000099,CU00002039,BR020,Salary,2020-04-04,Active,92306.56,2.5
AC00000100,CU00004855,BR005,Fixed Deposit,2019-04-10,Active,71091.51,7.1
AC00000101,CU00001444,BR015,Salary,2025-05-04,Active,72122.44,2.5
AC00000102,CU00003604,BR001,Savings,2021-04-25,Closed,19166.97,2.7
AC00000103,CU00003402,BR023,Savings,2020-05-03,Active,14102.92,2.7
AC00000104,CU00003549,BR014,Fixed Deposit,2025-01-08,Active,987923.81,7.1
AC00000105,CU00000018,BR006,Fixed Deposit,2019-10-25,Active,187741.73,7.1
AC00000106,CU00003070,BR017,Savings,2025-07-18,Active,20430.91,2.7
AC00000107,CU00003128,BR007,Current,2022-02-26,Active,18464.86,0.0
AC00000108,CU00002704,BR009,Salary,2023-09-23,Active,18288.97,2.5
AC00000109,CU00002478,BR009,Savings,2024-06-05,Active,6548.48,2.7
AC00000110,CU00001496,BR024,Fixed Deposit,2023-12-01,Active,282545.99,7.1
AC00000111,CU00004195,BR004,Savings,2025-08-16,Active,6681.25,2.7
AC00000112,CU00002691,BR014,Savings,2019-04-18,Active,7637.25,2.7
AC00000113,CU00003018,BR003,Savings,2019-12-13,Active,3973.53,2.7
AC00000114,CU00001433,BR004,Salary,2024-12-23,Closed,24095.03,2.5
AC00000115,CU00000778,BR008,Salary,2018-11-15,Active,185888.8,2.5
AC00000116,CU00004412,BR003,Savings,2019-08-28,Active,49611.24,2.7
AC00000117,CU00000951,BR024,Savings,2021-10-29,Active,6855.75,2.7
AC00000118,CU00002538,BR005,Salary,2020-04-23,Active,11594.68,2.5
AC00000119,CU00003224,BR013,Fixed Deposit,2020-05-09,Active,300901.34,7.1
AC00000120,CU00002951,BR002,Savings,2019-07-06,Active,23206.78,2.7
AC00000121,CU00001671,BR008,Salary,2020-11-14,Active,53996.35,2.5
AC00000122,CU00002097,BR008,Savings,2021-05-06,Active,39405.9,2.7
AC00000123,CU00004607,BR021,Savings,2020-07-10,Active,6324.79,2.7
AC00000124,CU00003338,BR019,Savings,2021-11-06,Active,15776.99,2.7
AC00000125,CU00003452,BR022,Savings,2020-03-22,Active,113587.2,2.7
AC00000126,CU00004336,BR008,Salary,2026-07-29,Active,37064.29,2.5
AC00000127,CU00002185,BR009,Savings,2019-09-03,Active,19066.66,2.7
AC00000128,CU00003338,BR015,Salary,2025-03-13,Closed,41887.27,2.5
AC00000129,CU00001033,BR005,Salary,2019-02-28,Active,49318.8,2.5
AC00000130,CU00000278,BR017,Savings,2022-07-20,Active,28019.62,2.7
AC00000131,CU00003950,BR004,Salary,2021-01-30,Active,6177.18,2.5
AC00000132,CU00002106,BR009,Savings,2019-09-25,Active,19375.39,2.7
AC00000133,CU00002088,BR006,Savings,2022-05-19,Active,100768.7,2.7
AC00000134,CU00003724,BR015,Current,2019-08-16,Active,8201.77,0.0
AC00000135,CU00001613,BR019,Savings,2022-01-12,Closed,43500.79,2.7
AC00000136,CU00001303,BR005,Savings,2018-12-13,Active,36791.4,2.7
AC00000137,CU00001931,BR023,Savings,2023-10-04,Active,59588.56,2.7
AC00000138,CU00003378,BR021,Savings,2022-03-22,Active,4573.03,2.7
AC00000139,CU00003379,BR020,Current,2022-01-29,Active,22667.99,0.0
AC00000140,CU00001187,BR009,Savings,2025-03-06,Active,59988.01,2.7
AC00000141,CU00001806,BR013,Fixed Deposit,2020-04-22,Closed,304700.62,7.1
AC00000142,CU00002028,BR024,Current,2024-11-04,Active,1742.56,0.0
AC00000143,CU00000322,BR024,Savings,2019-09-01,Active,17897.85,2.7
AC00000144,CU00003239,BR022,Savings,2021-07-29,Active,23678.06,2.7
AC00000145,CU00003234,BR014,Current,2019-12-29,Active,12467.68,0.0
AC00000146,CU00000120,BR021,Fixed Deposit,2019-09-04,Active,204592.7,7.1
AC00000147,CU00001789,BR024,Savings,2024-01-17,Active,60265.35,2.7
AC00000148,CU00003904,BR005,Savings,2025-05-13,Active,114796.71,2.7
AC00000149,CU00003352,BR001,Savings,2021-07-22,Active,75840.26,2.7
AC00000150,CU00002431,BR002,Savings,2021-02-10,Active,41263.94,2.7
AC00000151,CU00004698,BR011,Fixed Deposit,2025-03-16,Active,53229.36,7.1
AC00000152,CU00001217,BR014,Savings,2021-02-11,Active,5588.07,2.7
AC00000153,CU00004569,BR013,Savings,2019-09-15,Active,90274.26,2.7
AC00000154,CU00003699,BR013,Savings,2026-01-07,Active,6164.15,2.7
AC00000155,CU00004328,BR010,Salary,2021-03-10,Active,10298.08,2.5
AC00000156,CU00001678,BR024,Savings,2023-12-22,Active,18569.73,2.7
AC00000157,CU00001087,BR021,Salary,2019-11-08,Active,84966.51,2.5
AC00000158,CU00003440,BR013,Current,2025-01-15,Active,10261.75,0.0
AC00000159,CU00002929,BR005,Savings,2024-09-02,Active,11426.65,2.7
AC00000160,CU00000696,BR004,Savings,2021-02-28,Dormant,17250.51,2.7
AC00000161,CU00002590,BR024,Salary,2026-05-10,Active,43239.49,2.5
AC00000162,CU00003167,BR017,Fixed Deposit,2019-12-23,Active,182866.19,7.1
AC00000163,CU00004159,BR010,Salary,2022-06-22,Active,7550.59,2.5
AC00000164,CU00004585,BR010,Savings,2021-01-14,Active,9882.25,2.7
AC00000165,CU00004019,BR015,Savings,2018-12-25,Active,15952.65,2.7
AC00000166,CU00004108,BR007,Fixed Deposit,2026-04-17,Active,660243.14,7.1
AC00000167,CU00000378,BR022,Savings,2023-12-25,Active,222919.66,2.7
AC00000168,CU00001917,BR001,Fixed Deposit,2019-08-06,Active,405963.11,7.1
AC00000169,CU00004241,BR010,Salary,2019-11-05,Active,32655.42,2.5
AC00000170,CU00003283,BR013,Savings,2025-01-21,Active,40000.0,2.7
AC00000171,CU00001653,BR008,Fixed Deposit,2021-10-06,Active,638607.63,7.1
AC00000172,CU00000594,BR019,Savings,2020-07-18,Active,5048.64,2.7
AC00000173,CU00004856,BR011,Savings,2026-05-09,Active,42037.39,2.7
AC00000174,CU00004246,BR006,Salary,2018-09-13,Active,10667.1,2.5
AC00000175,CU00000743,BR017,Savings,2021-03-28,Active,7325.0,2.7
AC00000176,CU00003031,BR010,Savings,2024-05-15,Active,49567.44,2.7
AC00000177,CU00004653,BR012,Fixed Deposit,2024-04-07,Active,76499.32,7.1
AC00000178,CU00001452,BR004,Savings,2019-07-06,Active,23963.39,2.7
AC00000179,CU00003185,BR020,Salary,2023-02-06,Active,6540.66,2.5
AC00000180,CU00004293,BR023,Fixed Deposit,2020-04-03,Active,81900.96,7.1
AC00000181,CU00000208,BR004,Current,2026-02-07,Active,19106.29,0.0
AC00000182,CU00000531,BR013,Savings,2021-03-30,Active,184330.19,2.7
AC00000183,CU00003763,BR012,Savings,2023-03-17,Active,15404.77,2.7
AC00000184,CU00000969,BR012,Salary,2020-11-18,Active,28862.71,2.5
AC00000185,CU00004575,BR014,Savings,2020-06-27,Dormant,2400.15,2.7
AC00000186,CU00003763,BR023,Salary,2021-10-25,Active,44965.54,2.5
AC00000187,CU00002888,BR001,Savings,2023-10-05,Active,24524.17,2.7
AC00000188,CU00001801,BR010,Savings,2021-01-30,Active,94403.14,2.7
AC00000189,CU00002730,BR023,Current,2024-05-22,Active,19012.5,0.0
AC00000190,CU00001156,BR012,Savings,2021-08-25,Active,17996.08,2.7
AC00000191,CU00002324,BR018,Savings,2022-10-09,Active,93433.45,2.7
AC00000192,CU00001352,BR004,Savings,2024-05-16,Active,27780.88,2.7
AC00000193,CU00004798,BR015,Current,2018-07-26,Active,7497.35,0.0
AC00000194,CU00003937,BR005,Savings,2019-07-24,Dormant,23537.46,2.7
AC00000195,CU00002476,BR017,Fixed Deposit,2025-08-16,Active,774657.93,7.1
AC00000196,CU00001062,BR008,Current,2026-06-16,Active,61113.95,0.0
AC00000197,CU00000551,BR007,Salary,2022-08-13,Active,27827.61,2.5
AC00000198,CU00004590,BR022,Savings,2018-10-10,Active,13527.57,2.7
AC00000199,CU00000542,BR008,Savings,2023-01-07,Closed,45901.64,2.7
AC00000200,CU00001772,BR009,Fixed Deposit,2019-01-12,Active,96469.01,7.1
AC00000201,CU00000190,BR011,Savings,2022-02-20,Active,84027.92,2.7
AC00000202,CU00004062,BR018,Savings,2019-06-13,Active,482580.43,2.7
AC00000203,CU00000609,BR019,Savings,2019-08-28,Active,33454.49,2.7
AC00000204,CU00001525,BR014,Savings,2022-08-25,Active,54542.62,2.7
AC00000205,CU00001651,BR019,Savings,2023-06-04,Active,13205.99,2.7
AC00000206,CU00003224,BR018,Salary,2024-05-20,Active,21487.42,2.5
AC00000207,CU00001960,BR022,Savings,2020-09-01,Active,73611.48,2.7
AC00000208,CU00003558,BR014,Savings,2023-06-06,Active,3092.39,2.7
AC00000209,CU00003231,BR022,Savings,2020-11-01,Active,29264.13,2.7
AC00000210,CU00001605,BR019,Savings,2026-04-20,Dormant,20368.55,2.7
AC00000211,CU00004444,BR016,Current,2020-09-03,Active,9775.6,0.0
AC00000212,CU00002391,BR021,Fixed Deposit,2020-05-24,Active,144043.8,7.1
AC00000213,CU00001181,BR017,Savings,2025-07-20,Active,125985.96,2.7
AC00000214,CU00000150,BR003,Savings,2019-04-06,Active,200090.57,2.7
AC00000215,CU00000113,BR005,Current,2019-06-18,Active,24925.41,0.0
AC00000216,CU00000992,BR009,Savings,2021-03-16,Active,16521.5,2.7
AC00000217,CU00001702,BR023,Savings,2021-07-06,Active,14223.01,2.7
AC00000218,CU00002953,BR012,Savings,2019-11-16,Active,7326.31,2.7
AC00000219,CU00002345,BR017,Current,2020-06-23,Active,27001.23,0.0
AC00000220,CU00002698,BR023,Salary,2019-05-19,Active,35683.05,2.5
AC00000221,CU00000905,BR019,Savings,2024-01-07,Active,12897.96,2.7
AC00000222,CU00004496,BR013,Savings,2026-06-22,Active,78840.03,2.7
AC00000223,CU00002865,BR001,Salary,2021-10-10,Active,21203.99,2.5
AC00000224,CU00004113,BR015,Savings,2021-02-18,Dormant,7054.47,2.7
AC00000225,CU00004766,BR009,Salary,2026-05-07,Active,21983.86,2.5
AC00000226,CU00004228,BR021,Salary,2023-01-20,Active,105688.63,2.5
AC00000227,CU00000072,BR024,Salary,2019-08-09,Active,105560.26,2.5
AC00000228,CU00004317,BR016,Savings,2026-06-28,Active,65090.2,2.7
AC00000229,CU00000384,BR008,Savings,2019-02-21,Active,14594.78,2.7
AC00000230,CU00000163,BR002,Fixed Deposit,2026-06-11,Active,156894.86,7.1
AC00000231,CU00002026,BR001,Savings,2021-12-11,Active,119201.25,2.7
AC00000232,CU00002706,BR018,Salary,2024-12-26,Active,12852.21,2.5
AC00000233,CU00001391,BR014,Salary,2021-01-10,Active,9460.69,2.5
AC00000234,CU00003558,BR012,Savings,2024-03-10,Active,20971.1,2.7
AC00000235,CU00004275,BR020,Savings,2020-05-04,Active,109810.49,2.7
AC00000236,CU00003410,BR004,Savings,2021-02-18,Active,18234.94,2.7
AC00000237,CU00003198,BR007,Savings,2025-10-01,Active,95395.71,2.7
AC00000238,CU00000164,BR006,Salary,2021-04-07,Active,2370.37,2.5
AC00000239,CU00004025,BR003,Savings,2019-06-01,Active,10653.16,2.7
AC00000240,CU00003718,BR024,Savings,2019-10-01,Active,46554.76,2.7
AC00000241,CU00004373,BR002,Savings,2024-03-05,Dormant,7619.93,2.7
AC00000242,CU00004926,BR010,Salary,2025-07-24,Dormant,7480.2,2.5
AC00000243,CU00001396,BR008,Salary,2023-07-03,Active,26090.49,2.5
AC00000244,CU00001519,BR007,Current,2022-03-22,Active,64616.94,0.0
AC00000245,CU00003511,BR015,Savings,2023-02-26,Active,37346.54,2.7
AC00000246,CU00003629,BR013,Savings,2023-03-20,Active,14123.75,2.7
AC00000247,CU00003112,BR017,Savings,2026-07-21,Active,47925.68,2.7
AC00000248,CU00001533,BR008,Current,2025-04-07,Active,8395.12,0.0
AC00000249,CU00003925,BR024,Savings,2024-10-05,Active,37312.65,2.7
AC00000250,CU00003975,BR011,Salary,2025-11-23,Active,13162.07,2.5
AC00000251,CU00004521,BR001,Savings,2022-08-30,Active,21029.83,2.7
AC00000252,CU00003743,BR016,Salary,2025-03-07,Active,169059.26,2.5
AC00000253,CU00003804,BR017,Salary,2021-02-25,Active,7055.02,2.5
AC00000254,CU00000217,BR017,Salary,2025-09-05,Active,14265.64,2.5
AC00000255,CU00000533,BR020,Savings,2022-05-12,Active,17712.32,2.7
AC00000256,CU00003896,BR015,Current,2018-06-30,Active,24259.88,0.0
AC00000257,CU00000658,BR023,Savings,2019-02-04,Active,65465.02,2.7
AC00000258,CU00004901,BR018,Salary,2022-01-19,Active,280163.11,2.5
AC00000259,CU00004515,BR017,Savings,2020-08-20,Active,14376.81,2.7
AC00000260,CU00001554,BR019,Savings,2023-04-18,Active,11887.5,2.7
AC00000261,CU00004083,BR017,Savings,2020-02-23,Active,15351.77,2.7
AC00000262,CU00003639,BR002,Current,2020-12-20,Active,25570.75,0.0
AC00000263,CU00001939,BR011,Salary,2022-08-13,Active,49366.2,2.5
AC00000264,CU00004952,BR008,Savings,2021-02-04,Active,117146.16,2.7
AC00000265,CU00003448,BR016,Salary,2026-03-12,Active,44550.75,2.5
AC00000266,CU00001615,BR011,Savings,2021-01-03,Active,96312.3,2.7
AC00000267,CU00001801,BR012,Fixed Deposit,2026-04-14,Active,122899.61,7.1
AC00000268,CU00004090,BR004,Savings,2025-03-24,Active,112762.13,2.7
AC00000269,CU00002565,BR008,Salary,2020-02-11,Active,8956.64,2.5
AC00000270,CU00003086,BR012,Savings,2022-03-31,Active,67169.73,2.7
AC00000271,CU00003150,BR017,Salary,2023-08-07,Active,18763.81,2.5
AC00000272,CU00000896,BR017,Fixed Deposit,2023-07-31,Active,512454.43,7.1
AC00000273,CU00002788,BR019,Current,2026-04-28,Active,76476.11,0.0
AC00000274,CU00000157,BR020,Savings,2024-09-29,Dormant,55077.06,2.7
AC00000275,CU00002054,BR012,Salary,2024-01-27,Active,53166.47,2.5
AC00000276,CU00004495,BR009,Salary,2020-04-16,Active,14634.48,2.5
AC00000277,CU00003805,BR012,Savings,2021-11-24,Active,28991.13,2.7
AC00000278,CU00000686,BR004,Savings,2022-08-15,Dormant,18833.14,2.7
AC00000279,CU00000107,BR005,Fixed Deposit,2018-10-10,Active,227400.79,7.1
AC00000280,CU00004834,BR011,Savings,2024-05-12,Active,23143.47,2.7
AC00000281,CU00001393,BR002,Current,2020-07-11,Active,19908.37,0.0
AC00000282,CU00004636,BR022,Savings,2024-07-11,Active,60318.21,2.7
AC00000283,CU00002433,BR001,Savings,2023-12-27,Active,6261.06,2.7
AC00000284,CU00001486,BR008,Salary,2023-07-14,Dormant,21113.71,2.5
AC00000285,CU00002430,BR023,Savings,2018-08-09,Active,39765.55,2.7
AC00000286,CU00000522,BR014,Savings,2018-10-10,Active,12437.09,2.7
AC00000287,CU00004091,BR015,Salary,2022-06-17,Active,36864.39,2.5
AC00000288,CU00003041,BR013,Current,2019-07-22,Active,13155.13,0.0
AC00000289,CU00002312,BR016,Salary,2021-11-01,Active,22351.37,2.5
AC00000290,CU00001433,BR020,Savings,2020-04-17,Active,55478.77,2.7
AC00000291,CU00002366,BR021,Salary,2021-06-18,Active,46110.25,2.5
AC00000292,CU00000840,BR010,Savings,2025-06-04,Active,94325.61,2.7
AC00000293,CU00003184,BR013,Salary,2023-06-16,Active,19960.8,2.5
AC00000294,CU00001502,BR007,Fixed Deposit,2021-09-09,Active,590549.12,7.1
AC00000295,CU00001874,BR010,Savings,2019-04-27,Active,41693.88,2.7
AC00000296,CU00002035,BR017,Savings,2024-07-08,Dormant,23438.46,2.7
AC00000297,CU00000630,BR017,Salary,2022-08-04,Active,18585.79,2.5
AC00000298,CU00000987,BR005,Savings,2022-03-28,Active,7440.94,2.7
AC00000299,CU00001435,BR020,Savings,2019-01-20,Active,36349.73,2.7
AC00000300,CU00004177,BR015,Fixed Deposit,2026-08-10,Active,291558.92,7.1
AC00000301,CU00003266,BR017,Savings,2022-12-20,Active,38724.13,2.7
AC00000302,CU00004285,BR012,Current,2018-12-23,Active,23466.45,0.0
AC00000303,CU00002852,BR024,Salary,2020-10-26,Active,24325.81,2.5
AC00000304,CU00004440,BR024,Savings,2022-10-11,Active,29251.13,2.7
AC00000305,CU00000713,BR013,Salary,2026-08-08,Active,11771.76,2.5
AC00000306,CU00003171,BR009,Current,2020-08-12,Active,3601.4,0.0
AC00000307,CU00002169,BR014,Savings,2026-06-21,Active,16318.14,2.7
AC00000308,CU00003786,BR004,Savings,2020-03-29,Active,7578.74,2.7
AC00000309,CU00004907,BR003,Savings,2023-04-25,Active,54602.45,2.7
AC00000310,CU00004110,BR020,Current,2023-01-06,Active,5543.32,0.0
AC00000311,CU00002256,BR024,Savings,2019-02-24,Active,23478.28,2.7
AC00000312,CU00002183,BR001,Savings,2022-02-23,Active,20514.65,2.7
AC00000313,CU00001878,BR014,Savings,2019-10-02,Dormant,47016.97,2.7
AC00000314,CU00004397,BR014,Savings,2021-06-05,Active,4972.0,2.7
AC00000315,CU00002957,BR007,Savings,2018-07-06,Active,16442.44,2.7
AC00000316,CU00000702,BR006,Savings,2026-01-29,Active,84943.37,2.7
AC00000317,CU00002653,BR002,Savings,2019-10-31,Active,32117.76,2.7
AC00000318,CU00004025,BR003,Fixed Deposit,2025-07-03,Active,149676.98,7.1
AC00000319,CU00001464,BR021,Current,2022-11-18,Active,17737.07,0.0
AC00000320,CU00002142,BR011,Savings,2025-11-10,Active,23245.24,2.7
AC00000321,CU00002458,BR002,Salary,2022-10-12,Active,18054.88,2.5
AC00000322,CU00001474,BR024,Savings,2025-03-07,Active,49334.86,2.7
AC00000323,CU00000845,BR007,Fixed Deposit,2022-03-02,Active,405870.0,7.1
AC00000324,CU00002798,BR008,Savings,2025-02-04,Active,12977.77,2.7
AC00000325,CU00003233,BR009,Savings,2022-03-08,Active,23623.84,2.7
AC00000326,CU00003878,BR003,Salary,2025-04-09,Active,6128.87,2.5
AC00000327,CU00004947,BR014,Savings,2023-03-18,Active,347031.17,2.7
AC00000328,CU00002453,BR017,Savings,2026-01-07,Active,7837.39,2.7
AC00000329,CU00002326,BR010,Salary,2024-02-28,Active,21645.4,2.5
AC00000330,CU00003750,BR018,Salary,2019-06-07,Active,25214.06,2.5
AC00000331,CU00003129,BR004,Savings,2021-05-25,Active,2465.59,2.7
AC00000332,CU00002032,BR019,Fixed Deposit,2025-12-02,Active,51379.5,7.1
AC00000333,CU00004761,BR010,Salary,2025-07-03,Active,31571.67,2.5
AC00000334,CU00002826,BR013,Savings,2022-12-07,Active,61611.65,2.7
AC00000335,CU00000926,BR020,Salary,2024-11-05,Dormant,7393.35,2.5
AC00000336,CU00002005,BR007,Salary,2022-06-29,Active,38548.91,2.5
AC00000337,CU00003514,BR013,Savings,2020-05-12,Active,44025.73,2.7
AC00000338,CU00003712,BR008,Salary,2024-02-16,Active,16999.95,2.5
AC00000339,CU00004105,BR010,Savings,2026-04-09,Active,2810.94,2.7
AC00000340,CU00000642,BR019,Savings,2025-05-26,Active,50595.76,2.7
AC00000341,CU00004138,BR006,Savings,2020-07-14,Active,11788.31,2.7
AC00000342,CU00003932,BR015,Savings,2025-03-13,Active,20193.52,2.7
AC00000343,CU00004269,BR011,Salary,2018-07-29,Active,10661.58,2.5
AC00000344,CU00002619,BR020,Salary,2020-08-04,Active,34737.52,2.5
AC00000345,CU00003853,BR016,Fixed Deposit,2024-01-28,Active,424788.87,7.1
AC00000346,CU00002405,BR012,Savings,2020-08-07,Active,20210.97,2.7
AC00000347,CU00000989,BR001,Savings,2025-10-14,Active,34456.07,2.7
AC00000348,CU00004037,BR019,Savings,2025-12-15,Active,192272.88,2.7
AC00000349,CU00001079,BR020,Savings,2023-08-15,Active,2601.31,2.7
AC00000350,CU00003016,BR017,Savings,2022-10-19,Active,33641.71,2.7
AC00000351,CU00001864,BR019,Current,2020-12-30,Active,4975.45,0.0
AC00000352,CU00004038,BR023,Salary,2023-06-30,Active,35782.08,2.5
AC00000353,CU00004338,BR024,Fixed Deposit,2026-05-04,Active,107104.62,7.1
AC00000354,CU00004830,BR014,Savings,2022-01-03,Active,35188.06,2.7
AC00000355,CU00004244,BR022,Savings,2022-04-06,Active,39416.37,2.7
AC00000356,CU00004302,BR008,Salary,2024-03-30,Active,30830.44,2.5
AC00000357,CU00001421,BR003,Savings,2020-07-09,Closed,11174.88,2.7
AC00000358,CU00001752,BR002,Salary,2018-09-05,Active,9157.12,2.5
AC00000359,CU00001053,BR002,Fixed Deposit,2026-05-22,Closed,409208.56,7.1
AC00000360,CU00004542,BR011,Fixed Deposit,2026-03-14,Dormant,1050495.39,7.1
AC00000361,CU00000317,BR007,Savings,2020-09-29,Active,3396.06,2.7
AC00000362,CU00001469,BR022,Savings,2025-10-20,Active,103564.89,2.7
AC00000363,CU00002535,BR007,Fixed Deposit,2024-04-13,Active,409658.73,7.1
AC00000364,CU00000981,BR013,Fixed Deposit,2021-04-30,Active,110049.11,7.1
AC00000365,CU00000157,BR001,Salary,2023-02-15,Active,21662.25,2.5
AC00000366,CU00004697,BR020,Fixed Deposit,2021-02-18,Dormant,110460.03,7.1
AC00000367,CU00004267,BR023,Savings,2025-06-24,Active,23870.74,2.7
AC00000368,CU00002037,BR012,Current,2024-06-29,Active,27993.16,0.0
AC00000369,CU00004952,BR001,Salary,2025-08-22,Active,15859.85,2.5
AC00000370,CU00000503,BR004,Salary,2021-09-28,Active,23678.58,2.5
AC00000371,CU00000621,BR021,Salary,2025-08-03,Active,22331.39,2.5
AC00000372,CU00001063,BR004,Salary,2021-06-28,Active,37946.67,2.5
AC00000373,CU00000435,BR011,Salary,2026-01-26,Active,28077.64,2.5
AC00000374,CU00001755,BR009,Savings,2019-12-18,Active,212523.12,2.7
AC00000375,CU00003494,BR012,Savings,2022-03-26,Active,8404.26,2.7
AC00000376,CU00003337,BR001,Savings,2020-09-18,Active,51068.49,2.7
AC00000377,CU00002749,BR020,Savings,2022-02-16,Closed,272630.22,2.7
AC00000378,CU00004749,BR010,Savings,2021-12-07,Active,7511.9,2.7
AC00000379,CU00002980,BR002,Salary,2019-06-28,Active,25715.45,2.5
AC00000380,CU00002719,BR003,Fixed Deposit,2020-11-15,Dormant,525496.83,7.1
AC00000381,CU00003479,BR024,Savings,2019-05-06,Active,6404.32,2.7
AC00000382,CU00004799,BR017,Savings,2024-12-18,Active,12992.75,2.7
AC00000383,CU00002810,BR012,Salary,2024-02-11,Active,23809.44,2.5
AC00000384,CU00002280,BR015,Savings,2025-09-17,Active,10417.61,2.7
AC00000385,CU00004860,BR009,Current,2024-02-25,Active,7323.06,0.0
AC00000386,CU00000411,BR011,Savings,2019-09-02,Active,110187.83,2.7
AC00000387,CU00001627,BR004,Savings,2022-06-04,Active,67123.92,2.7
AC00000388,CU00000439,BR020,Savings,2024-06-08,Active,9582.25,2.7
AC00000389,CU00001975,BR006,Savings,2021-03-29,Active,96305.8,2.7
AC00000390,CU00003894,BR004,Salary,2026-02-28,Active,32907.17,2.5
AC00000391,CU00001195,BR018,Salary,2023-10-11,Active,8690.52,2.5
AC00000392,CU00004098,BR005,Savings,2022-09-30,Active,18769.19,2.7
AC00000393,CU00004538,BR019,Savings,2023-06-06,Active,66148.83,2.7
AC00000394,CU00004208,BR024,Savings,2026-03-11,Active,13567.86,2.7
AC00000395,CU00004372,BR007,Savings,2025-01-10,Dormant,5543.84,2.7
AC00000396,CU00003395,BR018,Salary,2024-05-18,Active,6096.17,2.5
AC00000397,CU00004368,BR003,Savings,2023-06-09,Active,2588.5,2.7
AC00000398,CU00001551,BR020,Salary,2023-03-01,Active,46609.84,2.5
AC00000399,CU00000637,BR004,Salary,2019-02-09,Active,21932.22,2.5
AC00000400,CU00003938,BR011,Current,2026-01-09,Active,181988.67,0.0
AC00000401,CU00002920,BR005,Salary,2022-12-05,Active,7961.88,2.5
AC00000402,CU00004544,BR009,Current,2020-08-27,Active,104212.59,0.0
AC00000403,CU00003044,BR001,Savings,2021-02-08,Active,11229.47,2.7
AC00000404,CU00004481,BR003,Savings,2018-10-01,Active,9059.14,2.7
AC00000405,CU00004708,BR012,Savings,2023-04-26,Active,32797.18,2.7
AC00000406,CU00002320,BR023,Savings,2024-05-01,Active,14455.05,2.7
AC00000407,CU00000185,BR014,Salary,2022-09-22,Active,28014.65,2.5
AC00000408,CU00000856,BR014,Fixed Deposit,2023-05-15,Active,206274.45,7.1
AC00000409,CU00001428,BR008,Savings,2020-02-04,Active,149116.2,2.7
AC00000410,CU00002516,BR011,Salary,2024-01-31,Active,32135.3,2.5
AC00000411,CU00001252,BR013,Fixed Deposit,2024-05-15,Active,738592.87,7.1
AC00000412,CU00003813,BR014,Fixed Deposit,2024-06-23,Active,158468.23,7.1
AC00000413,CU00002100,BR002,Savings,2023-09-23,Active,109455.64,2.7
AC00000414,CU00001560,BR007,Savings,2022-02-01,Active,45180.17,2.7
AC00000415,CU00004034,BR017,Salary,2018-10-06,Active,50620.25,2.5
AC00000416,CU00000549,BR003,Salary,2022-09-27,Active,59099.46,2.5
AC00000417,CU00000088,BR013,Salary,2022-12-19,Active,27896.77,2.5
AC00000418,CU00004185,BR023,Salary,2020-09-08,Active,203680.53,2.5
AC00000419,CU00000937,BR019,Savings,2026-07-15,Active,16432.19,2.7
AC00000420,CU00003005,BR007,Savings,2018-10-21,Active,47828.0,2.7
AC00000421,CU00001766,BR011,Salary,2018-08-10,Active,54235.37,2.5
AC00000422,CU00001119,BR004,Current,2022-01-14,Active,44618.83,0.0
AC00000423,CU00002981,BR001,Salary,2021-09-06,Active,28398.95,2.5
AC00000424,CU00004845,BR008,Savings,2024-05-22,Active,118898.06,2.7
AC00000425,CU00004033,BR015,Salary,2024-10-29,Active,49729.77,2.5
AC00000426,CU00002605,BR013,Savings,2020-11-05,Active,46514.39,2.7
AC00000427,CU00001928,BR006,Fixed Deposit,2021-02-07,Active,100173.15,7.1
AC00000428,CU00000625,BR003,Savings,2021-04-21,Active,41440.15,2.7
AC00000429,CU00002360,BR005,Savings,2022-06-21,Active,32352.16,2.7
AC00000430,CU00001805,BR005,Savings,2023-07-12,Active,3533.69,2.7
AC00000431,CU00004557,BR007,Savings,2020-08-15,Active,3185.73,2.7
AC00000432,CU00002564,BR012,Savings,2022-08-21,Active,49627.02,2.7
AC00000433,CU00000844,BR015,Savings,2020-10-07,Active,56064.39,2.7
AC00000434,CU00003356,BR023,Salary,2024-12-19,Active,76692.07,2.5
AC00000435,CU00004632,BR002,Savings,2019-01-01,Active,87643.49,2.7
AC00000436,CU00003587,BR003,Current,2022-06-01,Active,5221.25,0.0
AC00000437,CU00001548,BR017,Savings,2020-06-10,Active,102979.4,2.7
AC00000438,CU00001473,BR001,Savings,2023-09-05,Active,12970.04,2.7
AC00000439,CU00004015,BR013,Fixed Deposit,2023-10-23,Active,405513.34,7.1
AC00000440,CU00000553,BR014,Savings,2026-03-20,Active,52676.58,2.7
AC00000441,CU00001502,BR018,Savings,2021-09-15,Active,16478.77,2.7
AC00000442,CU00003667,BR020,Salary,2022-08-27,Active,197284.76,2.5
AC00000443,CU00004481,BR015,Salary,2024-04-18,Active,54916.91,2.5
AC00000444,CU00004206,BR016,Savings,2024-12-15,Active,29473.68,2.7
AC00000445,CU00002945,BR022,Salary,2022-10-07,Active,12794.31,2.5
AC00000446,CU00004217,BR009,Salary,2020-11-04,Active,7762.78,2.5
AC00000447,CU00003860,BR019,Salary,2022-07-26,Active,32286.97,2.5
AC00000448,CU00003848,BR018,Current,2019-09-24,Active,11640.25,0.0
AC00000449,CU00003477,BR008,Savings,2022-05-15,Active,20700.81,2.7
AC00000450,CU00002716,BR005,Current,2022-11-23,Active,3515.15,0.0
AC00000451,CU00002322,BR006,Savings,2018-11-22,Active,97055.17,2.7
AC00000452,CU00003771,BR016,Current,2020-09-13,Active,17054.12,0.0
AC00000453,CU00001426,BR015,Savings,2021-07-08,Active,42285.61,2.7
AC00000454,CU00004361,BR017,Current,2023-08-25,Active,32817.27,0.0
AC00000455,CU00002472,BR017,Fixed Deposit,2026-04-12,Active,174143.6,7.1
AC00000456,CU00003332,BR023,Fixed Deposit,2024-04-26,Active,767377.37,7.1
AC00000457,CU00004675,BR010,Salary,2023-07-02,Active,9010.22,2.5
AC00000458,CU00002541,BR015,Savings,2023-03-31,Active,42794.36,2.7
AC00000459,CU00002652,BR018,Savings,2022-09-12,Active,17144.26,2.7
AC00000460,CU00000329,BR009,Fixed Deposit,2022-01-02,Active,430714.22,7.1
AC00000461,CU00002952,BR023,Savings,2024-02-21,Active,108808.25,2.7
AC00000462,CU00004368,BR024,Savings,2024-03-29,Active,28931.12,2.7
AC00000463,CU00004772,BR019,Salary,2025-05-12,Active,4326.7,2.5
AC00000464,CU00000766,BR018,Salary,2021-03-21,Active,39183.74,2.5
AC00000465,CU00000411,BR016,Salary,2026-05-19,Active,56665.71,2.5
AC00000466,CU00004289,BR011,Savings,2022-11-01,Active,25746.08,2.7
AC00000467,CU00000429,BR023,Savings,2019-01-29,Active,59276.01,2.7
AC00000468,CU00001262,BR008,Savings,2024-02-24,Dormant,13131.07,2.7
AC00000469,CU00003360,BR010,Salary,2022-09-18,Active,27228.62,2.5
AC00000470,CU00000531,BR010,Savings,2019-04-03,Active,9080.64,2.7
AC00000471,CU00001842,BR019,Salary,2025-11-03,Active,12810.07,2.5
AC00000472,CU00003245,BR020,Savings,2018-06-24,Active,35832.08,2.7
AC00000473,CU00001862,BR016,Salary,2018-12-07,Closed,14860.26,2.5
AC00000474,CU00002574,BR004,Savings,2024-05-07,Active,2787.71,2.7
AC00000475,CU00000941,BR012,Salary,2024-12-15,Active,15979.86,2.5
AC00000476,CU00000787,BR016,Salary,2022-08-23,Active,34243.22,2.5
AC00000477,CU00001347,BR004,Savings,2019-08-07,Active,25266.67,2.7
AC00000478,CU00001414,BR018,Savings,2022-09-29,Active,37258.32,2.7
AC00000479,CU00004151,BR014,Savings,2026-07-30,Active,5539.58,2.7
AC00000480,CU00000373,BR009,Salary,2018-08-30,Active,14250.5,2.5
AC00000481,CU00000868,BR016,Savings,2021-10-20,Active,29014.86,2.7
AC00000482,CU00003345,BR016,Savings,2023-11-11,Active,31287.27,2.7
AC00000483,CU00000927,BR019,Salary,2026-03-21,Active,50754.7,2.5
AC00000484,CU00003291,BR015,Savings,2025-09-19,Active,44437.8,2.7
AC00000485,CU00004912,BR017,Salary,2025-01-01,Active,25593.33,2.5
AC00000486,CU00002945,BR023,Salary,2019-03-06,Active,89159.08,2.5
AC00000487,CU00000157,BR023,Savings,2025-07-12,Active,31860.97,2.7
AC00000488,CU00001552,BR004,Savings,2024-01-05,Active,149380.45,2.7
AC00000489,CU00004935,BR012,Salary,2024-05-20,Active,144602.55,2.5
AC00000490,CU00003997,BR020,Current,2020-08-26,Active,60823.46,0.0
AC00000491,CU00003125,BR022,Savings,2023-01-27,Active,23626.13,2.7
AC00000492,CU00003296,BR024,Savings,2019-06-10,Active,10340.1,2.7
AC00000493,CU00000414,BR001,Current,2020-05-11,Active,46379.94,0.0
AC00000494,CU00003945,BR007,Fixed Deposit,2024-08-05,Active,184928.97,7.1
AC00000495,CU00003005,BR023,Salary,2021-07-15,Active,14520.64,2.5
AC00000496,CU00003347,BR005,Salary,2024-01-04,Closed,59106.36,2.5
AC00000497,CU00002764,BR016,Savings,2025-06-19,Active,187032.77,2.7
AC00000498,CU00002436,BR008,Savings,2022-10-14,Active,20056.79,2.7
AC00000499,CU00003531,BR016,Savings,2021-08-10,Active,39329.93,2.7
AC00000500,CU00002286,BR018,Savings,2021-11-23,Active,33828.0,2.7
AC00000501,CU00003134,BR009,Salary,2022-02-26,Active,36911.52,2.5
AC00000502,CU00002873,BR017,Salary,2024-06-25,Dormant,150207.1,2.5
AC00000503,CU00000920,BR006,Savings,2023-08-15,Active,14499.05,2.7
AC00000504,CU00002165,BR002,Salary,2019-11-11,Active,185508.29,2.5
AC00000505,CU00004473,BR020,Savings,2021-09-25,Dormant,14540.34,2.7
AC00000506,CU00001825,BR017,Savings,2021-11-09,Active,15469.88,2.7
AC00000507,CU00000707,BR018,Savings,2023-12-18,Active,25966.55,2.7
AC00000508,CU00003923,BR019,Savings,2023-03-24,Active,9729.66,2.7
AC00000509,CU00003672,BR023,Savings,2026-05-22,Active,31519.31,2.7
AC00000510,CU00000461,BR010,Savings,2023-08-17,Active,65383.87,2.7
AC00000511,CU00001073,BR019,Savings,2020-08-27,Active,101245.93,2.7
AC00000512,CU00004482,BR001,Current,2024-05-20,Active,32653.01,0.0
AC00000513,CU00003422,BR001,Savings,2020-05-04,Active,13037.89,2.7
AC00000514,CU00001691,BR022,Fixed Deposit,2026-05-20,Dormant,56307.41,7.1
AC00000515,CU00004614,BR015,Salary,2019-10-16,Active,2593.21,2.5
AC00000516,CU00002665,BR007,Savings,2024-02-09,Active,57059.12,2.7
AC00000517,CU00001545,BR005,Salary,2022-10-06,Active,109797.72,2.5
AC00000518,CU00001282,BR011,Current,2019-11-05,Active,17351.78,0.0
AC00000519,CU00002538,BR009,Salary,2021-03-18,Active,21594.82,2.5
AC00000520,CU00002558,BR010,Savings,2019-02-08,Active,29691.27,2.7
AC00000521,CU00004341,BR009,Salary,2023-03-02,Active,25856.52,2.5
AC00000522,CU00004210,BR006,Salary,2018-09-10,Active,71051.58,2.5
AC00000523,CU00004184,BR011,Savings,2024-07-08,Closed,22563.52,2.7
AC00000524,CU00003878,BR015,Savings,2025-06-22,Active,5831.29,2.7
AC00000525,CU00002643,BR010,Salary,2019-06-22,Active,21976.08,2.5
AC00000526,CU00001331,BR017,Savings,2020-03-08,Active,5647.35,2.7
AC00000527,CU00001943,BR024,Savings,2019-12-30,Active,16189.73,2.7
AC00000528,CU00000069,BR024,Savings,2021-08-24,Active,38327.36,2.7
AC00000529,CU00002286,BR019,Savings,2023-04-14,Active,38477.14,2.7
AC00000530,CU00002912,BR016,Savings,2021-12-12,Active,38159.82,2.7
AC00000531,CU00003437,BR003,Salary,2026-07-24,Active,14042.65,2.5
AC00000532,CU00002745,BR015,Savings,2023-07-15,Active,49641.15,2.7
AC00000533,CU00001417,BR009,Fixed Deposit,2025-04-20,Active,504389.69,7.1
AC00000534,CU00000914,BR010,Salary,2019-11-17,Active,25212.7,2.5
AC00000535,CU00003182,BR014,Savings,2024-04-01,Closed,88624.64,2.7
AC00000536,CU00004296,BR007,Savings,2025-06-12,Active,32028.31,2.7
AC00000537,CU00004220,BR005,Salary,2023-11-23,Active,14204.98,2.5
AC00000538,CU00000928,BR023,Savings,2023-08-09,Active,41798.91,2.7
AC00000539,CU00002443,BR024,Current,2018-06-21,Active,217933.74,0.0
AC00000540,CU00002062,BR012,Savings,2022-12-10,Active,33525.31,2.7
AC00000541,CU00003506,BR020,Savings,2022-09-02,Active,16528.32,2.7
AC00000542,CU00000685,BR015,Savings,2023-05-04,Active,31482.66,2.7
AC00000543,CU00002840,BR004,Savings,2024-10-06,Active,35005.38,2.7
AC00000544,CU00004743,BR021,Savings,2020-06-08,Active,18164.87,2.7
AC00000545,CU00000130,BR005,Salary,2025-09-18,Active,36056.71,2.5
AC00000546,CU00001098,BR010,Salary,2021-07-06,Active,21288.98,2.5
AC00000547,CU00002687,BR008,Current,2024-10-21,Active,21102.79,0.0
AC00000548,CU00000179,BR010,Salary,2024-07-04,Active,122157.75,2.5
AC00000549,CU00004948,BR021,Savings,2024-12-30,Active,32418.11,2.7
AC00000550,CU00000169,BR023,Savings,2023-11-18,Active,193249.62,2.7
AC00000551,CU00003298,BR006,Fixed Deposit,2020-07-28,Active,133843.03,7.1
AC00000552,CU00001159,BR021,Current,2021-05-15,Active,47122.12,0.0
AC00000553,CU00002941,BR024,Savings,2026-07-31,Active,7208.99,2.7
AC00000554,CU00000240,BR002,Savings,2021-02-07,Active,8468.46,2.7
AC00000555,CU00004462,BR010,Savings,2025-12-12,Closed,29649.1,2.7
AC00000556,CU00004293,BR008,Savings,2022-03-05,Active,25293.8,2.7
AC00000557,CU00000715,BR002,Savings,2026-04-05,Active,34700.22,2.7
AC00000558,CU00003182,BR009,Current,2021-01-20,Active,21536.94,0.0
AC00000559,CU00002311,BR002,Savings,2025-09-28,Active,45600.37,2.7
AC00000560,CU00001962,BR006,Current,2022-06-20,Active,14300.6,0.0
AC00000561,CU00002171,BR003,Savings,2024-02-07,Active,6858.03,2.7
AC00000562,CU00000885,BR012,Savings,2023-12-02,Active,16791.41,2.7
AC00000563,CU00002593,BR005,Salary,2019-09-14,Active,11887.98,2.5
AC00000564,CU00002225,BR005,Savings,2020-07-03,Active,78086.98,2.7
AC00000565,CU00003124,BR021,Savings,2022-08-28,Active,72669.05,2.7
AC00000566,CU00004299,BR018,Salary,2020-10-20,Active,52767.43,2.5
AC00000567,CU00002486,BR024,Salary,2021-05-26,Active,7377.48,2.5
AC00000568,CU00003630,BR007,Salary,2023-10-05,Active,18358.45,2.5
AC00000569,CU00000132,BR012,Savings,2026-05-31,Active,90716.41,2.7
AC00000570,CU00002922,BR008,Savings,2023-11-30,Active,87794.91,2.7
AC00000571,CU00004470,BR014,Savings,2020-01-19,Closed,25737.97,2.7
AC00000572,CU00004820,BR018,Salary,2022-02-24,Dormant,37947.88,2.5
AC00000573,CU00001944,BR009,Salary,2023-02-24,Active,35658.56,2.5
AC00000574,CU00003370,BR009,Savings,2023-07-25,Dormant,30019.49,2.7
AC00000575,CU00003312,BR011,Savings,2020-04-21,Active,16113.58,2.7
AC00000576,CU00003771,BR014,Current,2021-03-27,Active,16270.1,0.0
AC00000577,CU00004391,BR012,Fixed Deposit,2019-01-10,Dormant,52900.58,7.1
AC00000578,CU00000420,BR006,Salary,2025-07-27,Dormant,60738.1,2.5
AC00000579,CU00001619,BR019,Salary,2019-05-22,Active,46397.89,2.5
AC00000580,CU00002366,BR016,Salary,2022-06-26,Dormant,16841.19,2.5
AC00000581,CU00000318,BR012,Fixed Deposit,2021-02-12,Active,121272.06,7.1
AC00000582,CU00001527,BR004,Savings,2019-04-27,Closed,4436.99,2.7
AC00000583,CU00003156,BR021,Savings,2020-09-23,Active,6483.74,2.7
AC00000584,CU00002142,BR006,Savings,2024-08-26,Active,16728.9,2.7
AC00000585,CU00001842,BR009,Savings,2021-07-18,Active,84068.76,2.7
AC00000586,CU00000642,BR011,Salary,2023-08-03,Active,18678.57,2.5
AC00000587,CU00001647,BR009,Fixed Deposit,2021-04-15,Closed,22731.65,7.1
AC00000588,CU00001140,BR016,Savings,2022-09-27,Active,34897.7,2.7
AC00000589,CU00002447,BR021,Savings,2025-03-12,Active,24500.26,2.7
AC00000590,CU00001433,BR016,Fixed Deposit,2022-07-16,Active,225738.79,7.1
AC00000591,CU00003456,BR010,Fixed Deposit,2018-12-28,Active,498373.18,7.1
AC00000592,CU00001647,BR007,Savings,2022-04-30,Active,35292.42,2.7
AC00000593,CU00000011,BR012,Salary,2022-12-03,Active,30096.35,2.5
AC00000594,CU00001963,BR022,Current,2023-09-26,Active,60603.07,0.0
AC00000595,CU00000027,BR001,Savings,2024-07-20,Active,12610.03,2.7
AC00000596,CU00003582,BR022,Salary,2019-05-16,Active,88365.73,2.5
AC00000597,CU00004832,BR021,Fixed Deposit,2023-06-20,Active,255330.48,7.1
AC00000598,CU00003166,BR018,Current,2023-12-08,Active,62064.21,0.0
AC00000599,CU00004553,BR017,Fixed Deposit,2019-10-18,Active,173399.83,7.1
AC00000600,CU00000926,BR019,Savings,2024-10-17,Active,27317.54,2.7
AC00000601,CU00001760,BR015,Savings,2019-03-30,Dormant,256128.53,2.7
AC00000602,CU00000825,BR019,Salary,2021-04-23,Active,36821.98,2.5
AC00000603,CU00001719,BR023,Fixed Deposit,2025-04-28,Dormant,161572.84,7.1
AC00000604,CU00004255,BR007,Savings,2025-10-10,Active,25391.62,2.7
AC00000605,CU00001465,BR019,Savings,2023-08-25,Active,17550.16,2.7
AC00000606,CU00004916,BR024,Savings,2021-09-03,Active,24196.07,2.7
AC00000607,CU00001477,BR014,Fixed Deposit,2022-07-05,Active,108747.06,7.1
AC00000608,CU00001750,BR006,Current,2019-12-02,Dormant,28781.36,0.0
AC00000609,CU00000013,BR014,Savings,2018-06-17,Active,17121.23,2.7
AC00000610,CU00000974,BR012,Salary,2024-12-30,Active,23498.72,2.5
AC00000611,CU00000113,BR003,Savings,2019-03-25,Active,9944.04,2.7
AC00000612,CU00004456,BR005,Current,2020-06-05,Active,2208.23,0.0
AC00000613,CU00002298,BR016,Salary,2024-12-16,Active,7336.14,2.5
AC00000614,CU00001385,BR003,Salary,2018-11-05,Active,41981.48,2.5
AC00000615,CU00001062,BR010,Current,2025-09-26,Dormant,18506.45,0.0
AC00000616,CU00000376,BR013,Current,2023-04-05,Active,10582.2,0.0
AC00000617,CU00000070,BR008,Savings,2022-04-18,Active,62428.44,2.7
AC00000618,CU00001876,BR011,Savings,2020-09-07,Active,38948.7,2.7
AC00000619,CU00002707,BR005,Salary,2023-05-06,Dormant,55253.35,2.5
AC00000620,CU00004116,BR017,Savings,2018-09-04,Active,29599.58,2.7
AC00000621,CU00002994,BR023,Salary,2023-12-07,Active,5362.53,2.5
AC00000622,CU00000112,BR003,Savings,2024-02-24,Active,13696.53,2.7
AC00000623,CU00004600,BR011,Current,2021-01-23,Active,60359.03,0.0
AC00000624,CU00001812,BR005,Savings,2019-07-14,Active,34427.47,2.7
AC00000625,CU00004747,BR006,Savings,2018-07-17,Active,42169.92,2.7
AC00000626,CU00000054,BR015,Savings,2018-10-02,Active,22512.13,2.7
AC00000627,CU00001539,BR023,Current,2022-12-15,Active,5208.24,0.0
AC00000628,CU00004164,BR022,Salary,2022-11-04,Active,67373.14,2.5
AC00000629,CU00003409,BR014,Salary,2025-05-30,Active,14889.73,2.5
AC00000630,CU00004789,BR013,Salary,2025-07-04,Active,36139.67,2.5
AC00000631,CU00003613,BR006,Salary,2018-10-10,Active,4845.14,2.5
AC00000632,CU00004458,BR016,Current,2025-05-29,Active,13301.98,0.0
AC00000633,CU00004514,BR007,Fixed Deposit,2020-11-30,Active,527154.65,7.1
AC00000634,CU00004179,BR004,Savings,2021-11-11,Active,5194.78,2.7
AC00000635,CU00004045,BR019,Current,2019-08-14,Closed,8041.63,0.0
AC00000636,CU00000496,BR011,Savings,2024-08-14,Active,46265.45,2.7
AC00000637,CU00001830,BR016,Salary,2024-12-05,Dormant,49261.38,2.5
AC00000638,CU00001714,BR020,Savings,2024-04-10,Active,53846.04,2.7
AC00000639,CU00004629,BR016,Savings,2025-03-05,Active,16892.64,2.7
AC00000640,CU00003824,BR010,Salary,2021-07-12,Active,10615.98,2.5
AC00000641,CU00003731,BR009,Salary,2022-02-10,Active,12883.79,2.5
AC00000642,CU00000421,BR002,Savings,2024-05-28,Active,136496.93,2.7
AC00000643,CU00002536,BR017,Savings,2018-07-21,Active,10634.87,2.7
AC00000644,CU00004801,BR013,Fixed Deposit,2025-05-21,Active,574184.06,7.1
AC00000645,CU00000536,BR010,Savings,2022-07-30,Active,46911.92,2.7
AC00000646,CU00001691,BR020,Savings,2020-02-12,Active,29010.47,2.7
AC00000647,CU00003560,BR001,Salary,2025-06-16,Active,88836.65,2.5
AC00000648,CU00004166,BR023,Savings,2019-06-13,Closed,70551.98,2.7
AC00000649,CU00001133,BR010,Current,2025-11-19,Active,55188.86,0.0
AC00000650,CU00000053,BR014,Savings,2025-06-12,Active,23252.57,2.7
AC00000651,CU00000380,BR018,Fixed Deposit,2019-11-19,Active,113821.51,7.1
AC00000652,CU00003001,BR006,Savings,2025-12-25,Active,25766.27,2.7
AC00000653,CU00004272,BR023,Salary,2021-04-01,Active,4021.94,2.5
AC00000654,CU00002760,BR021,Salary,2023-03-19,Active,22441.32,2.5
AC00000655,CU00001307,BR011,Fixed Deposit,2019-12-19,Active,1349242.02,7.1
AC00000656,CU00001183,BR024,Current,2025-04-18,Active,87871.79,0.0
AC00000657,CU00004803,BR012,Fixed Deposit,2023-04-25,Active,100917.5,7.1
AC00000658,CU00003508,BR022,Savings,2026-01-07,Active,5833.42,2.7
AC00000659,CU00004685,BR014,Fixed Deposit,2024-05-22,Active,718763.84,7.1
AC00000660,CU00001627,BR016,Savings,2021-08-12,Active,13130.6,2.7
AC00000661,CU00002022,BR003,Savings,2022-11-09,Active,14736.69,2.7
AC00000662,CU00002353,BR003,Savings,2019-09-13,Active,24734.74,2.7
AC00000663,CU00004781,BR019,Savings,2026-06-21,Active,26418.29,2.7
AC00000664,CU00004720,BR022,Salary,2018-11-11,Active,127754.25,2.5
AC00000665,CU00003663,BR023,Savings,2018-06-19,Active,9657.67,2.7
AC00000666,CU00001024,BR012,Savings,2024-01-01,Active,39569.97,2.7
AC00000667,CU00000211,BR011,Savings,2026-05-29,Active,295731.9,2.7
AC00000668,CU00000292,BR015,Savings,2025-09-03,Active,24919.17,2.7
AC00000669,CU00004496,BR018,Current,2026-08-01,Active,67925.97,0.0
AC00000670,CU00001927,BR023,Fixed Deposit,2026-02-05,Active,166128.69,7.1
AC00000671,CU00001407,BR001,Savings,2019-12-07,Active,7050.39,2.7
AC00000672,CU00004429,BR021,Current,2021-04-18,Active,32570.38,0.0
AC00000673,CU00001577,BR016,Fixed Deposit,2023-09-27,Active,206445.69,7.1
AC00000674,CU00003869,BR003,Current,2023-11-05,Active,24452.38,0.0
AC00000675,CU00004988,BR019,Savings,2018-09-03,Active,18848.13,2.7
AC00000676,CU00000859,BR018,Savings,2025-01-13,Active,223134.68,2.7
AC00000677,CU00004249,BR015,Salary,2026-08-09,Active,17770.66,2.5
AC00000678,CU00002835,BR001,Savings,2018-11-02,Active,3472.69,2.7
AC00000679,CU00004859,BR012,Savings,2025-05-31,Active,124184.31,2.7
AC00000680,CU00004272,BR007,Savings,2020-11-03,Active,37292.85,2.7
AC00000681,CU00000001,BR017,Savings,2022-09-24,Active,4399.42,2.7
AC00000682,CU00001873,BR022,Salary,2021-01-09,Active,23426.44,2.5
AC00000683,CU00001877,BR017,Salary,2018-08-25,Active,8475.04,2.5
AC00000684,CU00001901,BR019,Savings,2018-08-16,Dormant,7006.08,2.7
AC00000685,CU00003903,BR015,Current,2023-01-11,Active,2721.68,0.0
AC00000686,CU00000631,BR019,Salary,2025-08-08,Active,13703.37,2.5
AC00000687,CU00000026,BR013,Savings,2023-11-28,Active,9974.94,2.7
AC00000688,CU00000085,BR005,Fixed Deposit,2021-05-13,Closed,331532.53,7.1
AC00000689,CU00003509,BR006,Savings,2019-08-06,Dormant,8764.46,2.7
AC00000690,CU00001021,BR008,Current,2018-11-28,Active,127788.87,0.0
AC00000691,CU00003135,BR013,Savings,2022-05-25,Active,31607.75,2.7
AC00000692,CU00000065,BR011,Savings,2022-10-11,Active,19929.22,2.7
AC00000693,CU00002628,BR002,Current,2022-07-13,Active,31869.24,0.0
AC00000694,CU00003577,BR014,Fixed Deposit,2020-06-15,Active,67751.4,7.1
AC00000695,CU00003118,BR019,Savings,2021-04-02,Active,54028.87,2.7
AC00000696,CU00002491,BR012,Savings,2022-10-21,Active,39968.12,2.7
AC00000697,CU00002179,BR005,Salary,2023-06-27,Active,30157.52,2.5
AC00000698,CU00004418,BR021,Current,2023-08-04,Active,8458.76,0.0
AC00000699,CU00004038,BR007,Savings,2021-06-29,Active,28292.68,2.7
AC00000700,CU00001283,BR013,Salary,2018-09-02,Active,9834.69,2.5
AC00000701,CU00000393,BR019,Savings,2024-03-21,Active,24701.19,2.7
AC00000702,CU00003511,BR001,Fixed Deposit,2026-01-12,Active,412841.49,7.1
AC00000703,CU00001634,BR001,Savings,2025-10-08,Active,29293.33,2.7
AC00000704,CU00001869,BR024,Salary,2021-01-31,Active,15151.47,2.5
AC00000705,CU00004170,BR010,Salary,2019-01-18,Active,11548.22,2.5
AC00000706,CU00000076,BR022,Salary,2023-02-04,Active,11150.59,2.5
AC00000707,CU00002860,BR014,Current,2021-02-18,Active,14691.38,0.0
AC00000708,CU00001137,BR016,Salary,2024-12-20,Active,46178.77,2.5
AC00000709,CU00000855,BR020,Savings,2022-05-01,Active,5376.48,2.7
AC00000710,CU00004664,BR010,Savings,2025-11-21,Active,10562.05,2.7
AC00000711,CU00000201,BR023,Savings,2023-03-10,Active,11940.05,2.7
AC00000712,CU00003843,BR008,Fixed Deposit,2019-02-02,Active,475202.27,7.1
AC00000713,CU00001626,BR019,Salary,2020-11-22,Active,49168.08,2.5
AC00000714,CU00003363,BR011,Fixed Deposit,2025-07-23,Active,826605.14,7.1
AC00000715,CU00002255,BR001,Salary,2020-12-27,Active,55120.42,2.5
AC00000716,CU00001200,BR005,Salary,2024-08-25,Active,60975.08,2.5
AC00000717,CU00003505,BR001,Salary,2025-04-25,Active,40029.18,2.5
AC00000718,CU00001828,BR010,Savings,2021-04-14,Active,7552.43,2.7
AC00000719,CU00000096,BR017,Savings,2019-01-01,Active,19402.21,2.7
AC00000720,CU00002993,BR004,Salary,2021-09-23,Closed,4067.49,2.5
AC00000721,CU00000459,BR019,Salary,2025-03-23,Active,71789.9,2.5
AC00000722,CU00002582,BR002,Savings,2022-11-07,Active,17483.79,2.7
AC00000723,CU00000085,BR009,Current,2020-03-21,Active,9720.6,0.0
AC00000724,CU00004398,BR012,Salary,2020-10-08,Active,214872.76,2.5
AC00000725,CU00001423,BR023,Salary,2020-08-15,Active,3828.0,2.5
AC00000726,CU00001916,BR009,Savings,2021-04-12,Active,186887.13,2.7
AC00000727,CU00003293,BR015,Savings,2019-10-05,Active,32415.44,2.7
AC00000728,CU00002645,BR018,Fixed Deposit,2023-03-02,Active,184322.25,7.1
AC00000729,CU00004653,BR006,Savings,2025-02-11,Active,10949.96,2.7
AC00000730,CU00000239,BR010,Savings,2024-02-29,Active,171683.08,2.7
AC00000731,CU00003294,BR010,Savings,2020-07-11,Active,59949.13,2.7
AC00000732,CU00001626,BR018,Fixed Deposit,2021-03-14,Active,303972.6,7.1
AC00000733,CU00003250,BR002,Savings,2025-08-31,Active,7735.15,2.7
AC00000734,CU00001446,BR020,Fixed Deposit,2019-02-07,Active,282060.19,7.1
AC00000735,CU00004794,BR022,Fixed Deposit,2025-08-12,Active,101672.05,7.1
AC00000736,CU00003757,BR014,Savings,2021-02-06,Dormant,36481.4,2.7
AC00000737,CU00000569,BR015,Savings,2019-05-27,Active,53760.23,2.7
AC00000738,CU00000224,BR007,Salary,2025-09-06,Active,77697.31,2.5
AC00000739,CU00001053,BR007,Savings,2021-10-03,Active,18825.62,2.7
AC00000740,CU00003086,BR013,Savings,2026-02-10,Active,49043.46,2.7
AC00000741,CU00001582,BR003,Savings,2024-08-03,Active,4312.46,2.7
AC00000742,CU00002942,BR005,Savings,2024-04-05,Active,40935.87,2.7
AC00000743,CU00000825,BR020,Savings,2018-07-19,Active,4252.7,2.7
AC00000744,CU00004578,BR003,Savings,2023-07-25,Active,79352.78,2.7
AC00000745,CU00002977,BR022,Savings,2024-09-21,Active,25770.47,2.7
AC00000746,CU00004417,BR018,Salary,2018-09-01,Active,388554.97,2.5
AC00000747,CU00000736,BR012,Savings,2019-08-22,Active,6571.77,2.7
AC00000748,CU00002525,BR022,Fixed Deposit,2023-12-22,Active,503977.19,7.1
AC00000749,CU00001131,BR018,Savings,2020-05-26,Active,9181.49,2.7
AC00000750,CU00001454,BR018,Salary,2021-12-03,Dormant,6571.68,2.5
AC00000751,CU00004327,BR013,Salary,2020-07-31,Active,46865.67,2.5
AC00000752,CU00003648,BR021,Salary,2022-10-17,Active,9991.81,2.5
AC00000753,CU00001109,BR018,Salary,2020-05-20,Active,21364.0,2.5
AC00000754,CU00002740,BR015,Salary,2019-04-30,Active,104240.33,2.5
AC00000755,CU00001710,BR017,Savings,2022-11-13,Active,48683.12,2.7
AC00000756,CU00000791,BR016,Salary,2025-10-21,Active,103802.21,2.5
AC00000757,CU00000534,BR020,Savings,2022-10-26,Active,80248.86,2.7
AC00000758,CU00000299,BR014,Current,2020-06-26,Active,2638.17,0.0
AC00000759,CU00004379,BR008,Current,2024-07-05,Closed,39115.2,0.0
AC00000760,CU00000144,BR014,Savings,2024-03-19,Active,31971.02,2.7
AC00000761,CU00002477,BR007,Savings,2023-03-22,Active,663.08,2.7
AC00000762,CU00000040,BR007,Savings,2021-10-03,Active,104139.12,2.7
AC00000763,CU00000955,BR004,Savings,2026-04-05,Active,6382.73,2.7
AC00000764,CU00001258,BR024,Savings,2019-11-28,Active,47823.14,2.7
AC00000765,CU00000664,BR007,Fixed Deposit,2026-07-27,Active,45872.79,7.1
AC00000766,CU00003091,BR005,Fixed Deposit,2024-01-06,Active,123734.12,7.1
AC00000767,CU00001775,BR014,Salary,2025-01-06,Active,31444.33,2.5
AC00000768,CU00001803,BR023,Current,2022-12-17,Active,6038.6,0.0
AC00000769,CU00001652,BR015,Salary,2021-12-26,Active,40729.52,2.5
AC00000770,CU00001045,BR014,Salary,2023-01-17,Active,197421.55,2.5
AC00000771,CU00003008,BR019,Savings,2019-07-19,Active,13242.34,2.7
AC00000772,CU00003836,BR015,Savings,2026-02-02,Active,11773.66,2.7
AC00000773,CU00004898,BR018,Savings,2024-03-01,Active,47846.22,2.7
AC00000774,CU00002556,BR007,Salary,2022-11-23,Active,66691.81,2.5
AC00000775,CU00003751,BR002,Salary,2023-09-21,Active,15744.56,2.5
AC00000776,CU00000839,BR015,Current,2023-02-07,Active,24570.93,0.0
AC00000777,CU00002743,BR004,Savings,2021-09-18,Active,46987.32,2.7
AC00000778,CU00000159,BR008,Savings,2024-04-04,Active,30690.93,2.7
AC00000779,CU00000478,BR023,Savings,2021-04-21,Active,27649.87,2.7
AC00000780,CU00004021,BR012,Salary,2022-11-16,Dormant,74852.32,2.5
AC00000781,CU00001442,BR014,Savings,2019-12-28,Active,24436.13,2.7
AC00000782,CU00002191,BR010,Salary,2020-08-28,Active,6802.96,2.5
AC00000783,CU00004329,BR015,Savings,2020-10-06,Active,6084.38,2.7
AC00000784,CU00004212,BR023,Fixed Deposit,2020-09-30,Active,555053.28,7.1
AC00000785,CU00000713,BR002,Savings,2025-05-27,Active,18568.55,2.7
AC00000786,CU00004744,BR008,Salary,2025-02-28,Active,37299.31,2.5
AC00000787,CU00004839,BR003,Savings,2025-11-12,Active,30761.13,2.7
AC00000788,CU00003283,BR004,Savings,2021-11-07,Active,121832.22,2.7
AC00000789,CU00001355,BR005,Savings,2023-12-03,Active,3544.65,2.7
AC00000790,CU00000949,BR018,Savings,2018-11-28,Active,42284.34,2.7
AC00000791,CU00001781,BR015,Savings,2024-05-06,Active,38133.54,2.7
AC00000792,CU00000097,BR003,Savings,2021-06-23,Active,9021.43,2.7
AC00000793,CU00002833,BR001,Savings,2020-10-09,Active,3301.01,2.7
AC00000794,CU00002567,BR018,Savings,2024-05-17,Active,1879.2,2.7
AC00000795,CU00004479,BR016,Current,2021-09-27,Closed,7048.98,0.0
AC00000796,CU00002665,BR001,Savings,2019-12-22,Active,5638.12,2.7
AC00000797,CU00001952,BR003,Fixed Deposit,2025-09-16,Active,147434.79,7.1
AC00000798,CU00001180,BR014,Savings,2020-07-21,Active,5547.4,2.7
AC00000799,CU00002966,BR018,Savings,2019-12-30,Closed,4218.19,2.7
AC00000800,CU00000872,BR005,Savings,2022-06-10,Active,4525.34,2.7
AC00000801,CU00004236,BR005,Current,2020-05-13,Active,266259.5,0.0
AC00000802,CU00001346,BR005,Current,2025-03-03,Dormant,8197.47,0.0
AC00000803,CU00002034,BR024,Salary,2023-08-26,Active,26189.96,2.5
AC00000804,CU00000436,BR011,Salary,2023-09-07,Active,19487.42,2.5
AC00000805,CU00002499,BR003,Savings,2018-08-09,Active,13708.6,2.7
AC00000806,CU00002910,BR024,Fixed Deposit,2026-03-14,Active,593892.93,7.1
AC00000807,CU00002766,BR001,Savings,2025-01-02,Active,10316.89,2.7
AC00000808,CU00004181,BR006,Savings,2022-03-06,Active,47393.3,2.7
AC00000809,CU00001344,BR022,Fixed Deposit,2025-11-23,Active,102667.52,7.1
AC00000810,CU00000226,BR010,Salary,2026-03-07,Active,24063.54,2.5
AC00000811,CU00002286,BR024,Fixed Deposit,2023-07-21,Active,327516.62,7.1
AC00000812,CU00004272,BR001,Savings,2026-06-06,Active,9714.74,2.7
AC00000813,CU00000932,BR010,Salary,2020-11-14,Active,2021.05,2.5
AC00000814,CU00002866,BR022,Savings,2023-09-01,Active,43660.96,2.7
AC00000815,CU00002483,BR012,Current,2019-05-14,Dormant,23566.06,0.0
AC00000816,CU00002277,BR010,Savings,2018-07-18,Active,4955.09,2.7
AC00000817,CU00003733,BR013,Salary,2020-10-06,Active,7021.46,2.5
AC00000818,CU00004886,BR011,Savings,2019-09-08,Active,6754.61,2.7
AC00000819,CU00004030,BR021,Savings,2020-12-16,Active,68386.23,2.7
AC00000820,CU00000520,BR024,Fixed Deposit,2023-01-17,Active,92587.71,7.1
AC00000821,CU00003118,BR014,Savings,2025-07-20,Active,4245.04,2.7
AC00000822,CU00004029,BR011,Salary,2024-11-27,Active,64000.25,2.5
AC00000823,CU00000381,BR019,Savings,2021-03-06,Active,20627.07,2.7
AC00000824,CU00004171,BR011,Savings,2025-05-07,Active,21291.09,2.7
AC00000825,CU00004639,BR016,Savings,2019-10-14,Active,28716.84,2.7
AC00000826,CU00000543,BR022,Salary,2021-09-15,Active,41231.08,2.5
AC00000827,CU00003961,BR019,Savings,2022-04-07,Active,24676.16,2.7
AC00000828,CU00003939,BR023,Salary,2019-03-21,Active,5182.83,2.5
AC00000829,CU00004587,BR009,Savings,2025-03-10,Dormant,3056.03,2.7
AC00000830,CU00004746,BR010,Savings,2018-12-22,Active,5085.66,2.7
AC00000831,CU00002890,BR024,Fixed Deposit,2018-06-20,Active,182585.26,7.1
AC00000832,CU00000425,BR022,Savings,2020-04-12,Active,11285.5,2.7
AC00000833,CU00002281,BR007,Savings,2026-03-13,Active,44388.87,2.7
AC00000834,CU00001951,BR017,Savings,2020-07-14,Active,34530.72,2.7
AC00000835,CU00003332,BR016,Savings,2019-12-04,Dormant,38379.41,2.7
AC00000836,CU00001807,BR021,Salary,2019-04-10,Active,10206.53,2.5
AC00000837,CU00004309,BR019,Savings,2020-07-07,Active,46237.95,2.7
AC00000838,CU00003088,BR010,Savings,2018-12-03,Active,20336.18,2.7
AC00000839,CU00003291,BR010,Fixed Deposit,2019-08-22,Active,262595.24,7.1
AC00000840,CU00002076,BR022,Savings,2022-05-17,Active,67446.38,2.7
AC00000841,CU00004086,BR013,Salary,2024-09-18,Active,60671.41,2.5
AC00000842,CU00002846,BR015,Salary,2019-09-23,Active,89697.12,2.5
AC00000843,CU00000785,BR021,Salary,2022-03-25,Closed,11952.06,2.5
AC00000844,CU00003777,BR017,Savings,2018-08-14,Active,14382.94,2.7
AC00000845,CU00004222,BR017,Savings,2019-07-27,Active,196165.6,2.7
AC00000846,CU00003116,BR015,Savings,2022-10-29,Active,32801.07,2.7
AC00000847,CU00002542,BR011,Current,2023-11-06,Active,12913.91,0.0
AC00000848,CU00000542,BR006,Savings,2020-07-12,Closed,29966.23,2.7
AC00000849,CU00004249,BR012,Salary,2022-09-27,Active,58812.75,2.5
AC00000850,CU00002821,BR009,Savings,2018-12-25,Closed,4555.84,2.7
AC00000851,CU00003606,BR007,Savings,2018-09-30,Active,5997.94,2.7
AC00000852,CU00004128,BR016,Savings,2025-10-21,Active,5108.83,2.7
AC00000853,CU00004299,BR023,Savings,2024-05-24,Active,4323.43,2.7
AC00000854,CU00003312,BR018,Fixed Deposit,2024-06-21,Active,190177.29,7.1
AC00000855,CU00001102,BR001,Savings,2019-01-17,Active,34527.14,2.7
AC00000856,CU00000513,BR016,Current,2021-11-17,Active,61487.71,0.0
AC00000857,CU00003349,BR022,Current,2020-02-23,Active,3768.33,0.0
AC00000858,CU00000884,BR006,Savings,2025-11-27,Active,333308.01,2.7
AC00000859,CU00000469,BR021,Salary,2020-02-27,Active,29912.49,2.5
AC00000860,CU00002186,BR014,Savings,2022-07-16,Active,2239.06,2.7
AC00000861,CU00000946,BR009,Savings,2024-09-21,Active,27062.78,2.7
AC00000862,CU00001579,BR018,Savings,2023-08-13,Active,36724.77,2.7
AC00000863,CU00001035,BR022,Savings,2020-05-16,Active,8844.31,2.7
AC00000864,CU00003053,BR002,Fixed Deposit,2023-04-25,Dormant,116693.89,7.1
AC00000865,CU00002664,BR004,Current,2020-10-01,Active,13678.32,0.0
AC00000866,CU00004204,BR023,Current,2021-01-27,Active,248492.07,0.0
AC00000867,CU00002293,BR011,Fixed Deposit,2021-03-18,Active,258167.97,7.1
AC00000868,CU00000188,BR010,Salary,2023-07-19,Active,19939.11,2.5
AC00000869,CU00003781,BR004,Savings,2021-07-19,Active,158542.04,2.7
AC00000870,CU00001537,BR021,Salary,2023-12-12,Active,2195.49,2.5
AC00000871,CU00003406,BR022,Salary,2019-07-04,Active,139763.29,2.5
AC00000872,CU00001038,BR001,Salary,2019-10-31,Active,10008.06,2.5
AC00000873,CU00004342,BR002,Fixed Deposit,2023-03-11,Closed,263200.23,7.1
AC00000874,CU00001476,BR008,Savings,2021-11-12,Dormant,66676.17,2.7
AC00000875,CU00003415,BR005,Salary,2022-09-18,Active,16745.32,2.5
AC00000876,CU00000147,BR015,Fixed Deposit,2021-06-22,Active,169135.11,7.1
AC00000877,CU00003725,BR014,Fixed Deposit,2022-06-19,Active,265243.49,7.1
AC00000878,CU00000094,BR012,Fixed Deposit,2025-09-07,Active,231186.97,7.1
AC00000879,CU00001140,BR010,Savings,2019-11-16,Active,7062.53,2.7
AC00000880,CU00000674,BR004,Salary,2025-01-15,Active,8626.73,2.5
AC00000881,CU00001839,BR019,Savings,2024-07-14,Active,34877.97,2.7
AC00000882,CU00004307,BR022,Savings,2021-01-19,Dormant,74346.28,2.7
AC00000883,CU00000732,BR002,Current,2020-05-03,Active,39472.81,0.0
AC00000884,CU00001417,BR021,Salary,2020-01-18,Active,37775.06,2.5
AC00000885,CU00002306,BR024,Salary,2020-01-18,Active,57126.88,2.5
AC00000886,CU00000846,BR010,Salary,2020-08-19,Active,61107.33,2.5
AC00000887,CU00003733,BR010,Fixed Deposit,2024-06-06,Active,630033.42,7.1
AC00000888,CU00000941,BR019,Savings,2020-11-25,Active,35008.84,2.7
AC00000889,CU00001964,BR018,Savings,2020-09-04,Active,4000.58,2.7
AC00000890,CU00002800,BR009,Savings,2024-10-11,Active,15708.97,2.7
AC00000891,CU00004222,BR006,Salary,2019-09-04,Active,27176.99,2.5
AC00000892,CU00003955,BR015,Current,2020-12-18,Active,20122.84,0.0
AC00000893,CU00000228,BR016,Savings,2025-01-16,Active,4567.58,2.7
AC00000894,CU00001558,BR009,Savings,2021-11-20,Active,30032.12,2.7
AC00000895,CU00003385,BR016,Salary,2022-03-29,Active,11986.78,2.5
AC00000896,CU00004200,BR012,Salary,2022-04-26,Active,74239.2,2.5
AC00000897,CU00000209,BR017,Savings,2021-02-18,Active,9203.55,2.7
AC00000898,CU00004401,BR001,Savings,2019-01-03,Active,14383.31,2.7
AC00000899,CU00003417,BR002,Salary,2025-10-04,Active,54296.87,2.5
AC00000900,CU00000659,BR022,Savings,2023-05-13,Active,42766.69,2.7
AC00000901,CU00002978,BR007,Savings,2024-06-11,Active,37424.36,2.7
AC00000902,CU00003191,BR007,Salary,2022-08-02,Dormant,8525.19,2.5
AC00000903,CU00001334,BR006,Savings,2023-10-07,Active,25307.04,2.7
AC00000904,CU00003840,BR016,Savings,2023-10-09,Active,65302.04,2.7
AC00000905,CU00001098,BR014,Savings,2018-07-12,Active,46008.49,2.7
AC00000906,CU00000743,BR001,Fixed Deposit,2019-04-25,Active,172675.28,7.1
AC00000907,CU00001716,BR003,Salary,2023-10-03,Active,514772.85,2.5
AC00000908,CU00003134,BR002,Savings,2024-05-19,Dormant,6419.02,2.7
AC00000909,CU00000088,BR022,Salary,2021-08-06,Active,154877.94,2.5
AC00000910,CU00002838,BR010,Salary,2023-02-08,Closed,15262.63,2.5
AC00000911,CU00002064,BR001,Salary,2025-01-27,Dormant,51797.03,2.5
AC00000912,CU00001781,BR005,Savings,2021-09-02,Active,57289.29,2.7
AC00000913,CU00003881,BR020,Savings,2022-05-26,Active,11709.39,2.7
AC00000914,CU00001366,BR007,Current,2022-10-10,Active,10555.46,0.0
AC00000915,CU00003185,BR020,Savings,2025-02-21,Active,16628.26,2.7
AC00000916,CU00002869,BR020,Savings,2020-10-06,Active,9536.5,2.7
AC00000917,CU00003413,BR017,Savings,2024-05-01,Active,123320.51,2.7
AC00000918,CU00002221,BR009,Salary,2020-03-18,Active,32599.75,2.5
AC00000919,CU00004968,BR011,Savings,2025-03-09,Active,13767.29,2.7
AC00000920,CU00004901,BR018,Fixed Deposit,2025-08-22,Active,91820.0,7.1
AC00000921,CU00003035,BR021,Savings,2020-07-31,Active,153878.55,2.7
AC00000922,CU00001072,BR014,Salary,2022-10-07,Active,25136.07,2.5
AC00000923,CU00004521,BR023,Savings,2026-06-07,Dormant,8713.94,2.7
AC00000924,CU00001342,BR017,Fixed Deposit,2023-07-25,Active,145307.36,7.1
AC00000925,CU00002781,BR023,Savings,2026-02-06,Active,64109.84,2.7
AC00000926,CU00001263,BR021,Salary,2025-02-20,Closed,72363.49,2.5
AC00000927,CU00001291,BR016,Salary,2022-04-08,Active,53516.97,2.5
AC00000928,CU00001501,BR010,Savings,2018-07-30,Active,19077.72,2.7
AC00000929,CU00001560,BR007,Salary,2018-11-04,Active,14859.08,2.5
AC00000930,CU00004059,BR017,Savings,2023-04-03,Active,31666.3,2.7
AC00000931,CU00003799,BR001,Current,2025-10-05,Active,46756.21,0.0
AC00000932,CU00001059,BR024,Salary,2026-04-22,Active,78072.76,2.5
AC00000933,CU00001745,BR012,Savings,2019-01-14,Active,9027.22,2.7
AC00000934,CU00002712,BR013,Current,2020-10-30,Active,476704.24,0.0
AC00000935,CU00002239,BR008,Savings,2019-04-01,Active,40391.6,2.7
AC00000936,CU00000235,BR005,Salary,2023-10-04,Active,33483.37,2.5
AC00000937,CU00000650,BR005,Current,2024-03-23,Closed,26563.38,0.0
AC00000938,CU00003477,BR023,Savings,2019-06-07,Active,70259.4,2.7
AC00000939,CU00001868,BR008,Savings,2024-02-18,Active,17932.56,2.7
AC00000940,CU00001921,BR001,Salary,2026-03-02,Active,18935.02,2.5
AC00000941,CU00001239,BR012,Savings,2021-08-30,Active,61015.55,2.7
AC00000942,CU00004363,BR023,Fixed Deposit,2019-03-27,Active,419513.91,7.1
AC00000943,CU00001221,BR003,Savings,2023-03-04,Active,26097.09,2.7
AC00000944,CU00003700,BR004,Savings,2019-12-25,Active,65946.04,2.7
AC00000945,CU00002083,BR023,Savings,2020-02-11,Active,3257.89,2.7
AC00000946,CU00002443,BR005,Current,2022-10-17,Dormant,10190.56,0.0
AC00000947,CU00000482,BR024,Salary,2024-11-10,Active,16898.81,2.5
AC00000948,CU00003525,BR008,Salary,2018-12-16,Active,40767.74,2.5
AC00000949,CU00000239,BR022,Savings,2026-04-28,Active,40952.36,2.7
AC00000950,CU00003054,BR008,Savings,2025-07-06,Active,35799.06,2.7
AC00000951,CU00001260,BR011,Savings,2021-06-20,Active,65276.86,2.7
AC00000952,CU00000231,BR008,Savings,2020-02-14,Active,62748.12,2.7
AC00000953,CU00003540,BR012,Savings,2023-07-09,Active,32804.81,2.7
AC00000954,CU00002227,BR020,Fixed Deposit,2021-06-01,Active,145830.17,7.1
AC00000955,CU00002088,BR020,Salary,2020-11-09,Active,54896.65,2.5
AC00000956,CU00004321,BR022,Fixed Deposit,2024-03-06,Active,157446.55,7.1
AC00000957,CU00004791,BR023,Fixed Deposit,2022-05-26,Active,80980.64,7.1
AC00000958,CU00000216,BR021,Salary,2025-02-09,Active,28229.35,2.5
AC00000959,CU00001345,BR017,Fixed Deposit,2026-04-29,Active,441658.06,7.1
AC00000960,CU00000436,BR009,Savings,2021-05-26,Active,74278.65,2.7
AC00000961,CU00004737,BR015,Salary,2019-12-24,Active,6731.22,2.5
AC00000962,CU00004221,BR018,Current,2026-02-18,Active,6984.87,0.0
AC00000963,CU00003744,BR007,Savings,2025-06-03,Active,67053.52,2.7
AC00000964,CU00003253,BR023,Fixed Deposit,2023-10-07,Active,420024.48,7.1
AC00000965,CU00001592,BR016,Fixed Deposit,2022-05-02,Active,571930.21,7.1
AC00000966,CU00000603,BR002,Current,2020-09-25,Active,6005.31,0.0
AC00000967,CU00003168,BR021,Savings,2020-07-19,Active,43384.22,2.7
AC00000968,CU00004411,BR022,Current,2024-12-25,Active,36064.54,0.0
AC00000969,CU00001413,BR011,Current,2021-07-30,Active,225684.68,0.0
AC00000970,CU00004928,BR007,Salary,2025-01-01,Active,50145.05,2.5
AC00000971,CU00002721,BR004,Savings,2020-11-23,Active,143382.17,2.7
AC00000972,CU00001006,BR022,Salary,2019-01-27,Active,173101.2,2.5
AC00000973,CU00002207,BR004,Savings,2023-08-12,Active,6829.91,2.7
AC00000974,CU00004359,BR001,Savings,2020-05-01,Closed,37234.13,2.7
AC00000975,CU00004638,BR018,Savings,2024-06-18,Active,5489.08,2.7
AC00000976,CU00003748,BR011,Savings,2022-03-27,Dormant,51708.03,2.7
AC00000977,CU00003672,BR024,Savings,2025-09-03,Active,14914.49,2.7
AC00000978,CU00000284,BR023,Savings,2019-01-16,Active,60596.97,2.7
AC00000979,CU00002719,BR003,Savings,2025-06-21,Active,20697.07,2.7
AC00000980,CU00002496,BR023,Savings,2024-05-11,Active,17156.31,2.7
AC00000981,CU00000450,BR013,Salary,2023-09-17,Active,23209.97,2.5
AC00000982,CU00000576,BR019,Fixed Deposit,2022-08-21,Active,321427.91,7.1
AC00000983,CU00003291,BR011,Savings,2026-02-24,Active,97442.9,2.7
AC00000984,CU00003637,BR021,Savings,2025-09-04,Active,2485.8,2.7
AC00000985,CU00003503,BR013,Savings,2021-01-13,Active,31868.18,2.7
AC00000986,CU00004482,BR015,Savings,2019-09-12,Active,28232.01,2.7
AC00000987,CU00000400,BR018,Current,2019-02-16,Active,33953.83,0.0
AC00000988,CU00003908,BR010,Salary,2025-06-27,Active,86166.73,2.5
AC00000989,CU00003180,BR008,Savings,2025-07-07,Active,11776.27,2.7
AC00000990,CU00003480,BR002,Savings,2025-09-02,Active,5765.69,2.7
AC00000991,CU00002456,BR010,Salary,2024-07-16,Active,14279.54,2.5
AC00000992,CU00002575,BR015,Fixed Deposit,2026-02-06,Active,157039.66,7.1
AC00000993,CU00002312,BR022,Salary,2021-01-16,Active,9633.11,2.5
AC00000994,CU00004042,BR006,Savings,2022-04-03,Active,10315.28,2.7
AC00000995,CU00002135,BR002,Savings,2022-07-01,Active,17035.9,2.7
AC00000996,CU00000528,BR011,Savings,2025-11-30,Active,3917.11,2.7
AC00000997,CU00003627,BR018,Salary,2025-06-28,Dormant,29264.69,2.5
AC00000998,CU00001406,BR008,Savings,2024-10-15,Dormant,10732.63,2.7
AC00000999,CU00000027,BR024,Savings,2020-01-02,Active,67141.79,2.7
AC00001000,CU00001568,BR017,Savings,2021-10-31,Active,28320.74,2.7
AC00001001,CU00003905,BR022,Savings,2025-11-18,Active,29925.0,2.7
AC00001002,CU00002651,BR006,Salary,2019-06-01,Active,155356.83,2.5
AC00001003,CU00000359,BR016,Savings,2022-12-30,Active,9360.72,2.7
AC00001004,CU00004176,BR014,Current,2021-10-15,Active,25764.18,0.0
AC00001005,CU00002407,BR019,Salary,2018-08-02,Active,37573.32,2.5
AC00001006,CU00003532,BR013,Fixed Deposit,2024-05-11,Active,335083.64,7.1
AC00001007,CU00001800,BR021,Savings,2019-05-03,Dormant,12018.61,2.7
AC00001008,CU00004833,BR007,Fixed Deposit,2022-08-09,Active,291427.15,7.1
AC00001009,CU00003172,BR022,Current,2023-06-09,Active,13036.2,0.0
AC00001010,CU00003894,BR011,Savings,2024-03-30,Active,91488.83,2.7
AC00001011,CU00001004,BR008,Salary,2019-11-04,Active,61214.92,2.5
AC00001012,CU00001390,BR005,Savings,2023-12-06,Dormant,9060.97,2.7
AC00001013,CU00000053,BR009,Current,2023-04-15,Active,8977.2,0.0
AC00001014,CU00004021,BR001,Current,2022-06-15,Active,20300.12,0.0
AC00001015,CU00003481,BR004,Savings,2019-08-07,Active,19693.84,2.7
AC00001016,CU00002840,BR004,Current,2019-07-18,Active,5040.72,0.0
AC00001017,CU00002485,BR023,Savings,2022-09-02,Active,135738.66,2.7
AC00001018,CU00000619,BR021,Current,2018-09-04,Dormant,13989.93,0.0
AC00001019,CU00003448,BR010,Salary,2022-12-28,Active,7917.46,2.5
AC00001020,CU00001983,BR014,Savings,2023-01-01,Active,3240.81,2.7
AC00001021,CU00004144,BR015,Savings,2025-10-10,Active,35361.69,2.7
AC00001022,CU00004811,BR003,Salary,2025-07-09,Active,17318.02,2.5
AC00001023,CU00002849,BR007,Savings,2023-08-26,Active,18972.51,2.7
AC00001024,CU00003697,BR010,Savings,2022-05-04,Active,9823.5,2.7
AC00001025,CU00001519,BR010,Savings,2022-04-14,Active,10980.28,2.7
AC00001026,CU00004400,BR009,Salary,2025-04-20,Closed,3934.4,2.5
AC00001027,CU00003963,BR019,Savings,2026-01-06,Active,20563.9,2.7
AC00001028,CU00002149,BR019,Savings,2021-03-21,Active,7774.52,2.7
AC00001029,CU00001859,BR006,Current,2026-08-11,Active,164860.65,0.0
AC00001030,CU00002110,BR011,Savings,2020-01-12,Dormant,38945.13,2.7
AC00001031,CU00000828,BR011,Savings,2023-11-17,Active,8321.55,2.7
AC00001032,CU00001307,BR004,Salary,2024-12-06,Active,13165.99,2.5
AC00001033,CU00003158,BR010,Savings,2019-10-07,Active,148911.02,2.7
AC00001034,CU00004871,BR009,Savings,2018-09-16,Active,32850.87,2.7
AC00001035,CU00000024,BR022,Current,2023-07-24,Active,28169.29,0.0
AC00001036,CU00000616,BR004,Savings,2020-09-28,Active,14117.69,2.7
AC00001037,CU00004466,BR005,Savings,2020-03-25,Active,88905.45,2.7
AC00001038,CU00003532,BR018,Savings,2023-11-24,Active,39165.25,2.7
AC00001039,CU00000989,BR022,Savings,2026-05-22,Dormant,11803.53,2.7
AC00001040,CU00001831,BR023,Savings,2022-06-08,Active,25941.2,2.7
AC00001041,CU00004193,BR011,Savings,2021-03-27,Active,158499.94,2.7
AC00001042,CU00001387,BR024,Savings,2022-04-23,Active,23812.75,2.7
AC00001043,CU00002849,BR024,Salary,2024-08-28,Active,13908.7,2.5
AC00001044,CU00001144,BR012,Savings,2025-12-15,Dormant,106597.5,2.7
AC00001045,CU00002041,BR008,Savings,2025-02-09,Active,148927.93,2.7
AC00001046,CU00004807,BR021,Salary,2020-11-29,Active,20911.0,2.5
AC00001047,CU00002547,BR005,Savings,2026-01-07,Active,31977.46,2.7
AC00001048,CU00004955,BR017,Salary,2024-12-27,Active,46606.94,2.5
AC00001049,CU00003760,BR005,Savings,2022-11-29,Active,10858.77,2.7
AC00001050,CU00003643,BR001,Savings,2020-04-20,Active,28875.06,2.7
AC00001051,CU00003664,BR013,Savings,2019-07-23,Active,24726.52,2.7
AC00001052,CU00002169,BR015,Savings,2022-12-03,Active,41547.42,2.7
AC00001053,CU00000747,BR013,Current,2023-02-16,Active,126711.38,0.0
AC00001054,CU00001078,BR007,Salary,2023-07-26,Closed,20515.24,2.5
AC00001055,CU00000391,BR002,Savings,2019-11-03,Dormant,7585.82,2.7
AC00001056,CU00002524,BR019,Savings,2025-01-26,Active,51424.75,2.7
AC00001057,CU00004978,BR013,Savings,2022-02-24,Active,59876.41,2.7
AC00001058,CU00001188,BR010,Salary,2022-01-10,Active,27000.25,2.5
AC00001059,CU00000515,BR005,Current,2025-07-06,Active,8031.67,0.0
AC00001060,CU00000150,BR021,Current,2018-08-02,Active,28256.8,0.0
AC00001061,CU00000073,BR022,Current,2026-05-18,Active,169360.66,0.0
AC00001062,CU00000084,BR020,Salary,2026-08-04,Active,47249.65,2.5
AC00001063,CU00000865,BR002,Savings,2021-05-10,Active,37806.17,2.7
AC00001064,CU00004875,BR007,Savings,2020-10-19,Active,112518.55,2.7
AC00001065,CU00001109,BR016,Savings,2021-02-22,Active,12802.77,2.7
AC00001066,CU00001369,BR010,Current,2026-08-04,Active,19827.4,0.0
AC00001067,CU00003824,BR001,Current,2019-05-25,Closed,33629.32,0.0
AC00001068,CU00000515,BR003,Savings,2024-08-03,Active,38872.36,2.7
AC00001069,CU00003716,BR017,Savings,2024-06-04,Active,224045.77,2.7
AC00001070,CU00001443,BR010,Savings,2024-08-11,Active,176711.24,2.7
AC00001071,CU00001164,BR017,Savings,2022-08-30,Active,21420.17,2.7
AC00001072,CU00002039,BR005,Savings,2026-07-10,Dormant,2566.86,2.7
AC00001073,CU00001970,BR006,Savings,2025-10-26,Active,25437.91,2.7
AC00001074,CU00000644,BR004,Current,2025-12-18,Active,31448.91,0.0
AC00001075,CU00001326,BR024,Savings,2024-07-01,Active,9341.36,2.7
AC00001076,CU00001740,BR019,Salary,2019-06-05,Active,13487.41,2.5
AC00001077,CU00000052,BR015,Savings,2025-11-09,Active,44858.8,2.7
AC00001078,CU00004268,BR005,Current,2023-03-25,Active,8619.44,0.0
AC00001079,CU00001118,BR006,Current,2025-11-27,Active,105836.95,0.0
AC00001080,CU00001498,BR020,Savings,2024-02-05,Closed,244910.12,2.7
AC00001081,CU00004333,BR018,Salary,2019-06-29,Active,82676.97,2.5
AC00001082,CU00001396,BR017,Savings,2019-04-22,Active,11583.51,2.7
AC00001083,CU00001434,BR021,Salary,2022-04-27,Active,23348.29,2.5
AC00001084,CU00001571,BR020,Savings,2023-05-06,Active,10811.61,2.7
AC00001085,CU00002162,BR009,Fixed Deposit,2021-02-13,Active,309584.66,7.1
AC00001086,CU00004544,BR010,Savings,2021-04-28,Active,66628.15,2.7
AC00001087,CU00004982,BR014,Salary,2020-10-04,Closed,98036.2,2.5
AC00001088,CU00003889,BR008,Savings,2018-09-07,Active,16488.44,2.7
AC00001089,CU00001351,BR012,Salary,2026-04-06,Active,4360.97,2.5
AC00001090,CU00004155,BR010,Salary,2024-02-15,Active,15013.15,2.5
AC00001091,CU00000485,BR006,Salary,2025-01-24,Active,61046.61,2.5
AC00001092,CU00001076,BR015,Salary,2020-12-20,Closed,1143.24,2.5
AC00001093,CU00002812,BR007,Savings,2019-11-17,Active,256562.77,2.7
AC00001094,CU00002427,BR006,Savings,2019-05-02,Active,12897.15,2.7
AC00001095,CU00000787,BR021,Salary,2024-09-09,Active,56190.01,2.5
AC00001096,CU00001383,BR014,Savings,2019-01-21,Active,3775.67,2.7
AC00001097,CU00004978,BR010,Current,2025-03-01,Active,34631.22,0.0
AC00001098,CU00003430,BR012,Salary,2019-11-08,Active,11907.07,2.5
AC00001099,CU00001608,BR016,Current,2019-04-22,Active,16890.21,0.0
AC00001100,CU00000919,BR020,Current,2020-02-17,Active,25226.89,0.0
AC00001101,CU00000129,BR022,Savings,2025-09-21,Active,69808.85,2.7
AC00001102,CU00000823,BR017,Savings,2022-03-27,Active,9211.05,2.7
AC00001103,CU00004815,BR005,Fixed Deposit,2018-09-20,Dormant,111858.27,7.1
AC00001104,CU00004106,BR024,Savings,2019-08-25,Active,5117.66,2.7
AC00001105,CU00000988,BR005,Savings,2025-12-23,Active,4785.85,2.7
AC00001106,CU00001878,BR005,Salary,2026-03-14,Active,11624.5,2.5
AC00001107,CU00004088,BR007,Fixed Deposit,2018-08-12,Active,268476.23,7.1
AC00001108,CU00003416,BR017,Savings,2026-01-30,Active,126703.45,2.7
AC00001109,CU00004016,BR009,Current,2019-03-20,Active,20779.53,0.0
AC00001110,CU00003643,BR014,Savings,2025-10-17,Active,11085.66,2.7
AC00001111,CU00004732,BR024,Salary,2025-12-25,Active,4960.51,2.5
AC00001112,CU00000035,BR023,Savings,2021-05-25,Active,16817.76,2.7
AC00001113,CU00001424,BR024,Current,2018-08-18,Active,8077.49,0.0
AC00001114,CU00002351,BR020,Current,2025-09-09,Active,20639.41,0.0
AC00001115,CU00000696,BR022,Current,2022-04-26,Active,2953.45,0.0
AC00001116,CU00003154,BR005,Savings,2021-11-29,Active,56032.94,2.7
AC00001117,CU00003793,BR006,Current,2023-09-27,Active,30731.44,0.0
AC00001118,CU00004759,BR005,Savings,2023-12-26,Active,13793.21,2.7
AC00001119,CU00000544,BR010,Savings,2023-10-13,Dormant,37493.13,2.7
AC00001120,CU00004111,BR015,Savings,2022-11-15,Active,117787.83,2.7
AC00001121,CU00002788,BR019,Fixed Deposit,2021-08-10,Active,86015.34,7.1
AC00001122,CU00000205,BR021,Savings,2025-02-22,Active,63286.5,2.7
AC00001123,CU00000390,BR004,Salary,2021-09-05,Active,30368.42,2.5
AC00001124,CU00001000,BR018,Salary,2021-12-28,Active,13668.28,2.5
AC00001125,CU00001624,BR004,Savings,2022-05-09,Active,8415.06,2.7
AC00001126,CU00001746,BR002,Savings,2024-02-11,Active,27224.85,2.7
AC00001127,CU00001173,BR005,Savings,2020-05-08,Active,50595.19,2.7
AC00001128,CU00000966,BR017,Savings,2025-10-18,Active,10837.19,2.7
AC00001129,CU00000083,BR020,Savings,2026-07-19,Closed,12098.08,2.7
AC00001130,CU00003155,BR007,Savings,2018-07-28,Active,104220.04,2.7
AC00001131,CU00003410,BR007,Current,2026-02-09,Active,128002.28,0.0
AC00001132,CU00004290,BR017,Current,2022-03-23,Active,147129.39,0.0
AC00001133,CU00001459,BR012,Savings,2023-03-17,Closed,161745.8,2.7
AC00001134,CU00004484,BR003,Savings,2018-08-12,Active,171269.98,2.7
AC00001135,CU00001051,BR013,Savings,2020-04-20,Active,113129.68,2.7
AC00001136,CU00004789,BR005,Salary,2024-07-14,Dormant,11456.16,2.5
AC00001137,CU00001698,BR024,Salary,2023-05-30,Active,41422.45,2.5
AC00001138,CU00001828,BR018,Fixed Deposit,2026-06-24,Active,162493.58,7.1
AC00001139,CU00003595,BR014,Savings,2018-11-30,Active,21926.01,2.7
AC00001140,CU00001858,BR019,Savings,2026-06-26,Active,80335.19,2.7
AC00001141,CU00003573,BR015,Current,2018-11-01,Active,39278.32,0.0
AC00001142,CU00002922,BR015,Savings,2025-06-11,Active,25908.94,2.7
AC00001143,CU00000605,BR021,Savings,2018-09-15,Active,8577.68,2.7
AC00001144,CU00002342,BR002,Savings,2026-06-06,Active,12752.99,2.7
AC00001145,CU00002497,BR024,Savings,2018-11-09,Dormant,62834.74,2.7
AC00001146,CU00003367,BR009,Fixed Deposit,2022-12-10,Active,287653.98,7.1
AC00001147,CU00000408,BR004,Salary,2019-10-11,Active,63968.07,2.5
AC00001148,CU00003507,BR024,Savings,2020-02-16,Active,32580.4,2.7
AC00001149,CU00001471,BR024,Salary,2020-01-03,Active,34333.95,2.5
AC00001150,CU00001217,BR024,Savings,2019-08-10,Active,10253.5,2.7
AC00001151,CU00000704,BR024,Current,2023-05-06,Active,66422.2,0.0
AC00001152,CU00004847,BR007,Current,2018-06-18,Active,34618.13,0.0
AC00001153,CU00001713,BR017,Salary,2020-02-05,Active,28586.2,2.5
AC00001154,CU00001122,BR008,Savings,2026-07-04,Active,87808.39,2.7
AC00001155,CU00003534,BR004,Fixed Deposit,2020-01-12,Active,118737.06,7.1
AC00001156,CU00003676,BR015,Fixed Deposit,2018-11-13,Active,518683.47,7.1
AC00001157,CU00002937,BR014,Savings,2022-02-06,Active,58909.37,2.7
AC00001158,CU00004994,BR018,Savings,2026-04-16,Active,20366.8,2.7
AC00001159,CU00002106,BR004,Salary,2023-10-05,Active,13516.65,2.5
AC00001160,CU00002713,BR019,Savings,2021-08-21,Active,112882.9,2.7
AC00001161,CU00004039,BR024,Savings,2023-10-23,Active,29156.56,2.7
AC00001162,CU00000036,BR002,Savings,2025-07-10,Active,20198.12,2.7
AC00001163,CU00001913,BR008,Savings,2026-07-15,Dormant,26874.93,2.7
AC00001164,CU00000081,BR016,Savings,2024-01-04,Active,60838.59,2.7
AC00001165,CU00000354,BR006,Salary,2024-08-23,Active,43772.76,2.5
AC00001166,CU00001988,BR016,Savings,2019-04-10,Closed,2437.5,2.7
AC00001167,CU00001409,BR008,Savings,2019-10-01,Active,76843.63,2.7
AC00001168,CU00002209,BR005,Salary,2020-10-28,Active,51103.13,2.5
AC00001169,CU00000314,BR011,Current,2022-11-08,Active,13151.58,0.0
AC00001170,CU00000681,BR001,Savings,2020-09-16,Active,9400.82,2.7
AC00001171,CU00001746,BR023,Salary,2025-03-06,Dormant,12117.04,2.5
AC00001172,CU00002558,BR011,Salary,2026-01-21,Active,5012.27,2.5
AC00001173,CU00004211,BR022,Fixed Deposit,2023-06-02,Active,152635.49,7.1
AC00001174,CU00004255,BR012,Salary,2022-05-11,Active,186704.38,2.5
AC00001175,CU00002718,BR024,Savings,2022-08-27,Active,7767.86,2.7
AC00001176,CU00001241,BR012,Savings,2025-10-03,Active,7025.44,2.7
AC00001177,CU00003426,BR012,Salary,2025-03-04,Active,142402.05,2.5
AC00001178,CU00004990,BR001,Savings,2023-10-26,Active,12961.77,2.7
AC00001179,CU00004107,BR022,Salary,2019-12-06,Active,5608.06,2.5
AC00001180,CU00000916,BR009,Savings,2022-12-08,Active,31698.56,2.7
AC00001181,CU00001656,BR023,Salary,2020-06-02,Active,49345.89,2.5
AC00001182,CU00000378,BR023,Savings,2020-09-17,Active,59481.48,2.7
AC00001183,CU00000496,BR004,Current,2022-07-02,Dormant,12982.84,0.0
AC00001184,CU00002707,BR010,Savings,2019-11-27,Active,31936.77,2.7
AC00001185,CU00004414,BR004,Salary,2025-06-08,Active,116075.45,2.5
AC00001186,CU00004515,BR010,Savings,2020-08-29,Active,11262.38,2.7
AC00001187,CU00004758,BR005,Salary,2021-03-31,Active,20717.49,2.5
AC00001188,CU00002131,BR013,Savings,2024-10-17,Active,16606.29,2.7
AC00001189,CU00001654,BR007,Salary,2018-10-23,Active,33917.82,2.5
AC00001190,CU00001534,BR015,Salary,2021-11-02,Active,16529.07,2.5
AC00001191,CU00004167,BR020,Savings,2024-07-02,Active,106652.51,2.7
AC00001192,CU00004093,BR009,Current,2019-09-19,Dormant,10999.14,0.0
AC00001193,CU00002545,BR015,Salary,2021-05-02,Active,6307.68,2.5
AC00001194,CU00002166,BR009,Current,2020-03-21,Active,17249.22,0.0
AC00001195,CU00003282,BR009,Savings,2024-04-14,Active,2435.57,2.7
AC00001196,CU00001328,BR020,Salary,2018-10-10,Active,19512.94,2.5
AC00001197,CU00002291,BR020,Savings,2025-09-13,Active,15529.18,2.7
AC00001198,CU00001412,BR016,Savings,2023-06-25,Active,105484.7,2.7
AC00001199,CU00004700,BR015,Savings,2018-07-20,Dormant,65413.56,2.7
AC00001200,CU00001286,BR004,Savings,2021-11-04,Active,102557.98,2.7
AC00001201,CU00003582,BR022,Savings,2023-09-22,Dormant,42602.88,2.7
AC00001202,CU00004107,BR007,Salary,2024-06-08,Active,16380.75,2.5
AC00001203,CU00004599,BR009,Savings,2026-05-16,Active,9845.3,2.7
AC00001204,CU00001418,BR005,Current,2022-11-27,Active,83651.8,0.0
AC00001205,CU00001046,BR004,Savings,2020-12-02,Active,3542.69,2.7
AC00001206,CU00001469,BR018,Savings,2023-07-13,Active,94112.54,2.7
AC00001207,CU00000117,BR005,Savings,2020-08-09,Active,17111.95,2.7
AC00001208,CU00004416,BR021,Savings,2023-01-31,Active,54734.63,2.7
AC00001209,CU00002575,BR006,Current,2023-09-01,Active,12728.07,0.0
AC00001210,CU00001481,BR016,Salary,2026-06-25,Active,27915.77,2.5
AC00001211,CU00000533,BR004,Fixed Deposit,2022-07-01,Active,85555.32,7.1
AC00001212,CU00001552,BR016,Savings,2022-01-26,Active,127531.55,2.7
AC00001213,CU00000811,BR005,Savings,2026-07-12,Active,192771.52,2.7
AC00001214,CU00001264,BR019,Salary,2023-06-26,Active,29431.65,2.5
AC00001215,CU00000419,BR005,Salary,2020-11-23,Active,1898.12,2.5
AC00001216,CU00000182,BR004,Current,2021-03-23,Active,52893.16,0.0
AC00001217,CU00002775,BR019,Savings,2021-05-11,Active,42678.46,2.7
AC00001218,CU00003335,BR001,Savings,2021-04-21,Dormant,58924.25,2.7
AC00001219,CU00000105,BR002,Fixed Deposit,2020-09-13,Active,33241.32,7.1
AC00001220,CU00002893,BR005,Savings,2021-12-11,Active,199176.66,2.7
AC00001221,CU00004530,BR005,Savings,2022-07-01,Active,101704.9,2.7
AC00001222,CU00002721,BR013,Savings,2023-10-31,Active,5694.11,2.7
AC00001223,CU00001868,BR009,Savings,2025-06-09,Active,301508.93,2.7
AC00001224,CU00004755,BR018,Salary,2019-09-19,Active,17309.58,2.5
AC00001225,CU00001413,BR013,Salary,2018-07-31,Active,345921.75,2.5
AC00001226,CU00003824,BR011,Salary,2020-04-09,Active,18567.94,2.5
AC00001227,CU00002669,BR004,Fixed Deposit,2018-07-08,Active,677777.15,7.1
AC00001228,CU00000020,BR003,Salary,2019-07-03,Active,7267.04,2.5
AC00001229,CU00004759,BR020,Fixed Deposit,2018-12-15,Active,91375.44,7.1
AC00001230,CU00004823,BR021,Savings,2021-06-26,Active,23448.45,2.7
AC00001231,CU00004550,BR019,Savings,2020-01-17,Active,20689.77,2.7
AC00001232,CU00004203,BR014,Salary,2026-03-12,Active,17815.75,2.5
AC00001233,CU00002232,BR002,Savings,2025-01-19,Active,936.71,2.7
AC00001234,CU00004229,BR007,Savings,2021-01-28,Active,21343.56,2.7
AC00001235,CU00004700,BR005,Salary,2020-04-09,Active,7684.11,2.5
AC00001236,CU00003645,BR019,Fixed Deposit,2019-02-07,Closed,293603.04,7.1
AC00001237,CU00000829,BR011,Salary,2019-03-11,Active,5068.37,2.5
AC00001238,CU00003996,BR002,Current,2019-11-28,Active,3851.69,0.0
AC00001239,CU00002633,BR006,Savings,2019-10-20,Active,265341.53,2.7
AC00001240,CU00003152,BR009,Savings,2020-03-19,Active,18095.21,2.7
AC00001241,CU00002902,BR004,Savings,2025-12-04,Dormant,9190.61,2.7
AC00001242,CU00004991,BR020,Savings,2023-11-15,Active,110805.1,2.7
AC00001243,CU00000627,BR009,Savings,2020-09-17,Closed,3518.11,2.7
AC00001244,CU00000488,BR016,Salary,2023-08-22,Active,36295.03,2.5
AC00001245,CU00000331,BR004,Savings,2022-01-04,Active,4137.4,2.7
AC00001246,CU00001911,BR010,Savings,2020-07-12,Active,45328.7,2.7
AC00001247,CU00001642,BR004,Salary,2019-01-25,Active,30556.48,2.5
AC00001248,CU00003569,BR001,Savings,2020-12-28,Active,106632.84,2.7
AC00001249,CU00003425,BR020,Savings,2018-09-16,Active,196165.43,2.7
AC00001250,CU00003699,BR002,Savings,2023-01-26,Active,93423.62,2.7
AC00001251,CU00003262,BR012,Fixed Deposit,2025-11-20,Active,341899.43,7.1
AC00001252,CU00004267,BR018,Salary,2023-01-18,Active,7107.32,2.5
AC00001253,CU00001304,BR007,Salary,2019-10-22,Active,14640.77,2.5
AC00001254,CU00004104,BR017,Savings,2023-04-08,Active,30678.34,2.7
AC00001255,CU00002161,BR004,Savings,2023-08-20,Active,96872.21,2.7
AC00001256,CU00001677,BR024,Salary,2025-05-25,Active,17288.33,2.5
AC00001257,CU00002608,BR023,Salary,2022-05-07,Active,45099.76,2.5
AC00001258,CU00000925,BR021,Savings,2025-03-16,Active,48730.89,2.7
AC00001259,CU00001510,BR024,Savings,2021-07-09,Active,104209.38,2.7
AC00001260,CU00002880,BR018,Salary,2021-11-29,Active,42454.45,2.5
AC00001261,CU00000855,BR008,Savings,2024-08-27,Active,15655.24,2.7
AC00001262,CU00002074,BR008,Salary,2019-10-21,Active,350603.93,2.5
AC00001263,CU00001946,BR002,Savings,2021-09-29,Active,175091.25,2.7
AC00001264,CU00004187,BR021,Savings,2022-10-18,Active,13586.78,2.7
AC00001265,CU00001365,BR014,Current,2022-12-09,Closed,24930.37,0.0
AC00001266,CU00001863,BR004,Savings,2018-12-26,Active,134140.67,2.7
AC00001267,CU00004645,BR016,Savings,2022-04-08,Active,52742.95,2.7
AC00001268,CU00004428,BR017,Salary,2025-02-17,Active,10256.19,2.5
AC00001269,CU00004588,BR022,Current,2018-11-18,Active,52978.5,0.0
AC00001270,CU00004269,BR001,Savings,2025-11-14,Active,59150.13,2.7
AC00001271,CU00001281,BR018,Savings,2018-08-06,Active,41154.21,2.7
AC00001272,CU00000344,BR011,Salary,2021-10-25,Active,29218.38,2.5
AC00001273,CU00004892,BR013,Savings,2022-10-10,Dormant,4036.3,2.7
AC00001274,CU00003137,BR015,Fixed Deposit,2026-05-06,Active,256455.47,7.1
AC00001275,CU00003832,BR006,Fixed Deposit,2025-09-22,Active,111142.17,7.1
AC00001276,CU00000077,BR016,Current,2022-02-05,Active,51137.9,0.0
AC00001277,CU00004794,BR013,Current,2025-12-08,Active,117657.94,0.0
AC00001278,CU00003675,BR012,Salary,2026-05-22,Active,152421.86,2.5
AC00001279,CU00002790,BR017,Savings,2020-11-01,Active,37430.63,2.7
AC00001280,CU00003537,BR011,Savings,2022-08-19,Active,93686.75,2.7
AC00001281,CU00004821,BR003,Salary,2023-03-04,Active,16059.57,2.5
AC00001282,CU00004393,BR023,Salary,2021-05-23,Active,134116.71,2.5
AC00001283,CU00002374,BR018,Salary,2019-11-02,Active,20992.48,2.5
AC00001284,CU00002545,BR017,Savings,2023-01-25,Active,9012.01,2.7
AC00001285,CU00001122,BR016,Fixed Deposit,2025-04-27,Active,102152.32,7.1
AC00001286,CU00001743,BR023,Savings,2026-05-17,Active,19540.24,2.7
AC00001287,CU00002511,BR020,Savings,2018-07-17,Active,61253.0,2.7
AC00001288,CU00002487,BR003,Savings,2018-07-13,Closed,32408.25,2.7
AC00001289,CU00002311,BR022,Salary,2020-09-19,Closed,33355.88,2.5
AC00001290,CU00002936,BR001,Fixed Deposit,2024-08-16,Active,383823.41,7.1
AC00001291,CU00000933,BR001,Fixed Deposit,2019-01-29,Active,93463.39,7.1
AC00001292,CU00002878,BR014,Savings,2020-05-22,Active,51566.72,2.7
AC00001293,CU00000866,BR016,Salary,2025-05-31,Active,127523.23,2.5
AC00001294,CU00004263,BR013,Savings,2025-09-13,Active,14255.43,2.7
AC00001295,CU00001715,BR002,Savings,2023-08-16,Active,13788.19,2.7
AC00001296,CU00003654,BR022,Savings,2025-06-28,Active,12710.78,2.7
AC00001297,CU00002959,BR014,Salary,2018-07-26,Active,18407.87,2.5
AC00001298,CU00001419,BR021,Savings,2020-02-19,Active,199452.64,2.7
AC00001299,CU00001664,BR016,Savings,2023-08-02,Active,17049.15,2.7
AC00001300,CU00004225,BR023,Savings,2024-03-15,Dormant,11934.31,2.7
AC00001301,CU00003727,BR016,Fixed Deposit,2025-11-30,Active,49659.97,7.1
AC00001302,CU00004843,BR022,Salary,2022-06-02,Active,19920.27,2.5
AC00001303,CU00004372,BR011,Fixed Deposit,2022-05-19,Active,262860.48,7.1
AC00001304,CU00000594,BR018,Savings,2025-04-08,Active,12276.07,2.7
AC00001305,CU00004071,BR011,Current,2026-06-29,Active,20948.62,0.0
AC00001306,CU00004175,BR015,Salary,2018-11-11,Active,7280.2,2.5
AC00001307,CU00004433,BR023,Savings,2019-04-30,Active,52434.78,2.7
AC00001308,CU00004925,BR007,Current,2025-07-07,Active,10874.58,0.0
AC00001309,CU00003091,BR012,Salary,2022-03-20,Active,25063.2,2.5
AC00001310,CU00004296,BR002,Savings,2023-07-07,Active,19693.67,2.7
AC00001311,CU00001606,BR008,Savings,2019-12-02,Active,16761.07,2.7
AC00001312,CU00004759,BR005,Savings,2024-05-09,Active,70607.53,2.7
AC00001313,CU00002044,BR011,Savings,2022-05-29,Active,33346.27,2.7
AC00001314,CU00002557,BR009,Savings,2026-03-11,Active,137792.25,2.7
AC00001315,CU00004584,BR012,Salary,2022-11-12,Active,11753.29,2.5
AC00001316,CU00003699,BR007,Savings,2025-06-24,Active,134561.48,2.7
AC00001317,CU00003069,BR024,Savings,2022-09-16,Active,9196.49,2.7
AC00001318,CU00000384,BR005,Savings,2023-06-19,Active,39281.67,2.7
AC00001319,CU00002456,BR003,Salary,2025-09-11,Active,14149.75,2.5
AC00001320,CU00002968,BR020,Savings,2024-02-26,Active,23089.01,2.7
AC00001321,CU00004121,BR022,Current,2022-02-25,Active,1354.32,0.0
AC00001322,CU00003080,BR017,Current,2019-08-17,Active,17650.79,0.0
AC00001323,CU00004356,BR009,Fixed Deposit,2018-08-03,Dormant,168548.27,7.1
AC00001324,CU00002286,BR011,Savings,2024-06-01,Dormant,33479.38,2.7
AC00001325,CU00001127,BR024,Fixed Deposit,2018-11-20,Active,719019.17,7.1
AC00001326,CU00000385,BR008,Savings,2023-11-13,Active,13994.06,2.7
AC00001327,CU00004744,BR009,Salary,2026-01-20,Active,23423.48,2.5
AC00001328,CU00004300,BR017,Savings,2020-02-23,Active,10130.82,2.7
AC00001329,CU00000125,BR016,Savings,2023-05-31,Active,18175.7,2.7
AC00001330,CU00003138,BR007,Salary,2025-02-25,Active,38888.6,2.5
AC00001331,CU00003574,BR014,Current,2026-06-13,Active,2894.62,0.0
AC00001332,CU00001749,BR004,Fixed Deposit,2020-11-20,Active,64152.14,7.1
AC00001333,CU00001498,BR003,Savings,2024-02-29,Active,22986.13,2.7
AC00001334,CU00001392,BR001,Savings,2021-05-23,Active,47789.54,2.7
AC00001335,CU00001212,BR016,Savings,2021-08-07,Active,37677.93,2.7
AC00001336,CU00002852,BR022,Savings,2018-11-19,Active,19748.13,2.7
AC00001337,CU00003144,BR021,Fixed Deposit,2021-06-13,Active,181384.58,7.1
AC00001338,CU00003946,BR006,Salary,2019-09-19,Active,18647.29,2.5
AC00001339,CU00001262,BR021,Salary,2020-03-22,Active,10784.41,2.5
AC00001340,CU00003663,BR013,Current,2021-10-03,Active,7541.17,0.0
AC00001341,CU00001685,BR021,Salary,2025-10-08,Active,72827.42,2.5
AC00001342,CU00004159,BR012,Savings,2021-04-02,Active,22306.32,2.7
AC00001343,CU00002099,BR003,Savings,2020-08-21,Active,39819.44,2.7
AC00001344,CU00001632,BR007,Salary,2023-01-03,Active,137379.73,2.5
AC00001345,CU00003738,BR003,Salary,2026-03-09,Active,13644.78,2.5
AC00001346,CU00002727,BR013,Salary,2022-04-27,Active,123059.73,2.5
AC00001347,CU00003873,BR020,Fixed Deposit,2021-08-02,Active,340193.89,7.1
AC00001348,CU00000480,BR006,Savings,2024-05-12,Active,64334.47,2.7
AC00001349,CU00002364,BR018,Savings,2020-02-22,Dormant,19158.73,2.7
AC00001350,CU00001544,BR016,Fixed Deposit,2020-07-08,Active,298207.69,7.1
AC00001351,CU00004736,BR014,Salary,2024-09-05,Active,37961.07,2.5
AC00001352,CU00000290,BR014,Salary,2025-06-25,Active,46406.6,2.5
AC00001353,CU00001079,BR022,Savings,2026-03-04,Active,11011.0,2.7
AC00001354,CU00000373,BR012,Savings,2024-12-15,Active,14680.98,2.7
AC00001355,CU00000163,BR006,Salary,2026-03-29,Active,12755.83,2.5
AC00001356,CU00000745,BR024,Current,2025-09-18,Active,8524.44,0.0
AC00001357,CU00001909,BR019,Savings,2024-11-07,Active,11162.68,2.7
AC00001358,CU00003867,BR022,Savings,2022-05-30,Active,9740.86,2.7
AC00001359,CU00003719,BR018,Savings,2026-04-07,Active,66568.62,2.7
AC00001360,CU00002092,BR004,Current,2019-08-26,Active,22193.87,0.0
AC00001361,CU00000320,BR021,Fixed Deposit,2026-07-12,Active,116698.12,7.1
AC00001362,CU00002614,BR016,Savings,2020-08-12,Closed,5661.31,2.7
AC00001363,CU00003828,BR007,Savings,2021-10-16,Active,41299.98,2.7
AC00001364,CU00000146,BR003,Current,2023-05-19,Active,52113.24,0.0
AC00001365,CU00000642,BR024,Savings,2020-09-25,Active,17989.21,2.7
AC00001366,CU00000770,BR016,Savings,2023-04-01,Active,7543.64,2.7
AC00001367,CU00003266,BR007,Salary,2020-06-06,Active,16784.66,2.5
AC00001368,CU00004100,BR004,Savings,2026-06-12,Active,156565.39,2.7
AC00001369,CU00000400,BR003,Current,2025-04-10,Active,63599.67,0.0
AC00001370,CU00001413,BR022,Fixed Deposit,2026-02-17,Active,228292.79,7.1
AC00001371,CU00000213,BR007,Savings,2026-03-25,Active,59204.12,2.7
AC00001372,CU00001088,BR024,Salary,2024-05-24,Active,34328.43,2.5
AC00001373,CU00002455,BR020,Salary,2025-04-03,Active,18377.98,2.5
AC00001374,CU00000613,BR018,Salary,2024-03-06,Active,110795.51,2.5
AC00001375,CU00003847,BR004,Savings,2019-09-02,Active,62406.4,2.7
AC00001376,CU00004802,BR016,Salary,2020-03-01,Active,40385.65,2.5
AC00001377,CU00001198,BR013,Salary,2021-04-03,Active,334445.71,2.5
AC00001378,CU00004325,BR010,Savings,2026-04-05,Active,82191.24,2.7
AC00001379,CU00002577,BR009,Salary,2018-10-15,Active,12357.65,2.5
AC00001380,CU00004269,BR001,Savings,2021-04-20,Active,32176.82,2.7
AC00001381,CU00000795,BR023,Savings,2023-09-26,Active,8473.95,2.7
AC00001382,CU00001176,BR023,Salary,2020-07-13,Active,13144.4,2.5
AC00001383,CU00000587,BR021,Savings,2023-11-04,Dormant,25477.86,2.7
AC00001384,CU00004459,BR023,Current,2025-11-16,Active,10912.85,0.0
AC00001385,CU00002123,BR023,Savings,2026-06-23,Active,163955.57,2.7
AC00001386,CU00000145,BR002,Savings,2023-08-07,Active,3641.67,2.7
AC00001387,CU00003418,BR007,Salary,2023-11-03,Active,72473.96,2.5
AC00001388,CU00004014,BR001,Savings,2023-09-20,Active,9972.96,2.7
AC00001389,CU00004382,BR021,Savings,2022-09-24,Active,75377.36,2.7
AC00001390,CU00003630,BR023,Savings,2023-08-24,Active,266963.84,2.7
AC00001391,CU00004272,BR015,Salary,2025-09-30,Active,7054.36,2.5
AC00001392,CU00003643,BR009,Savings,2018-08-09,Active,96302.8,2.7
AC00001393,CU00000120,BR015,Savings,2024-07-07,Active,72256.46,2.7
AC00001394,CU00001213,BR017,Savings,2021-10-21,Active,61901.11,2.7
AC00001395,CU00000741,BR017,Savings,2024-11-24,Active,30319.88,2.7
AC00001396,CU00001230,BR009,Fixed Deposit,2026-07-30,Active,918185.01,7.1
AC00001397,CU00003611,BR015,Savings,2020-10-24,Active,5001.48,2.7
AC00001398,CU00004496,BR010,Savings,2019-12-02,Active,46863.63,2.7
AC00001399,CU00001961,BR011,Savings,2019-05-20,Active,13263.69,2.7
AC00001400,CU00001104,BR010,Savings,2022-10-17,Active,23084.66,2.7
AC00001401,CU00003281,BR002,Savings,2024-10-16,Active,39520.33,2.7
AC00001402,CU00003251,BR017,Salary,2021-05-21,Active,38631.06,2.5
AC00001403,CU00003793,BR003,Savings,2024-11-26,Active,5021.63,2.7
AC00001404,CU00000982,BR002,Current,2025-03-09,Active,59558.89,0.0
AC00001405,CU00002368,BR005,Savings,2021-06-06,Active,5077.32,2.7
AC00001406,CU00003033,BR015,Savings,2025-07-08,Active,111685.04,2.7
AC00001407,CU00004872,BR022,Fixed Deposit,2018-11-17,Active,145066.08,7.1
AC00001408,CU00000821,BR016,Savings,2023-07-02,Active,66479.88,2.7
AC00001409,CU00004751,BR008,Salary,2019-02-14,Active,18118.39,2.5
AC00001410,CU00004918,BR010,Savings,2026-05-31,Active,88479.58,2.7
AC00001411,CU00001106,BR024,Current,2022-08-10,Active,12819.43,0.0
AC00001412,CU00001389,BR024,Current,2024-01-25,Active,26181.09,0.0
AC00001413,CU00004417,BR001,Savings,2019-08-12,Active,109691.65,2.7
AC00001414,CU00003180,BR012,Savings,2022-09-22,Dormant,50092.9,2.7
AC00001415,CU00001205,BR018,Salary,2022-07-10,Active,15099.09,2.5
AC00001416,CU00003555,BR017,Current,2024-01-29,Active,10624.67,0.0
AC00001417,CU00002962,BR004,Current,2019-01-08,Active,100859.38,0.0
AC00001418,CU00001898,BR001,Salary,2020-04-18,Dormant,13143.74,2.5
AC00001419,CU00003518,BR023,Savings,2019-05-19,Active,11166.64,2.7
AC00001420,CU00000286,BR001,Savings,2024-02-09,Active,16557.7,2.7
AC00001421,CU00000879,BR012,Savings,2019-05-10,Active,26133.31,2.7
AC00001422,CU00000032,BR014,Salary,2022-05-30,Dormant,13192.71,2.5
AC00001423,CU00004117,BR010,Fixed Deposit,2025-02-07,Active,48631.48,7.1
AC00001424,CU00000193,BR021,Savings,2022-12-22,Active,572117.2,2.7
AC00001425,CU00004336,BR018,Savings,2020-11-28,Active,7763.78,2.7
AC00001426,CU00004986,BR017,Salary,2021-11-20,Active,12509.12,2.5
AC00001427,CU00000542,BR001,Savings,2024-10-13,Active,102276.64,2.7
AC00001428,CU00003093,BR022,Savings,2026-07-18,Active,22080.6,2.7
AC00001429,CU00003259,BR005,Savings,2020-06-30,Active,3254.43,2.7
AC00001430,CU00004804,BR019,Fixed Deposit,2026-06-14,Dormant,285995.17,7.1
AC00001431,CU00003794,BR002,Fixed Deposit,2025-05-30,Active,247736.39,7.1
AC00001432,CU00001532,BR024,Savings,2018-11-15,Active,21324.54,2.7
AC00001433,CU00004129,BR005,Savings,2021-01-09,Active,44321.08,2.7
AC00001434,CU00000199,BR008,Savings,2019-03-21,Active,13681.6,2.7
AC00001435,CU00001452,BR015,Savings,2023-12-08,Active,8554.08,2.7
AC00001436,CU00003574,BR019,Current,2020-03-13,Active,107068.8,0.0
AC00001437,CU00002532,BR004,Salary,2025-08-11,Active,45579.11,2.5
AC00001438,CU00002046,BR017,Fixed Deposit,2025-09-02,Active,79851.71,7.1
AC00001439,CU00004003,BR011,Fixed Deposit,2022-10-17,Active,353529.78,7.1
AC00001440,CU00004364,BR007,Savings,2024-09-04,Dormant,131201.47,2.7
AC00001441,CU00003004,BR001,Current,2022-01-15,Active,41844.35,0.0
AC00001442,CU00001261,BR007,Salary,2024-11-13,Closed,96653.84,2.5
AC00001443,CU00003167,BR012,Fixed Deposit,2018-09-02,Active,215983.22,7.1
AC00001444,CU00004844,BR013,Savings,2022-04-14,Active,38675.97,2.7
AC00001445,CU00004675,BR023,Fixed Deposit,2021-02-06,Active,188057.21,7.1
AC00001446,CU00002491,BR022,Savings,2022-10-01,Active,5975.01,2.7
AC00001447,CU00000273,BR019,Savings,2023-10-04,Active,46590.0,2.7
AC00001448,CU00003028,BR012,Savings,2022-04-07,Active,116888.54,2.7
AC00001449,CU00000755,BR003,Current,2019-03-15,Active,13292.46,0.0
AC00001450,CU00001607,BR014,Fixed Deposit,2019-12-06,Active,171389.01,7.1
AC00001451,CU00002798,BR010,Salary,2026-01-11,Active,7782.61,2.5
AC00001452,CU00001975,BR006,Savings,2025-10-12,Active,48306.05,2.7
AC00001453,CU00001836,BR024,Fixed Deposit,2023-12-24,Active,66886.4,7.1
AC00001454,CU00000196,BR004,Savings,2024-03-31,Active,10673.23,2.7
AC00001455,CU00004567,BR023,Fixed Deposit,2024-04-28,Active,48312.24,7.1
AC00001456,CU00003291,BR018,Savings,2020-08-07,Active,43633.91,2.7
AC00001457,CU00004759,BR011,Savings,2021-11-14,Active,21611.61,2.7
AC00001458,CU00001992,BR006,Fixed Deposit,2018-10-21,Active,231023.87,7.1
AC00001459,CU00000018,BR017,Savings,2025-07-03,Active,8827.78,2.7
AC00001460,CU00001592,BR021,Current,2024-11-23,Active,5515.24,0.0
AC00001461,CU00003348,BR006,Savings,2020-09-20,Active,7259.01,2.7
AC00001462,CU00001776,BR009,Salary,2020-02-29,Active,2297.71,2.5
AC00001463,CU00004439,BR004,Savings,2021-10-22,Active,6113.49,2.7
AC00001464,CU00001516,BR009,Fixed Deposit,2020-03-08,Dormant,254083.2,7.1
AC00001465,CU00004250,BR023,Savings,2025-07-04,Active,112681.93,2.7
AC00001466,CU00004268,BR008,Savings,2021-04-29,Active,4942.69,2.7
AC00001467,CU00002339,BR003,Savings,2021-01-17,Active,28603.99,2.7
AC00001468,CU00000292,BR010,Savings,2021-11-18,Active,3445.94,2.7
AC00001469,CU00000062,BR005,Fixed Deposit,2020-01-18,Active,96365.85,7.1
AC00001470,CU00000097,BR013,Savings,2024-01-02,Active,68229.69,2.7
AC00001471,CU00001836,BR020,Savings,2022-04-01,Active,42905.58,2.7
AC00001472,CU00001599,BR009,Salary,2025-10-03,Active,124199.37,2.5
AC00001473,CU00004730,BR020,Salary,2018-08-16,Active,20306.33,2.5
AC00001474,CU00001038,BR021,Savings,2023-07-24,Active,11153.33,2.7
AC00001475,CU00001167,BR018,Savings,2023-09-10,Active,35401.26,2.7
AC00001476,CU00000824,BR010,Salary,2020-09-29,Dormant,19503.17,2.5
AC00001477,CU00002118,BR017,Savings,2020-08-31,Active,225401.57,2.7
AC00001478,CU00003837,BR021,Salary,2023-10-27,Active,107861.64,2.5
AC00001479,CU00003600,BR001,Savings,2020-05-31,Active,7529.56,2.7
AC00001480,CU00004570,BR023,Savings,2022-04-27,Active,8529.33,2.7
AC00001481,CU00003691,BR014,Savings,2024-03-24,Active,35397.5,2.7
AC00001482,CU00001604,BR020,Savings,2019-07-25,Dormant,16890.98,2.7
AC00001483,CU00003233,BR014,Salary,2019-11-22,Active,10864.91,2.5
AC00001484,CU00003366,BR007,Salary,2023-01-01,Active,45018.42,2.5
AC00001485,CU00002128,BR015,Savings,2020-10-29,Active,1101655.38,2.7
AC00001486,CU00002451,BR003,Savings,2020-10-21,Active,255039.67,2.7
AC00001487,CU00003543,BR019,Savings,2022-02-05,Active,2324.15,2.7
AC00001488,CU00001319,BR014,Current,2022-03-01,Active,99055.32,0.0
AC00001489,CU00002547,BR021,Salary,2018-09-24,Active,68276.59,2.5
AC00001490,CU00003565,BR011,Savings,2022-05-14,Closed,60251.7,2.7
AC00001491,CU00001208,BR006,Savings,2018-07-14,Active,14425.35,2.7
AC00001492,CU00000007,BR016,Savings,2026-02-03,Active,42751.3,2.7
AC00001493,CU00000520,BR024,Salary,2026-02-02,Active,7291.63,2.5
AC00001494,CU00001103,BR001,Savings,2025-11-28,Active,53949.63,2.7
AC00001495,CU00003845,BR009,Salary,2025-10-24,Active,39104.76,2.5
AC00001496,CU00000781,BR022,Savings,2026-07-10,Active,10013.84,2.7
AC00001497,CU00000374,BR014,Current,2026-08-08,Closed,72816.42,0.0
AC00001498,CU00000334,BR006,Salary,2022-07-02,Active,72260.88,2.5
AC00001499,CU00000807,BR012,Savings,2025-07-27,Active,42641.23,2.7
AC00001500,CU00000711,BR007,Savings,2025-05-27,Active,13317.76,2.7
AC00001501,CU00000248,BR005,Salary,2018-11-19,Active,13643.84,2.5
AC00001502,CU00004867,BR009,Savings,2025-11-29,Closed,5634.43,2.7
AC00001503,CU00004323,BR003,Current,2021-11-06,Active,201163.49,0.0
AC00001504,CU00001672,BR013,Savings,2023-01-01,Active,31166.82,2.7
AC00001505,CU00001991,BR017,Savings,2022-05-22,Active,4970.81,2.7
AC00001506,CU00002737,BR001,Salary,2022-04-01,Active,8077.8,2.5
AC00001507,CU00000223,BR016,Fixed Deposit,2020-02-05,Active,656366.05,7.1
AC00001508,CU00003786,BR007,Current,2024-07-06,Active,212352.87,0.0
AC00001509,CU00002153,BR006,Savings,2023-04-21,Active,20999.31,2.7
AC00001510,CU00000976,BR001,Salary,2021-06-26,Active,40222.93,2.5
AC00001511,CU00003478,BR013,Salary,2019-11-06,Active,47987.05,2.5
AC00001512,CU00003464,BR011,Salary,2023-07-19,Active,18423.24,2.5
AC00001513,CU00000485,BR018,Savings,2024-06-07,Active,22502.49,2.7
AC00001514,CU00000736,BR015,Salary,2024-01-14,Active,11603.95,2.5
AC00001515,CU00004963,BR003,Current,2023-04-03,Active,28250.21,0.0
AC00001516,CU00004126,BR010,Savings,2024-11-15,Active,24466.53,2.7
AC00001517,CU00002353,BR002,Savings,2021-10-11,Active,5709.59,2.7
AC00001518,CU00000487,BR020,Savings,2022-03-13,Active,10290.58,2.7
AC00001519,CU00004764,BR006,Salary,2026-06-10,Active,28039.36,2.5
AC00001520,CU00004274,BR001,Savings,2020-03-15,Active,97132.72,2.7
AC00001521,CU00003351,BR015,Fixed Deposit,2019-04-16,Active,79470.9,7.1
AC00001522,CU00002236,BR011,Savings,2024-06-05,Active,68419.38,2.7
AC00001523,CU00003338,BR015,Salary,2022-08-07,Active,16533.54,2.5
AC00001524,CU00001751,BR003,Savings,2019-02-18,Active,11235.51,2.7
AC00001525,CU00000611,BR014,Salary,2021-03-14,Dormant,37849.56,2.5
AC00001526,CU00003653,BR014,Salary,2026-06-23,Active,21923.03,2.5
AC00001527,CU00002074,BR015,Savings,2020-02-16,Active,4058.34,2.7
AC00001528,CU00002047,BR010,Savings,2019-11-25,Active,3419.79,2.7
AC00001529,CU00000512,BR010,Savings,2020-02-04,Active,53682.23,2.7
AC00001530,CU00002039,BR002,Savings,2020-12-24,Active,124749.13,2.7
AC00001531,CU00002322,BR014,Savings,2023-03-20,Dormant,4676.03,2.7
AC00001532,CU00000912,BR004,Current,2025-08-09,Active,17193.35,0.0
AC00001533,CU00004210,BR002,Current,2023-09-21,Active,34312.35,0.0
AC00001534,CU00000685,BR023,Savings,2020-06-08,Active,11905.16,2.7
AC00001535,CU00000457,BR002,Savings,2026-06-02,Active,94952.7,2.7
AC00001536,CU00003896,BR003,Fixed Deposit,2026-04-22,Active,239499.22,7.1
AC00001537,CU00001545,BR024,Savings,2020-07-08,Active,9625.55,2.7
AC00001538,CU00000468,BR013,Savings,2018-12-31,Active,11422.08,2.7
AC00001539,CU00002026,BR018,Salary,2022-03-01,Active,73163.83,2.5
AC00001540,CU00002615,BR022,Savings,2026-06-27,Active,28718.44,2.7
AC00001541,CU00004292,BR004,Savings,2022-10-06,Active,3581.55,2.7
AC00001542,CU00000749,BR011,Salary,2023-10-10,Active,50472.69,2.5
AC00001543,CU00000110,BR006,Current,2023-10-18,Active,3720.71,0.0
AC00001544,CU00000793,BR003,Current,2026-02-01,Active,24825.05,0.0
AC00001545,CU00004622,BR011,Savings,2023-03-25,Active,79332.94,2.7
AC00001546,CU00000123,BR006,Savings,2021-03-04,Closed,696108.43,2.7
AC00001547,CU00003574,BR003,Savings,2019-03-20,Active,68487.64,2.7
AC00001548,CU00004398,BR004,Salary,2021-01-22,Active,6418.19,2.5
AC00001549,CU00000410,BR013,Salary,2024-12-29,Active,5088.43,2.5
AC00001550,CU00000394,BR022,Savings,2018-12-26,Dormant,12107.83,2.7
AC00001551,CU00000019,BR023,Salary,2025-02-18,Active,14167.13,2.5
AC00001552,CU00001987,BR014,Savings,2025-07-20,Active,66052.27,2.7
AC00001553,CU00002328,BR006,Fixed Deposit,2018-10-05,Active,179309.38,7.1
AC00001554,CU00003666,BR023,Savings,2026-03-26,Active,137552.47,2.7
AC00001555,CU00003528,BR006,Savings,2021-12-13,Active,36509.53,2.7
AC00001556,CU00001465,BR011,Current,2020-05-24,Active,22907.95,0.0
AC00001557,CU00002286,BR001,Savings,2022-03-18,Active,7740.44,2.7
AC00001558,CU00004674,BR003,Salary,2020-06-17,Dormant,15260.45,2.5
AC00001559,CU00001243,BR002,Current,2019-08-15,Active,34533.33,0.0
AC00001560,CU00001303,BR010,Current,2019-10-18,Active,6286.51,0.0
AC00001561,CU00000034,BR002,Current,2024-01-04,Active,20658.63,0.0
AC00001562,CU00004960,BR006,Savings,2018-06-23,Active,48595.83,2.7
AC00001563,CU00001305,BR001,Current,2019-02-09,Active,104347.5,0.0
AC00001564,CU00004296,BR021,Savings,2025-04-11,Active,22690.67,2.7
AC00001565,CU00000440,BR017,Salary,2023-07-29,Active,22869.69,2.5
AC00001566,CU00003864,BR013,Fixed Deposit,2022-08-20,Active,68055.77,7.1
AC00001567,CU00002302,BR018,Savings,2022-08-07,Active,6098.96,2.7
AC00001568,CU00004060,BR010,Savings,2018-09-11,Active,103886.66,2.7
AC00001569,CU00004136,BR009,Savings,2018-08-08,Active,19516.86,2.7
AC00001570,CU00000092,BR012,Savings,2024-09-14,Active,19593.73,2.7
AC00001571,CU00004136,BR018,Fixed Deposit,2022-05-13,Active,109261.15,7.1
AC00001572,CU00004420,BR001,Savings,2021-09-10,Active,6912.35,2.7
AC00001573,CU00000920,BR015,Salary,2022-02-22,Active,30951.36,2.5
AC00001574,CU00003811,BR024,Savings,2024-02-06,Active,35457.97,2.7
AC00001575,CU00002940,BR012,Savings,2025-08-26,Active,12254.23,2.7
AC00001576,CU00001363,BR017,Salary,2023-09-23,Active,33241.16,2.5
AC00001577,CU00002153,BR019,Salary,2026-01-02,Active,12668.47,2.5
AC00001578,CU00003829,BR019,Savings,2022-11-13,Active,13619.65,2.7
AC00001579,CU00004955,BR007,Fixed Deposit,2024-02-14,Active,996298.24,7.1
AC00001580,CU00004965,BR007,Savings,2025-02-20,Active,7012.53,2.7
AC00001581,CU00001865,BR021,Salary,2023-08-11,Active,37203.4,2.5
AC00001582,CU00003729,BR013,Savings,2024-05-14,Closed,114975.55,2.7
AC00001583,CU00004192,BR016,Salary,2019-10-30,Active,6821.0,2.5
AC00001584,CU00001293,BR010,Savings,2018-11-09,Active,9184.33,2.7
AC00001585,CU00004681,BR005,Current,2024-07-30,Active,37853.55,0.0
AC00001586,CU00004011,BR008,Salary,2021-03-19,Active,202962.6,2.5
AC00001587,CU00003174,BR013,Salary,2023-03-18,Active,6922.25,2.5
AC00001588,CU00004428,BR013,Savings,2021-03-11,Dormant,20481.02,2.7
AC00001589,CU00002939,BR016,Fixed Deposit,2020-04-30,Active,168363.41,7.1
AC00001590,CU00000421,BR001,Fixed Deposit,2020-11-18,Active,44098.91,7.1
AC00001591,CU00002404,BR013,Savings,2021-12-14,Active,8941.52,2.7
AC00001592,CU00000057,BR010,Savings,2021-01-22,Active,56928.23,2.7
AC00001593,CU00004750,BR008,Current,2022-10-15,Active,74281.06,0.0
AC00001594,CU00001341,BR009,Fixed Deposit,2021-05-29,Active,842600.84,7.1
AC00001595,CU00001954,BR007,Current,2019-06-28,Active,467325.63,0.0
AC00001596,CU00004728,BR007,Savings,2025-09-28,Active,17627.54,2.7
AC00001597,CU00000910,BR005,Current,2023-06-02,Active,19176.79,0.0
AC00001598,CU00001869,BR009,Salary,2019-12-19,Active,82819.54,2.5
AC00001599,CU00002214,BR019,Savings,2026-02-01,Active,492026.25,2.7
AC00001600,CU00002745,BR004,Salary,2020-12-12,Active,90700.85,2.5
AC00001601,CU00002855,BR023,Current,2025-04-11,Active,50875.62,0.0
AC00001602,CU00004775,BR001,Savings,2019-09-13,Active,7342.65,2.7
AC00001603,CU00002965,BR013,Savings,2021-12-25,Active,1262508.49,2.7
AC00001604,CU00001378,BR020,Savings,2023-02-14,Active,36314.33,2.7
AC00001605,CU00004911,BR011,Salary,2025-04-11,Active,17602.6,2.5
AC00001606,CU00004101,BR011,Fixed Deposit,2021-11-10,Active,44153.8,7.1
AC00001607,CU00004857,BR012,Current,2023-03-27,Active,7739.4,0.0
AC00001608,CU00002079,BR001,Savings,2024-06-18,Active,48726.42,2.7
AC00001609,CU00000197,BR004,Salary,2022-10-05,Active,16863.83,2.5
AC00001610,CU00002298,BR017,Savings,2020-01-01,Active,91491.97,2.7
AC00001611,CU00004176,BR010,Savings,2022-05-22,Active,3365.62,2.7
AC00001612,CU00001678,BR007,Savings,2023-10-14,Active,14563.26,2.7
AC00001613,CU00001412,BR018,Current,2023-04-24,Active,282624.85,0.0
AC00001614,CU00001516,BR019,Savings,2024-04-14,Active,11525.37,2.7
AC00001615,CU00000824,BR008,Current,2025-11-26,Active,8617.55,0.0
AC00001616,CU00001344,BR008,Current,2020-04-07,Active,47544.05,0.0
AC00001617,CU00002683,BR019,Fixed Deposit,2024-12-06,Dormant,144241.3,7.1
AC00001618,CU00000999,BR011,Savings,2022-03-12,Active,4724.33,2.7
AC00001619,CU00003987,BR014,Savings,2021-02-05,Active,69841.58,2.7
AC00001620,CU00004883,BR019,Current,2025-12-10,Active,53231.91,0.0
AC00001621,CU00000902,BR001,Fixed Deposit,2018-07-11,Active,891909.76,7.1
AC00001622,CU00000636,BR015,Savings,2024-05-03,Active,49037.34,2.7
AC00001623,CU00003618,BR002,Savings,2020-03-17,Active,8739.04,2.7
AC00001624,CU00002463,BR012,Savings,2019-12-31,Active,14690.84,2.7
AC00001625,CU00001155,BR004,Savings,2024-04-28,Active,56835.75,2.7
AC00001626,CU00003692,BR016,Savings,2023-05-06,Active,88061.17,2.7
AC00001627,CU00002942,BR007,Salary,2020-10-17,Active,67333.09,2.5
AC00001628,CU00000814,BR001,Savings,2019-11-29,Dormant,25117.62,2.7
AC00001629,CU00003767,BR011,Savings,2023-10-04,Active,8920.81,2.7
AC00001630,CU00003981,BR023,Fixed Deposit,2021-10-17,Active,1343979.8,7.1
AC00001631,CU00003939,BR014,Savings,2018-08-22,Active,12981.12,2.7
AC00001632,CU00002429,BR023,Savings,2019-06-20,Active,67090.87,2.7
AC00001633,CU00002932,BR006,Fixed Deposit,2022-07-22,Active,92335.37,7.1
AC00001634,CU00001995,BR013,Savings,2021-10-05,Dormant,16351.75,2.7
AC00001635,CU00001973,BR003,Savings,2025-03-22,Active,20579.08,2.7
AC00001636,CU00001599,BR021,Savings,2020-02-14,Active,14409.44,2.7
AC00001637,CU00000760,BR010,Salary,2020-09-02,Active,3937.16,2.5
AC00001638,CU00001251,BR008,Savings,2021-09-18,Active,11274.91,2.7
AC00001639,CU00002439,BR008,Fixed Deposit,2023-09-26,Active,245167.57,7.1
AC00001640,CU00004672,BR004,Savings,2020-03-21,Active,74124.4,2.7
AC00001641,CU00004796,BR019,Savings,2022-01-22,Active,23746.13,2.7
AC00001642,CU00004574,BR010,Salary,2018-09-17,Active,6481.16,2.5
AC00001643,CU00001094,BR019,Salary,2022-08-30,Active,15093.78,2.5
AC00001644,CU00002783,BR018,Savings,2021-06-16,Active,53358.2,2.7
AC00001645,CU00001222,BR002,Savings,2024-05-31,Active,37583.95,2.7
AC00001646,CU00000935,BR009,Savings,2024-08-27,Active,37502.87,2.7
AC00001647,CU00002620,BR018,Savings,2024-01-17,Active,9917.16,2.7
AC00001648,CU00000224,BR005,Current,2019-11-18,Active,6200.97,0.0
AC00001649,CU00004335,BR018,Savings,2024-04-09,Active,28830.63,2.7
AC00001650,CU00002928,BR015,Savings,2021-05-18,Closed,6216.42,2.7
AC00001651,CU00000953,BR016,Savings,2021-07-05,Active,40194.43,2.7
AC00001652,CU00004427,BR024,Salary,2018-09-10,Active,20134.91,2.5
AC00001653,CU00001439,BR021,Fixed Deposit,2024-08-03,Active,283988.7,7.1
AC00001654,CU00001089,BR014,Salary,2021-02-01,Active,10277.14,2.5
AC00001655,CU00002094,BR013,Current,2025-10-05,Active,55578.39,0.0
AC00001656,CU00004333,BR018,Fixed Deposit,2022-05-01,Active,758057.73,7.1
AC00001657,CU00002147,BR022,Salary,2024-12-25,Active,265477.16,2.5
AC00001658,CU00001460,BR024,Savings,2024-04-14,Active,15059.46,2.7
AC00001659,CU00003505,BR012,Current,2021-09-13,Active,16751.66,0.0
AC00001660,CU00002468,BR001,Savings,2023-03-16,Active,117014.76,2.7
AC00001661,CU00003309,BR012,Salary,2026-07-09,Active,20483.56,2.5
AC00001662,CU00000523,BR021,Savings,2026-01-12,Active,63048.16,2.7
AC00001663,CU00001494,BR011,Savings,2020-11-27,Active,72626.44,2.7
AC00001664,CU00000159,BR022,Savings,2019-03-13,Active,9222.68,2.7
AC00001665,CU00003089,BR007,Salary,2023-07-21,Closed,10647.83,2.5
AC00001666,CU00003732,BR024,Salary,2019-04-13,Active,2662.34,2.5
AC00001667,CU00003201,BR002,Salary,2019-03-14,Active,20692.22,2.5
AC00001668,CU00001598,BR009,Savings,2019-05-17,Closed,20097.38,2.7
AC00001669,CU00001592,BR010,Savings,2022-07-15,Active,26025.53,2.7
AC00001670,CU00003628,BR012,Savings,2022-10-15,Closed,23835.16,2.7
AC00001671,CU00003543,BR002,Fixed Deposit,2019-11-03,Active,129699.37,7.1
AC00001672,CU00000525,BR020,Salary,2025-07-28,Active,47116.82,2.5
AC00001673,CU00001682,BR017,Current,2020-01-28,Active,7824.44,0.0
AC00001674,CU00003373,BR003,Fixed Deposit,2019-11-12,Active,383967.09,7.1
AC00001675,CU00003913,BR009,Savings,2020-01-20,Active,23469.7,2.7
AC00001676,CU00001624,BR015,Fixed Deposit,2019-11-07,Closed,27834.44,7.1
AC00001677,CU00001632,BR015,Savings,2018-10-10,Active,19997.54,2.7
AC00001678,CU00001724,BR004,Savings,2026-02-12,Active,19740.45,2.7
AC00001679,CU00002234,BR004,Salary,2026-04-06,Active,111559.24,2.5
AC00001680,CU00003164,BR024,Current,2023-07-05,Active,214712.26,0.0
AC00001681,CU00004122,BR004,Savings,2020-11-02,Active,107563.36,2.7
AC00001682,CU00000961,BR006,Savings,2024-08-01,Active,57796.19,2.7
AC00001683,CU00001885,BR004,Savings,2024-09-28,Active,18405.2,2.7
AC00001684,CU00004972,BR023,Fixed Deposit,2019-03-10,Active,82496.14,7.1
AC00001685,CU00003969,BR023,Savings,2019-08-30,Active,15371.24,2.7
AC00001686,CU00001981,BR014,Savings,2024-08-15,Active,33352.89,2.7
AC00001687,CU00002158,BR014,Salary,2019-09-13,Active,80895.94,2.5
AC00001688,CU00004938,BR012,Savings,2019-05-28,Active,126670.49,2.7
AC00001689,CU00000207,BR019,Salary,2023-09-26,Closed,18685.19,2.5
AC00001690,CU00002750,BR016,Savings,2026-07-20,Active,16231.18,2.7
AC00001691,CU00002893,BR016,Savings,2023-10-13,Active,3937.62,2.7
AC00001692,CU00002707,BR017,Current,2022-05-09,Active,54795.83,0.0
AC00001693,CU00004893,BR012,Fixed Deposit,2021-02-08,Active,106754.74,7.1
AC00001694,CU00001080,BR022,Salary,2020-08-06,Active,116378.63,2.5
AC00001695,CU00001709,BR013,Salary,2024-09-02,Active,25183.62,2.5
AC00001696,CU00001753,BR023,Savings,2020-11-21,Active,93737.73,2.7
AC00001697,CU00001003,BR001,Savings,2019-06-28,Dormant,57826.03,2.7
AC00001698,CU00002639,BR015,Savings,2024-08-07,Active,22449.54,2.7
AC00001699,CU00003262,BR009,Savings,2021-07-23,Active,16060.48,2.7
AC00001700,CU00003702,BR002,Savings,2019-01-12,Active,9914.98,2.7
AC00001701,CU00000443,BR002,Salary,2026-05-27,Active,44586.85,2.5
AC00001702,CU00002577,BR015,Fixed Deposit,2021-10-11,Active,1116121.27,7.1
AC00001703,CU00004135,BR014,Savings,2022-12-16,Active,32539.8,2.7
AC00001704,CU00001662,BR007,Salary,2023-12-22,Active,35599.25,2.5
AC00001705,CU00002690,BR024,Salary,2024-07-06,Active,6115.1,2.5
AC00001706,CU00000361,BR002,Savings,2021-05-13,Active,7169.07,2.7
AC00001707,CU00004351,BR002,Salary,2023-04-22,Active,5961.6,2.5
AC00001708,CU00000787,BR012,Savings,2026-06-21,Active,8430.1,2.7
AC00001709,CU00004479,BR023,Fixed Deposit,2024-09-21,Active,609785.88,7.1
AC00001710,CU00002171,BR023,Savings,2021-01-24,Active,181555.45,2.7
AC00001711,CU00000502,BR015,Salary,2026-08-08,Active,85736.66,2.5
AC00001712,CU00003892,BR007,Current,2022-04-07,Active,39201.71,0.0
AC00001713,CU00000115,BR019,Current,2018-12-02,Active,10875.63,0.0
AC00001714,CU00001819,BR017,Savings,2018-08-25,Active,106475.05,2.7
AC00001715,CU00002410,BR021,Current,2023-09-09,Active,37420.6,0.0
AC00001716,CU00003526,BR002,Current,2023-07-05,Active,46529.1,0.0
AC00001717,CU00001964,BR020,Savings,2024-10-12,Active,45628.74,2.7
AC00001718,CU00001578,BR006,Salary,2025-04-17,Active,56398.73,2.5
AC00001719,CU00001568,BR017,Savings,2020-04-21,Active,4121.08,2.7
AC00001720,CU00004384,BR007,Savings,2019-01-27,Active,6780.44,2.7
AC00001721,CU00003519,BR007,Savings,2018-10-28,Active,6401.96,2.7
AC00001722,CU00002153,BR006,Savings,2019-02-11,Active,5104.06,2.7
AC00001723,CU00001468,BR007,Savings,2021-02-19,Active,55431.59,2.7
AC00001724,CU00000565,BR022,Current,2025-05-07,Active,5424.22,0.0
AC00001725,CU00003667,BR015,Salary,2025-09-07,Active,20176.22,2.5
AC00001726,CU00001731,BR018,Salary,2022-11-24,Active,6416.02,2.5
AC00001727,CU00001194,BR019,Savings,2024-11-14,Active,11941.1,2.7
AC00001728,CU00000608,BR020,Savings,2022-01-30,Active,13555.76,2.7
AC00001729,CU00000280,BR013,Salary,2024-07-13,Active,27211.33,2.5
AC00001730,CU00002799,BR005,Savings,2019-08-24,Active,82771.62,2.7
AC00001731,CU00002204,BR015,Current,2022-04-24,Active,31944.47,0.0
AC00001732,CU00001128,BR007,Salary,2025-01-22,Active,42797.17,2.5
AC00001733,CU00003421,BR016,Savings,2024-01-09,Closed,235093.26,2.7
AC00001734,CU00000679,BR021,Savings,2018-10-27,Active,36516.03,2.7
AC00001735,CU00003550,BR006,Current,2023-05-14,Active,38797.99,0.0
AC00001736,CU00001660,BR008,Salary,2019-01-23,Active,30490.72,2.5
AC00001737,CU00000080,BR023,Current,2023-06-16,Active,19331.71,0.0
AC00001738,CU00001584,BR003,Salary,2019-03-30,Active,73280.25,2.5
AC00001739,CU00002591,BR012,Current,2020-01-28,Dormant,17640.8,0.0
AC00001740,CU00003552,BR024,Savings,2024-02-11,Active,38930.85,2.7
AC00001741,CU00001378,BR021,Fixed Deposit,2020-11-24,Active,394607.92,7.1
AC00001742,CU00000535,BR007,Savings,2024-12-15,Active,65250.33,2.7
AC00001743,CU00001091,BR022,Fixed Deposit,2022-12-09,Active,308068.44,7.1
AC00001744,CU00002169,BR013,Current,2020-09-10,Active,5622.57,0.0
AC00001745,CU00003216,BR010,Fixed Deposit,2020-06-02,Active,185690.4,7.1
AC00001746,CU00001259,BR011,Savings,2022-11-07,Active,80491.83,2.7
AC00001747,CU00000403,BR022,Savings,2024-04-02,Active,52346.18,2.7
AC00001748,CU00004195,BR001,Savings,2025-12-19,Active,104100.47,2.7
AC00001749,CU00003328,BR024,Savings,2019-04-01,Active,188699.73,2.7
AC00001750,CU00003729,BR022,Savings,2019-11-29,Active,14755.37,2.7
AC00001751,CU00001529,BR016,Savings,2021-07-20,Closed,4370.62,2.7
AC00001752,CU00004572,BR004,Savings,2020-10-19,Active,9515.91,2.7
AC00001753,CU00001559,BR015,Savings,2023-10-01,Active,57597.52,2.7
AC00001754,CU00003917,BR010,Savings,2024-03-06,Active,15449.06,2.7
AC00001755,CU00001433,BR009,Salary,2019-03-21,Active,256385.75,2.5
AC00001756,CU00003314,BR022,Current,2018-06-20,Active,256799.37,0.0
AC00001757,CU00004664,BR010,Fixed Deposit,2022-02-18,Active,76738.88,7.1
AC00001758,CU00003864,BR004,Savings,2024-02-05,Active,9969.6,2.7
AC00001759,CU00001038,BR015,Savings,2024-07-17,Active,52317.15,2.7
AC00001760,CU00003129,BR009,Current,2023-09-20,Active,8264.64,0.0
AC00001761,CU00004699,BR016,Savings,2023-06-06,Closed,22035.98,2.7
AC00001762,CU00002933,BR011,Savings,2021-03-10,Active,14774.44,2.7
AC00001763,CU00003539,BR022,Fixed Deposit,2019-11-23,Active,228861.42,7.1
AC00001764,CU00000144,BR024,Fixed Deposit,2024-02-03,Active,200090.7,7.1
AC00001765,CU00003694,BR013,Savings,2024-05-09,Active,296494.18,2.7
AC00001766,CU00001655,BR021,Savings,2020-11-08,Active,20303.34,2.7
AC00001767,CU00002991,BR016,Savings,2020-07-30,Active,159629.82,2.7
AC00001768,CU00001403,BR021,Current,2018-10-15,Active,31898.26,0.0
AC00001769,CU00001107,BR014,Salary,2023-10-30,Active,22542.66,2.5
AC00001770,CU00000897,BR016,Current,2019-09-20,Active,63815.66,0.0
AC00001771,CU00001990,BR012,Current,2026-08-05,Active,117750.0,0.0
AC00001772,CU00001159,BR014,Savings,2025-09-25,Active,37361.13,2.7
AC00001773,CU00000682,BR020,Salary,2025-12-16,Active,53079.19,2.5
AC00001774,CU00000153,BR019,Savings,2020-12-20,Active,68209.23,2.7
AC00001775,CU00000674,BR003,Savings,2018-07-03,Active,129694.11,2.7
AC00001776,CU00001507,BR008,Savings,2019-05-30,Active,13149.76,2.7
AC00001777,CU00003136,BR020,Savings,2025-08-11,Active,12418.42,2.7
AC00001778,CU00001491,BR013,Savings,2018-11-07,Active,19119.71,2.7
AC00001779,CU00004098,BR006,Salary,2020-01-16,Active,118679.2,2.5
AC00001780,CU00004509,BR006,Savings,2024-12-09,Active,20325.36,2.7
AC00001781,CU00004978,BR003,Savings,2020-02-09,Active,16004.6,2.7
AC00001782,CU00001878,BR013,Fixed Deposit,2023-06-25,Active,752220.78,7.1
AC00001783,CU00002176,BR020,Salary,2020-02-25,Active,2557.52,2.5
AC00001784,CU00000442,BR016,Savings,2022-05-01,Active,35020.38,2.7
AC00001785,CU00001790,BR005,Savings,2021-04-13,Active,5012.19,2.7
AC00001786,CU00000672,BR017,Fixed Deposit,2018-09-10,Active,104608.55,7.1
AC00001787,CU00003869,BR004,Salary,2025-05-17,Active,12677.39,2.5
AC00001788,CU00003255,BR018,Salary,2020-06-19,Active,14108.84,2.5
AC00001789,CU00002663,BR004,Savings,2026-06-05,Active,52059.81,2.7
AC00001790,CU00004350,BR010,Savings,2024-02-12,Active,290439.03,2.7
AC00001791,CU00003421,BR010,Savings,2019-12-21,Active,17704.87,2.7
AC00001792,CU00002667,BR011,Savings,2019-12-03,Active,32581.52,2.7
AC00001793,CU00001555,BR018,Savings,2021-12-04,Dormant,45695.05,2.7
AC00001794,CU00002372,BR015,Savings,2023-08-25,Active,42719.74,2.7
AC00001795,CU00004106,BR013,Savings,2022-10-22,Active,9550.98,2.7
AC00001796,CU00003766,BR017,Current,2025-04-22,Active,288119.2,0.0
AC00001797,CU00000588,BR011,Current,2022-10-03,Active,22181.21,0.0
AC00001798,CU00002175,BR008,Savings,2026-05-11,Active,19900.33,2.7
AC00001799,CU00000896,BR002,Fixed Deposit,2021-11-18,Active,163790.85,7.1
AC00001800,CU00002298,BR016,Savings,2020-03-29,Active,11712.27,2.7
AC00001801,CU00003508,BR009,Savings,2020-04-21,Active,42721.85,2.7
AC00001802,CU00000258,BR010,Savings,2021-12-03,Dormant,41005.49,2.7
AC00001803,CU00000176,BR009,Savings,2019-12-05,Active,9417.75,2.7
AC00001804,CU00004882,BR002,Savings,2022-08-27,Active,7816.9,2.7
AC00001805,CU00003525,BR013,Salary,2022-05-26,Active,28857.03,2.5
AC00001806,CU00003021,BR009,Salary,2024-04-13,Active,28416.19,2.5
AC00001807,CU00000928,BR009,Fixed Deposit,2019-12-23,Active,83835.68,7.1
AC00001808,CU00004634,BR010,Savings,2026-01-04,Active,15614.46,2.7
AC00001809,CU00000103,BR005,Savings,2021-02-28,Active,77922.46,2.7
AC00001810,CU00003613,BR005,Salary,2018-09-06,Active,23068.24,2.5
AC00001811,CU00003040,BR022,Savings,2024-11-14,Active,21122.99,2.7
AC00001812,CU00004229,BR007,Salary,2019-12-14,Active,26155.26,2.5
AC00001813,CU00004859,BR015,Salary,2023-01-15,Active,4523.31,2.5
AC00001814,CU00003437,BR006,Savings,2025-11-23,Active,19733.97,2.7
AC00001815,CU00004887,BR023,Savings,2024-02-18,Active,141534.56,2.7
AC00001816,CU00003237,BR017,Current,2025-05-28,Active,219053.02,0.0
AC00001817,CU00000861,BR004,Salary,2021-10-19,Active,182408.46,2.5
AC00001818,CU00002717,BR002,Salary,2021-01-15,Active,29754.17,2.5
AC00001819,CU00003914,BR010,Fixed Deposit,2018-07-07,Active,631863.07,7.1
AC00001820,CU00002505,BR017,Savings,2021-11-07,Active,33624.67,2.7
AC00001821,CU00000285,BR016,Savings,2020-01-05,Active,4041.63,2.7
AC00001822,CU00002760,BR021,Salary,2020-10-01,Active,50717.44,2.5
AC00001823,CU00000594,BR002,Savings,2021-09-02,Active,13244.58,2.7
AC00001824,CU00000861,BR023,Savings,2024-03-21,Active,4451.29,2.7
AC00001825,CU00004154,BR013,Savings,2026-05-07,Active,40817.02,2.7
AC00001826,CU00001268,BR017,Fixed Deposit,2022-09-29,Active,217402.45,7.1
AC00001827,CU00003490,BR008,Salary,2020-10-17,Active,88026.42,2.5
AC00001828,CU00001880,BR002,Salary,2023-05-27,Active,53798.6,2.5
AC00001829,CU00003082,BR007,Current,2024-11-24,Active,60041.22,0.0
AC00001830,CU00003907,BR007,Savings,2020-08-22,Active,3773.78,2.7
AC00001831,CU00002141,BR007,Savings,2019-05-23,Active,17633.45,2.7
AC00001832,CU00003775,BR011,Salary,2022-12-08,Active,63938.09,2.5
AC00001833,CU00000438,BR008,Savings,2023-09-11,Active,14511.32,2.7
AC00001834,CU00004880,BR024,Fixed Deposit,2021-08-30,Active,506592.55,7.1
AC00001835,CU00003169,BR002,Current,2025-04-07,Active,13346.22,0.0
AC00001836,CU00001804,BR018,Fixed Deposit,2021-03-28,Active,231080.39,7.1
AC00001837,CU00000523,BR013,Current,2024-04-13,Active,2843.39,0.0
AC00001838,CU00000195,BR004,Current,2026-06-26,Active,39808.18,0.0
AC00001839,CU00000474,BR019,Savings,2020-01-19,Active,30258.56,2.7
AC00001840,CU00002080,BR008,Current,2018-08-24,Active,35541.94,0.0
AC00001841,CU00001348,BR014,Fixed Deposit,2025-04-23,Active,231922.42,7.1
AC00001842,CU00003822,BR008,Salary,2019-08-01,Active,15675.17,2.5
AC00001843,CU00003661,BR006,Savings,2026-06-27,Active,23141.73,2.7
AC00001844,CU00004271,BR015,Savings,2025-04-14,Active,133703.35,2.7
AC00001845,CU00001753,BR008,Savings,2024-09-23,Active,63298.7,2.7
AC00001846,CU00004845,BR007,Savings,2022-02-11,Active,30059.45,2.7
AC00001847,CU00001476,BR011,Salary,2019-02-16,Active,57557.41,2.5
AC00001848,CU00002697,BR022,Savings,2025-02-24,Active,97738.22,2.7
AC00001849,CU00002814,BR009,Savings,2018-12-30,Active,4612.5,2.7
AC00001850,CU00000510,BR010,Savings,2020-07-25,Active,18184.86,2.7
AC00001851,CU00001177,BR022,Salary,2024-07-15,Active,97078.94,2.5
AC00001852,CU00003224,BR013,Savings,2023-11-05,Active,111657.28,2.7
AC00001853,CU00001216,BR015,Savings,2022-06-25,Active,11579.23,2.7
AC00001854,CU00004471,BR017,Savings,2022-01-15,Active,37869.04,2.7
AC00001855,CU00002549,BR006,Savings,2018-12-30,Dormant,26822.07,2.7
AC00001856,CU00004729,BR006,Salary,2023-12-16,Active,8665.07,2.5
AC00001857,CU00000809,BR015,Fixed Deposit,2020-11-20,Active,97890.95,7.1
AC00001858,CU00002900,BR010,Fixed Deposit,2019-05-02,Active,98884.95,7.1
AC00001859,CU00000369,BR008,Salary,2026-02-14,Active,19689.4,2.5
AC00001860,CU00003917,BR012,Salary,2023-02-16,Active,94487.48,2.5
AC00001861,CU00003067,BR010,Salary,2026-03-22,Active,47150.35,2.5
AC00001862,CU00001722,BR012,Savings,2025-06-14,Active,17903.85,2.7
AC00001863,CU00001311,BR006,Savings,2019-07-21,Active,6813.46,2.7
AC00001864,CU00001792,BR003,Savings,2023-02-19,Active,17320.31,2.7
AC00001865,CU00001662,BR011,Savings,2018-07-27,Active,55348.62,2.7
AC00001866,CU00001242,BR015,Savings,2025-08-11,Active,13874.04,2.7
AC00001867,CU00003776,BR012,Salary,2023-12-30,Active,71401.98,2.5
AC00001868,CU00003725,BR024,Current,2019-10-13,Active,27603.51,0.0
AC00001869,CU00004554,BR011,Savings,2020-12-16,Active,10364.42,2.7
AC00001870,CU00000184,BR013,Current,2018-10-11,Dormant,123163.75,0.0
AC00001871,CU00001982,BR021,Current,2020-03-18,Active,9252.23,0.0
AC00001872,CU00002027,BR010,Savings,2020-06-07,Dormant,33996.64,2.7
AC00001873,CU00002863,BR008,Savings,2022-09-18,Dormant,51501.03,2.7
AC00001874,CU00001909,BR019,Savings,2020-05-02,Active,62969.31,2.7
AC00001875,CU00003583,BR014,Salary,2022-02-07,Active,167244.57,2.5
AC00001876,CU00003813,BR008,Fixed Deposit,2019-05-12,Dormant,60054.82,7.1
AC00001877,CU00002451,BR013,Current,2023-07-13,Closed,25015.56,0.0
AC00001878,CU00002124,BR017,Salary,2020-10-22,Active,673568.12,2.5
AC00001879,CU00001525,BR015,Salary,2021-11-19,Active,188801.65,2.5
AC00001880,CU00000237,BR002,Savings,2022-06-15,Active,37693.85,2.7
AC00001881,CU00001720,BR011,Savings,2019-05-13,Active,223009.59,2.7
AC00001882,CU00003178,BR010,Current,2019-06-18,Active,71308.87,0.0
AC00001883,CU00002208,BR015,Salary,2021-02-19,Active,17160.48,2.5
AC00001884,CU00001434,BR003,Current,2022-07-13,Active,6015.9,0.0
AC00001885,CU00000953,BR024,Current,2020-03-08,Active,9918.69,0.0
AC00001886,CU00002597,BR016,Savings,2025-10-08,Active,6047.19,2.7
AC00001887,CU00002159,BR018,Savings,2021-11-19,Active,24766.9,2.7
AC00001888,CU00000902,BR012,Savings,2023-05-15,Dormant,8966.93,2.7
AC00001889,CU00003369,BR009,Fixed Deposit,2026-03-24,Active,29391.05,7.1
AC00001890,CU00002690,BR013,Current,2021-02-08,Active,109402.19,0.0
AC00001891,CU00004600,BR008,Fixed Deposit,2020-05-09,Active,287853.62,7.1
AC00001892,CU00002373,BR023,Current,2024-04-04,Active,13403.2,0.0
AC00001893,CU00001540,BR008,Salary,2026-01-29,Active,32440.56,2.5
AC00001894,CU00001852,BR018,Savings,2025-08-12,Active,6726.33,2.7
AC00001895,CU00002778,BR001,Savings,2025-07-04,Active,1790.87,2.7
AC00001896,CU00003447,BR023,Savings,2022-01-11,Dormant,48313.32,2.7
AC00001897,CU00003408,BR003,Salary,2025-06-25,Active,12677.28,2.5
AC00001898,CU00000285,BR010,Salary,2022-07-09,Active,18091.47,2.5
AC00001899,CU00000413,BR010,Savings,2018-09-14,Active,28420.8,2.7
AC00001900,CU00004676,BR007,Current,2023-06-22,Active,327821.16,0.0
AC00001901,CU00001381,BR022,Salary,2022-09-11,Active,8170.33,2.5
AC00001902,CU00003292,BR014,Savings,2025-09-15,Active,15581.4,2.7
AC00001903,CU00002675,BR018,Savings,2025-06-06,Active,28958.66,2.7
AC00001904,CU00001732,BR021,Salary,2026-05-03,Active,18119.47,2.5
AC00001905,CU00003228,BR019,Savings,2023-07-02,Active,71740.3,2.7
AC00001906,CU00001684,BR019,Salary,2022-01-25,Active,58549.89,2.5
AC00001907,CU00004192,BR015,Salary,2024-05-11,Active,230737.05,2.5
AC00001908,CU00000197,BR002,Savings,2025-04-24,Active,40567.36,2.7
AC00001909,CU00001970,BR008,Savings,2024-11-25,Active,21602.98,2.7
AC00001910,CU00001416,BR005,Salary,2018-10-05,Closed,25914.21,2.5
AC00001911,CU00003873,BR022,Salary,2026-06-07,Active,68197.24,2.5
AC00001912,CU00001879,BR010,Savings,2025-03-19,Active,31157.24,2.7
AC00001913,CU00003855,BR013,Savings,2021-11-09,Active,27137.11,2.7
AC00001914,CU00001912,BR016,Current,2021-01-20,Active,52862.38,0.0
AC00001915,CU00001656,BR001,Savings,2023-02-09,Active,10395.14,2.7
AC00001916,CU00003679,BR024,Salary,2021-02-11,Active,6300.18,2.5
AC00001917,CU00000791,BR024,Savings,2021-11-26,Active,68346.3,2.7
AC00001918,CU00003491,BR012,Savings,2023-03-17,Active,2696.8,2.7
AC00001919,CU00003621,BR011,Savings,2024-07-01,Active,4678.0,2.7
AC00001920,CU00001041,BR023,Savings,2025-04-22,Active,54441.78,2.7
AC00001921,CU00003291,BR004,Salary,2020-03-31,Active,3942.57,2.5
AC00001922,CU00004256,BR012,Savings,2023-12-10,Active,3633.6,2.7
AC00001923,CU00004980,BR022,Savings,2022-10-11,Active,119104.76,2.7
AC00001924,CU00004515,BR005,Fixed Deposit,2026-06-12,Active,370639.54,7.1
AC00001925,CU00001635,BR009,Savings,2026-01-12,Closed,9246.02,2.7
AC00001926,CU00000744,BR012,Savings,2025-07-17,Active,24367.99,2.7
AC00001927,CU00002273,BR024,Current,2023-09-01,Active,899.73,0.0
AC00001928,CU00000352,BR012,Fixed Deposit,2025-04-07,Active,234272.56,7.1
AC00001929,CU00004555,BR012,Current,2018-10-23,Active,3081.66,0.0
AC00001930,CU00001026,BR018,Savings,2022-11-27,Active,7918.84,2.7
AC00001931,CU00002667,BR013,Salary,2019-06-07,Active,6640.19,2.5
AC00001932,CU00000926,BR019,Savings,2020-09-08,Active,10228.98,2.7
AC00001933,CU00002832,BR001,Salary,2021-04-11,Active,7958.28,2.5
AC00001934,CU00002007,BR014,Fixed Deposit,2023-09-08,Active,621208.8,7.1
AC00001935,CU00004025,BR019,Current,2021-08-27,Active,306876.7,0.0
AC00001936,CU00000026,BR019,Salary,2026-03-02,Active,32198.22,2.5
AC00001937,CU00004909,BR012,Current,2025-03-03,Active,10019.03,0.0
AC00001938,CU00002985,BR016,Savings,2025-10-17,Dormant,30767.97,2.7
AC00001939,CU00003137,BR015,Current,2023-10-18,Active,19299.08,0.0
AC00001940,CU00002296,BR016,Salary,2022-02-11,Active,16847.43,2.5
AC00001941,CU00002438,BR023,Fixed Deposit,2023-11-22,Active,755029.3,7.1
AC00001942,CU00003185,BR006,Savings,2021-09-20,Active,16911.59,2.7
AC00001943,CU00000828,BR004,Fixed Deposit,2021-10-15,Active,158077.89,7.1
AC00001944,CU00004500,BR012,Salary,2019-12-05,Active,45044.17,2.5
AC00001945,CU00004074,BR020,Savings,2024-10-22,Active,13601.77,2.7
AC00001946,CU00002528,BR010,Savings,2020-05-10,Active,12052.62,2.7
AC00001947,CU00001790,BR022,Savings,2021-06-29,Active,41770.53,2.7
AC00001948,CU00002330,BR017,Fixed Deposit,2025-12-01,Active,148933.13,7.1
AC00001949,CU00002896,BR005,Salary,2018-08-02,Active,22038.79,2.5
AC00001950,CU00003723,BR005,Savings,2020-07-26,Active,118146.84,2.7
AC00001951,CU00002259,BR013,Salary,2021-11-28,Active,9482.36,2.5
AC00001952,CU00002029,BR014,Savings,2023-07-07,Active,75301.83,2.7
AC00001953,CU00000725,BR009,Savings,2021-02-02,Active,9083.76,2.7
AC00001954,CU00002611,BR018,Savings,2020-11-30,Active,15788.59,2.7
AC00001955,CU00000140,BR022,Savings,2024-12-02,Active,23850.06,2.7
AC00001956,CU00001337,BR001,Salary,2024-04-04,Active,10186.34,2.5
AC00001957,CU00004786,BR004,Savings,2025-07-28,Active,41991.61,2.7
AC00001958,CU00000990,BR017,Savings,2025-07-16,Active,8268.03,2.7
AC00001959,CU00000702,BR012,Savings,2018-11-11,Active,53494.05,2.7
AC00001960,CU00003038,BR012,Savings,2018-06-30,Active,12220.06,2.7
AC00001961,CU00001989,BR009,Savings,2021-08-02,Closed,43021.55,2.7
AC00001962,CU00001359,BR018,Savings,2025-03-16,Active,73442.35,2.7
AC00001963,CU00003421,BR013,Salary,2020-04-20,Active,132619.33,2.5
AC00001964,CU00002671,BR009,Savings,2023-02-17,Active,27947.67,2.7
AC00001965,CU00004267,BR001,Savings,2022-03-18,Active,48246.22,2.7
AC00001966,CU00002572,BR009,Salary,2020-05-05,Active,110840.5,2.5
AC00001967,CU00000776,BR006,Savings,2021-05-16,Active,37517.06,2.7
AC00001968,CU00002697,BR005,Current,2021-12-01,Active,7128.4,0.0
AC00001969,CU00004553,BR004,Savings,2025-08-28,Active,120739.9,2.7
AC00001970,CU00001936,BR012,Savings,2021-05-19,Active,43795.24,2.7
AC00001971,CU00001448,BR004,Savings,2021-01-21,Dormant,72296.92,2.7
AC00001972,CU00004227,BR008,Savings,2023-08-01,Active,87055.17,2.7
AC00001973,CU00001584,BR005,Current,2019-05-17,Active,24982.01,0.0
AC00001974,CU00003367,BR003,Savings,2022-03-17,Active,1101.23,2.7
AC00001975,CU00002179,BR014,Savings,2026-06-17,Active,10524.53,2.7
AC00001976,CU00002496,BR001,Savings,2026-01-08,Active,63646.72,2.7
AC00001977,CU00000087,BR019,Savings,2024-06-22,Dormant,20388.39,2.7
AC00001978,CU00002418,BR005,Salary,2021-10-27,Active,7967.99,2.5
AC00001979,CU00004489,BR014,Fixed Deposit,2021-11-17,Active,121497.85,7.1
AC00001980,CU00004996,BR022,Savings,2020-12-31,Closed,86901.77,2.7
AC00001981,CU00004217,BR016,Savings,2026-08-02,Dormant,26704.17,2.7
AC00001982,CU00003387,BR015,Salary,2020-02-07,Active,26260.94,2.5
AC00001983,CU00002564,BR003,Salary,2019-09-14,Active,4844.18,2.5
AC00001984,CU00000835,BR006,Current,2018-06-18,Active,60049.6,0.0
AC00001985,CU00002625,BR007,Salary,2024-03-23,Active,78751.45,2.5
AC00001986,CU00000964,BR015,Current,2019-10-10,Active,10276.71,0.0
AC00001987,CU00002279,BR008,Savings,2023-03-27,Active,56325.17,2.7
AC00001988,CU00000593,BR020,Savings,2019-11-30,Active,37563.54,2.7
AC00001989,CU00004152,BR011,Salary,2023-02-21,Closed,38750.04,2.5
AC00001990,CU00003774,BR005,Current,2019-08-21,Active,6079.97,0.0
AC00001991,CU00003513,BR021,Salary,2021-09-20,Active,2808.06,2.5
AC00001992,CU00002151,BR017,Fixed Deposit,2024-03-16,Dormant,506448.89,7.1
AC00001993,CU00004311,BR017,Fixed Deposit,2025-06-11,Closed,36497.6,7.1
AC00001994,CU00002714,BR020,Salary,2023-02-20,Active,10493.5,2.5
AC00001995,CU00004819,BR021,Savings,2020-01-06,Active,19752.38,2.7
AC00001996,CU00000905,BR002,Current,2023-07-06,Active,32809.21,0.0
AC00001997,CU00001776,BR001,Savings,2025-11-01,Active,65203.03,2.7
AC00001998,CU00004182,BR021,Savings,2020-05-19,Active,53970.73,2.7
AC00001999,CU00004386,BR004,Savings,2023-10-01,Active,20330.89,2.7
AC00002000,CU00003671,BR014,Savings,2022-08-24,Active,311583.47,2.7
AC00002001,CU00003365,BR009,Savings,2022-02-21,Active,635721.58,2.7
AC00002002,CU00001816,BR012,Savings,2019-09-09,Active,33172.16,2.7
AC00002003,CU00004933,BR016,Savings,2019-03-04,Active,123853.42,2.7
AC00002004,CU00003564,BR023,Salary,2021-11-27,Active,64552.47,2.5
AC00002005,CU00000625,BR008,Fixed Deposit,2025-04-27,Active,280987.65,7.1
AC00002006,CU00000793,BR009,Salary,2024-07-30,Active,2729.4,2.5
AC00002007,CU00002841,BR015,Fixed Deposit,2021-05-25,Active,104881.55,7.1
AC00002008,CU00003029,BR001,Savings,2022-05-25,Active,33532.86,2.7
AC00002009,CU00004937,BR005,Savings,2024-01-29,Active,48211.67,2.7
AC00002010,CU00000964,BR021,Current,2018-11-05,Active,48420.81,0.0
AC00002011,CU00003373,BR019,Savings,2022-02-23,Active,19206.6,2.7
AC00002012,CU00004179,BR019,Savings,2018-08-19,Active,58344.75,2.7
AC00002013,CU00001670,BR005,Fixed Deposit,2024-11-12,Active,105920.67,7.1
AC00002014,CU00003558,BR017,Savings,2026-01-07,Active,24944.16,2.7
AC00002015,CU00000181,BR013,Savings,2018-09-08,Dormant,57540.21,2.7
AC00002016,CU00003565,BR012,Savings,2021-03-08,Active,156390.03,2.7
AC00002017,CU00000422,BR015,Current,2023-06-26,Active,41753.28,0.0
AC00002018,CU00000489,BR010,Savings,2019-10-09,Active,53372.07,2.7
AC00002019,CU00003656,BR019,Current,2020-12-30,Active,57069.14,0.0
AC00002020,CU00002776,BR009,Salary,2021-01-15,Active,11221.7,2.5
AC00002021,CU00002541,BR002,Savings,2025-02-15,Active,569162.3,2.7
AC00002022,CU00000298,BR022,Salary,2021-04-30,Active,196725.64,2.5
AC00002023,CU00004224,BR008,Salary,2019-05-02,Active,11994.51,2.5
AC00002024,CU00002094,BR020,Salary,2024-10-06,Dormant,48538.61,2.5
AC00002025,CU00004674,BR002,Salary,2025-07-29,Active,23767.06,2.5
AC00002026,CU00000030,BR014,Savings,2026-06-18,Active,164465.0,2.7
AC00002027,CU00002713,BR009,Savings,2019-02-16,Active,51699.8,2.7
AC00002028,CU00001146,BR005,Current,2020-04-30,Active,12809.35,0.0
AC00002029,CU00001615,BR012,Savings,2021-09-07,Active,9227.77,2.7
AC00002030,CU00000287,BR021,Salary,2023-09-04,Active,63811.43,2.5
AC00002031,CU00002417,BR001,Current,2020-09-16,Dormant,63101.98,0.0
AC00002032,CU00003787,BR019,Current,2020-10-23,Active,209118.07,0.0
AC00002033,CU00000077,BR005,Fixed Deposit,2025-10-28,Active,263223.82,7.1
AC00002034,CU00000294,BR009,Fixed Deposit,2024-08-19,Active,118957.51,7.1
AC00002035,CU00002564,BR008,Salary,2020-01-23,Active,40277.12,2.5
AC00002036,CU00003382,BR005,Savings,2022-08-04,Active,83862.43,2.7
AC00002037,CU00002692,BR011,Savings,2025-05-23,Active,16540.78,2.7
AC00002038,CU00000640,BR003,Salary,2020-05-02,Active,9087.09,2.5
AC00002039,CU00004284,BR010,Current,2023-02-07,Active,14423.02,0.0
AC00002040,CU00001656,BR019,Salary,2026-03-06,Active,17451.74,2.5
AC00002041,CU00004858,BR003,Salary,2018-07-09,Active,6277.91,2.5
AC00002042,CU00003064,BR005,Salary,2023-09-06,Active,298887.94,2.5
AC00002043,CU00001748,BR014,Salary,2024-02-07,Active,6864.03,2.5
AC00002044,CU00000954,BR003,Salary,2018-08-27,Active,22923.69,2.5
AC00002045,CU00000284,BR021,Savings,2022-02-04,Active,79212.03,2.7
AC00002046,CU00002156,BR020,Savings,2024-04-27,Active,13896.58,2.7
AC00002047,CU00003152,BR001,Current,2020-06-30,Active,28787.44,0.0
AC00002048,CU00004493,BR024,Savings,2023-05-18,Active,314645.97,2.7
AC00002049,CU00004198,BR018,Current,2025-03-13,Active,173996.43,0.0
AC00002050,CU00004163,BR024,Savings,2021-04-29,Dormant,73699.58,2.7
AC00002051,CU00000289,BR017,Salary,2023-12-27,Active,23062.82,2.5
AC00002052,CU00002483,BR012,Salary,2025-03-18,Active,25976.87,2.5
AC00002053,CU00001145,BR012,Current,2019-05-17,Active,8701.17,0.0
AC00002054,CU00002380,BR016,Salary,2024-06-27,Active,96763.11,2.5
AC00002055,CU00002943,BR012,Current,2021-05-25,Active,17817.44,0.0
AC00002056,CU00002498,BR001,Salary,2021-11-17,Active,62579.75,2.5
AC00002057,CU00001659,BR018,Salary,2019-06-25,Active,33126.79,2.5
AC00002058,CU00002635,BR008,Current,2024-10-07,Active,36368.65,0.0
AC00002059,CU00004798,BR019,Savings,2018-06-22,Active,119836.16,2.7
AC00002060,CU00002457,BR014,Fixed Deposit,2021-09-27,Active,118136.96,7.1
AC00002061,CU00002630,BR018,Current,2020-10-21,Active,125041.7,0.0
AC00002062,CU00000631,BR014,Savings,2025-08-01,Active,31082.68,2.7
AC00002063,CU00000444,BR004,Savings,2025-04-12,Active,66486.97,2.7
AC00002064,CU00000122,BR001,Fixed Deposit,2019-01-30,Active,47373.32,7.1
AC00002065,CU00004910,BR023,Savings,2021-06-03,Active,101888.84,2.7
AC00002066,CU00004759,BR009,Savings,2022-03-03,Active,73329.58,2.7
AC00002067,CU00001435,BR010,Salary,2026-01-24,Active,14261.21,2.5
AC00002068,CU00004793,BR009,Savings,2020-10-06,Active,106913.32,2.7
AC00002069,CU00001383,BR001,Salary,2024-10-25,Active,50526.06,2.5
AC00002070,CU00004558,BR002,Current,2018-07-30,Active,30342.92,0.0
AC00002071,CU00002640,BR006,Salary,2025-04-05,Active,58902.52,2.5
AC00002072,CU00004403,BR021,Current,2020-05-23,Dormant,31814.56,0.0
AC00002073,CU00000906,BR014,Savings,2026-04-25,Active,10449.93,2.7
AC00002074,CU00004459,BR009,Current,2026-07-15,Active,5714.1,0.0
AC00002075,CU00001983,BR014,Salary,2024-10-24,Dormant,99913.13,2.5
AC00002076,CU00004042,BR002,Current,2023-11-07,Active,116574.6,0.0
AC00002077,CU00004090,BR021,Fixed Deposit,2018-12-26,Active,184429.25,7.1
AC00002078,CU00000726,BR019,Salary,2021-12-05,Active,20685.35,2.5
AC00002079,CU00004435,BR005,Fixed Deposit,2019-09-22,Active,136500.19,7.1
AC00002080,CU00004543,BR001,Savings,2020-03-23,Active,11139.63,2.7
AC00002081,CU00000401,BR021,Savings,2021-11-21,Active,232839.04,2.7
AC00002082,CU00000791,BR001,Savings,2020-11-05,Active,11433.61,2.7
AC00002083,CU00000628,BR011,Salary,2026-07-30,Active,17775.58,2.5
AC00002084,CU00004927,BR022,Savings,2022-05-09,Active,59929.11,2.7
AC00002085,CU00000614,BR014,Savings,2026-06-12,Active,7725.24,2.7
AC00002086,CU00002463,BR015,Savings,2024-11-30,Dormant,18799.81,2.7
AC00002087,CU00002361,BR020,Salary,2019-10-11,Active,5550.76,2.5
AC00002088,CU00002795,BR019,Salary,2025-01-09,Active,4843.24,2.5
AC00002089,CU00002633,BR011,Savings,2020-08-13,Active,294739.57,2.7
AC00002090,CU00001962,BR004,Salary,2024-06-10,Active,1161167.26,2.5
AC00002091,CU00003131,BR013,Savings,2022-12-24,Active,8683.75,2.7
AC00002092,CU00000908,BR018,Salary,2023-04-23,Active,246385.58,2.5
AC00002093,CU00004350,BR004,Salary,2023-02-03,Active,184161.92,2.5
AC00002094,CU00004498,BR004,Fixed Deposit,2024-11-08,Active,194375.99,7.1
AC00002095,CU00003404,BR005,Current,2018-12-21,Active,216942.45,0.0
AC00002096,CU00002494,BR015,Salary,2022-05-27,Active,20506.29,2.5
AC00002097,CU00002188,BR014,Salary,2025-02-05,Closed,156293.05,2.5
AC00002098,CU00002376,BR024,Current,2018-09-23,Active,46498.46,0.0
AC00002099,CU00000969,BR017,Savings,2022-04-15,Active,12965.35,2.7
AC00002100,CU00003049,BR016,Fixed Deposit,2023-09-14,Active,55496.53,7.1
AC00002101,CU00003233,BR005,Salary,2023-01-19,Active,13191.53,2.5
AC00002102,CU00000637,BR016,Savings,2025-05-20,Active,20446.74,2.7
AC00002103,CU00002356,BR011,Salary,2021-09-19,Active,14136.83,2.5
AC00002104,CU00001972,BR018,Salary,2025-07-13,Active,13673.52,2.5
AC00002105,CU00004547,BR004,Savings,2021-01-02,Active,7317.51,2.7
AC00002106,CU00003807,BR014,Salary,2022-02-12,Active,25759.98,2.5
AC00002107,CU00001493,BR003,Salary,2023-09-16,Active,13931.4,2.5
AC00002108,CU00004531,BR018,Fixed Deposit,2019-12-08,Active,209913.91,7.1
AC00002109,CU00002653,BR021,Savings,2026-05-25,Active,19258.84,2.7
AC00002110,CU00003894,BR008,Fixed Deposit,2024-07-15,Active,527911.1,7.1
AC00002111,CU00002952,BR017,Salary,2020-03-12,Active,222911.02,2.5
AC00002112,CU00002356,BR010,Fixed Deposit,2023-03-08,Active,108080.06,7.1
AC00002113,CU00001141,BR003,Savings,2023-05-04,Active,54217.24,2.7
AC00002114,CU00002281,BR011,Current,2022-09-20,Active,9205.86,0.0
AC00002115,CU00003785,BR018,Current,2023-09-11,Active,9560.11,0.0
AC00002116,CU00004761,BR007,Savings,2019-05-12,Active,163539.32,2.7
AC00002117,CU00004838,BR006,Salary,2022-09-04,Dormant,15428.83,2.5
AC00002118,CU00000479,BR011,Salary,2023-05-07,Active,259842.13,2.5
AC00002119,CU00001438,BR006,Savings,2018-06-17,Active,109507.37,2.7
AC00002120,CU00004319,BR002,Fixed Deposit,2022-07-01,Active,243560.9,7.1
AC00002121,CU00000495,BR021,Salary,2018-06-16,Active,18990.65,2.5
AC00002122,CU00001943,BR022,Savings,2021-07-02,Active,26602.24,2.7
AC00002123,CU00002507,BR009,Current,2021-01-11,Active,31498.79,0.0
AC00002124,CU00000045,BR023,Savings,2023-09-05,Active,83805.97,2.7
AC00002125,CU00000392,BR018,Savings,2022-05-01,Active,26950.38,2.7
AC00002126,CU00000463,BR022,Savings,2019-11-23,Active,125410.02,2.7
AC00002127,CU00003384,BR020,Fixed Deposit,2022-02-15,Active,959307.43,7.1
AC00002128,CU00002078,BR001,Savings,2019-11-22,Active,23568.51,2.7
AC00002129,CU00004948,BR009,Salary,2023-05-10,Active,37390.04,2.5
AC00002130,CU00003928,BR009,Salary,2024-04-28,Active,5550.18,2.5
AC00002131,CU00001065,BR005,Savings,2024-08-05,Active,41206.13,2.7
AC00002132,CU00004467,BR017,Savings,2022-08-08,Active,25686.55,2.7
AC00002133,CU00000890,BR020,Salary,2021-07-04,Active,200499.54,2.5
AC00002134,CU00004941,BR001,Savings,2024-10-26,Active,7317.79,2.7
AC00002135,CU00000583,BR018,Salary,2019-03-31,Active,58936.08,2.5
AC00002136,CU00002250,BR007,Savings,2026-01-01,Active,12086.45,2.7
AC00002137,CU00004086,BR011,Savings,2024-12-24,Active,23550.25,2.7
AC00002138,CU00002339,BR003,Savings,2020-12-12,Active,19647.89,2.7
AC00002139,CU00002724,BR014,Savings,2025-01-19,Active,37525.71,2.7
AC00002140,CU00001440,BR024,Salary,2021-04-24,Active,7740.14,2.5
AC00002141,CU00003326,BR015,Savings,2019-10-14,Active,91473.24,2.7
AC00002142,CU00002879,BR006,Salary,2024-07-02,Active,69165.91,2.5
AC00002143,CU00003901,BR016,Current,2026-02-12,Active,41599.23,0.0
AC00002144,CU00002781,BR020,Salary,2026-03-29,Active,21354.41,2.5
AC00002145,CU00004555,BR004,Savings,2020-10-12,Active,16742.81,2.7
AC00002146,CU00001690,BR003,Current,2023-07-07,Active,12700.58,0.0
AC00002147,CU00001541,BR022,Current,2025-08-20,Active,16715.13,0.0
AC00002148,CU00001702,BR001,Savings,2019-03-07,Active,27029.81,2.7
AC00002149,CU00001082,BR006,Salary,2021-10-13,Active,4461.43,2.5
AC00002150,CU00001269,BR007,Savings,2021-06-29,Active,12219.45,2.7
AC00002151,CU00001041,BR012,Fixed Deposit,2026-07-21,Active,248348.67,7.1
AC00002152,CU00002618,BR021,Savings,2018-12-07,Active,15703.49,2.7
AC00002153,CU00003770,BR017,Savings,2025-06-11,Active,3101.93,2.7
AC00002154,CU00004825,BR021,Savings,2021-01-07,Active,159304.92,2.7
AC00002155,CU00003031,BR011,Salary,2026-04-26,Active,54969.36,2.5
AC00002156,CU00001546,BR013,Savings,2025-08-08,Active,7355.37,2.7
AC00002157,CU00001964,BR001,Current,2021-07-26,Active,43732.15,0.0
AC00002158,CU00004362,BR022,Savings,2018-11-02,Active,18971.33,2.7
AC00002159,CU00000243,BR009,Savings,2021-07-29,Active,36266.45,2.7
AC00002160,CU00004408,BR017,Savings,2024-02-20,Active,23646.76,2.7
AC00002161,CU00001497,BR019,Savings,2020-11-15,Active,24202.58,2.7
AC00002162,CU00002007,BR022,Current,2026-03-05,Active,6378.03,0.0
AC00002163,CU00001526,BR017,Salary,2024-10-05,Active,98944.36,2.5
AC00002164,CU00004589,BR021,Fixed Deposit,2024-09-14,Dormant,621924.92,7.1
AC00002165,CU00003277,BR019,Savings,2023-11-29,Active,119542.42,2.7
AC00002166,CU00000139,BR010,Savings,2024-10-16,Active,132551.51,2.7
AC00002167,CU00002011,BR015,Savings,2020-05-20,Active,1246.38,2.7
AC00002168,CU00001631,BR018,Salary,2025-07-28,Active,65250.79,2.5
AC00002169,CU00000569,BR013,Salary,2018-09-27,Active,42615.22,2.5
AC00002170,CU00000230,BR020,Salary,2021-05-26,Active,279262.09,2.5
AC00002171,CU00003588,BR007,Current,2019-04-11,Dormant,5154.42,0.0
AC00002172,CU00002000,BR019,Salary,2026-06-21,Active,86298.4,2.5
AC00002173,CU00003490,BR006,Savings,2026-04-26,Active,39276.24,2.7
AC00002174,CU00004238,BR005,Fixed Deposit,2024-07-01,Active,150104.62,7.1
AC00002175,CU00000286,BR009,Salary,2022-01-20,Active,9879.7,2.5
AC00002176,CU00002789,BR013,Savings,2021-11-05,Active,58130.11,2.7
AC00002177,CU00000014,BR002,Savings,2024-10-01,Active,8676.14,2.7
AC00002178,CU00000156,BR006,Salary,2022-02-12,Active,366530.79,2.5
AC00002179,CU00002919,BR021,Current,2021-11-06,Dormant,58057.0,0.0
AC00002180,CU00004481,BR004,Savings,2025-05-13,Active,18522.31,2.7
AC00002181,CU00003295,BR002,Savings,2018-12-21,Active,4192.81,2.7
AC00002182,CU00003315,BR010,Savings,2021-06-16,Active,28922.66,2.7
AC00002183,CU00000211,BR002,Savings,2022-11-14,Active,12572.32,2.7
AC00002184,CU00003374,BR020,Savings,2019-08-07,Active,27777.17,2.7
AC00002185,CU00001220,BR024,Fixed Deposit,2021-07-19,Active,180824.06,7.1
AC00002186,CU00000271,BR020,Savings,2025-07-16,Active,50920.72,2.7
AC00002187,CU00000664,BR002,Salary,2025-05-14,Active,87882.19,2.5
AC00002188,CU00003990,BR020,Savings,2024-05-06,Active,34864.39,2.7
AC00002189,CU00004161,BR012,Savings,2019-03-07,Active,31622.4,2.7
AC00002190,CU00000914,BR003,Savings,2021-08-06,Active,4866.01,2.7
AC00002191,CU00002800,BR004,Savings,2026-05-02,Active,13299.48,2.7
AC00002192,CU00002729,BR016,Fixed Deposit,2020-02-06,Active,72574.94,7.1
AC00002193,CU00003142,BR008,Salary,2025-09-21,Active,14416.13,2.5
AC00002194,CU00001931,BR007,Salary,2020-04-07,Closed,46792.17,2.5
AC00002195,CU00001802,BR017,Savings,2021-04-01,Active,16798.94,2.7
AC00002196,CU00001892,BR017,Savings,2023-06-25,Active,5524.87,2.7
AC00002197,CU00004218,BR013,Savings,2022-12-05,Active,15673.37,2.7
AC00002198,CU00004071,BR023,Savings,2020-06-16,Active,44731.06,2.7
AC00002199,CU00004166,BR007,Savings,2022-11-02,Active,18312.3,2.7
AC00002200,CU00003585,BR006,Salary,2020-05-30,Active,44727.93,2.5
AC00002201,CU00000547,BR015,Savings,2019-08-29,Active,27566.13,2.7
AC00002202,CU00001052,BR020,Savings,2025-06-29,Active,61221.74,2.7
AC00002203,CU00001167,BR022,Savings,2022-12-31,Active,82883.99,2.7
AC00002204,CU00000752,BR019,Fixed Deposit,2024-08-01,Active,247250.6,7.1
AC00002205,CU00004848,BR022,Savings,2020-01-10,Dormant,211374.79,2.7
AC00002206,CU00003668,BR012,Savings,2021-05-17,Active,55011.58,2.7
AC00002207,CU00003092,BR018,Fixed Deposit,2019-07-13,Closed,151220.35,7.1
AC00002208,CU00002184,BR011,Savings,2021-03-09,Closed,6048.94,2.7
AC00002209,CU00002965,BR021,Fixed Deposit,2020-12-16,Dormant,566641.32,7.1
AC00002210,CU00002391,BR018,Savings,2022-10-30,Active,16555.84,2.7
AC00002211,CU00002067,BR006,Salary,2025-06-14,Closed,31561.41,2.5
AC00002212,CU00001098,BR005,Fixed Deposit,2025-04-27,Active,87462.97,7.1
AC00002213,CU00002214,BR005,Savings,2021-05-10,Active,24942.38,2.7
AC00002214,CU00002196,BR006,Savings,2020-01-13,Active,6987.6,2.7
AC00002215,CU00004715,BR017,Salary,2020-08-16,Active,72872.53,2.5
AC00002216,CU00000207,BR023,Savings,2021-07-09,Active,9445.62,2.7
AC00002217,CU00004264,BR014,Salary,2024-05-17,Active,104461.71,2.5
AC00002218,CU00004890,BR018,Salary,2024-06-10,Active,56900.85,2.5
AC00002219,CU00003393,BR005,Savings,2018-10-16,Active,43709.1,2.7
AC00002220,CU00003163,BR007,Savings,2025-11-13,Active,15360.9,2.7
AC00002221,CU00004820,BR003,Savings,2019-03-23,Active,116077.13,2.7
AC00002222,CU00001227,BR019,Savings,2019-07-12,Active,13550.56,2.7
AC00002223,CU00001805,BR016,Salary,2018-07-23,Active,46415.3,2.5
AC00002224,CU00003396,BR023,Savings,2020-09-29,Dormant,77974.08,2.7
AC00002225,CU00001733,BR017,Current,2021-09-15,Active,4975.17,0.0
AC00002226,CU00002319,BR024,Savings,2023-11-04,Active,3837.54,2.7
AC00002227,CU00004358,BR010,Current,2026-07-18,Active,10488.54,0.0
AC00002228,CU00003937,BR012,Salary,2025-09-30,Active,3855.12,2.5
AC00002229,CU00002277,BR012,Fixed Deposit,2026-08-01,Active,900662.81,7.1
AC00002230,CU00002527,BR018,Salary,2019-08-07,Active,61477.21,2.5
AC00002231,CU00001560,BR005,Salary,2021-04-11,Active,33563.06,2.5
AC00002232,CU00002142,BR017,Savings,2021-04-15,Active,13128.37,2.7
AC00002233,CU00000289,BR020,Salary,2020-03-30,Active,405230.23,2.5
AC00002234,CU00000854,BR003,Savings,2023-08-09,Active,15851.53,2.7
AC00002235,CU00001053,BR020,Savings,2023-12-30,Active,107745.93,2.7
AC00002236,CU00004221,BR003,Current,2018-07-20,Active,109378.83,0.0
AC00002237,CU00002069,BR024,Savings,2019-11-27,Active,79423.94,2.7
AC00002238,CU00003459,BR003,Salary,2023-11-11,Active,112470.8,2.5
AC00002239,CU00002609,BR006,Salary,2020-10-25,Active,33098.3,2.5
AC00002240,CU00004813,BR018,Fixed Deposit,2025-08-05,Active,353052.68,7.1
AC00002241,CU00004007,BR004,Salary,2022-10-20,Active,47149.89,2.5
AC00002242,CU00003970,BR003,Savings,2023-03-08,Active,23714.94,2.7
AC00002243,CU00001991,BR007,Savings,2025-08-22,Active,16369.02,2.7
AC00002244,CU00001565,BR019,Current,2022-03-23,Active,1213.57,0.0
AC00002245,CU00001769,BR014,Current,2023-12-01,Active,3011.23,0.0
AC00002246,CU00000470,BR011,Savings,2023-03-04,Active,34110.86,2.7
AC00002247,CU00003013,BR009,Savings,2024-02-28,Active,18585.57,2.7
AC00002248,CU00000180,BR013,Savings,2019-09-09,Closed,41970.32,2.7
AC00002249,CU00000110,BR015,Savings,2019-11-14,Active,20692.63,2.7
AC00002250,CU00001384,BR015,Current,2020-02-28,Active,10034.78,0.0
AC00002251,CU00003318,BR008,Savings,2024-07-04,Active,18720.63,2.7
AC00002252,CU00000656,BR010,Salary,2024-03-08,Active,17766.21,2.5
AC00002253,CU00004061,BR006,Savings,2021-11-21,Active,4314.49,2.7
AC00002254,CU00002124,BR002,Salary,2019-02-12,Active,13937.88,2.5
AC00002255,CU00002985,BR008,Savings,2021-01-14,Active,16815.17,2.7
AC00002256,CU00000900,BR002,Fixed Deposit,2019-10-15,Active,158034.36,7.1
AC00002257,CU00002345,BR020,Savings,2025-01-04,Active,81687.13,2.7
AC00002258,CU00004956,BR012,Salary,2024-07-04,Closed,22885.44,2.5
AC00002259,CU00001490,BR017,Savings,2025-04-17,Active,90724.75,2.7
AC00002260,CU00003093,BR001,Salary,2025-01-05,Active,1578.18,2.5
AC00002261,CU00004579,BR012,Savings,2022-10-05,Active,105659.8,2.7
AC00002262,CU00001152,BR004,Savings,2019-09-14,Active,54540.31,2.7
AC00002263,CU00004334,BR001,Salary,2024-02-15,Closed,13331.88,2.5
AC00002264,CU00001347,BR013,Salary,2023-05-11,Active,29476.81,2.5
AC00002265,CU00004670,BR020,Savings,2020-02-18,Active,16018.29,2.7
AC00002266,CU00000876,BR017,Fixed Deposit,2023-05-24,Active,190515.24,7.1
AC00002267,CU00004247,BR004,Salary,2026-06-21,Active,29903.84,2.5
AC00002268,CU00003010,BR013,Savings,2022-08-29,Dormant,319248.31,2.7
AC00002269,CU00000613,BR022,Savings,2025-10-10,Active,20837.36,2.7
AC00002270,CU00000856,BR009,Salary,2020-03-12,Active,67501.87,2.5
AC00002271,CU00002181,BR019,Savings,2022-03-28,Active,40498.46,2.7
AC00002272,CU00002378,BR010,Salary,2020-01-31,Dormant,293806.32,2.5
AC00002273,CU00001151,BR004,Savings,2018-09-10,Active,26956.99,2.7
AC00002274,CU00004803,BR021,Current,2022-09-26,Active,29150.94,0.0
AC00002275,CU00004735,BR009,Current,2023-11-17,Active,50896.95,0.0
AC00002276,CU00004131,BR009,Current,2020-11-21,Active,26057.8,0.0
AC00002277,CU00002147,BR015,Savings,2019-01-03,Active,94087.27,2.7
AC00002278,CU00000736,BR014,Salary,2020-09-24,Active,24027.04,2.5
AC00002279,CU00004970,BR019,Salary,2022-03-14,Active,20622.91,2.5
AC00002280,CU00002778,BR011,Salary,2024-08-06,Active,59469.06,2.5
AC00002281,CU00003979,BR011,Fixed Deposit,2024-04-21,Active,78803.08,7.1
AC00002282,CU00004084,BR023,Savings,2021-10-06,Dormant,14853.17,2.7
AC00002283,CU00003704,BR018,Savings,2021-05-03,Active,54562.87,2.7
AC00002284,CU00004086,BR020,Salary,2020-11-19,Active,14478.41,2.5
AC00002285,CU00002030,BR012,Savings,2022-01-07,Active,139827.98,2.7
AC00002286,CU00000517,BR024,Savings,2024-05-18,Active,34136.24,2.7
AC00002287,CU00003155,BR013,Salary,2026-03-22,Dormant,16316.18,2.5
AC00002288,CU00003549,BR024,Savings,2020-10-20,Closed,103204.07,2.7
AC00002289,CU00003109,BR023,Salary,2020-01-23,Active,60847.42,2.5
AC00002290,CU00000116,BR010,Savings,2023-05-13,Active,29979.89,2.7
AC00002291,CU00002277,BR006,Current,2020-10-02,Active,10550.18,0.0
AC00002292,CU00002206,BR001,Savings,2023-08-09,Active,2762.8,2.7
AC00002293,CU00001506,BR020,Savings,2022-12-08,Active,75077.07,2.7
AC00002294,CU00000089,BR016,Salary,2023-10-27,Active,44795.89,2.5
AC00002295,CU00002266,BR012,Savings,2025-06-06,Active,7797.93,2.7
AC00002296,CU00003401,BR006,Fixed Deposit,2024-11-16,Active,221527.66,7.1
AC00002297,CU00003389,BR024,Savings,2022-10-19,Active,94308.01,2.7
AC00002298,CU00003322,BR007,Savings,2024-06-04,Active,30569.46,2.7
AC00002299,CU00004141,BR017,Savings,2022-03-04,Active,49346.33,2.7
AC00002300,CU00004850,BR024,Savings,2023-12-15,Closed,195832.41,2.7
AC00002301,CU00003815,BR018,Savings,2022-04-23,Active,7562.12,2.7
AC00002302,CU00003211,BR004,Savings,2025-12-14,Active,48473.25,2.7
AC00002303,CU00001192,BR005,Savings,2022-03-31,Active,80701.73,2.7
AC00002304,CU00004957,BR008,Current,2020-05-20,Active,22759.21,0.0
AC00002305,CU00001517,BR023,Salary,2025-08-16,Active,48455.36,2.5
AC00002306,CU00003556,BR002,Fixed Deposit,2019-08-03,Active,170700.7,7.1
AC00002307,CU00001839,BR016,Savings,2018-09-17,Active,6185.09,2.7
AC00002308,CU00000627,BR020,Current,2019-04-16,Active,11596.25,0.0
AC00002309,CU00000699,BR005,Savings,2019-07-16,Active,11775.51,2.7
AC00002310,CU00003811,BR017,Savings,2023-01-23,Active,16283.84,2.7
AC00002311,CU00002191,BR023,Savings,2026-08-04,Active,12412.41,2.7
AC00002312,CU00000934,BR024,Salary,2020-12-22,Active,27230.28,2.5
AC00002313,CU00003282,BR020,Savings,2019-11-03,Active,120323.68,2.7
AC00002314,CU00003722,BR001,Salary,2022-11-15,Active,25860.75,2.5
AC00002315,CU00001262,BR007,Savings,2022-08-20,Active,4784.97,2.7
AC00002316,CU00000779,BR019,Savings,2024-02-15,Active,24451.87,2.7
AC00002317,CU00004465,BR013,Savings,2019-03-23,Active,61721.37,2.7
AC00002318,CU00003404,BR005,Current,2022-08-30,Active,52255.68,0.0
AC00002319,CU00004178,BR018,Current,2021-05-31,Active,38657.98,0.0
AC00002320,CU00000513,BR015,Savings,2021-03-02,Active,26215.91,2.7
AC00002321,CU00004732,BR019,Savings,2019-08-27,Active,87026.66,2.7
AC00002322,CU00003905,BR001,Salary,2025-06-11,Active,22132.15,2.5
AC00002323,CU00001234,BR020,Fixed Deposit,2022-10-28,Active,933773.14,7.1
AC00002324,CU00002144,BR002,Current,2019-05-22,Active,125583.92,0.0
AC00002325,CU00004262,BR004,Savings,2018-08-24,Active,42692.17,2.7
AC00002326,CU00002336,BR023,Fixed Deposit,2020-06-07,Active,86474.59,7.1
AC00002327,CU00002219,BR006,Savings,2026-03-15,Active,69232.83,2.7
AC00002328,CU00000604,BR019,Salary,2023-05-10,Active,33051.9,2.5
AC00002329,CU00000092,BR005,Savings,2021-08-14,Active,14898.33,2.7
AC00002330,CU00002457,BR013,Savings,2019-04-28,Active,15614.58,2.7
AC00002331,CU00000946,BR004,Current,2022-03-10,Active,36480.36,0.0
AC00002332,CU00002477,BR001,Current,2024-12-15,Active,3785.02,0.0
AC00002333,CU00003982,BR022,Salary,2024-05-26,Active,39329.71,2.5
AC00002334,CU00000240,BR003,Fixed Deposit,2021-11-19,Active,132770.33,7.1
AC00002335,CU00001911,BR022,Savings,2025-11-10,Active,40098.79,2.7
AC00002336,CU00004898,BR013,Savings,2021-11-12,Active,2355.9,2.7
AC00002337,CU00004700,BR001,Fixed Deposit,2025-01-30,Active,60803.12,7.1
AC00002338,CU00000318,BR009,Savings,2019-04-01,Active,7539.36,2.7
AC00002339,CU00001712,BR012,Savings,2021-04-30,Active,15066.18,2.7
AC00002340,CU00003351,BR022,Savings,2022-07-06,Active,93475.27,2.7
AC00002341,CU00004598,BR017,Savings,2021-02-28,Active,45906.79,2.7
AC00002342,CU00000833,BR018,Salary,2023-04-18,Active,8019.9,2.5
AC00002343,CU00002601,BR024,Savings,2020-12-08,Active,255590.94,2.7
AC00002344,CU00003581,BR006,Savings,2023-07-31,Active,82043.74,2.7
AC00002345,CU00002218,BR019,Current,2025-03-09,Dormant,19301.4,0.0
AC00002346,CU00000991,BR023,Current,2021-08-03,Closed,88639.02,0.0
AC00002347,CU00002379,BR002,Savings,2020-02-13,Active,14505.53,2.7
AC00002348,CU00003173,BR005,Savings,2025-09-17,Active,5788.2,2.7
AC00002349,CU00004434,BR015,Salary,2021-01-24,Active,15074.18,2.5
AC00002350,CU00001809,BR019,Fixed Deposit,2023-06-05,Active,94212.03,7.1
AC00002351,CU00002217,BR024,Salary,2019-01-09,Active,22226.05,2.5
AC00002352,CU00000333,BR016,Current,2025-12-18,Active,71450.68,0.0
AC00002353,CU00003003,BR010,Savings,2026-01-18,Active,23223.3,2.7
AC00002354,CU00003384,BR019,Current,2021-01-30,Active,51788.44,0.0
AC00002355,CU00000234,BR012,Savings,2020-01-27,Active,103190.79,2.7
AC00002356,CU00000182,BR022,Savings,2022-06-24,Closed,21874.61,2.7
AC00002357,CU00001385,BR012,Current,2020-11-26,Active,75035.92,0.0
AC00002358,CU00004572,BR017,Fixed Deposit,2026-07-01,Active,160762.53,7.1
AC00002359,CU00002623,BR019,Savings,2024-08-23,Active,14947.28,2.7
AC00002360,CU00000992,BR013,Savings,2022-10-22,Active,139539.43,2.7
AC00002361,CU00004789,BR006,Savings,2019-09-05,Active,14818.66,2.7
AC00002362,CU00001285,BR005,Fixed Deposit,2026-03-24,Dormant,115507.55,7.1
AC00002363,CU00000425,BR008,Current,2023-06-19,Active,18448.81,0.0
AC00002364,CU00000245,BR006,Current,2019-12-23,Active,280928.47,0.0
AC00002365,CU00002347,BR015,Savings,2024-05-05,Active,42914.21,2.7
AC00002366,CU00000739,BR003,Savings,2021-09-09,Active,34453.66,2.7
AC00002367,CU00003407,BR010,Salary,2018-11-19,Active,79451.22,2.5
AC00002368,CU00004916,BR012,Salary,2021-07-04,Active,17728.66,2.5
AC00002369,CU00001547,BR012,Savings,2018-07-15,Active,42479.13,2.7
AC00002370,CU00000341,BR003,Salary,2025-01-25,Active,54861.93,2.5
AC00002371,CU00001139,BR019,Savings,2023-04-17,Active,13023.22,2.7
AC00002372,CU00003206,BR001,Savings,2025-11-21,Closed,18597.72,2.7
AC00002373,CU00004217,BR004,Savings,2020-03-29,Active,36555.76,2.7
AC00002374,CU00003081,BR023,Savings,2022-01-30,Active,9086.54,2.7
AC00002375,CU00000682,BR014,Salary,2021-02-27,Active,24614.11,2.5
AC00002376,CU00000369,BR002,Salary,2025-12-02,Active,32772.37,2.5
AC00002377,CU00002700,BR019,Fixed Deposit,2026-02-27,Active,296361.7,7.1
AC00002378,CU00002837,BR002,Salary,2022-01-19,Active,15696.14,2.5
AC00002379,CU00003739,BR012,Salary,2020-01-28,Active,2758.91,2.5
AC00002380,CU00004328,BR010,Salary,2024-09-06,Active,42970.4,2.5
AC00002381,CU00000911,BR008,Savings,2020-12-30,Active,30293.99,2.7
AC00002382,CU00000767,BR014,Fixed Deposit,2024-04-26,Active,86441.17,7.1
AC00002383,CU00004177,BR020,Savings,2022-07-08,Active,36620.46,2.7
AC00002384,CU00004515,BR015,Savings,2021-03-12,Active,30347.99,2.7
AC00002385,CU00003466,BR019,Savings,2020-07-04,Closed,606195.04,2.7
AC00002386,CU00000542,BR009,Savings,2022-07-29,Active,46862.42,2.7
AC00002387,CU00001100,BR017,Savings,2024-05-04,Active,12972.36,2.7
AC00002388,CU00003934,BR003,Current,2018-09-08,Active,63209.63,0.0
AC00002389,CU00002123,BR004,Fixed Deposit,2019-06-17,Active,443444.49,7.1
AC00002390,CU00002492,BR023,Fixed Deposit,2025-06-23,Active,531776.37,7.1
AC00002391,CU00000206,BR007,Savings,2020-05-03,Active,71988.89,2.7
AC00002392,CU00001718,BR013,Savings,2022-05-20,Active,49307.2,2.7
AC00002393,CU00001604,BR012,Current,2025-03-23,Dormant,2874.08,0.0
AC00002394,CU00001993,BR018,Savings,2026-04-23,Active,12779.43,2.7
AC00002395,CU00003862,BR001,Savings,2022-05-29,Active,29701.61,2.7
AC00002396,CU00002265,BR020,Savings,2023-03-22,Active,63201.35,2.7
AC00002397,CU00003816,BR023,Savings,2020-04-02,Active,25775.05,2.7
AC00002398,CU00003210,BR002,Savings,2020-10-11,Active,70004.85,2.7
AC00002399,CU00004246,BR010,Savings,2019-05-01,Closed,7105.35,2.7
AC00002400,CU00000889,BR006,Fixed Deposit,2022-10-28,Active,207718.63,7.1
AC00002401,CU00004847,BR008,Savings,2025-12-10,Active,114755.05,2.7
AC00002402,CU00004574,BR020,Current,2023-07-04,Active,9788.86,0.0
AC00002403,CU00001984,BR021,Savings,2020-11-01,Active,40486.18,2.7
AC00002404,CU00004942,BR020,Current,2025-02-04,Active,8093.3,0.0
AC00002405,CU00002501,BR018,Savings,2023-01-12,Active,16100.74,2.7
AC00002406,CU00001732,BR009,Salary,2023-02-18,Active,79147.29,2.5
AC00002407,CU00003452,BR002,Current,2019-11-20,Active,5625.31,0.0
AC00002408,CU00001962,BR002,Savings,2022-11-06,Active,45199.52,2.7
AC00002409,CU00000634,BR013,Savings,2021-03-27,Active,23569.21,2.7
AC00002410,CU00001520,BR004,Fixed Deposit,2022-03-11,Active,89723.14,7.1
AC00002411,CU00000676,BR016,Savings,2025-06-14,Active,30974.94,2.7
AC00002412,CU00003319,BR012,Savings,2019-11-07,Active,13628.23,2.7
AC00002413,CU00004597,BR014,Savings,2026-03-12,Active,6764.82,2.7
AC00002414,CU00001290,BR011,Savings,2018-10-30,Active,29289.53,2.7
AC00002415,CU00003916,BR015,Savings,2025-03-20,Active,32105.49,2.7
AC00002416,CU00001122,BR006,Savings,2024-08-09,Active,111690.94,2.7
AC00002417,CU00004972,BR008,Savings,2024-03-24,Active,73983.5,2.7
AC00002418,CU00002377,BR008,Salary,2026-06-20,Active,76434.59,2.5
AC00002419,CU00000866,BR006,Savings,2025-07-11,Active,20613.0,2.7
AC00002420,CU00004447,BR019,Savings,2023-09-14,Active,81439.95,2.7
AC00002421,CU00000266,BR008,Savings,2023-10-19,Active,50162.28,2.7
AC00002422,CU00004063,BR024,Savings,2024-05-04,Active,7382.52,2.7
AC00002423,CU00004113,BR011,Savings,2019-04-19,Active,33393.82,2.7
AC00002424,CU00000617,BR011,Salary,2026-03-05,Active,71052.43,2.5
AC00002425,CU00000226,BR011,Current,2024-01-18,Active,36237.72,0.0
AC00002426,CU00004712,BR021,Salary,2021-03-02,Active,28459.81,2.5
AC00002427,CU00001128,BR008,Salary,2022-02-23,Active,57907.7,2.5
AC00002428,CU00004154,BR007,Salary,2024-12-04,Active,31248.38,2.5
AC00002429,CU00003240,BR003,Fixed Deposit,2020-09-13,Active,407976.88,7.1
AC00002430,CU00000170,BR023,Current,2025-07-07,Active,3862.78,0.0
AC00002431,CU00003789,BR015,Salary,2025-08-15,Active,24420.52,2.5
AC00002432,CU00001806,BR014,Savings,2022-04-16,Active,18834.75,2.7
AC00002433,CU00004011,BR016,Current,2022-08-07,Active,267867.79,0.0
AC00002434,CU00003129,BR015,Savings,2024-09-16,Active,21865.97,2.7
AC00002435,CU00004395,BR012,Salary,2024-08-15,Active,46517.42,2.5
AC00002436,CU00000955,BR004,Current,2024-07-01,Active,44709.44,0.0
AC00002437,CU00004729,BR007,Savings,2019-03-14,Active,36509.52,2.7
AC00002438,CU00002818,BR019,Salary,2018-08-20,Active,279675.76,2.5
AC00002439,CU00004916,BR015,Savings,2019-04-29,Active,57472.33,2.7
AC00002440,CU00001265,BR007,Savings,2021-06-02,Active,22735.6,2.7
AC00002441,CU00004018,BR008,Salary,2024-03-29,Closed,40011.49,2.5
AC00002442,CU00001986,BR022,Savings,2021-08-17,Active,22481.32,2.7
AC00002443,CU00000362,BR010,Current,2019-12-09,Active,34916.76,0.0
AC00002444,CU00004408,BR007,Savings,2018-09-08,Active,93322.9,2.7
AC00002445,CU00002049,BR013,Savings,2023-01-31,Active,22624.2,2.7
AC00002446,CU00004460,BR004,Savings,2024-03-09,Active,6922.62,2.7
AC00002447,CU00000959,BR021,Salary,2025-05-01,Active,134321.48,2.5
AC00002448,CU00001199,BR016,Savings,2018-10-23,Dormant,8862.64,2.7
AC00002449,CU00002866,BR012,Savings,2025-03-16,Active,14851.42,2.7
AC00002450,CU00003463,BR009,Savings,2021-08-09,Active,12776.2,2.7
AC00002451,CU00002455,BR015,Savings,2019-09-28,Active,97619.06,2.7
AC00002452,CU00000469,BR024,Savings,2023-01-28,Active,39410.78,2.7
AC00002453,CU00002754,BR012,Fixed Deposit,2019-09-12,Active,78008.15,7.1
AC00002454,CU00004682,BR005,Savings,2020-07-04,Active,38466.88,2.7
AC00002455,CU00000535,BR005,Current,2024-01-13,Active,58058.35,0.0
AC00002456,CU00002866,BR017,Savings,2019-02-11,Active,30658.73,2.7
AC00002457,CU00002967,BR024,Savings,2025-11-29,Active,28576.57,2.7
AC00002458,CU00004473,BR012,Salary,2026-02-10,Closed,23600.11,2.5
AC00002459,CU00002223,BR015,Fixed Deposit,2021-06-04,Active,320155.85,7.1
AC00002460,CU00003567,BR003,Savings,2026-04-01,Active,68302.54,2.7
AC00002461,CU00002950,BR013,Savings,2021-10-01,Active,32471.96,2.7
AC00002462,CU00003057,BR011,Salary,2024-09-04,Dormant,111914.72,2.5
AC00002463,CU00003337,BR008,Savings,2026-06-24,Active,80392.81,2.7
AC00002464,CU00002343,BR003,Savings,2021-12-19,Active,34840.32,2.7
AC00002465,CU00001955,BR016,Savings,2025-10-03,Active,36998.58,2.7
AC00002466,CU00001529,BR021,Savings,2026-07-26,Dormant,83537.93,2.7
AC00002467,CU00004194,BR008,Savings,2019-10-26,Dormant,278632.89,2.7
AC00002468,CU00000990,BR013,Savings,2022-12-26,Active,27508.51,2.7
AC00002469,CU00000833,BR013,Fixed Deposit,2018-10-31,Active,265480.67,7.1
AC00002470,CU00004690,BR023,Savings,2018-10-11,Active,42338.71,2.7
AC00002471,CU00000385,BR011,Savings,2018-10-07,Active,59870.91,2.7
AC00002472,CU00001565,BR015,Savings,2026-07-13,Active,104742.96,2.7
AC00002473,CU00000188,BR016,Current,2025-06-06,Active,19213.38,0.0
AC00002474,CU00002094,BR023,Savings,2024-10-24,Active,28726.76,2.7
AC00002475,CU00003773,BR005,Salary,2023-02-22,Active,17578.0,2.5
AC00002476,CU00000265,BR009,Salary,2022-12-18,Active,20675.7,2.5
AC00002477,CU00002817,BR004,Salary,2025-08-27,Active,4856.87,2.5
AC00002478,CU00001093,BR024,Fixed Deposit,2019-06-27,Active,277043.42,7.1
AC00002479,CU00000462,BR019,Salary,2021-02-21,Active,319720.54,2.5
AC00002480,CU00004952,BR002,Fixed Deposit,2024-04-22,Active,461832.53,7.1
AC00002481,CU00002987,BR012,Salary,2023-11-30,Active,62359.1,2.5
AC00002482,CU00003226,BR019,Savings,2021-09-03,Closed,79108.6,2.7
AC00002483,CU00000353,BR014,Savings,2019-02-25,Active,16768.13,2.7
AC00002484,CU00000809,BR018,Salary,2018-09-04,Active,56971.62,2.5
AC00002485,CU00000180,BR021,Savings,2018-08-27,Active,4358.51,2.7
AC00002486,CU00003227,BR021,Salary,2022-04-08,Active,15422.54,2.5
AC00002487,CU00004202,BR008,Savings,2026-04-15,Active,9146.56,2.7
AC00002488,CU00004363,BR003,Savings,2023-08-25,Active,249258.06,2.7
AC00002489,CU00004437,BR023,Fixed Deposit,2021-04-01,Active,59865.9,7.1
AC00002490,CU00000126,BR018,Current,2022-10-11,Active,58806.56,0.0
AC00002491,CU00002561,BR023,Salary,2021-01-18,Active,13589.28,2.5
AC00002492,CU00004525,BR017,Savings,2018-09-27,Active,2835.34,2.7
AC00002493,CU00000976,BR023,Salary,2023-03-18,Active,41247.26,2.5
AC00002494,CU00000445,BR006,Current,2020-01-24,Active,7578.07,0.0
AC00002495,CU00002729,BR002,Savings,2021-11-22,Active,77300.31,2.7
AC00002496,CU00001044,BR019,Savings,2021-09-23,Active,9388.11,2.7
AC00002497,CU00003365,BR001,Savings,2022-09-18,Active,55402.82,2.7
AC00002498,CU00001099,BR008,Savings,2024-11-06,Active,40246.69,2.7
AC00002499,CU00002982,BR021,Savings,2023-09-09,Active,77581.5,2.7
AC00002500,CU00000197,BR022,Salary,2021-07-23,Active,39456.66,2.5
AC00002501,CU00004887,BR001,Salary,2025-04-12,Active,8007.79,2.5
AC00002502,CU00004364,BR018,Salary,2023-06-29,Active,40708.42,2.5
AC00002503,CU00002373,BR010,Current,2021-10-29,Active,150815.42,0.0
AC00002504,CU00000508,BR015,Current,2019-11-25,Active,31613.13,0.0
AC00002505,CU00003777,BR016,Savings,2020-04-09,Active,4300.74,2.7
AC00002506,CU00000066,BR023,Savings,2020-07-22,Active,48477.84,2.7
AC00002507,CU00004642,BR007,Current,2019-08-20,Active,17414.25,0.0
AC00002508,CU00001852,BR014,Salary,2026-06-21,Active,48585.96,2.5
AC00002509,CU00002454,BR019,Salary,2025-10-22,Active,54971.12,2.5
AC00002510,CU00000664,BR019,Current,2018-12-10,Active,46324.92,0.0
AC00002511,CU00004517,BR007,Savings,2023-05-17,Active,30546.31,2.7
AC00002512,CU00003496,BR006,Savings,2018-11-27,Active,15750.59,2.7
AC00002513,CU00003282,BR020,Salary,2024-11-12,Active,683251.47,2.5
AC00002514,CU00001545,BR022,Savings,2019-06-19,Active,6556.46,2.7
AC00002515,CU00000273,BR017,Fixed Deposit,2018-11-01,Active,266725.49,7.1
AC00002516,CU00000430,BR008,Salary,2023-12-24,Active,24959.4,2.5
AC00002517,CU00000434,BR012,Savings,2026-04-23,Active,117453.92,2.7
AC00002518,CU00000331,BR014,Savings,2026-08-01,Active,43943.13,2.7
AC00002519,CU00002506,BR001,Salary,2025-07-10,Dormant,21545.25,2.5
AC00002520,CU00000255,BR019,Savings,2021-01-31,Active,94419.12,2.7
AC00002521,CU00002271,BR016,Fixed Deposit,2021-02-07,Active,119795.16,7.1
AC00002522,CU00000374,BR013,Current,2020-07-23,Active,406506.68,0.0
AC00002523,CU00003004,BR018,Savings,2019-12-14,Active,43977.96,2.7
AC00002524,CU00002888,BR008,Current,2020-04-18,Active,9565.68,0.0
AC00002525,CU00000108,BR008,Salary,2022-05-04,Active,49401.9,2.5
AC00002526,CU00001264,BR018,Salary,2026-02-05,Active,17408.55,2.5
AC00002527,CU00001769,BR003,Current,2020-09-12,Active,64484.5,0.0
AC00002528,CU00000029,BR024,Savings,2020-06-22,Active,8923.8,2.7
AC00002529,CU00001676,BR005,Current,2020-05-08,Active,2944.34,0.0
AC00002530,CU00000279,BR024,Salary,2021-11-24,Active,36544.06,2.5
AC00002531,CU00000307,BR014,Current,2025-03-15,Active,28556.98,0.0
AC00002532,CU00002899,BR002,Savings,2022-03-24,Active,7058.75,2.7
AC00002533,CU00001518,BR008,Salary,2022-10-17,Active,29908.91,2.5
AC00002534,CU00004146,BR004,Fixed Deposit,2026-05-23,Active,151705.38,7.1
AC00002535,CU00002216,BR023,Fixed Deposit,2021-05-13,Active,164008.61,7.1
AC00002536,CU00004166,BR002,Savings,2021-12-06,Active,39562.47,2.7
AC00002537,CU00003202,BR020,Savings,2024-09-23,Active,15215.09,2.7
AC00002538,CU00002874,BR011,Savings,2025-12-13,Active,97138.41,2.7
AC00002539,CU00000020,BR006,Current,2023-12-17,Active,6506.62,0.0
AC00002540,CU00002470,BR011,Savings,2022-04-09,Active,11254.62,2.7
AC00002541,CU00004754,BR023,Savings,2023-09-17,Active,72467.4,2.7
AC00002542,CU00002017,BR011,Savings,2018-10-23,Active,23661.44,2.7
AC00002543,CU00004403,BR017,Fixed Deposit,2019-01-25,Active,336245.62,7.1
AC00002544,CU00004373,BR024,Savings,2025-09-21,Active,9619.25,2.7
AC00002545,CU00003974,BR011,Current,2020-09-02,Active,183501.62,0.0
AC00002546,CU00003406,BR017,Current,2025-02-21,Active,180293.31,0.0
AC00002547,CU00001474,BR008,Savings,2024-05-26,Active,83293.15,2.7
AC00002548,CU00001261,BR018,Savings,2023-07-11,Active,28432.02,2.7
AC00002549,CU00000456,BR010,Savings,2022-03-09,Active,79565.04,2.7
AC00002550,CU00000285,BR010,Salary,2023-12-01,Active,423943.55,2.5
AC00002551,CU00004873,BR022,Savings,2023-09-27,Active,12811.96,2.7
AC00002552,CU00000528,BR020,Savings,2022-02-21,Active,5473.85,2.7
AC00002553,CU00000208,BR006,Fixed Deposit,2025-06-21,Active,449736.73,7.1
AC00002554,CU00003199,BR003,Current,2020-01-09,Active,34189.59,0.0
AC00002555,CU00001895,BR008,Fixed Deposit,2025-02-25,Active,449724.3,7.1
AC00002556,CU00000203,BR013,Salary,2023-10-30,Active,18478.39,2.5
AC00002557,CU00000544,BR022,Salary,2022-04-24,Active,22248.19,2.5
AC00002558,CU00000055,BR004,Savings,2020-10-24,Active,52828.25,2.7
AC00002559,CU00001101,BR008,Salary,2022-11-10,Active,25798.53,2.5
AC00002560,CU00004384,BR009,Fixed Deposit,2024-04-08,Active,44102.72,7.1
AC00002561,CU00002479,BR021,Savings,2025-12-02,Active,20926.24,2.7
AC00002562,CU00004150,BR012,Savings,2023-11-21,Active,20142.8,2.7
AC00002563,CU00004054,BR017,Salary,2021-05-12,Active,92628.58,2.5
AC00002564,CU00002325,BR005,Savings,2021-05-28,Active,14952.54,2.7
AC00002565,CU00003061,BR024,Savings,2023-06-06,Active,15030.63,2.7
AC00002566,CU00003375,BR013,Salary,2021-12-14,Active,15449.01,2.5
AC00002567,CU00001454,BR003,Current,2019-02-03,Active,22533.9,0.0
AC00002568,CU00001002,BR014,Savings,2021-11-18,Active,198097.92,2.7
AC00002569,CU00004935,BR017,Salary,2023-02-23,Dormant,41267.77,2.5
AC00002570,CU00001680,BR013,Salary,2021-01-16,Active,34453.15,2.5
AC00002571,CU00004766,BR014,Savings,2019-02-18,Active,37608.57,2.7
AC00002572,CU00001167,BR011,Salary,2022-06-12,Active,26306.03,2.5
AC00002573,CU00001605,BR008,Current,2026-01-13,Active,168496.29,0.0
AC00002574,CU00002224,BR019,Savings,2025-10-31,Active,158585.03,2.7
AC00002575,CU00004533,BR013,Savings,2019-01-29,Active,173288.78,2.7
AC00002576,CU00000086,BR019,Savings,2024-09-09,Active,329729.88,2.7
AC00002577,CU00003655,BR003,Savings,2025-08-23,Active,10017.36,2.7
AC00002578,CU00003530,BR006,Salary,2024-06-20,Active,7354.37,2.5
AC00002579,CU00001132,BR005,Savings,2020-03-21,Active,30035.78,2.7
AC00002580,CU00004534,BR021,Savings,2020-07-25,Active,54840.66,2.7
AC00002581,CU00000954,BR022,Savings,2024-06-29,Active,40664.83,2.7
AC00002582,CU00002324,BR018,Fixed Deposit,2019-06-15,Active,307849.54,7.1
AC00002583,CU00000963,BR012,Salary,2019-02-03,Active,3760.06,2.5
AC00002584,CU00002417,BR003,Salary,2023-06-24,Active,18765.16,2.5
AC00002585,CU00000142,BR013,Salary,2026-06-18,Closed,5307.49,2.5
AC00002586,CU00003270,BR006,Fixed Deposit,2024-02-07,Active,143967.0,7.1
AC00002587,CU00001143,BR010,Savings,2019-08-20,Active,15078.18,2.7
AC00002588,CU00003919,BR004,Savings,2022-05-05,Active,31507.68,2.7
AC00002589,CU00004771,BR003,Salary,2020-10-27,Active,4902.24,2.5
AC00002590,CU00001259,BR007,Savings,2021-10-05,Dormant,16850.13,2.7
AC00002591,CU00000214,BR006,Current,2026-04-14,Dormant,31684.92,0.0
AC00002592,CU00004473,BR016,Savings,2025-08-18,Active,3228.67,2.7
AC00002593,CU00000003,BR020,Salary,2020-05-21,Active,94154.86,2.5
AC00002594,CU00003243,BR019,Fixed Deposit,2023-04-06,Active,55333.66,7.1
AC00002595,CU00003084,BR022,Savings,2022-06-06,Active,10927.25,2.7
AC00002596,CU00003326,BR014,Fixed Deposit,2023-06-08,Active,470806.2,7.1
AC00002597,CU00001682,BR012,Salary,2020-09-19,Active,26022.15,2.5
AC00002598,CU00000961,BR003,Savings,2025-03-30,Dormant,92465.67,2.7
AC00002599,CU00001089,BR020,Savings,2026-08-02,Active,184292.31,2.7
AC00002600,CU00004252,BR012,Salary,2021-08-14,Active,100015.71,2.5
AC00002601,CU00002387,BR012,Current,2019-06-06,Dormant,17779.54,0.0
AC00002602,CU00003313,BR006,Savings,2023-05-29,Active,50701.38,2.7
AC00002603,CU00002911,BR005,Current,2023-06-15,Active,11072.48,0.0
AC00002604,CU00002158,BR016,Salary,2024-11-13,Active,139060.55,2.5
AC00002605,CU00003875,BR001,Salary,2018-07-27,Active,52510.04,2.5
AC00002606,CU00000939,BR021,Savings,2023-06-30,Dormant,80033.68,2.7
AC00002607,CU00000619,BR007,Savings,2018-10-08,Dormant,213914.91,2.7
AC00002608,CU00000671,BR012,Savings,2020-01-29,Active,13069.09,2.7
AC00002609,CU00000610,BR013,Savings,2018-09-08,Closed,17878.41,2.7
AC00002610,CU00004648,BR018,Savings,2019-12-04,Active,7733.75,2.7
AC00002611,CU00004179,BR008,Savings,2020-11-27,Active,21413.59,2.7
AC00002612,CU00001259,BR007,Savings,2019-11-10,Active,45044.43,2.7
AC00002613,CU00004372,BR007,Current,2023-09-12,Active,21455.63,0.0
AC00002614,CU00003110,BR018,Savings,2021-10-16,Active,40372.04,2.7
AC00002615,CU00002274,BR001,Savings,2025-12-11,Active,26045.16,2.7
AC00002616,CU00001723,BR001,Current,2019-05-22,Active,12496.31,0.0
AC00002617,CU00000353,BR010,Savings,2024-07-25,Active,37682.33,2.7
AC00002618,CU00004315,BR008,Savings,2018-09-26,Active,13874.27,2.7
AC00002619,CU00000985,BR002,Fixed Deposit,2025-04-23,Active,136751.07,7.1
AC00002620,CU00001564,BR008,Salary,2023-11-02,Active,22651.76,2.5
AC00002621,CU00002150,BR021,Savings,2022-11-23,Active,19775.12,2.7
AC00002622,CU00002035,BR007,Savings,2025-04-20,Active,7731.24,2.7
AC00002623,CU00002794,BR004,Salary,2024-01-06,Active,104699.16,2.5
AC00002624,CU00002045,BR016,Salary,2024-12-01,Active,41927.69,2.5
AC00002625,CU00000602,BR017,Current,2018-08-06,Active,48335.73,0.0
AC00002626,CU00003556,BR009,Fixed Deposit,2025-10-28,Active,147542.68,7.1
AC00002627,CU00002187,BR014,Fixed Deposit,2024-06-11,Dormant,671102.09,7.1
AC00002628,CU00003144,BR007,Savings,2023-07-15,Active,9325.68,2.7
AC00002629,CU00003147,BR013,Savings,2022-10-12,Active,40170.21,2.7
AC00002630,CU00003337,BR003,Savings,2023-01-21,Active,12565.66,2.7
AC00002631,CU00004846,BR010,Savings,2018-09-21,Active,3486.33,2.7
AC00002632,CU00001389,BR010,Salary,2019-08-26,Active,9523.07,2.5
AC00002633,CU00004101,BR023,Savings,2020-02-14,Active,52668.04,2.7
AC00002634,CU00000903,BR017,Savings,2020-06-01,Active,46636.67,2.7
AC00002635,CU00000865,BR011,Salary,2022-07-14,Active,47818.33,2.5
AC00002636,CU00003400,BR007,Salary,2026-01-07,Active,61980.67,2.5
AC00002637,CU00002908,BR009,Savings,2025-09-15,Active,21649.88,2.7
AC00002638,CU00002235,BR015,Salary,2024-08-11,Active,96610.3,2.5
AC00002639,CU00000001,BR016,Savings,2026-04-05,Active,47339.35,2.7
AC00002640,CU00002550,BR015,Fixed Deposit,2021-10-21,Active,144596.29,7.1
AC00002641,CU00002539,BR017,Salary,2024-11-04,Active,149461.22,2.5
AC00002642,CU00002573,BR011,Fixed Deposit,2024-10-26,Active,242616.32,7.1
AC00002643,CU00000195,BR017,Fixed Deposit,2018-11-01,Active,89210.14,7.1
AC00002644,CU00004615,BR023,Salary,2020-03-31,Dormant,134412.66,2.5
AC00002645,CU00001699,BR019,Savings,2022-02-08,Active,16601.54,2.7
AC00002646,CU00004163,BR001,Savings,2021-05-18,Active,26168.81,2.7
AC00002647,CU00003142,BR006,Fixed Deposit,2020-05-31,Active,250268.12,7.1
AC00002648,CU00004927,BR009,Savings,2020-06-10,Active,4510.71,2.7
AC00002649,CU00001839,BR003,Fixed Deposit,2022-05-07,Active,114501.24,7.1
AC00002650,CU00004763,BR013,Fixed Deposit,2019-03-12,Active,44275.47,7.1
AC00002651,CU00001291,BR012,Fixed Deposit,2024-03-13,Active,120981.19,7.1
AC00002652,CU00002165,BR015,Savings,2023-06-05,Active,11755.45,2.7
AC00002653,CU00001115,BR002,Salary,2022-07-11,Active,63497.35,2.5
AC00002654,CU00000280,BR005,Savings,2021-02-04,Active,12039.36,2.7
AC00002655,CU00002857,BR010,Current,2019-03-11,Active,2966.48,0.0
AC00002656,CU00000942,BR007,Savings,2022-11-11,Active,14160.06,2.7
AC00002657,CU00003562,BR009,Savings,2022-03-01,Active,382244.1,2.7
AC00002658,CU00004587,BR019,Savings,2025-06-07,Active,26034.14,2.7
AC00002659,CU00002211,BR008,Salary,2025-12-24,Active,59464.55,2.5
AC00002660,CU00001685,BR010,Fixed Deposit,2024-05-18,Active,409571.17,7.1
AC00002661,CU00004723,BR014,Salary,2024-03-24,Active,166482.99,2.5
AC00002662,CU00000148,BR017,Salary,2019-03-29,Active,16515.04,2.5
AC00002663,CU00001200,BR012,Salary,2019-05-09,Active,26326.92,2.5
AC00002664,CU00004295,BR006,Savings,2023-04-18,Active,36227.76,2.7
AC00002665,CU00002345,BR006,Fixed Deposit,2018-09-05,Active,116585.03,7.1
AC00002666,CU00004398,BR008,Savings,2025-06-05,Active,16500.87,2.7
AC00002667,CU00003657,BR024,Savings,2018-07-25,Active,40608.35,2.7
AC00002668,CU00001212,BR022,Salary,2022-03-02,Dormant,18313.15,2.5
AC00002669,CU00004332,BR020,Savings,2022-03-31,Active,27555.69,2.7
AC00002670,CU00000277,BR020,Savings,2020-12-28,Active,35435.29,2.7
AC00002671,CU00001804,BR009,Savings,2021-06-13,Active,27119.66,2.7
AC00002672,CU00000461,BR008,Savings,2018-07-22,Active,36331.2,2.7
AC00002673,CU00003986,BR017,Savings,2026-02-23,Active,2854.9,2.7
AC00002674,CU00004417,BR013,Fixed Deposit,2019-05-24,Active,311913.12,7.1
AC00002675,CU00003977,BR011,Current,2026-07-05,Dormant,30450.59,0.0
AC00002676,CU00002855,BR024,Current,2021-10-04,Active,41564.31,0.0
AC00002677,CU00001517,BR004,Fixed Deposit,2019-03-15,Active,307521.31,7.1
AC00002678,CU00003927,BR021,Salary,2025-01-12,Active,21128.48,2.5
AC00002679,CU00002949,BR011,Savings,2022-04-20,Active,20176.38,2.7
AC00002680,CU00003814,BR021,Salary,2023-05-14,Active,16014.98,2.5
AC00002681,CU00003050,BR014,Salary,2019-10-12,Active,2968.98,2.5
AC00002682,CU00000316,BR007,Salary,2022-12-07,Active,91428.5,2.5
AC00002683,CU00001279,BR021,Current,2021-12-19,Active,57454.77,0.0
AC00002684,CU00002994,BR010,Savings,2025-02-12,Active,11991.82,2.7
AC00002685,CU00003278,BR015,Salary,2024-02-19,Active,65877.49,2.5
AC00002686,CU00002993,BR008,Savings,2022-05-31,Active,80439.69,2.7
AC00002687,CU00003565,BR020,Current,2022-02-07,Active,127064.13,0.0
AC00002688,CU00004466,BR002,Current,2023-06-24,Active,7056.89,0.0
AC00002689,CU00003080,BR006,Salary,2026-03-19,Active,87215.71,2.5
AC00002690,CU00002286,BR015,Savings,2022-11-07,Active,11352.54,2.7
AC00002691,CU00004367,BR004,Salary,2024-05-03,Closed,48288.81,2.5
AC00002692,CU00002337,BR019,Salary,2020-05-27,Closed,10358.45,2.5
AC00002693,CU00004882,BR002,Salary,2021-11-29,Active,12595.73,2.5
AC00002694,CU00002634,BR002,Savings,2019-06-03,Active,9207.82,2.7
AC00002695,CU00002494,BR017,Savings,2023-05-01,Active,12130.25,2.7
AC00002696,CU00004425,BR024,Current,2026-05-31,Active,29857.8,0.0
AC00002697,CU00002565,BR006,Fixed Deposit,2019-01-15,Active,166487.85,7.1
AC00002698,CU00003935,BR004,Savings,2024-11-02,Active,8560.57,2.7
AC00002699,CU00004190,BR024,Current,2021-01-16,Active,1996.4,0.0
AC00002700,CU00004293,BR014,Savings,2020-08-08,Active,18799.26,2.7
AC00002701,CU00001886,BR014,Savings,2021-08-10,Active,34531.31,2.7
AC00002702,CU00000073,BR002,Savings,2018-11-24,Active,50250.66,2.7
AC00002703,CU00003045,BR004,Current,2020-11-24,Active,6842.8,0.0
AC00002704,CU00004819,BR023,Savings,2021-01-19,Active,18379.82,2.7
AC00002705,CU00003265,BR017,Savings,2026-07-22,Active,18254.39,2.7
AC00002706,CU00004561,BR011,Savings,2019-10-20,Closed,19286.23,2.7
AC00002707,CU00003546,BR001,Current,2023-07-27,Dormant,448571.01,0.0
AC00002708,CU00002195,BR016,Current,2024-11-22,Active,2308.06,0.0
AC00002709,CU00002203,BR017,Current,2023-07-25,Closed,13495.24,0.0
AC00002710,CU00004703,BR007,Savings,2023-08-02,Active,121224.63,2.7
AC00002711,CU00001913,BR009,Salary,2024-04-12,Active,3048.34,2.5
AC00002712,CU00002144,BR001,Savings,2023-06-19,Dormant,11725.24,2.7
AC00002713,CU00000787,BR018,Fixed Deposit,2021-01-17,Active,107903.74,7.1
AC00002714,CU00003617,BR014,Salary,2024-09-18,Active,155591.56,2.5
AC00002715,CU00002388,BR009,Fixed Deposit,2022-04-29,Active,70551.28,7.1
AC00002716,CU00000274,BR009,Savings,2021-09-06,Active,185433.75,2.7
AC00002717,CU00002221,BR011,Fixed Deposit,2022-09-29,Active,197816.93,7.1
AC00002718,CU00002388,BR002,Savings,2024-02-22,Active,24838.08,2.7
AC00002719,CU00002136,BR017,Salary,2023-03-28,Active,559166.94,2.5
AC00002720,CU00002942,BR001,Salary,2026-03-20,Active,109090.73,2.5
AC00002721,CU00002755,BR017,Savings,2023-08-18,Active,49718.89,2.7
AC00002722,CU00000115,BR022,Salary,2020-10-16,Active,20618.4,2.5
AC00002723,CU00000019,BR011,Savings,2024-03-13,Active,6774.09,2.7
AC00002724,CU00003354,BR018,Savings,2026-04-20,Active,7619.17,2.7
AC00002725,CU00004258,BR002,Savings,2022-10-18,Active,2646.65,2.7
AC00002726,CU00000591,BR019,Fixed Deposit,2026-06-24,Active,71907.06,7.1
AC00002727,CU00000482,BR012,Current,2020-03-16,Active,25887.75,0.0
AC00002728,CU00000871,BR014,Current,2018-08-11,Active,12960.36,0.0
AC00002729,CU00002233,BR006,Savings,2023-06-02,Active,8911.42,2.7
AC00002730,CU00002781,BR022,Current,2022-07-05,Active,13801.53,0.0
AC00002731,CU00003446,BR005,Salary,2024-11-13,Active,4396.03,2.5
AC00002732,CU00003944,BR013,Savings,2022-06-22,Active,262799.27,2.7
AC00002733,CU00000926,BR002,Current,2018-10-04,Active,47120.14,0.0
AC00002734,CU00003919,BR007,Savings,2019-01-18,Active,18947.64,2.7
AC00002735,CU00001906,BR016,Salary,2021-02-15,Active,10604.46,2.5
AC00002736,CU00003151,BR002,Savings,2023-06-14,Active,6290.28,2.7
AC00002737,CU00001001,BR016,Savings,2022-01-15,Active,10801.64,2.7
AC00002738,CU00001592,BR001,Savings,2024-02-21,Active,9116.05,2.7
AC00002739,CU00000940,BR007,Salary,2026-05-03,Active,27848.64,2.5
AC00002740,CU00001148,BR019,Savings,2019-11-16,Active,21931.75,2.7
AC00002741,CU00003836,BR001,Salary,2018-12-13,Active,55168.86,2.5
AC00002742,CU00000296,BR003,Savings,2019-04-13,Active,37738.77,2.7
AC00002743,CU00000428,BR009,Salary,2024-02-18,Active,123696.03,2.5
AC00002744,CU00001949,BR019,Savings,2023-11-27,Closed,95678.73,2.7
AC00002745,CU00004274,BR006,Savings,2018-11-11,Active,50929.04,2.7
AC00002746,CU00002225,BR004,Fixed Deposit,2026-04-10,Active,215893.16,7.1
AC00002747,CU00002792,BR012,Fixed Deposit,2020-05-31,Active,305792.8,7.1
AC00002748,CU00003778,BR008,Savings,2020-06-04,Active,20644.27,2.7
AC00002749,CU00003401,BR007,Savings,2023-04-11,Active,53894.2,2.7
AC00002750,CU00004720,BR002,Fixed Deposit,2024-07-09,Dormant,192753.12,7.1
AC00002751,CU00000520,BR001,Savings,2020-06-24,Active,2186.47,2.7
AC00002752,CU00000185,BR020,Fixed Deposit,2023-10-27,Active,244556.79,7.1
AC00002753,CU00000978,BR014,Savings,2022-09-18,Active,5874.66,2.7
AC00002754,CU00000852,BR018,Savings,2019-05-04,Active,210711.65,2.7
AC00002755,CU00002016,BR020,Salary,2024-11-20,Active,30730.98,2.5
AC00002756,CU00002745,BR011,Savings,2022-09-28,Active,10480.08,2.7
AC00002757,CU00004752,BR016,Current,2020-08-11,Active,22323.95,0.0
AC00002758,CU00004756,BR007,Current,2020-04-30,Active,27295.36,0.0
AC00002759,CU00004678,BR017,Current,2025-06-22,Active,221175.69,0.0
AC00002760,CU00000359,BR023,Savings,2021-09-10,Active,13877.83,2.7
AC00002761,CU00001147,BR005,Salary,2022-03-18,Active,46154.84,2.5
AC00002762,CU00004158,BR010,Savings,2026-04-17,Active,9534.11,2.7
AC00002763,CU00004553,BR013,Savings,2019-02-25,Active,10763.74,2.7
AC00002764,CU00001962,BR016,Salary,2022-03-14,Active,47683.13,2.5
AC00002765,CU00003131,BR001,Savings,2018-10-06,Active,43821.79,2.7
AC00002766,CU00001922,BR021,Salary,2021-07-23,Active,8842.33,2.5
AC00002767,CU00003537,BR020,Savings,2019-10-14,Active,109811.15,2.7
AC00002768,CU00003862,BR010,Current,2024-12-31,Active,161481.1,0.0
AC00002769,CU00004719,BR017,Fixed Deposit,2019-05-15,Active,251375.34,7.1
AC00002770,CU00002243,BR023,Salary,2021-05-13,Active,194966.08,2.5
AC00002771,CU00004494,BR014,Savings,2019-07-24,Active,24803.56,2.7
AC00002772,CU00004020,BR020,Salary,2020-06-21,Active,30732.43,2.5
AC00002773,CU00001442,BR001,Fixed Deposit,2020-05-01,Active,169356.35,7.1
AC00002774,CU00004066,BR009,Savings,2019-05-18,Active,40189.59,2.7
AC00002775,CU00000547,BR019,Salary,2022-07-02,Active,98368.97,2.5
AC00002776,CU00002008,BR024,Savings,2019-05-11,Active,7437.31,2.7
AC00002777,CU00003882,BR022,Savings,2022-07-19,Dormant,155751.44,2.7
AC00002778,CU00004285,BR013,Salary,2021-12-11,Active,26575.43,2.5
AC00002779,CU00001900,BR005,Fixed Deposit,2021-03-17,Active,259467.26,7.1
AC00002780,CU00004188,BR017,Savings,2023-01-02,Active,50912.28,2.7
AC00002781,CU00004169,BR002,Fixed Deposit,2025-09-22,Active,417357.97,7.1
AC00002782,CU00000618,BR007,Current,2021-06-23,Active,16434.52,0.0
AC00002783,CU00000507,BR021,Savings,2026-05-30,Active,52277.52,2.7
AC00002784,CU00003262,BR013,Current,2022-05-10,Active,5093.64,0.0
AC00002785,CU00003441,BR002,Savings,2020-10-14,Active,11827.4,2.7
AC00002786,CU00001720,BR015,Savings,2025-03-17,Active,22433.72,2.7
AC00002787,CU00004512,BR017,Salary,2020-07-17,Active,38006.3,2.5
AC00002788,CU00003333,BR008,Salary,2023-10-31,Active,66000.48,2.5
AC00002789,CU00001177,BR017,Savings,2018-09-05,Active,191929.26,2.7
AC00002790,CU00002178,BR018,Fixed Deposit,2020-08-18,Active,869896.48,7.1
AC00002791,CU00002375,BR014,Salary,2020-10-02,Active,24877.82,2.5
AC00002792,CU00004076,BR001,Savings,2023-12-29,Active,6080.71,2.7
AC00002793,CU00002337,BR003,Savings,2025-10-29,Active,72171.34,2.7
AC00002794,CU00004394,BR003,Savings,2021-08-26,Active,7012.55,2.7
AC00002795,CU00003950,BR017,Savings,2021-09-05,Active,13457.71,2.7
AC00002796,CU00003603,BR021,Salary,2026-06-02,Active,8116.13,2.5
AC00002797,CU00000459,BR007,Savings,2021-07-20,Active,293542.77,2.7
AC00002798,CU00002424,BR004,Salary,2023-11-13,Active,22431.97,2.5
AC00002799,CU00004087,BR002,Current,2025-04-03,Active,47873.34,0.0
AC00002800,CU00001743,BR023,Savings,2021-04-19,Active,35515.51,2.7
AC00002801,CU00002608,BR019,Current,2018-11-25,Active,86366.47,0.0
AC00002802,CU00000344,BR011,Savings,2025-11-22,Active,11779.96,2.7
AC00002803,CU00004731,BR018,Savings,2022-07-13,Active,73997.42,2.7
AC00002804,CU00000034,BR008,Savings,2025-11-06,Active,61653.34,2.7
AC00002805,CU00004494,BR023,Savings,2021-03-10,Active,2765.43,2.7
AC00002806,CU00003028,BR017,Fixed Deposit,2021-04-04,Active,119113.94,7.1
AC00002807,CU00002611,BR005,Savings,2019-11-23,Active,107405.97,2.7
AC00002808,CU00003221,BR005,Current,2023-02-09,Active,29758.33,0.0
AC00002809,CU00003249,BR008,Current,2022-04-21,Active,490609.84,0.0
AC00002810,CU00004029,BR003,Current,2018-06-24,Active,1277.33,0.0
AC00002811,CU00001784,BR008,Salary,2023-09-11,Active,49401.99,2.5
AC00002812,CU00002240,BR016,Savings,2020-05-27,Active,16988.67,2.7
AC00002813,CU00002571,BR021,Current,2020-09-11,Active,14956.8,0.0
AC00002814,CU00004710,BR021,Salary,2019-04-12,Active,161378.9,2.5
AC00002815,CU00003276,BR004,Savings,2022-08-29,Active,83083.88,2.7
AC00002816,CU00002331,BR002,Current,2026-03-22,Active,103216.42,0.0
AC00002817,CU00004511,BR020,Salary,2024-02-25,Active,29087.7,2.5
AC00002818,CU00000367,BR015,Savings,2021-02-01,Active,31626.77,2.7
AC00002819,CU00002984,BR002,Current,2018-11-27,Active,18351.25,0.0
AC00002820,CU00001960,BR001,Fixed Deposit,2019-08-23,Closed,123336.33,7.1
AC00002821,CU00001062,BR016,Fixed Deposit,2022-02-14,Active,68521.94,7.1
AC00002822,CU00003297,BR003,Salary,2020-05-07,Active,65620.9,2.5
AC00002823,CU00001781,BR019,Savings,2024-11-23,Closed,104808.26,2.7
AC00002824,CU00004972,BR023,Salary,2020-02-14,Active,43148.73,2.5
AC00002825,CU00000594,BR001,Savings,2026-05-22,Closed,36517.87,2.7
AC00002826,CU00003245,BR010,Salary,2022-10-09,Active,11391.71,2.5
AC00002827,CU00003356,BR015,Savings,2020-12-03,Active,15299.37,2.7
AC00002828,CU00004198,BR017,Salary,2020-12-28,Active,31645.71,2.5
AC00002829,CU00004139,BR018,Savings,2018-09-10,Active,22602.49,2.7
AC00002830,CU00003320,BR011,Current,2023-05-03,Active,7275.08,0.0
AC00002831,CU00003383,BR006,Current,2022-09-13,Active,24998.78,0.0
AC00002832,CU00002153,BR003,Fixed Deposit,2023-03-20,Active,1265718.95,7.1
AC00002833,CU00003514,BR015,Salary,2023-08-09,Active,8613.21,2.5
AC00002834,CU00000674,BR003,Salary,2023-03-12,Active,37958.35,2.5
AC00002835,CU00002537,BR017,Savings,2019-02-28,Active,29646.19,2.7
AC00002836,CU00003085,BR014,Salary,2023-07-11,Active,2783.52,2.5
AC00002837,CU00003502,BR003,Current,2022-11-18,Active,36648.14,0.0
AC00002838,CU00004826,BR004,Savings,2020-01-06,Active,219356.37,2.7
AC00002839,CU00000564,BR008,Salary,2020-03-06,Active,3684.83,2.5
AC00002840,CU00002357,BR021,Savings,2023-05-14,Active,48531.15,2.7
AC00002841,CU00003689,BR016,Salary,2020-01-20,Dormant,27483.49,2.5
AC00002842,CU00001564,BR012,Current,2021-03-03,Active,58586.06,0.0
AC00002843,CU00002767,BR012,Savings,2023-02-28,Dormant,2983.44,2.7
AC00002844,CU00000789,BR009,Fixed Deposit,2025-11-07,Active,916283.51,7.1
AC00002845,CU00001134,BR020,Fixed Deposit,2022-04-11,Active,457915.43,7.1
AC00002846,CU00004947,BR020,Savings,2020-01-17,Active,125124.68,2.7
AC00002847,CU00000668,BR018,Savings,2023-08-28,Active,20823.08,2.7
AC00002848,CU00000294,BR009,Current,2024-07-15,Active,17453.39,0.0
AC00002849,CU00001521,BR005,Fixed Deposit,2020-01-08,Active,109050.22,7.1
AC00002850,CU00002561,BR007,Savings,2020-05-30,Active,94996.24,2.7
AC00002851,CU00003440,BR015,Savings,2023-10-04,Active,5094.36,2.7
AC00002852,CU00001123,BR016,Current,2020-04-01,Active,25515.47,0.0
AC00002853,CU00004360,BR017,Savings,2024-08-10,Active,61807.21,2.7
AC00002854,CU00002235,BR012,Fixed Deposit,2025-03-02,Active,170852.0,7.1
AC00002855,CU00004440,BR017,Current,2025-06-10,Active,10358.65,0.0
AC00002856,CU00000721,BR021,Current,2020-06-30,Active,14756.92,0.0
AC00002857,CU00001538,BR021,Savings,2021-06-14,Active,9755.87,2.7
AC00002858,CU00004656,BR017,Savings,2023-06-10,Active,9573.35,2.7
AC00002859,CU00004022,BR002,Fixed Deposit,2020-07-24,Active,163979.02,7.1
AC00002860,CU00003858,BR021,Current,2021-04-22,Active,9326.59,0.0
AC00002861,CU00002688,BR017,Salary,2025-10-30,Active,32351.02,2.5
AC00002862,CU00003171,BR022,Fixed Deposit,2022-05-23,Closed,88919.64,7.1
AC00002863,CU00003134,BR022,Savings,2022-08-29,Active,25101.87,2.7
AC00002864,CU00003084,BR020,Fixed Deposit,2019-02-18,Active,507859.51,7.1
AC00002865,CU00003162,BR014,Salary,2022-04-21,Active,37620.17,2.5
AC00002866,CU00003342,BR014,Current,2020-01-09,Active,10278.28,0.0
AC00002867,CU00004536,BR017,Savings,2023-05-13,Active,91510.93,2.7
AC00002868,CU00001600,BR001,Savings,2020-06-23,Active,8284.4,2.7
AC00002869,CU00001539,BR014,Savings,2024-07-08,Active,8620.19,2.7
AC00002870,CU00001144,BR007,Salary,2024-02-12,Active,10377.95,2.5
AC00002871,CU00004019,BR005,Savings,2026-03-11,Active,38132.76,2.7
AC00002872,CU00001204,BR010,Savings,2022-11-13,Active,19243.65,2.7
AC00002873,CU00003674,BR004,Savings,2025-03-31,Active,124552.47,2.7
AC00002874,CU00001492,BR017,Salary,2020-09-25,Active,16521.54,2.5
AC00002875,CU00004816,BR015,Salary,2022-09-10,Active,18872.43,2.5
AC00002876,CU00002029,BR021,Salary,2021-03-31,Active,2859.16,2.5
AC00002877,CU00001392,BR003,Savings,2018-12-03,Active,25419.11,2.7
AC00002878,CU00000462,BR009,Current,2021-05-07,Active,5463.34,0.0
AC00002879,CU00001590,BR021,Savings,2023-05-12,Active,11861.51,2.7
AC00002880,CU00002041,BR019,Salary,2023-11-12,Active,4665.99,2.5
AC00002881,CU00002018,BR004,Salary,2018-09-26,Active,23455.54,2.5
AC00002882,CU00002131,BR004,Fixed Deposit,2019-06-15,Active,369990.0,7.1
AC00002883,CU00001125,BR023,Savings,2025-08-29,Active,35000.51,2.7
AC00002884,CU00002986,BR008,Fixed Deposit,2020-08-18,Active,226789.96,7.1
AC00002885,CU00003068,BR023,Current,2023-09-01,Active,78609.58,0.0
AC00002886,CU00002530,BR024,Savings,2024-04-24,Active,23733.77,2.7
AC00002887,CU00001459,BR018,Savings,2026-07-21,Active,294941.89,2.7
AC00002888,CU00002299,BR002,Fixed Deposit,2020-09-07,Active,441761.34,7.1
AC00002889,CU00003817,BR011,Salary,2024-05-22,Active,28255.81,2.5
AC00002890,CU00004399,BR020,Salary,2019-10-18,Active,3502.85,2.5
AC00002891,CU00000999,BR015,Salary,2020-05-13,Active,57136.22,2.5
AC00002892,CU00000880,BR002,Fixed Deposit,2018-10-18,Active,158817.36,7.1
AC00002893,CU00001632,BR024,Current,2022-05-07,Active,4583.16,0.0
AC00002894,CU00001756,BR002,Fixed Deposit,2025-01-28,Active,417158.8,7.1
AC00002895,CU00002896,BR009,Savings,2023-07-24,Active,9703.97,2.7
AC00002896,CU00002989,BR001,Savings,2020-10-21,Active,94515.83,2.7
AC00002897,CU00002695,BR009,Current,2020-04-20,Active,36065.03,0.0
AC00002898,CU00003226,BR020,Fixed Deposit,2021-10-28,Active,683304.54,7.1
AC00002899,CU00003928,BR019,Savings,2021-04-13,Active,10346.65,2.7
AC00002900,CU00001848,BR021,Savings,2020-03-10,Active,12132.09,2.7
AC00002901,CU00002603,BR021,Savings,2026-07-20,Active,1620.93,2.7
AC00002902,CU00000436,BR012,Salary,2020-03-04,Active,32217.89,2.5
AC00002903,CU00002023,BR010,Savings,2024-01-03,Active,26871.76,2.7
AC00002904,CU00000192,BR002,Savings,2021-01-01,Active,9734.07,2.7
AC00002905,CU00004620,BR024,Fixed Deposit,2019-07-08,Active,243617.05,7.1
AC00002906,CU00003467,BR023,Savings,2023-04-29,Active,6464.89,2.7
AC00002907,CU00000649,BR023,Savings,2025-08-26,Active,7236.43,2.7
AC00002908,CU00001533,BR024,Salary,2023-09-21,Active,15062.61,2.5
AC00002909,CU00002475,BR005,Current,2019-07-25,Active,7037.1,0.0
AC00002910,CU00001566,BR012,Salary,2020-12-05,Active,15962.15,2.5
AC00002911,CU00003777,BR005,Salary,2020-08-13,Active,6366.65,2.5
AC00002912,CU00000123,BR002,Savings,2026-03-16,Active,21715.46,2.7
AC00002913,CU00004669,BR003,Savings,2024-09-20,Active,29613.31,2.7
AC00002914,CU00002903,BR009,Current,2020-12-29,Active,64861.94,0.0
AC00002915,CU00001401,BR023,Savings,2026-06-16,Active,24421.58,2.7
AC00002916,CU00004463,BR007,Salary,2025-08-21,Active,139085.22,2.5
AC00002917,CU00004891,BR006,Salary,2019-06-29,Dormant,93957.96,2.5
AC00002918,CU00002012,BR009,Savings,2021-10-02,Active,31463.5,2.7
AC00002919,CU00001797,BR010,Savings,2018-10-02,Dormant,33146.7,2.7
AC00002920,CU00001767,BR022,Savings,2022-09-03,Active,33883.08,2.7
AC00002921,CU00002022,BR002,Savings,2020-06-06,Active,17318.66,2.7
AC00002922,CU00002460,BR022,Fixed Deposit,2021-08-29,Active,213191.11,7.1
AC00002923,CU00000582,BR002,Savings,2019-04-02,Active,14639.59,2.7
AC00002924,CU00003572,BR001,Savings,2021-05-20,Active,28156.41,2.7
AC00002925,CU00001472,BR020,Savings,2024-06-14,Active,21389.89,2.7
AC00002926,CU00002341,BR018,Fixed Deposit,2025-08-26,Active,57562.43,7.1
AC00002927,CU00003979,BR018,Savings,2022-07-01,Active,18492.92,2.7
AC00002928,CU00000538,BR013,Fixed Deposit,2024-10-22,Active,90791.63,7.1
AC00002929,CU00003664,BR011,Savings,2025-05-09,Active,14806.86,2.7
AC00002930,CU00000267,BR020,Savings,2025-11-20,Active,53644.07,2.7
AC00002931,CU00004197,BR008,Savings,2024-12-07,Active,40172.09,2.7
AC00002932,CU00004259,BR008,Fixed Deposit,2024-03-08,Active,221876.18,7.1
AC00002933,CU00002675,BR012,Savings,2018-11-04,Active,42088.02,2.7
AC00002934,CU00001646,BR016,Fixed Deposit,2023-08-01,Active,295765.28,7.1
AC00002935,CU00002981,BR006,Salary,2026-01-20,Active,67580.9,2.5
AC00002936,CU00004866,BR001,Fixed Deposit,2026-06-11,Active,234988.84,7.1
AC00002937,CU00001824,BR022,Fixed Deposit,2022-09-13,Active,212658.53,7.1
AC00002938,CU00002591,BR011,Savings,2020-08-31,Active,4017.96,2.7
AC00002939,CU00000590,BR023,Savings,2026-05-05,Active,5220.33,2.7
AC00002940,CU00004450,BR015,Salary,2023-04-12,Active,22980.98,2.5
AC00002941,CU00003006,BR017,Savings,2023-05-18,Dormant,16983.17,2.7
AC00002942,CU00003066,BR006,Savings,2023-08-07,Active,56627.51,2.7
AC00002943,CU00000011,BR007,Savings,2026-07-07,Active,41137.99,2.7
AC00002944,CU00003049,BR004,Fixed Deposit,2021-11-30,Active,341999.8,7.1
AC00002945,CU00000391,BR006,Savings,2023-06-19,Active,111736.03,2.7
AC00002946,CU00003098,BR016,Salary,2022-05-11,Active,16156.1,2.5
AC00002947,CU00004946,BR018,Salary,2021-07-10,Active,55389.36,2.5
AC00002948,CU00001295,BR023,Fixed Deposit,2023-06-10,Dormant,944767.34,7.1
AC00002949,CU00004694,BR011,Savings,2026-03-29,Active,28308.72,2.7
AC00002950,CU00001094,BR004,Fixed Deposit,2025-01-04,Active,367899.07,7.1
AC00002951,CU00004704,BR012,Savings,2025-06-10,Dormant,3817.64,2.7
AC00002952,CU00002404,BR016,Salary,2018-08-08,Active,3267.84,2.5
AC00002953,CU00003836,BR020,Current,2020-01-05,Active,9348.0,0.0
AC00002954,CU00004526,BR022,Savings,2023-08-11,Active,28946.64,2.7
AC00002955,CU00000513,BR001,Salary,2024-02-02,Active,34872.91,2.5
AC00002956,CU00004084,BR023,Savings,2025-02-25,Active,6067.45,2.7
AC00002957,CU00000205,BR018,Savings,2024-08-13,Active,56159.08,2.7
AC00002958,CU00004238,BR007,Savings,2022-02-17,Active,21328.59,2.7
AC00002959,CU00004300,BR005,Current,2021-10-31,Active,16252.73,0.0
AC00002960,CU00003850,BR005,Current,2021-05-14,Active,55876.67,0.0
AC00002961,CU00004347,BR012,Savings,2019-12-17,Active,111164.39,2.7
AC00002962,CU00004050,BR016,Current,2019-04-02,Active,29369.7,0.0
AC00002963,CU00002903,BR006,Savings,2025-03-29,Active,84139.94,2.7
AC00002964,CU00001302,BR005,Savings,2021-09-26,Active,8763.52,2.7
AC00002965,CU00004595,BR011,Salary,2021-07-08,Active,1899.31,2.5
AC00002966,CU00000055,BR003,Current,2024-09-22,Active,26522.54,0.0
AC00002967,CU00003603,BR018,Current,2021-10-29,Active,287427.69,0.0
AC00002968,CU00003929,BR023,Savings,2026-02-06,Active,5033.61,2.7
AC00002969,CU00003127,BR024,Salary,2019-02-11,Active,190405.5,2.5
AC00002970,CU00004002,BR022,Savings,2024-08-05,Active,33910.83,2.7
AC00002971,CU00000078,BR001,Current,2021-09-13,Active,4020.42,0.0
AC00002972,CU00003924,BR012,Savings,2022-03-07,Active,9451.22,2.7
AC00002973,CU00000416,BR014,Savings,2024-04-30,Active,7252.52,2.7
AC00002974,CU00003291,BR005,Savings,2021-04-18,Active,101457.32,2.7
AC00002975,CU00002419,BR010,Savings,2018-09-22,Active,51121.04,2.7
AC00002976,CU00002684,BR021,Savings,2022-07-23,Active,4057.47,2.7
AC00002977,CU00000498,BR002,Savings,2020-04-04,Active,39729.7,2.7
AC00002978,CU00004673,BR010,Savings,2024-08-26,Active,87765.71,2.7
AC00002979,CU00001019,BR005,Savings,2024-06-18,Active,85680.67,2.7
AC00002980,CU00000387,BR024,Savings,2019-12-06,Active,27011.13,2.7
AC00002981,CU00001396,BR023,Current,2019-02-23,Active,2951.1,0.0
AC00002982,CU00001636,BR014,Salary,2019-05-17,Active,22451.83,2.5
AC00002983,CU00004058,BR002,Salary,2022-05-04,Active,25265.35,2.5
AC00002984,CU00001576,BR013,Savings,2021-12-03,Active,13842.73,2.7
AC00002985,CU00000693,BR016,Savings,2026-03-30,Active,29008.47,2.7
AC00002986,CU00002513,BR011,Salary,2019-05-15,Active,4598.09,2.5
AC00002987,CU00000098,BR004,Savings,2021-05-27,Active,71411.39,2.7
AC00002988,CU00001010,BR024,Current,2023-11-23,Active,43951.87,0.0
AC00002989,CU00004061,BR014,Current,2024-10-17,Active,132741.91,0.0
AC00002990,CU00001893,BR004,Fixed Deposit,2019-09-25,Active,257553.55,7.1
AC00002991,CU00000270,BR002,Savings,2019-06-17,Active,90903.63,2.7
AC00002992,CU00001420,BR024,Current,2021-03-10,Active,9873.37,0.0
AC00002993,CU00000990,BR003,Fixed Deposit,2024-01-09,Active,248518.53,7.1
AC00002994,CU00002106,BR010,Savings,2024-11-08,Active,47252.37,2.7
AC00002995,CU00001489,BR011,Savings,2024-02-05,Active,8261.63,2.7
AC00002996,CU00001091,BR002,Salary,2026-05-08,Active,533364.86,2.5
AC00002997,CU00004104,BR011,Current,2026-01-13,Active,18592.05,0.0
AC00002998,CU00002570,BR020,Salary,2019-01-26,Active,28479.72,2.5
AC00002999,CU00000416,BR021,Salary,2023-01-20,Active,5267.88,2.5
AC00003000,CU00004106,BR013,Savings,2022-02-25,Active,64788.65,2.7
AC00003001,CU00001050,BR020,Salary,2024-06-15,Active,103955.74,2.5
AC00003002,CU00003065,BR020,Salary,2018-11-07,Active,8743.99,2.5
AC00003003,CU00004282,BR014,Savings,2025-08-19,Active,40255.91,2.7
AC00003004,CU00001639,BR014,Savings,2020-12-17,Active,149043.96,2.7
AC00003005,CU00002839,BR011,Savings,2025-05-17,Active,11606.43,2.7
AC00003006,CU00002100,BR005,Savings,2025-09-07,Active,99273.02,2.7
AC00003007,CU00004914,BR013,Fixed Deposit,2022-11-11,Closed,260305.8,7.1
AC00003008,CU00002541,BR018,Fixed Deposit,2025-07-24,Dormant,402091.57,7.1
AC00003009,CU00003101,BR010,Salary,2018-10-05,Active,14007.61,2.5
AC00003010,CU00001031,BR015,Salary,2020-07-27,Active,23710.61,2.5
AC00003011,CU00001261,BR019,Salary,2018-08-16,Active,14029.48,2.5
AC00003012,CU00003399,BR021,Salary,2019-07-24,Dormant,27591.1,2.5
AC00003013,CU00003568,BR019,Fixed Deposit,2025-05-01,Active,724310.67,7.1
AC00003014,CU00002899,BR002,Fixed Deposit,2024-07-01,Active,145513.87,7.1
AC00003015,CU00002843,BR010,Savings,2023-12-19,Active,10029.78,2.7
AC00003016,CU00004996,BR014,Savings,2024-05-01,Active,47723.2,2.7
AC00003017,CU00002629,BR012,Savings,2018-07-28,Active,12931.42,2.7
AC00003018,CU00000285,BR018,Salary,2018-10-01,Dormant,10837.37,2.5
AC00003019,CU00003704,BR005,Savings,2024-07-02,Active,65610.54,2.7
AC00003020,CU00003101,BR021,Savings,2021-03-02,Active,15926.18,2.7
AC00003021,CU00004310,BR005,Savings,2022-03-20,Active,24685.42,2.7
AC00003022,CU00004484,BR003,Savings,2020-04-06,Active,43155.35,2.7
AC00003023,CU00003640,BR002,Salary,2022-12-21,Active,43554.21,2.5
AC00003024,CU00000678,BR023,Salary,2021-04-08,Active,37473.56,2.5
AC00003025,CU00000967,BR004,Savings,2021-09-02,Active,14740.21,2.7
AC00003026,CU00004184,BR007,Savings,2025-08-07,Active,42080.56,2.7
AC00003027,CU00003591,BR014,Current,2023-11-18,Active,23522.53,0.0
AC00003028,CU00003561,BR015,Savings,2021-12-03,Active,162044.17,2.7
AC00003029,CU00003204,BR007,Savings,2022-02-10,Active,51996.74,2.7
AC00003030,CU00004227,BR017,Salary,2025-05-12,Active,133234.96,2.5
AC00003031,CU00001027,BR011,Savings,2024-03-27,Active,13217.54,2.7
AC00003032,CU00004657,BR003,Fixed Deposit,2024-10-20,Closed,54235.64,7.1
AC00003033,CU00000316,BR001,Savings,2020-01-12,Active,136082.22,2.7
AC00003034,CU00002756,BR021,Savings,2019-01-12,Active,35646.55,2.7
AC00003035,CU00003064,BR022,Savings,2024-06-14,Active,7813.73,2.7
AC00003036,CU00004884,BR023,Savings,2024-05-27,Active,21730.15,2.7
AC00003037,CU00000648,BR014,Savings,2024-10-22,Dormant,160316.66,2.7
AC00003038,CU00003510,BR015,Salary,2019-02-14,Active,71926.33,2.5
AC00003039,CU00000638,BR012,Savings,2020-03-15,Active,24602.65,2.7
AC00003040,CU00004370,BR008,Savings,2018-08-20,Active,25500.66,2.7
AC00003041,CU00004890,BR011,Savings,2025-06-05,Dormant,8526.44,2.7
AC00003042,CU00002048,BR006,Savings,2020-09-09,Active,108332.47,2.7
AC00003043,CU00000790,BR001,Savings,2026-04-01,Active,172126.06,2.7
AC00003044,CU00000271,BR022,Current,2021-06-30,Active,43114.34,0.0
AC00003045,CU00002848,BR002,Current,2019-10-03,Active,161688.58,0.0
AC00003046,CU00003338,BR013,Salary,2024-10-22,Active,6094.05,2.5
AC00003047,CU00004786,BR020,Savings,2023-12-29,Active,14951.64,2.7
AC00003048,CU00003530,BR023,Salary,2019-10-08,Active,1185.91,2.5
AC00003049,CU00004848,BR021,Current,2020-09-16,Active,17507.09,0.0
AC00003050,CU00001985,BR001,Savings,2024-01-08,Active,72321.33,2.7
AC00003051,CU00003333,BR013,Savings,2018-07-03,Active,92839.35,2.7
AC00003052,CU00004054,BR020,Salary,2019-11-16,Active,2839.02,2.5
AC00003053,CU00001752,BR010,Savings,2020-11-17,Active,55871.55,2.7
AC00003054,CU00002763,BR016,Savings,2020-05-27,Active,19783.86,2.7
AC00003055,CU00003840,BR010,Current,2023-11-09,Active,166271.33,0.0
AC00003056,CU00001763,BR002,Salary,2021-04-18,Active,6699.14,2.5
AC00003057,CU00000181,BR005,Savings,2026-07-17,Active,12454.11,2.7
AC00003058,CU00001492,BR010,Savings,2020-07-28,Active,1137430.2,2.7
AC00003059,CU00002861,BR009,Savings,2025-07-19,Active,34702.9,2.7
AC00003060,CU00004585,BR015,Salary,2020-07-01,Active,27841.75,2.5
AC00003061,CU00002416,BR013,Fixed Deposit,2024-03-10,Active,573119.24,7.1
AC00003062,CU00001314,BR015,Savings,2021-10-03,Active,50827.9,2.7
AC00003063,CU00001756,BR018,Savings,2020-04-07,Active,1164449.33,2.7
AC00003064,CU00000373,BR012,Savings,2025-09-10,Active,5411.88,2.7
AC00003065,CU00002745,BR014,Fixed Deposit,2020-05-05,Active,312545.45,7.1
AC00003066,CU00003172,BR011,Salary,2020-07-12,Active,65172.27,2.5
AC00003067,CU00000485,BR021,Savings,2020-09-06,Active,32154.78,2.7
AC00003068,CU00000190,BR007,Savings,2025-04-20,Active,9183.54,2.7
AC00003069,CU00004331,BR022,Current,2018-11-29,Active,30463.02,0.0
AC00003070,CU00004464,BR009,Savings,2024-04-29,Active,73471.85,2.7
AC00003071,CU00002647,BR005,Current,2025-07-20,Active,35515.86,0.0
AC00003072,CU00002003,BR011,Savings,2021-01-05,Dormant,5219.92,2.7
AC00003073,CU00000225,BR021,Fixed Deposit,2021-10-21,Active,156599.49,7.1
AC00003074,CU00001163,BR014,Fixed Deposit,2021-04-25,Active,723280.82,7.1
AC00003075,CU00002572,BR019,Savings,2019-05-30,Active,145593.13,2.7
AC00003076,CU00001120,BR021,Savings,2019-07-31,Active,4911.52,2.7
AC00003077,CU00002648,BR017,Savings,2021-06-13,Active,31459.42,2.7
AC00003078,CU00001967,BR001,Savings,2021-05-26,Active,61012.65,2.7
AC00003079,CU00000571,BR019,Savings,2025-11-27,Active,5569.21,2.7
AC00003080,CU00004067,BR013,Savings,2019-02-24,Active,18882.9,2.7
AC00003081,CU00003154,BR019,Salary,2025-04-08,Active,53684.26,2.5
AC00003082,CU00001580,BR021,Current,2025-03-27,Active,9328.71,0.0
AC00003083,CU00001696,BR011,Savings,2025-01-12,Active,108759.52,2.7
AC00003084,CU00003710,BR020,Savings,2023-05-22,Active,101875.89,2.7
AC00003085,CU00002170,BR014,Current,2019-02-19,Active,15428.14,0.0
AC00003086,CU00002779,BR006,Salary,2022-02-01,Active,13878.66,2.5
AC00003087,CU00000439,BR009,Fixed Deposit,2021-06-28,Active,737321.61,7.1
AC00003088,CU00002199,BR022,Savings,2025-10-06,Active,52010.98,2.7
AC00003089,CU00001354,BR016,Fixed Deposit,2023-01-16,Dormant,258334.64,7.1
AC00003090,CU00000131,BR008,Savings,2020-04-14,Active,25580.67,2.7
AC00003091,CU00002780,BR009,Savings,2025-12-01,Active,30135.34,2.7
AC00003092,CU00001786,BR013,Savings,2023-01-16,Active,31990.5,2.7
AC00003093,CU00001624,BR016,Current,2020-04-28,Active,50891.34,0.0
AC00003094,CU00000710,BR002,Savings,2019-07-03,Active,98635.83,2.7
AC00003095,CU00003694,BR022,Savings,2021-09-20,Active,37008.83,2.7
AC00003096,CU00003424,BR010,Salary,2019-06-30,Dormant,34787.58,2.5
AC00003097,CU00000073,BR005,Salary,2019-12-12,Active,125544.9,2.5
AC00003098,CU00003790,BR021,Salary,2020-07-21,Active,11806.7,2.5
AC00003099,CU00001472,BR013,Savings,2025-11-23,Active,56024.89,2.7
AC00003100,CU00002531,BR015,Savings,2021-05-23,Dormant,131374.17,2.7
AC00003101,CU00003083,BR017,Savings,2024-06-16,Active,17135.04,2.7
AC00003102,CU00002152,BR024,Savings,2020-09-05,Active,3345.73,2.7
AC00003103,CU00004628,BR018,Savings,2023-05-14,Active,75126.01,2.7
AC00003104,CU00003421,BR006,Savings,2022-05-23,Active,10554.5,2.7
AC00003105,CU00002624,BR002,Savings,2026-03-15,Active,31252.23,2.7
AC00003106,CU00000972,BR012,Savings,2018-12-20,Active,6884.98,2.7
AC00003107,CU00002578,BR015,Savings,2021-11-21,Active,9158.39,2.7
AC00003108,CU00004648,BR009,Savings,2022-05-21,Active,125530.88,2.7
AC00003109,CU00001433,BR021,Savings,2021-03-02,Active,74907.33,2.7
AC00003110,CU00001181,BR002,Savings,2023-05-08,Active,24155.5,2.7
AC00003111,CU00000228,BR003,Savings,2020-04-09,Active,37181.7,2.7
AC00003112,CU00003771,BR024,Salary,2023-08-27,Active,6801.82,2.5
AC00003113,CU00001133,BR009,Current,2024-02-14,Active,21914.0,0.0
AC00003114,CU00002701,BR021,Fixed Deposit,2020-08-17,Dormant,246654.57,7.1
AC00003115,CU00003239,BR007,Savings,2023-02-03,Active,30088.43,2.7
AC00003116,CU00001830,BR002,Savings,2022-08-06,Active,5935.0,2.7
AC00003117,CU00004114,BR014,Fixed Deposit,2018-09-15,Active,148966.42,7.1
AC00003118,CU00002483,BR024,Savings,2024-09-30,Dormant,17653.27,2.7
AC00003119,CU00003465,BR002,Current,2023-11-19,Active,30754.4,0.0
AC00003120,CU00004472,BR023,Fixed Deposit,2022-12-07,Active,167353.14,7.1
AC00003121,CU00001878,BR020,Fixed Deposit,2026-04-21,Active,138798.58,7.1
AC00003122,CU00004059,BR008,Savings,2019-03-28,Active,27181.06,2.7
AC00003123,CU00001799,BR001,Fixed Deposit,2026-04-04,Closed,928900.26,7.1
AC00003124,CU00001859,BR010,Salary,2026-04-17,Active,7389.36,2.5
AC00003125,CU00001701,BR023,Savings,2025-08-11,Active,121096.39,2.7
AC00003126,CU00002186,BR002,Savings,2025-04-17,Active,102877.55,2.7
AC00003127,CU00004886,BR017,Salary,2019-03-08,Active,5988.17,2.5
AC00003128,CU00001051,BR006,Salary,2022-12-27,Active,6565.92,2.5
AC00003129,CU00003629,BR021,Salary,2021-10-18,Active,27800.03,2.5
AC00003130,CU00000505,BR020,Salary,2024-06-18,Active,16602.17,2.5
AC00003131,CU00001883,BR007,Fixed Deposit,2023-05-19,Active,320615.56,7.1
AC00003132,CU00004938,BR001,Current,2023-10-23,Active,18016.84,0.0
AC00003133,CU00000946,BR020,Savings,2025-05-16,Active,18897.06,2.7
AC00003134,CU00003727,BR019,Salary,2024-04-20,Active,23341.0,2.5
AC00003135,CU00000531,BR005,Savings,2023-07-19,Active,18741.85,2.7
AC00003136,CU00000579,BR013,Current,2026-07-08,Active,16918.59,0.0
AC00003137,CU00004911,BR018,Salary,2022-01-04,Active,22381.5,2.5
AC00003138,CU00001337,BR008,Salary,2021-12-13,Active,204256.8,2.5
AC00003139,CU00000203,BR006,Fixed Deposit,2022-02-09,Active,127560.55,7.1
AC00003140,CU00002781,BR009,Salary,2026-08-06,Active,9531.81,2.5
AC00003141,CU00004445,BR016,Savings,2018-12-21,Dormant,31733.77,2.7
AC00003142,CU00004589,BR008,Salary,2021-03-06,Active,128626.94,2.5
AC00003143,CU00002991,BR023,Fixed Deposit,2021-09-29,Active,218239.39,7.1
AC00003144,CU00004004,BR017,Savings,2023-06-04,Active,12685.98,2.7
AC00003145,CU00004022,BR013,Savings,2022-11-16,Active,31270.14,2.7
AC00003146,CU00004213,BR014,Savings,2025-08-22,Active,31311.4,2.7
AC00003147,CU00003946,BR023,Salary,2020-05-29,Dormant,5990.74,2.5
AC00003148,CU00002691,BR004,Salary,2025-01-11,Active,13849.15,2.5
AC00003149,CU00004539,BR008,Fixed Deposit,2021-05-23,Active,274529.29,7.1
AC00003150,CU00004335,BR024,Savings,2024-01-04,Active,17490.64,2.7
AC00003151,CU00001832,BR020,Savings,2024-12-14,Active,123297.96,2.7
AC00003152,CU00000107,BR001,Savings,2021-11-18,Active,92863.22,2.7
AC00003153,CU00001537,BR012,Savings,2024-10-30,Active,107063.21,2.7
AC00003154,CU00002051,BR009,Current,2022-01-30,Closed,10486.81,0.0
AC00003155,CU00003090,BR002,Savings,2021-05-02,Active,235458.58,2.7
AC00003156,CU00004632,BR007,Savings,2024-08-11,Active,39132.6,2.7
AC00003157,CU00001905,BR005,Current,2024-01-21,Active,11983.23,0.0
AC00003158,CU00004061,BR016,Savings,2021-06-06,Closed,12252.3,2.7
AC00003159,CU00000810,BR019,Salary,2019-09-18,Closed,18421.74,2.5
AC00003160,CU00002006,BR023,Current,2026-03-23,Active,39689.48,0.0
AC00003161,CU00002844,BR009,Salary,2018-09-21,Active,52014.9,2.5
AC00003162,CU00000905,BR012,Current,2019-07-05,Active,26860.7,0.0
AC00003163,CU00004889,BR006,Savings,2020-05-01,Active,9962.83,2.7
AC00003164,CU00002273,BR004,Savings,2019-06-26,Active,68791.16,2.7
AC00003165,CU00001932,BR004,Current,2026-04-29,Closed,7986.24,0.0
AC00003166,CU00003958,BR008,Salary,2018-11-19,Active,1853.0,2.5
AC00003167,CU00003260,BR023,Savings,2022-08-10,Active,22536.56,2.7
AC00003168,CU00000791,BR003,Fixed Deposit,2026-01-05,Active,680260.14,7.1
AC00003169,CU00002389,BR007,Current,2021-11-17,Active,31207.61,0.0
AC00003170,CU00000836,BR013,Savings,2024-11-04,Active,61593.18,2.7
AC00003171,CU00004016,BR011,Savings,2026-03-14,Active,20616.6,2.7
AC00003172,CU00001839,BR012,Salary,2022-09-25,Active,16379.21,2.5
AC00003173,CU00001581,BR020,Salary,2022-12-25,Closed,17934.61,2.5
AC00003174,CU00002791,BR012,Salary,2019-08-13,Active,66138.32,2.5
AC00003175,CU00002721,BR006,Fixed Deposit,2024-03-08,Active,429409.75,7.1
AC00003176,CU00000122,BR012,Savings,2024-10-09,Active,59297.44,2.7
AC00003177,CU00002121,BR021,Savings,2022-03-18,Active,202376.3,2.7
AC00003178,CU00000458,BR007,Current,2022-07-23,Active,45404.16,0.0
AC00003179,CU00004478,BR012,Current,2022-12-08,Active,105029.75,0.0
AC00003180,CU00000598,BR012,Fixed Deposit,2024-03-04,Active,156427.3,7.1
AC00003181,CU00003505,BR020,Savings,2018-10-08,Active,22929.12,2.7
AC00003182,CU00004064,BR008,Savings,2020-02-07,Active,66543.32,2.7
AC00003183,CU00000096,BR011,Current,2020-05-10,Active,114164.81,0.0
AC00003184,CU00002568,BR001,Savings,2023-04-16,Active,39787.84,2.7
AC00003185,CU00000512,BR004,Savings,2022-06-07,Active,17487.45,2.7
AC00003186,CU00002323,BR014,Savings,2026-05-23,Active,13809.62,2.7
AC00003187,CU00002813,BR018,Fixed Deposit,2025-09-23,Active,135891.63,7.1
AC00003188,CU00001811,BR011,Fixed Deposit,2025-05-29,Active,93072.11,7.1
AC00003189,CU00000402,BR015,Fixed Deposit,2019-04-11,Active,481837.87,7.1
AC00003190,CU00003689,BR002,Savings,2020-11-15,Dormant,73494.69,2.7
AC00003191,CU00000438,BR024,Savings,2018-10-31,Active,86191.11,2.7
AC00003192,CU00002647,BR011,Salary,2019-01-26,Active,65853.93,2.5
AC00003193,CU00001306,BR019,Savings,2021-01-09,Active,11098.02,2.7
AC00003194,CU00003910,BR005,Salary,2024-05-12,Active,39444.65,2.5
AC00003195,CU00001850,BR023,Salary,2023-03-19,Active,49253.26,2.5
AC00003196,CU00002551,BR004,Salary,2024-01-14,Active,29910.98,2.5
AC00003197,CU00001697,BR010,Fixed Deposit,2020-03-19,Active,442085.25,7.1
AC00003198,CU00004049,BR016,Current,2026-07-15,Active,10919.74,0.0
AC00003199,CU00001503,BR013,Savings,2023-01-14,Active,98297.62,2.7
AC00003200,CU00003256,BR007,Salary,2024-12-12,Active,33465.03,2.5
AC00003201,CU00001606,BR004,Current,2023-04-25,Active,18462.72,0.0
AC00003202,CU00003868,BR020,Savings,2024-08-05,Active,14466.0,2.7
AC00003203,CU00004113,BR018,Salary,2020-10-01,Active,19545.6,2.5
AC00003204,CU00001189,BR017,Savings,2023-03-22,Active,10583.49,2.7
AC00003205,CU00002031,BR010,Savings,2019-11-06,Active,112570.47,2.7
AC00003206,CU00001635,BR007,Savings,2026-06-21,Active,20247.28,2.7
AC00003207,CU00003046,BR020,Fixed Deposit,2026-03-23,Active,98020.33,7.1
AC00003208,CU00004287,BR001,Current,2021-12-17,Active,93075.79,0.0
AC00003209,CU00004792,BR016,Current,2026-03-20,Active,92741.16,0.0
AC00003210,CU00003762,BR017,Fixed Deposit,2019-01-12,Active,206151.14,7.1
AC00003211,CU00004033,BR016,Savings,2024-11-29,Active,12387.32,2.7
AC00003212,CU00004430,BR024,Fixed Deposit,2026-07-29,Active,83320.0,7.1
AC00003213,CU00004673,BR014,Current,2020-11-03,Active,8338.02,0.0
AC00003214,CU00000524,BR013,Fixed Deposit,2026-04-25,Active,458284.58,7.1
AC00003215,CU00000209,BR007,Fixed Deposit,2025-09-05,Active,647916.58,7.1
AC00003216,CU00003307,BR009,Savings,2023-08-28,Active,6190.71,2.7
AC00003217,CU00001417,BR024,Salary,2024-06-08,Active,57062.32,2.5
AC00003218,CU00004306,BR018,Salary,2019-06-26,Active,31809.28,2.5
AC00003219,CU00004910,BR022,Salary,2021-08-06,Active,47634.19,2.5
AC00003220,CU00003960,BR018,Savings,2022-01-30,Active,35143.05,2.7
AC00003221,CU00002682,BR005,Savings,2019-08-05,Active,15909.79,2.7
AC00003222,CU00000348,BR004,Fixed Deposit,2022-03-15,Active,92651.62,7.1
AC00003223,CU00003986,BR004,Salary,2025-04-09,Dormant,7001.91,2.5
AC00003224,CU00004923,BR008,Salary,2024-01-06,Active,36045.34,2.5
AC00003225,CU00003978,BR013,Salary,2019-06-15,Active,5948.75,2.5
AC00003226,CU00000298,BR014,Salary,2023-11-07,Active,37438.84,2.5
AC00003227,CU00002807,BR005,Fixed Deposit,2019-03-06,Active,486039.38,7.1
AC00003228,CU00004343,BR017,Current,2025-01-28,Active,116975.2,0.0
AC00003229,CU00004785,BR008,Current,2024-07-28,Active,23264.75,0.0
AC00003230,CU00001343,BR018,Salary,2020-12-18,Active,9364.42,2.5
AC00003231,CU00003207,BR002,Current,2021-10-29,Active,56000.4,0.0
AC00003232,CU00001539,BR008,Savings,2025-02-01,Active,46377.99,2.7
AC00003233,CU00002699,BR003,Fixed Deposit,2023-03-11,Active,182064.3,7.1
AC00003234,CU00002274,BR004,Fixed Deposit,2021-09-08,Active,79666.66,7.1
AC00003235,CU00001346,BR017,Savings,2024-09-29,Active,17008.95,2.7
AC00003236,CU00002570,BR022,Current,2021-01-07,Active,34689.88,0.0
AC00003237,CU00002064,BR014,Fixed Deposit,2020-09-19,Active,302322.2,7.1
AC00003238,CU00001447,BR014,Savings,2025-04-05,Active,78331.32,2.7
AC00003239,CU00002436,BR011,Current,2021-02-12,Active,29823.4,0.0
AC00003240,CU00002456,BR016,Fixed Deposit,2022-05-13,Closed,373075.35,7.1
AC00003241,CU00004201,BR009,Current,2022-09-29,Active,50185.36,0.0
AC00003242,CU00003743,BR017,Savings,2018-12-26,Active,142192.5,2.7
AC00003243,CU00002062,BR012,Salary,2021-10-21,Active,12222.66,2.5
AC00003244,CU00002047,BR004,Savings,2026-02-28,Active,9817.69,2.7
AC00003245,CU00000960,BR007,Current,2023-02-25,Active,12016.53,0.0
AC00003246,CU00004789,BR014,Salary,2021-04-29,Active,18582.88,2.5
AC00003247,CU00000502,BR009,Savings,2023-04-11,Active,68954.91,2.7
AC00003248,CU00000143,BR013,Fixed Deposit,2025-08-11,Active,330364.56,7.1
AC00003249,CU00001859,BR013,Savings,2022-01-16,Active,52336.21,2.7
AC00003250,CU00004931,BR001,Savings,2023-07-17,Active,8583.65,2.7
AC00003251,CU00001688,BR010,Savings,2026-02-08,Active,90818.5,2.7
AC00003252,CU00001200,BR018,Salary,2020-06-09,Active,11446.2,2.5
AC00003253,CU00002738,BR024,Savings,2026-02-14,Active,67242.96,2.7
AC00003254,CU00000775,BR012,Savings,2019-09-29,Active,23065.63,2.7
AC00003255,CU00001946,BR021,Savings,2021-07-13,Active,2994.99,2.7
AC00003256,CU00000919,BR021,Salary,2024-03-12,Active,27555.95,2.5
AC00003257,CU00004103,BR017,Savings,2018-10-25,Active,49417.97,2.7
AC00003258,CU00004925,BR020,Savings,2024-05-03,Active,4593.46,2.7
AC00003259,CU00000242,BR024,Current,2025-12-30,Active,3545.18,0.0
AC00003260,CU00001328,BR015,Salary,2022-02-19,Active,145560.32,2.5
AC00003261,CU00004866,BR016,Fixed Deposit,2025-02-16,Active,103431.88,7.1
AC00003262,CU00003132,BR013,Savings,2024-04-12,Dormant,10430.33,2.7
AC00003263,CU00004800,BR013,Savings,2024-02-26,Active,25582.15,2.7
AC00003264,CU00001978,BR021,Savings,2021-08-11,Active,24029.51,2.7
AC00003265,CU00004446,BR007,Savings,2021-12-14,Active,20217.21,2.7
AC00003266,CU00003215,BR003,Salary,2022-09-14,Active,25878.76,2.5
AC00003267,CU00003327,BR005,Salary,2026-03-31,Closed,41735.85,2.5
AC00003268,CU00003137,BR011,Savings,2026-05-01,Active,68043.77,2.7
AC00003269,CU00001671,BR024,Fixed Deposit,2021-04-24,Active,156277.85,7.1
AC00003270,CU00001454,BR016,Savings,2019-12-29,Dormant,5101.98,2.7
AC00003271,CU00001957,BR020,Salary,2022-03-13,Active,20412.83,2.5
AC00003272,CU00001386,BR009,Salary,2021-07-17,Active,26259.71,2.5
AC00003273,CU00000476,BR005,Savings,2020-11-13,Active,24351.63,2.7
AC00003274,CU00004486,BR014,Savings,2023-06-10,Active,44468.47,2.7
AC00003275,CU00000775,BR001,Salary,2019-09-03,Closed,18251.02,2.5
AC00003276,CU00000388,BR004,Savings,2021-03-24,Active,35073.57,2.7
AC00003277,CU00001676,BR018,Fixed Deposit,2025-07-01,Active,433913.01,7.1
AC00003278,CU00001744,BR009,Savings,2023-01-11,Active,237004.16,2.7
AC00003279,CU00001728,BR020,Salary,2024-09-05,Active,18678.35,2.5
AC00003280,CU00000547,BR001,Savings,2019-03-30,Active,10421.31,2.7
AC00003281,CU00000695,BR022,Salary,2018-12-05,Active,12356.54,2.5
AC00003282,CU00002814,BR024,Fixed Deposit,2018-09-03,Active,190631.17,7.1
AC00003283,CU00000001,BR019,Salary,2022-05-04,Active,39934.92,2.5
AC00003284,CU00001923,BR009,Savings,2024-06-20,Active,48515.66,2.7
AC00003285,CU00002132,BR017,Savings,2018-10-06,Active,7974.08,2.7
AC00003286,CU00002404,BR009,Current,2021-01-26,Active,10699.53,0.0
AC00003287,CU00003330,BR020,Fixed Deposit,2021-03-16,Active,214720.48,7.1
AC00003288,CU00001712,BR001,Savings,2019-05-26,Active,57055.68,2.7
AC00003289,CU00001701,BR018,Salary,2024-05-02,Dormant,6254.29,2.5
AC00003290,CU00002942,BR010,Savings,2024-07-18,Active,24078.66,2.7
AC00003291,CU00001821,BR019,Savings,2025-02-12,Active,46938.31,2.7
AC00003292,CU00003101,BR001,Salary,2020-06-08,Active,15766.61,2.5
AC00003293,CU00003319,BR005,Salary,2020-04-16,Dormant,94997.25,2.5
AC00003294,CU00004178,BR016,Fixed Deposit,2019-05-04,Active,33019.49,7.1
AC00003295,CU00003577,BR021,Savings,2020-10-06,Active,45636.83,2.7
AC00003296,CU00002660,BR012,Savings,2026-07-29,Active,5963.43,2.7
AC00003297,CU00004020,BR001,Salary,2019-05-19,Active,35415.53,2.5
AC00003298,CU00000843,BR023,Savings,2025-01-02,Active,261666.82,2.7
AC00003299,CU00001515,BR001,Salary,2023-11-02,Active,103254.48,2.5
AC00003300,CU00003078,BR014,Savings,2024-11-17,Active,12418.76,2.7
AC00003301,CU00001773,BR012,Savings,2022-08-04,Active,25712.88,2.7
AC00003302,CU00001592,BR011,Salary,2020-04-23,Active,32731.12,2.5
AC00003303,CU00002889,BR017,Salary,2024-02-19,Active,13304.14,2.5
AC00003304,CU00001388,BR010,Current,2023-10-25,Active,2408.27,0.0
AC00003305,CU00004728,BR002,Savings,2022-10-07,Active,30759.12,2.7
AC00003306,CU00000123,BR003,Salary,2023-07-22,Active,12851.04,2.5
AC00003307,CU00004877,BR023,Salary,2022-04-21,Active,62343.91,2.5
AC00003308,CU00003594,BR022,Current,2020-10-23,Active,12343.33,0.0
AC00003309,CU00001345,BR014,Current,2020-05-11,Active,11669.62,0.0
AC00003310,CU00000478,BR009,Savings,2023-08-03,Active,25280.33,2.7
AC00003311,CU00004742,BR016,Savings,2021-07-23,Active,18570.74,2.7
AC00003312,CU00004436,BR002,Salary,2025-01-24,Active,55625.27,2.5
AC00003313,CU00001544,BR023,Current,2025-11-09,Active,15794.06,0.0
AC00003314,CU00001701,BR018,Salary,2024-12-02,Active,41666.18,2.5
AC00003315,CU00001758,BR024,Fixed Deposit,2019-10-12,Active,717878.92,7.1
AC00003316,CU00004461,BR019,Salary,2022-03-27,Active,164416.56,2.5
AC00003317,CU00001184,BR012,Savings,2024-09-09,Closed,19508.93,2.7
AC00003318,CU00003446,BR005,Salary,2025-12-30,Active,452566.43,2.5
AC00003319,CU00002380,BR024,Current,2025-05-04,Active,21272.84,0.0
AC00003320,CU00004953,BR001,Savings,2021-02-01,Active,194253.99,2.7
AC00003321,CU00002860,BR006,Fixed Deposit,2021-09-18,Active,219492.28,7.1
AC00003322,CU00003073,BR009,Savings,2019-07-15,Active,66413.45,2.7
AC00003323,CU00000913,BR022,Salary,2020-08-09,Active,33903.32,2.5
AC00003324,CU00001227,BR019,Fixed Deposit,2018-10-22,Active,583188.21,7.1
AC00003325,CU00004234,BR008,Fixed Deposit,2018-08-09,Active,504127.21,7.1
AC00003326,CU00002612,BR010,Fixed Deposit,2024-02-13,Active,1428374.77,7.1
AC00003327,CU00003046,BR011,Savings,2021-12-13,Active,8357.63,2.7
AC00003328,CU00001470,BR020,Current,2020-08-30,Active,12470.16,0.0
AC00003329,CU00003103,BR012,Savings,2019-05-09,Active,6349.98,2.7
AC00003330,CU00002779,BR008,Savings,2023-03-25,Active,14282.8,2.7
AC00003331,CU00002068,BR005,Current,2024-03-21,Active,63140.62,0.0
AC00003332,CU00001308,BR023,Savings,2022-01-18,Active,17602.1,2.7
AC00003333,CU00003071,BR022,Fixed Deposit,2020-02-11,Active,131832.08,7.1
AC00003334,CU00004727,BR012,Savings,2018-08-05,Active,24552.77,2.7
AC00003335,CU00002966,BR005,Current,2021-10-18,Closed,78088.39,0.0
AC00003336,CU00004375,BR024,Current,2020-09-19,Active,20944.47,0.0
AC00003337,CU00002823,BR011,Savings,2021-12-27,Active,48757.11,2.7
AC00003338,CU00004042,BR019,Salary,2023-11-29,Active,46175.78,2.5
AC00003339,CU00001067,BR008,Salary,2020-11-06,Active,28501.27,2.5
AC00003340,CU00000366,BR008,Savings,2020-02-29,Active,49113.12,2.7
AC00003341,CU00004957,BR019,Savings,2020-10-01,Active,57103.55,2.7
AC00003342,CU00000417,BR015,Savings,2026-05-30,Active,37947.71,2.7
AC00003343,CU00000468,BR010,Salary,2026-05-06,Active,29807.59,2.5
AC00003344,CU00001084,BR001,Savings,2021-06-02,Active,15792.96,2.7
AC00003345,CU00001212,BR015,Savings,2020-06-23,Active,4903.15,2.7
AC00003346,CU00002777,BR006,Savings,2022-02-05,Active,1052411.34,2.7
AC00003347,CU00004748,BR021,Fixed Deposit,2021-06-16,Active,311586.54,7.1
AC00003348,CU00000697,BR006,Fixed Deposit,2022-12-13,Active,219914.52,7.1
AC00003349,CU00004713,BR007,Savings,2023-11-07,Active,7489.42,2.7
AC00003350,CU00003189,BR022,Savings,2021-12-26,Active,46885.16,2.7
AC00003351,CU00000435,BR007,Current,2019-10-25,Active,17935.87,0.0
AC00003352,CU00001885,BR018,Savings,2025-09-07,Active,77295.22,2.7
AC00003353,CU00002058,BR020,Current,2026-02-04,Active,20199.13,0.0
AC00003354,CU00001761,BR024,Savings,2020-01-06,Active,12577.11,2.7
AC00003355,CU00003323,BR005,Savings,2024-09-06,Active,13713.9,2.7
AC00003356,CU00000356,BR007,Current,2025-08-28,Active,64481.87,0.0
AC00003357,CU00004779,BR010,Savings,2026-07-06,Dormant,13235.59,2.7
AC00003358,CU00004255,BR024,Salary,2023-01-09,Active,27636.0,2.5
AC00003359,CU00003091,BR019,Salary,2019-06-28,Active,51569.93,2.5
AC00003360,CU00003851,BR021,Fixed Deposit,2025-12-16,Active,549907.78,7.1
AC00003361,CU00004672,BR021,Salary,2023-04-15,Dormant,33023.98,2.5
AC00003362,CU00004679,BR015,Current,2023-06-13,Active,8715.36,0.0
AC00003363,CU00000124,BR016,Savings,2020-02-01,Active,7937.15,2.7
AC00003364,CU00003531,BR013,Fixed Deposit,2019-09-16,Active,566068.03,7.1
AC00003365,CU00001914,BR018,Fixed Deposit,2019-06-02,Closed,123022.55,7.1
AC00003366,CU00003365,BR013,Fixed Deposit,2019-04-10,Active,88962.33,7.1
AC00003367,CU00000445,BR014,Savings,2024-11-11,Dormant,26414.63,2.7
AC00003368,CU00000876,BR003,Savings,2020-03-12,Active,62025.56,2.7
AC00003369,CU00003649,BR013,Salary,2022-04-01,Closed,7246.35,2.5
AC00003370,CU00004682,BR021,Savings,2018-06-22,Active,83524.39,2.7
AC00003371,CU00002061,BR007,Savings,2025-11-01,Active,15228.3,2.7
AC00003372,CU00003992,BR003,Current,2025-09-04,Active,7560.03,0.0
AC00003373,CU00003728,BR011,Fixed Deposit,2020-04-18,Active,669860.73,7.1
AC00003374,CU00003426,BR023,Savings,2019-04-14,Active,7100.79,2.7
AC00003375,CU00001898,BR019,Savings,2022-05-09,Active,54282.44,2.7
AC00003376,CU00003871,BR006,Savings,2024-01-18,Active,113888.42,2.7
AC00003377,CU00003627,BR007,Salary,2024-11-24,Active,8329.59,2.5
AC00003378,CU00001489,BR004,Fixed Deposit,2022-10-09,Active,78062.19,7.1
AC00003379,CU00003140,BR016,Savings,2023-03-14,Active,37415.79,2.7
AC00003380,CU00000580,BR009,Current,2021-07-09,Active,20056.16,0.0
AC00003381,CU00002716,BR001,Salary,2024-04-29,Active,21971.4,2.5
AC00003382,CU00003989,BR008,Salary,2020-04-28,Closed,25616.24,2.5
AC00003383,CU00004670,BR021,Fixed Deposit,2021-01-28,Active,208376.48,7.1
AC00003384,CU00000015,BR007,Salary,2023-04-24,Active,45943.73,2.5
AC00003385,CU00001666,BR001,Savings,2026-07-30,Active,30287.31,2.7
AC00003386,CU00004958,BR014,Salary,2025-12-06,Active,19247.58,2.5
AC00003387,CU00003173,BR022,Savings,2019-04-10,Active,23254.79,2.7
AC00003388,CU00002221,BR002,Salary,2026-08-11,Active,10277.49,2.5
AC00003389,CU00000911,BR007,Salary,2025-06-29,Active,58260.61,2.5
AC00003390,CU00000802,BR018,Savings,2023-07-01,Active,760607.38,2.7
AC00003391,CU00001942,BR003,Savings,2018-10-09,Active,26312.82,2.7
AC00003392,CU00001161,BR021,Savings,2024-02-08,Active,29292.96,2.7
AC00003393,CU00004247,BR010,Current,2025-05-28,Active,87385.87,0.0
AC00003394,CU00000093,BR019,Salary,2019-07-29,Active,20749.79,2.5
AC00003395,CU00003794,BR001,Fixed Deposit,2020-08-13,Active,195463.49,7.1
AC00003396,CU00001894,BR005,Savings,2025-07-17,Active,6331.47,2.7
AC00003397,CU00001315,BR001,Salary,2020-05-17,Dormant,5413.45,2.5
AC00003398,CU00001731,BR017,Savings,2023-04-15,Active,25895.65,2.7
AC00003399,CU00001016,BR011,Fixed Deposit,2021-04-13,Active,64599.53,7.1
AC00003400,CU00000372,BR001,Current,2020-08-16,Active,18118.9,0.0
AC00003401,CU00004490,BR002,Savings,2018-09-04,Active,8455.41,2.7
AC00003402,CU00003923,BR006,Fixed Deposit,2025-12-14,Active,193794.61,7.1
AC00003403,CU00002114,BR022,Savings,2025-08-02,Active,6563.87,2.7
AC00003404,CU00000460,BR016,Savings,2021-09-15,Active,18926.97,2.7
AC00003405,CU00001254,BR003,Savings,2020-12-31,Closed,16648.94,2.7
AC00003406,CU00003545,BR015,Savings,2018-09-13,Active,4077.77,2.7
AC00003407,CU00000593,BR020,Salary,2021-03-10,Active,64527.6,2.5
AC00003408,CU00000884,BR004,Salary,2024-02-26,Closed,32350.05,2.5
AC00003409,CU00004341,BR020,Salary,2020-04-26,Active,26885.49,2.5
AC00003410,CU00002695,BR023,Savings,2024-06-18,Active,89813.87,2.7
AC00003411,CU00003633,BR015,Fixed Deposit,2022-03-09,Closed,100419.36,7.1
AC00003412,CU00001917,BR017,Savings,2025-10-14,Active,5326.04,2.7
AC00003413,CU00001488,BR005,Savings,2024-07-30,Active,104000.62,2.7
AC00003414,CU00002635,BR012,Savings,2018-10-23,Dormant,29156.65,2.7
AC00003415,CU00004849,BR017,Salary,2026-04-14,Active,10723.93,2.5
AC00003416,CU00002363,BR019,Savings,2021-08-16,Active,14685.26,2.7
AC00003417,CU00004380,BR004,Fixed Deposit,2025-02-19,Active,481006.27,7.1
AC00003418,CU00000305,BR008,Savings,2025-06-21,Active,75431.09,2.7
AC00003419,CU00000984,BR001,Fixed Deposit,2021-07-29,Active,651502.89,7.1
AC00003420,CU00000847,BR018,Savings,2021-08-29,Active,7055.05,2.7
AC00003421,CU00004928,BR023,Salary,2025-10-07,Active,272850.85,2.5
AC00003422,CU00002400,BR022,Current,2018-09-05,Active,32560.49,0.0
AC00003423,CU00004080,BR002,Savings,2020-01-17,Active,18287.22,2.7
AC00003424,CU00000691,BR020,Savings,2024-12-06,Active,124853.34,2.7
AC00003425,CU00003044,BR022,Savings,2020-12-03,Active,3832.14,2.7
AC00003426,CU00000246,BR006,Savings,2024-12-16,Active,116368.83,2.7
AC00003427,CU00000786,BR016,Salary,2026-06-30,Active,151329.97,2.5
AC00003428,CU00001709,BR007,Salary,2020-02-10,Active,8559.37,2.5
AC00003429,CU00001981,BR011,Salary,2021-01-28,Active,91889.93,2.5
AC00003430,CU00000687,BR023,Salary,2019-06-06,Active,98447.87,2.5
AC00003431,CU00002886,BR013,Savings,2021-01-13,Active,26483.77,2.7
AC00003432,CU00003561,BR020,Savings,2022-10-25,Active,12980.27,2.7
AC00003433,CU00003693,BR018,Savings,2026-03-24,Active,12313.64,2.7
AC00003434,CU00002994,BR005,Salary,2020-10-24,Active,256099.21,2.5
AC00003435,CU00003299,BR012,Current,2021-05-09,Active,16020.12,0.0
AC00003436,CU00000376,BR021,Savings,2019-01-07,Dormant,203936.55,2.7
AC00003437,CU00004951,BR005,Fixed Deposit,2023-03-11,Active,43958.2,7.1
AC00003438,CU00001365,BR020,Salary,2019-01-08,Active,73691.54,2.5
AC00003439,CU00001164,BR014,Current,2019-04-28,Active,29191.39,0.0
AC00003440,CU00004011,BR020,Savings,2024-02-23,Active,259841.05,2.7
AC00003441,CU00000618,BR009,Savings,2021-02-12,Active,43434.35,2.7
AC00003442,CU00004112,BR002,Savings,2022-03-28,Active,6037.42,2.7
AC00003443,CU00004881,BR017,Savings,2026-03-27,Active,13903.63,2.7
AC00003444,CU00000861,BR007,Savings,2019-10-06,Active,53709.49,2.7
AC00003445,CU00003211,BR024,Current,2018-09-30,Active,27789.83,0.0
AC00003446,CU00000599,BR023,Savings,2026-04-16,Active,15937.75,2.7
AC00003447,CU00001608,BR004,Current,2018-11-24,Dormant,15519.18,0.0
AC00003448,CU00002966,BR023,Savings,2020-11-02,Active,27295.57,2.7
AC00003449,CU00003164,BR019,Salary,2025-04-06,Active,18465.69,2.5
AC00003450,CU00000706,BR009,Savings,2020-12-13,Active,15268.88,2.7
AC00003451,CU00004358,BR023,Savings,2021-04-12,Active,93074.91,2.7
AC00003452,CU00001773,BR012,Salary,2021-10-23,Active,29446.91,2.5
AC00003453,CU00004670,BR017,Fixed Deposit,2024-05-16,Active,750217.06,7.1
AC00003454,CU00000663,BR014,Savings,2019-11-15,Active,36966.73,2.7
AC00003455,CU00002914,BR006,Savings,2023-12-26,Active,17728.21,2.7
AC00003456,CU00001404,BR001,Salary,2025-09-05,Active,64777.1,2.5
AC00003457,CU00003442,BR011,Savings,2023-05-26,Active,38036.43,2.7
AC00003458,CU00001018,BR023,Savings,2019-12-23,Active,38965.31,2.7
AC00003459,CU00002371,BR009,Current,2019-12-16,Active,10623.93,0.0
AC00003460,CU00003071,BR008,Savings,2019-05-27,Active,9863.52,2.7
AC00003461,CU00003135,BR003,Salary,2025-05-19,Active,83256.17,2.5
AC00003462,CU00002511,BR017,Salary,2020-06-16,Active,5373.37,2.5
AC00003463,CU00004965,BR024,Savings,2026-03-09,Active,24063.2,2.7
AC00003464,CU00000310,BR003,Savings,2024-09-28,Active,294137.39,2.7
AC00003465,CU00004524,BR011,Current,2021-09-27,Active,6607.32,0.0
AC00003466,CU00002843,BR001,Salary,2023-09-02,Active,10510.57,2.5
AC00003467,CU00001059,BR021,Savings,2025-10-17,Active,3070.13,2.7
AC00003468,CU00002314,BR008,Current,2023-06-27,Active,21906.22,0.0
AC00003469,CU00001135,BR019,Salary,2026-06-16,Active,64102.17,2.5
AC00003470,CU00003260,BR011,Savings,2022-02-09,Active,29543.24,2.7
AC00003471,CU00003507,BR016,Fixed Deposit,2023-09-17,Active,136214.81,7.1
AC00003472,CU00002156,BR005,Salary,2020-08-17,Active,17323.2,2.5
AC00003473,CU00002767,BR007,Fixed Deposit,2019-05-20,Active,56224.38,7.1
AC00003474,CU00002350,BR023,Savings,2026-03-29,Active,16979.81,2.7
AC00003475,CU00001664,BR024,Salary,2019-01-27,Active,13624.73,2.5
AC00003476,CU00004252,BR009,Savings,2020-06-19,Active,10800.03,2.7
AC00003477,CU00004440,BR002,Savings,2022-05-16,Active,7983.48,2.7
AC00003478,CU00004518,BR024,Savings,2023-02-17,Closed,19497.16,2.7
AC00003479,CU00002023,BR014,Current,2020-07-03,Active,120081.35,0.0
AC00003480,CU00003826,BR012,Savings,2024-07-31,Active,21527.54,2.7
AC00003481,CU00000150,BR006,Salary,2020-06-30,Active,160734.24,2.5
AC00003482,CU00002379,BR021,Current,2021-08-01,Active,44660.56,0.0
AC00003483,CU00003208,BR007,Savings,2024-01-12,Active,89209.5,2.7
AC00003484,CU00000801,BR006,Savings,2024-11-18,Active,49765.94,2.7
AC00003485,CU00000165,BR007,Savings,2026-05-29,Active,31347.54,2.7
AC00003486,CU00003923,BR015,Savings,2024-12-27,Active,23333.3,2.7
AC00003487,CU00003259,BR023,Savings,2024-08-13,Dormant,10585.87,2.7
AC00003488,CU00000106,BR002,Current,2022-06-18,Active,19226.67,0.0
AC00003489,CU00002245,BR004,Salary,2026-04-01,Active,39800.8,2.5
AC00003490,CU00004647,BR014,Salary,2021-05-31,Active,9503.33,2.5
AC00003491,CU00000434,BR011,Salary,2024-02-08,Active,33007.03,2.5
AC00003492,CU00004835,BR006,Savings,2021-01-14,Active,30604.1,2.7
AC00003493,CU00001529,BR008,Savings,2021-10-28,Active,23635.99,2.7
AC00003494,CU00001072,BR008,Current,2020-09-16,Active,4830.43,0.0
AC00003495,CU00004679,BR012,Salary,2020-04-18,Closed,6466.25,2.5
AC00003496,CU00003811,BR009,Savings,2022-03-09,Dormant,194873.36,2.7
AC00003497,CU00000771,BR018,Savings,2018-07-31,Active,310063.37,2.7
AC00003498,CU00000923,BR016,Salary,2023-10-13,Active,40493.88,2.5
AC00003499,CU00002121,BR011,Savings,2025-01-23,Active,61777.79,2.7
AC00003500,CU00003497,BR011,Salary,2022-04-08,Active,16152.95,2.5
AC00003501,CU00002015,BR005,Savings,2019-04-20,Active,25362.74,2.7
AC00003502,CU00002507,BR019,Salary,2020-05-17,Active,2801.74,2.5
AC00003503,CU00002294,BR013,Salary,2018-07-28,Active,24845.66,2.5
AC00003504,CU00003414,BR023,Salary,2022-01-09,Active,5070.55,2.5
AC00003505,CU00003363,BR001,Savings,2026-05-12,Active,4405.23,2.7
AC00003506,CU00004528,BR015,Current,2022-01-26,Active,18430.64,0.0
AC00003507,CU00003898,BR009,Savings,2023-11-19,Closed,31798.43,2.7
AC00003508,CU00003164,BR010,Savings,2020-03-05,Active,19969.44,2.7
AC00003509,CU00003066,BR014,Savings,2026-03-29,Active,20334.01,2.7
AC00003510,CU00000188,BR005,Savings,2020-10-18,Active,25096.18,2.7
AC00003511,CU00001049,BR024,Savings,2022-10-02,Active,28097.88,2.7
AC00003512,CU00003625,BR022,Salary,2020-06-07,Active,30265.05,2.5
AC00003513,CU00000192,BR005,Savings,2020-01-02,Active,39083.7,2.7
AC00003514,CU00002465,BR019,Savings,2019-11-09,Active,20323.98,2.7
AC00003515,CU00002136,BR023,Savings,2021-09-13,Active,30484.31,2.7
AC00003516,CU00002356,BR021,Salary,2019-04-06,Active,51311.67,2.5
AC00003517,CU00000269,BR006,Salary,2026-01-26,Active,39052.54,2.5
AC00003518,CU00000156,BR005,Salary,2022-04-26,Active,16043.03,2.5
AC00003519,CU00002566,BR009,Savings,2018-08-12,Active,10114.92,2.7
AC00003520,CU00003417,BR013,Salary,2025-03-28,Active,24085.09,2.5
AC00003521,CU00001221,BR003,Current,2022-02-18,Active,87818.51,0.0
AC00003522,CU00000557,BR021,Current,2024-03-06,Active,33538.38,0.0
AC00003523,CU00001729,BR003,Savings,2022-08-08,Active,85106.18,2.7
AC00003524,CU00004104,BR015,Savings,2023-11-01,Active,38826.05,2.7
AC00003525,CU00003688,BR001,Savings,2021-10-16,Active,63437.12,2.7
AC00003526,CU00001611,BR013,Current,2023-11-12,Active,265788.1,0.0
AC00003527,CU00004921,BR007,Savings,2021-12-11,Active,97340.98,2.7
AC00003528,CU00004124,BR007,Savings,2024-12-19,Active,86123.39,2.7
AC00003529,CU00001054,BR002,Savings,2022-08-19,Active,3812.02,2.7
AC00003530,CU00001954,BR020,Current,2022-09-29,Active,25494.79,0.0
AC00003531,CU00004506,BR013,Salary,2025-04-15,Closed,116176.87,2.5
AC00003532,CU00004563,BR013,Savings,2022-05-16,Active,12304.69,2.7
AC00003533,CU00002038,BR018,Savings,2024-10-01,Active,112384.41,2.7
AC00003534,CU00002396,BR016,Current,2025-09-26,Active,34920.04,0.0
AC00003535,CU00002954,BR015,Savings,2022-03-11,Closed,46638.03,2.7
AC00003536,CU00001694,BR003,Savings,2024-08-05,Active,57579.62,2.7
AC00003537,CU00002152,BR002,Savings,2025-01-08,Active,32898.09,2.7
AC00003538,CU00003191,BR014,Fixed Deposit,2020-01-03,Closed,80090.6,7.1
AC00003539,CU00000844,BR024,Salary,2022-08-31,Active,138176.62,2.5
AC00003540,CU00001763,BR004,Current,2018-09-20,Active,19191.7,0.0
AC00003541,CU00003497,BR003,Current,2020-11-27,Active,10961.43,0.0
AC00003542,CU00003434,BR019,Savings,2022-06-14,Active,154063.05,2.7
AC00003543,CU00002912,BR024,Savings,2020-10-31,Dormant,21992.67,2.7
AC00003544,CU00000160,BR007,Savings,2018-11-07,Active,10881.27,2.7
AC00003545,CU00002401,BR015,Salary,2019-10-02,Active,52269.4,2.5
AC00003546,CU00003293,BR023,Savings,2025-08-25,Active,71987.59,2.7
AC00003547,CU00002544,BR011,Savings,2020-06-25,Active,81143.47,2.7
AC00003548,CU00002534,BR023,Savings,2021-04-05,Active,12795.8,2.7
AC00003549,CU00000383,BR016,Savings,2023-05-26,Closed,28993.74,2.7
AC00003550,CU00004671,BR022,Savings,2024-12-02,Active,13423.39,2.7
AC00003551,CU00004359,BR013,Savings,2025-06-29,Active,184191.9,2.7
AC00003552,CU00003171,BR017,Salary,2021-04-27,Active,9525.66,2.5
AC00003553,CU00003830,BR012,Savings,2024-11-26,Active,70616.52,2.7
AC00003554,CU00003731,BR003,Savings,2019-03-23,Active,30011.48,2.7
AC00003555,CU00000132,BR022,Salary,2020-03-02,Active,7464.03,2.5
AC00003556,CU00000389,BR006,Fixed Deposit,2018-12-17,Active,279224.64,7.1
AC00003557,CU00002442,BR003,Salary,2022-06-19,Active,28901.02,2.5
AC00003558,CU00000436,BR018,Savings,2024-06-25,Active,25570.79,2.7
AC00003559,CU00000402,BR015,Savings,2021-09-21,Active,104094.14,2.7
AC00003560,CU00000031,BR022,Salary,2025-05-12,Active,44822.69,2.5
AC00003561,CU00002682,BR011,Salary,2020-09-10,Active,10808.52,2.5
AC00003562,CU00000284,BR002,Current,2025-06-19,Active,5204.79,0.0
AC00003563,CU00000199,BR016,Salary,2025-11-13,Active,8995.92,2.5
AC00003564,CU00002437,BR003,Salary,2026-03-16,Closed,77261.72,2.5
AC00003565,CU00004569,BR014,Salary,2024-06-28,Active,85603.39,2.5
AC00003566,CU00004305,BR012,Current,2022-12-16,Active,24438.34,0.0
AC00003567,CU00003458,BR005,Salary,2020-08-28,Active,10687.02,2.5
AC00003568,CU00000496,BR010,Salary,2020-09-19,Active,35664.33,2.5
AC00003569,CU00000012,BR011,Savings,2020-08-20,Active,8434.5,2.7
AC00003570,CU00004868,BR020,Salary,2024-01-07,Active,8532.12,2.5
AC00003571,CU00004712,BR010,Savings,2022-01-10,Active,22909.97,2.7
AC00003572,CU00003703,BR010,Savings,2025-07-31,Dormant,56999.21,2.7
AC00003573,CU00000731,BR023,Savings,2021-03-31,Active,2860.01,2.7
AC00003574,CU00001118,BR004,Savings,2023-05-04,Active,37380.08,2.7
AC00003575,CU00001638,BR019,Salary,2021-12-02,Active,73798.98,2.5
AC00003576,CU00004206,BR010,Savings,2025-09-13,Dormant,37222.43,2.7
AC00003577,CU00003088,BR016,Current,2022-08-18,Active,24710.02,0.0
AC00003578,CU00001169,BR018,Savings,2021-04-26,Active,59351.58,2.7
AC00003579,CU00003448,BR002,Fixed Deposit,2025-05-08,Active,200262.06,7.1
AC00003580,CU00003926,BR004,Salary,2019-01-17,Active,96075.81,2.5
AC00003581,CU00001756,BR007,Savings,2024-02-11,Active,47261.51,2.7
AC00003582,CU00002298,BR019,Fixed Deposit,2025-11-20,Active,475294.72,7.1
AC00003583,CU00000082,BR013,Fixed Deposit,2025-08-21,Active,514796.9,7.1
AC00003584,CU00004975,BR001,Savings,2022-02-25,Active,7301.13,2.7
AC00003585,CU00001609,BR023,Salary,2020-05-13,Active,23056.27,2.5
AC00003586,CU00002189,BR007,Fixed Deposit,2019-05-31,Active,464745.87,7.1
AC00003587,CU00000179,BR024,Current,2026-06-10,Active,18393.62,0.0
AC00003588,CU00000798,BR017,Salary,2018-06-30,Active,23082.75,2.5
AC00003589,CU00001831,BR009,Savings,2025-12-02,Active,32315.9,2.7
AC00003590,CU00000975,BR012,Savings,2025-04-27,Active,88094.64,2.7
AC00003591,CU00002296,BR019,Salary,2019-05-18,Active,24375.28,2.5
AC00003592,CU00002710,BR021,Salary,2025-02-26,Active,20761.14,2.5
AC00003593,CU00004931,BR014,Savings,2024-02-02,Active,3594.1,2.7
AC00003594,CU00001239,BR019,Current,2020-07-03,Active,24606.01,0.0
AC00003595,CU00004897,BR017,Savings,2020-12-28,Active,73044.21,2.7
AC00003596,CU00004644,BR024,Current,2026-08-06,Active,26370.62,0.0
AC00003597,CU00002950,BR008,Savings,2022-11-12,Active,2739.0,2.7
AC00003598,CU00004976,BR010,Fixed Deposit,2021-05-29,Dormant,124001.78,7.1
AC00003599,CU00002865,BR015,Savings,2019-05-04,Dormant,7425.15,2.7
AC00003600,CU00004006,BR016,Current,2026-07-23,Active,6826.24,0.0
AC00003601,CU00004432,BR009,Savings,2024-02-13,Active,11264.52,2.7
AC00003602,CU00001737,BR020,Current,2020-05-25,Active,58116.23,0.0
AC00003603,CU00003613,BR019,Current,2021-05-03,Active,21705.24,0.0
AC00003604,CU00002535,BR012,Salary,2022-09-27,Dormant,51278.02,2.5
AC00003605,CU00004002,BR022,Savings,2024-05-30,Active,97346.22,2.7
AC00003606,CU00002926,BR021,Salary,2023-10-14,Active,37966.17,2.5
AC00003607,CU00003972,BR016,Current,2021-05-05,Active,62861.48,0.0
AC00003608,CU00003866,BR001,Savings,2019-10-06,Active,31057.99,2.7
AC00003609,CU00000493,BR002,Current,2020-11-03,Active,9994.88,0.0
AC00003610,CU00004488,BR021,Savings,2019-03-16,Active,25290.82,2.7
AC00003611,CU00000393,BR023,Savings,2018-07-28,Active,20775.12,2.7
AC00003612,CU00001601,BR018,Salary,2024-10-11,Active,138644.79,2.5
AC00003613,CU00000940,BR004,Savings,2025-02-04,Active,56566.45,2.7
AC00003614,CU00001024,BR012,Savings,2022-08-04,Active,27471.32,2.7
AC00003615,CU00001009,BR006,Savings,2025-11-08,Active,359890.28,2.7
AC00003616,CU00000448,BR006,Savings,2023-06-24,Active,91612.36,2.7
AC00003617,CU00003743,BR006,Savings,2025-05-04,Active,127023.82,2.7
AC00003618,CU00003298,BR021,Savings,2026-03-15,Active,7705.39,2.7
AC00003619,CU00004133,BR023,Fixed Deposit,2019-09-20,Active,40482.88,7.1
AC00003620,CU00002501,BR005,Fixed Deposit,2024-02-22,Active,103642.13,7.1
AC00003621,CU00000279,BR016,Savings,2022-12-01,Active,60816.24,2.7
AC00003622,CU00004563,BR023,Savings,2019-04-23,Dormant,48333.92,2.7
AC00003623,CU00002812,BR003,Salary,2024-05-13,Active,17775.07,2.5
AC00003624,CU00002067,BR002,Savings,2024-02-21,Active,8090.02,2.7
AC00003625,CU00003191,BR002,Salary,2024-05-24,Active,20518.68,2.5
AC00003626,CU00002564,BR022,Savings,2024-06-18,Active,19487.58,2.7
AC00003627,CU00001083,BR016,Savings,2022-09-28,Active,19012.92,2.7
AC00003628,CU00003212,BR011,Current,2025-11-03,Active,14421.84,0.0
AC00003629,CU00004104,BR024,Fixed Deposit,2019-07-15,Dormant,59278.06,7.1
AC00003630,CU00001780,BR004,Fixed Deposit,2020-10-24,Active,242150.98,7.1
AC00003631,CU00000269,BR002,Salary,2025-10-14,Active,375763.32,2.5
AC00003632,CU00001494,BR008,Fixed Deposit,2022-02-18,Active,319134.33,7.1
AC00003633,CU00004790,BR008,Salary,2019-07-17,Active,23337.8,2.5
AC00003634,CU00000671,BR018,Current,2021-05-01,Active,31380.66,0.0
AC00003635,CU00000656,BR014,Savings,2020-06-14,Active,10939.92,2.7
AC00003636,CU00004879,BR014,Savings,2020-03-11,Active,16478.34,2.7
AC00003637,CU00001303,BR012,Fixed Deposit,2021-04-10,Closed,182291.68,7.1
AC00003638,CU00000261,BR004,Savings,2022-03-04,Active,61742.56,2.7
AC00003639,CU00003828,BR017,Savings,2018-11-17,Active,96162.52,2.7
AC00003640,CU00000992,BR024,Salary,2021-05-20,Active,154391.17,2.5
AC00003641,CU00004965,BR015,Fixed Deposit,2024-08-10,Active,341385.61,7.1
AC00003642,CU00004106,BR015,Savings,2018-12-14,Active,18193.78,2.7
AC00003643,CU00000168,BR004,Savings,2023-03-14,Active,4251.05,2.7
AC00003644,CU00002255,BR006,Savings,2024-02-01,Active,31619.96,2.7
AC00003645,CU00002612,BR009,Savings,2026-07-07,Active,7418.98,2.7
AC00003646,CU00004126,BR024,Savings,2021-07-01,Active,14897.18,2.7
AC00003647,CU00003081,BR001,Savings,2024-06-24,Active,9818.94,2.7
AC00003648,CU00000541,BR002,Savings,2026-03-31,Active,7566.97,2.7
AC00003649,CU00002933,BR008,Fixed Deposit,2020-04-02,Active,285715.76,7.1
AC00003650,CU00001644,BR021,Savings,2018-09-03,Active,560341.09,2.7
AC00003651,CU00003061,BR023,Salary,2022-06-09,Closed,12219.91,2.5
AC00003652,CU00004705,BR004,Salary,2024-10-23,Active,264906.14,2.5
AC00003653,CU00003954,BR012,Salary,2024-11-13,Active,6293.33,2.5
AC00003654,CU00001714,BR009,Savings,2026-07-10,Active,25136.9,2.7
AC00003655,CU00001044,BR013,Savings,2023-11-02,Active,11139.55,2.7
AC00003656,CU00003232,BR018,Current,2020-01-16,Active,40640.69,0.0
AC00003657,CU00000942,BR011,Savings,2025-02-28,Active,179104.54,2.7
AC00003658,CU00003244,BR007,Current,2021-03-03,Active,22245.03,0.0
AC00003659,CU00003154,BR011,Savings,2018-11-05,Active,6621.04,2.7
AC00003660,CU00001284,BR010,Savings,2020-02-12,Active,31048.69,2.7
AC00003661,CU00001158,BR004,Salary,2021-12-06,Dormant,10788.21,2.5
AC00003662,CU00002007,BR022,Current,2024-04-08,Active,8496.0,0.0
AC00003663,CU00001929,BR007,Savings,2021-12-26,Active,11807.93,2.7
AC00003664,CU00004497,BR010,Savings,2021-05-22,Closed,7307.67,2.7
AC00003665,CU00000327,BR001,Salary,2023-09-28,Active,7759.92,2.5
AC00003666,CU00003190,BR005,Current,2022-11-28,Active,16658.0,0.0
AC00003667,CU00003354,BR008,Salary,2024-02-16,Active,34529.88,2.5
AC00003668,CU00002713,BR006,Savings,2022-07-22,Active,6639.14,2.7
AC00003669,CU00003611,BR017,Savings,2019-02-07,Active,61512.93,2.7
AC00003670,CU00004028,BR020,Savings,2022-04-20,Active,11216.31,2.7
AC00003671,CU00004134,BR013,Savings,2024-06-23,Active,12703.45,2.7
AC00003672,CU00001019,BR008,Fixed Deposit,2023-09-08,Active,1137356.15,7.1
AC00003673,CU00001928,BR016,Fixed Deposit,2024-01-26,Active,224199.67,7.1
AC00003674,CU00000485,BR021,Savings,2018-11-20,Active,52564.54,2.7
AC00003675,CU00004108,BR006,Salary,2026-02-01,Active,87702.3,2.5
AC00003676,CU00004112,BR020,Current,2023-05-27,Dormant,11562.34,0.0
AC00003677,CU00003152,BR006,Savings,2024-09-06,Active,13140.28,2.7
AC00003678,CU00000565,BR005,Savings,2024-03-17,Active,44605.74,2.7
AC00003679,CU00001443,BR009,Salary,2024-05-25,Active,32794.14,2.5
AC00003680,CU00000565,BR019,Fixed Deposit,2024-05-07,Active,271988.9,7.1
AC00003681,CU00003191,BR007,Savings,2022-10-27,Active,5217.4,2.7
AC00003682,CU00000874,BR003,Current,2018-12-09,Active,646989.2,0.0
AC00003683,CU00001590,BR003,Savings,2021-05-05,Active,75284.31,2.7
AC00003684,CU00000719,BR019,Savings,2025-10-07,Active,32803.39,2.7
AC00003685,CU00002211,BR014,Savings,2019-03-17,Active,32956.01,2.7
AC00003686,CU00000255,BR008,Savings,2021-09-08,Active,7162.43,2.7
AC00003687,CU00004586,BR002,Savings,2022-02-28,Active,10557.26,2.7
AC00003688,CU00003791,BR003,Savings,2026-04-18,Active,164399.89,2.7
AC00003689,CU00000757,BR023,Current,2019-06-20,Active,26248.23,0.0
AC00003690,CU00004604,BR002,Savings,2024-12-14,Active,7610.33,2.7
AC00003691,CU00000794,BR013,Savings,2025-07-09,Active,38954.06,2.7
AC00003692,CU00000090,BR023,Savings,2023-03-01,Active,8320.3,2.7
AC00003693,CU00004486,BR020,Fixed Deposit,2024-10-10,Active,292317.16,7.1
AC00003694,CU00004103,BR008,Fixed Deposit,2022-01-25,Dormant,358414.18,7.1
AC00003695,CU00004640,BR022,Fixed Deposit,2026-01-24,Active,137280.97,7.1
AC00003696,CU00003089,BR006,Savings,2024-10-29,Active,60977.51,2.7
AC00003697,CU00003503,BR005,Savings,2021-12-16,Active,4200.42,2.7
AC00003698,CU00004140,BR007,Savings,2021-12-02,Active,49036.04,2.7
AC00003699,CU00001877,BR007,Savings,2025-04-22,Active,7992.22,2.7
AC00003700,CU00002853,BR012,Fixed Deposit,2019-05-06,Closed,472103.62,7.1
AC00003701,CU00002890,BR001,Fixed Deposit,2021-08-31,Active,506578.19,7.1
AC00003702,CU00000670,BR003,Savings,2026-08-05,Active,59358.04,2.7
AC00003703,CU00003114,BR001,Salary,2021-06-05,Active,109132.84,2.5
AC00003704,CU00002544,BR009,Savings,2021-03-26,Active,12664.91,2.7
AC00003705,CU00003684,BR021,Savings,2023-09-10,Active,22082.37,2.7
AC00003706,CU00003141,BR023,Salary,2025-01-07,Active,12614.54,2.5
AC00003707,CU00000691,BR023,Savings,2019-03-24,Active,26161.1,2.7
AC00003708,CU00000788,BR007,Current,2023-06-13,Active,107581.86,0.0
AC00003709,CU00001414,BR004,Savings,2020-06-22,Active,35738.81,2.7
AC00003710,CU00003548,BR021,Salary,2022-01-12,Active,24976.99,2.5
AC00003711,CU00000424,BR011,Savings,2019-06-08,Active,14500.57,2.7
AC00003712,CU00003072,BR019,Salary,2020-03-27,Active,38009.31,2.5
AC00003713,CU00003161,BR015,Salary,2022-05-12,Active,43877.9,2.5
AC00003714,CU00001766,BR019,Fixed Deposit,2022-06-26,Active,1558354.73,7.1
AC00003715,CU00003446,BR005,Savings,2022-10-08,Active,46270.42,2.7
AC00003716,CU00002913,BR021,Fixed Deposit,2022-02-05,Active,259858.04,7.1
AC00003717,CU00004898,BR005,Current,2025-03-23,Active,67895.64,0.0
AC00003718,CU00001558,BR002,Fixed Deposit,2024-09-29,Active,152656.76,7.1
AC00003719,CU00001688,BR007,Savings,2020-07-24,Active,61954.82,2.7
AC00003720,CU00000250,BR012,Savings,2020-06-25,Active,117464.61,2.7
AC00003721,CU00004268,BR014,Savings,2018-09-25,Active,13756.04,2.7
AC00003722,CU00000364,BR010,Salary,2023-11-02,Active,9681.77,2.5
AC00003723,CU00003330,BR020,Current,2020-03-08,Active,6088.04,0.0
AC00003724,CU00001929,BR013,Salary,2019-05-06,Active,59533.12,2.5
AC00003725,CU00004831,BR001,Fixed Deposit,2025-06-28,Dormant,84351.47,7.1
AC00003726,CU00003236,BR001,Salary,2024-12-14,Active,148533.53,2.5
AC00003727,CU00001567,BR005,Savings,2025-07-19,Active,76466.15,2.7
AC00003728,CU00002188,BR012,Savings,2019-01-17,Active,66628.89,2.7
AC00003729,CU00002517,BR004,Savings,2024-04-29,Dormant,17137.84,2.7
AC00003730,CU00003224,BR008,Savings,2025-11-17,Active,7638.76,2.7
AC00003731,CU00000943,BR015,Savings,2019-09-26,Active,24703.34,2.7
AC00003732,CU00002142,BR014,Salary,2023-06-23,Active,56604.85,2.5
AC00003733,CU00000026,BR001,Savings,2023-05-03,Active,21095.2,2.7
AC00003734,CU00001536,BR013,Savings,2020-04-15,Active,369444.49,2.7
AC00003735,CU00004158,BR011,Current,2024-06-13,Dormant,7909.0,0.0
AC00003736,CU00002204,BR007,Savings,2019-02-15,Active,67597.12,2.7
AC00003737,CU00004670,BR004,Savings,2021-01-30,Active,14622.63,2.7
AC00003738,CU00003021,BR014,Current,2020-07-25,Active,5088.89,0.0
AC00003739,CU00004999,BR013,Savings,2019-02-15,Active,88782.51,2.7
AC00003740,CU00003024,BR024,Savings,2025-10-23,Active,30058.44,2.7
AC00003741,CU00000830,BR005,Savings,2026-01-04,Active,10661.19,2.7
AC00003742,CU00002376,BR010,Savings,2022-11-12,Active,27198.41,2.7
AC00003743,CU00004583,BR001,Savings,2018-08-27,Active,57098.04,2.7
AC00003744,CU00000341,BR006,Savings,2019-09-13,Active,59870.52,2.7
AC00003745,CU00001744,BR020,Savings,2019-05-10,Active,31497.19,2.7
AC00003746,CU00002685,BR004,Savings,2019-02-11,Active,17694.63,2.7
AC00003747,CU00000985,BR004,Savings,2025-10-02,Active,105336.62,2.7
AC00003748,CU00000073,BR014,Savings,2023-11-20,Active,19110.79,2.7
AC00003749,CU00003820,BR020,Fixed Deposit,2026-03-19,Active,279578.86,7.1
AC00003750,CU00003288,BR017,Fixed Deposit,2019-03-13,Active,389436.27,7.1
AC00003751,CU00000162,BR014,Savings,2020-02-27,Active,32679.16,2.7
AC00003752,CU00004250,BR022,Savings,2026-07-24,Active,2211.69,2.7
AC00003753,CU00001337,BR018,Savings,2023-01-24,Active,3472.36,2.7
AC00003754,CU00000205,BR001,Savings,2023-06-18,Active,2013.47,2.7
AC00003755,CU00002197,BR001,Salary,2024-05-11,Active,37410.62,2.5
AC00003756,CU00001932,BR013,Savings,2018-08-30,Active,33889.19,2.7
AC00003757,CU00004292,BR016,Salary,2022-03-15,Active,77400.05,2.5
AC00003758,CU00003634,BR019,Savings,2018-07-14,Active,69932.19,2.7
AC00003759,CU00000410,BR016,Savings,2025-07-06,Active,180014.12,2.7
AC00003760,CU00000693,BR015,Fixed Deposit,2021-10-22,Active,90228.78,7.1
AC00003761,CU00004325,BR016,Savings,2026-03-07,Active,23735.39,2.7
AC00003762,CU00001707,BR023,Savings,2018-11-08,Active,4001.19,2.7
AC00003763,CU00004607,BR007,Savings,2020-06-20,Active,212810.73,2.7
AC00003764,CU00002702,BR021,Savings,2018-10-25,Active,34563.07,2.7
AC00003765,CU00004543,BR003,Salary,2023-07-06,Active,10174.93,2.5
AC00003766,CU00004994,BR018,Salary,2025-08-18,Active,2983.08,2.5
AC00003767,CU00001319,BR019,Current,2018-08-03,Active,16701.76,0.0
AC00003768,CU00004926,BR019,Fixed Deposit,2020-02-24,Active,298278.73,7.1
AC00003769,CU00001899,BR004,Salary,2018-10-02,Active,57217.34,2.5
AC00003770,CU00001659,BR011,Current,2025-05-16,Active,26656.33,0.0
AC00003771,CU00003872,BR004,Savings,2021-01-01,Active,163490.72,2.7
AC00003772,CU00003886,BR009,Savings,2018-07-26,Active,5909.02,2.7
AC00003773,CU00004640,BR021,Savings,2022-01-13,Active,48834.51,2.7
AC00003774,CU00004958,BR004,Fixed Deposit,2026-05-05,Active,79690.32,7.1
AC00003775,CU00000590,BR022,Savings,2023-09-20,Active,15109.89,2.7
AC00003776,CU00002172,BR004,Salary,2024-07-03,Dormant,8858.65,2.5
AC00003777,CU00004694,BR007,Current,2026-05-21,Active,68627.34,0.0
AC00003778,CU00003223,BR014,Fixed Deposit,2023-09-18,Active,74592.48,7.1
AC00003779,CU00001939,BR003,Salary,2021-01-18,Active,26367.0,2.5
AC00003780,CU00000839,BR014,Savings,2023-06-13,Active,41640.52,2.7
AC00003781,CU00002938,BR008,Salary,2021-09-16,Active,111812.55,2.5
AC00003782,CU00003868,BR020,Salary,2021-04-20,Active,59956.81,2.5
AC00003783,CU00003024,BR013,Savings,2026-02-06,Active,76999.6,2.7
AC00003784,CU00003782,BR017,Savings,2025-05-07,Active,22272.84,2.7
AC00003785,CU00004162,BR008,Salary,2026-03-24,Active,7719.46,2.5
AC00003786,CU00000464,BR014,Savings,2023-03-27,Active,38107.85,2.7
AC00003787,CU00004001,BR005,Savings,2026-02-02,Active,78255.4,2.7
AC00003788,CU00004708,BR016,Salary,2026-01-18,Active,23008.49,2.5
AC00003789,CU00003924,BR004,Savings,2022-01-09,Active,16357.62,2.7
AC00003790,CU00002398,BR017,Savings,2019-10-20,Active,128852.16,2.7
AC00003791,CU00004346,BR015,Savings,2021-06-18,Active,40516.9,2.7
AC00003792,CU00003342,BR011,Savings,2025-06-01,Active,14822.6,2.7
AC00003793,CU00003130,BR020,Savings,2021-01-26,Active,12756.22,2.7
AC00003794,CU00002533,BR007,Savings,2023-08-24,Active,30587.56,2.7
AC00003795,CU00001026,BR008,Salary,2023-12-25,Active,12198.82,2.5
AC00003796,CU00002728,BR007,Salary,2026-01-02,Active,37163.38,2.5
AC00003797,CU00001360,BR018,Savings,2019-01-18,Active,18471.32,2.7
AC00003798,CU00003447,BR004,Current,2026-06-24,Active,24749.41,0.0
AC00003799,CU00000056,BR006,Savings,2019-02-05,Active,49980.32,2.7
AC00003800,CU00000330,BR001,Savings,2019-01-29,Active,9337.56,2.7
AC00003801,CU00004970,BR015,Current,2020-08-07,Active,77765.16,0.0
AC00003802,CU00000055,BR020,Savings,2022-09-20,Active,27031.74,2.7
AC00003803,CU00001400,BR005,Savings,2020-05-09,Active,12326.24,2.7
AC00003804,CU00000636,BR024,Current,2025-05-12,Dormant,40574.56,0.0
AC00003805,CU00004940,BR018,Fixed Deposit,2019-11-29,Active,145206.06,7.1
AC00003806,CU00000309,BR005,Savings,2019-03-09,Active,27094.29,2.7
AC00003807,CU00003404,BR013,Savings,2019-12-01,Active,6000.48,2.7
AC00003808,CU00001826,BR008,Fixed Deposit,2025-10-27,Dormant,35887.67,7.1
AC00003809,CU00002048,BR002,Savings,2018-10-25,Active,49083.36,2.7
AC00003810,CU00003373,BR020,Savings,2020-12-11,Active,1955.16,2.7
AC00003811,CU00001759,BR003,Fixed Deposit,2022-09-05,Active,233163.86,7.1
AC00003812,CU00000652,BR003,Current,2019-08-20,Active,33411.19,0.0
AC00003813,CU00001794,BR001,Savings,2024-01-08,Active,50817.4,2.7
AC00003814,CU00003713,BR001,Fixed Deposit,2022-05-23,Active,388406.12,7.1
AC00003815,CU00000986,BR009,Current,2020-12-31,Active,113906.66,0.0
AC00003816,CU00001434,BR007,Savings,2025-05-04,Closed,221885.24,2.7
AC00003817,CU00003177,BR011,Salary,2024-06-29,Active,67573.8,2.5
AC00003818,CU00004802,BR009,Savings,2019-08-20,Active,92495.8,2.7
AC00003819,CU00003654,BR005,Savings,2021-04-08,Active,38969.08,2.7
AC00003820,CU00003418,BR001,Salary,2026-03-26,Active,20771.73,2.5
AC00003821,CU00003939,BR013,Current,2022-08-31,Dormant,71489.67,0.0
AC00003822,CU00002248,BR014,Fixed Deposit,2022-01-24,Active,894867.16,7.1
AC00003823,CU00004200,BR007,Savings,2019-04-10,Active,2916.62,2.7
AC00003824,CU00000575,BR023,Savings,2020-11-01,Active,43894.89,2.7
AC00003825,CU00002697,BR007,Savings,2020-10-05,Active,7868.46,2.7
AC00003826,CU00003554,BR024,Savings,2026-02-24,Active,6847.47,2.7
AC00003827,CU00003219,BR016,Salary,2023-11-24,Active,186584.49,2.5
AC00003828,CU00004638,BR014,Fixed Deposit,2022-10-13,Active,326204.79,7.1
AC00003829,CU00000316,BR018,Fixed Deposit,2022-12-30,Active,326658.13,7.1
AC00003830,CU00002163,BR017,Salary,2021-02-23,Active,136545.99,2.5
AC00003831,CU00001256,BR020,Savings,2025-03-17,Active,239222.71,2.7
AC00003832,CU00000124,BR023,Current,2025-05-15,Active,22818.35,0.0
AC00003833,CU00003734,BR022,Salary,2021-09-06,Active,25650.98,2.5
AC00003834,CU00003817,BR015,Current,2018-07-21,Active,267793.59,0.0
AC00003835,CU00000390,BR001,Fixed Deposit,2026-07-06,Active,48853.4,7.1
AC00003836,CU00004023,BR015,Savings,2021-11-24,Active,8242.86,2.7
AC00003837,CU00004743,BR008,Salary,2020-09-20,Active,21639.98,2.5
AC00003838,CU00002111,BR005,Savings,2025-11-09,Active,25473.47,2.7
AC00003839,CU00004513,BR007,Fixed Deposit,2022-05-01,Active,393881.21,7.1
AC00003840,CU00002520,BR008,Salary,2022-03-12,Active,44289.06,2.5
AC00003841,CU00001918,BR013,Fixed Deposit,2022-02-06,Active,108765.14,7.1
AC00003842,CU00004333,BR011,Salary,2026-03-01,Active,44756.04,2.5
AC00003843,CU00003190,BR023,Salary,2021-09-16,Active,11607.05,2.5
AC00003844,CU00003010,BR009,Savings,2018-09-27,Active,16340.52,2.7
AC00003845,CU00000807,BR013,Savings,2019-03-30,Dormant,53126.1,2.7
AC00003846,CU00003670,BR002,Savings,2026-01-30,Active,5264.55,2.7
AC00003847,CU00002998,BR006,Savings,2018-08-26,Active,28589.37,2.7
AC00003848,CU00001393,BR017,Savings,2025-01-10,Active,44728.69,2.7
AC00003849,CU00000588,BR021,Salary,2023-07-28,Active,55632.68,2.5
AC00003850,CU00000512,BR024,Salary,2020-05-08,Active,25011.9,2.5
AC00003851,CU00000053,BR006,Salary,2024-11-22,Active,8575.3,2.5
AC00003852,CU00002187,BR019,Savings,2024-11-24,Active,198605.41,2.7
AC00003853,CU00003273,BR017,Salary,2019-05-29,Active,31230.92,2.5
AC00003854,CU00002430,BR017,Fixed Deposit,2018-08-26,Active,273526.32,7.1
AC00003855,CU00001366,BR019,Savings,2021-06-05,Active,18968.01,2.7
AC00003856,CU00001980,BR008,Savings,2025-04-04,Dormant,20249.66,2.7
AC00003857,CU00000490,BR016,Savings,2026-04-29,Active,123768.49,2.7
AC00003858,CU00003726,BR022,Salary,2022-11-22,Active,21121.17,2.5
AC00003859,CU00003736,BR021,Fixed Deposit,2023-08-07,Active,305847.83,7.1
AC00003860,CU00000670,BR024,Current,2025-09-01,Active,94393.84,0.0
AC00003861,CU00002606,BR024,Savings,2025-07-30,Active,33728.33,2.7
AC00003862,CU00001504,BR023,Fixed Deposit,2022-05-24,Active,318112.82,7.1
AC00003863,CU00004332,BR018,Fixed Deposit,2024-02-14,Active,81361.47,7.1
AC00003864,CU00004081,BR006,Savings,2026-03-23,Active,12742.69,2.7
AC00003865,CU00002138,BR018,Savings,2024-06-13,Active,19230.76,2.7
AC00003866,CU00002914,BR003,Salary,2019-05-23,Active,10758.58,2.5
AC00003867,CU00003369,BR018,Savings,2019-12-25,Active,9062.15,2.7
AC00003868,CU00002055,BR019,Savings,2018-10-22,Active,36572.26,2.7
AC00003869,CU00001801,BR004,Savings,2020-09-13,Active,22277.21,2.7
AC00003870,CU00003936,BR001,Savings,2024-05-16,Active,5307.85,2.7
AC00003871,CU00000884,BR007,Fixed Deposit,2025-06-25,Active,28857.91,7.1
AC00003872,CU00002105,BR003,Salary,2025-10-06,Active,138083.99,2.5
AC00003873,CU00001097,BR013,Savings,2019-02-02,Active,107965.58,2.7
AC00003874,CU00000683,BR012,Fixed Deposit,2026-07-03,Active,243996.17,7.1
AC00003875,CU00000913,BR023,Savings,2019-11-29,Active,7196.31,2.7
AC00003876,CU00002126,BR011,Current,2022-01-26,Active,26992.72,0.0
AC00003877,CU00000419,BR001,Salary,2018-09-13,Active,95462.64,2.5
AC00003878,CU00001722,BR003,Salary,2026-03-19,Active,33263.08,2.5
AC00003879,CU00000714,BR016,Savings,2019-06-25,Dormant,70750.39,2.7
AC00003880,CU00000903,BR021,Current,2021-01-26,Active,20218.76,0.0
AC00003881,CU00002321,BR024,Fixed Deposit,2022-07-16,Active,152751.98,7.1
AC00003882,CU00004094,BR013,Salary,2022-02-15,Active,28403.14,2.5
AC00003883,CU00003497,BR021,Savings,2020-12-07,Active,23759.34,2.7
AC00003884,CU00001368,BR001,Salary,2018-09-14,Active,84064.55,2.5
AC00003885,CU00002176,BR022,Savings,2022-05-13,Active,41387.54,2.7
AC00003886,CU00003293,BR006,Savings,2024-10-22,Active,145751.73,2.7
AC00003887,CU00001262,BR014,Savings,2020-04-13,Active,5918.6,2.7
AC00003888,CU00003685,BR002,Savings,2026-04-18,Active,4714.04,2.7
AC00003889,CU00000722,BR001,Current,2026-02-24,Active,4308.16,0.0
AC00003890,CU00002818,BR007,Savings,2018-08-13,Active,41171.0,2.7
AC00003891,CU00004801,BR005,Savings,2024-01-21,Active,17076.65,2.7
AC00003892,CU00001045,BR022,Savings,2021-07-11,Active,59612.33,2.7
AC00003893,CU00004023,BR009,Savings,2025-08-19,Active,57109.65,2.7
AC00003894,CU00002156,BR010,Current,2023-11-13,Active,93070.6,0.0
AC00003895,CU00001088,BR006,Savings,2024-07-23,Active,5818.63,2.7
AC00003896,CU00002717,BR018,Savings,2018-07-07,Active,8341.92,2.7
AC00003897,CU00000866,BR017,Salary,2025-10-16,Active,64452.2,2.5
AC00003898,CU00004492,BR020,Savings,2021-04-29,Active,18834.79,2.7
AC00003899,CU00002761,BR009,Salary,2022-06-21,Active,95171.2,2.5
AC00003900,CU00002233,BR021,Fixed Deposit,2023-03-25,Active,226145.49,7.1
AC00003901,CU00003254,BR006,Current,2021-03-14,Active,61990.84,0.0
AC00003902,CU00002246,BR001,Current,2024-01-23,Dormant,32781.81,0.0
AC00003903,CU00001045,BR015,Fixed Deposit,2022-03-15,Active,85518.72,7.1
AC00003904,CU00001288,BR016,Salary,2024-05-09,Active,27395.16,2.5
AC00003905,CU00004753,BR020,Salary,2022-07-25,Active,22617.25,2.5
AC00003906,CU00004178,BR018,Savings,2020-04-20,Active,56213.51,2.7
AC00003907,CU00001357,BR019,Fixed Deposit,2019-11-12,Active,244887.53,7.1
AC00003908,CU00003712,BR002,Savings,2020-12-15,Active,20215.06,2.7
AC00003909,CU00000417,BR008,Current,2024-03-26,Active,21177.23,0.0
AC00003910,CU00002781,BR017,Salary,2026-01-04,Active,39946.37,2.5
AC00003911,CU00000059,BR004,Fixed Deposit,2025-05-07,Active,168689.44,7.1
AC00003912,CU00002315,BR023,Savings,2022-10-18,Active,51747.29,2.7
AC00003913,CU00002580,BR006,Salary,2020-01-04,Active,43711.4,2.5
AC00003914,CU00000116,BR014,Fixed Deposit,2018-08-09,Active,391935.46,7.1
AC00003915,CU00000177,BR012,Savings,2023-05-27,Active,14306.59,2.7
AC00003916,CU00003890,BR019,Fixed Deposit,2023-09-21,Active,366247.4,7.1
AC00003917,CU00003430,BR012,Savings,2026-01-04,Active,92323.28,2.7
AC00003918,CU00003319,BR012,Savings,2019-05-23,Active,43177.05,2.7
AC00003919,CU00002524,BR013,Salary,2022-07-25,Active,4325.48,2.5
AC00003920,CU00002078,BR005,Savings,2025-07-25,Active,1907.21,2.7
AC00003921,CU00000493,BR021,Fixed Deposit,2019-09-14,Active,682639.47,7.1
AC00003922,CU00003897,BR007,Savings,2021-04-04,Active,17275.62,2.7
AC00003923,CU00000931,BR013,Savings,2019-02-20,Active,20225.22,2.7
AC00003924,CU00004279,BR003,Salary,2024-05-24,Active,154837.18,2.5
AC00003925,CU00004420,BR002,Fixed Deposit,2025-10-13,Active,308394.77,7.1
AC00003926,CU00001801,BR011,Savings,2021-04-12,Active,18913.92,2.7
AC00003927,CU00000211,BR004,Current,2022-07-03,Active,79627.8,0.0
AC00003928,CU00001750,BR019,Savings,2021-08-22,Active,19345.37,2.7
AC00003929,CU00001406,BR021,Savings,2022-04-22,Active,17569.81,2.7
AC00003930,CU00003459,BR006,Savings,2025-11-19,Dormant,62039.24,2.7
AC00003931,CU00000277,BR015,Savings,2019-03-02,Active,38722.94,2.7
AC00003932,CU00003387,BR018,Savings,2025-12-07,Dormant,8437.22,2.7
AC00003933,CU00003949,BR018,Savings,2026-05-15,Active,52613.79,2.7
AC00003934,CU00000144,BR024,Savings,2022-10-25,Active,17736.27,2.7
AC00003935,CU00001694,BR016,Salary,2019-08-14,Active,63118.16,2.5
AC00003936,CU00003695,BR004,Salary,2021-02-09,Active,101213.0,2.5
AC00003937,CU00001470,BR019,Savings,2022-10-23,Active,17057.38,2.7
AC00003938,CU00004651,BR004,Salary,2022-12-02,Active,9003.64,2.5
AC00003939,CU00003892,BR001,Current,2025-06-05,Active,5865.45,0.0
AC00003940,CU00004405,BR009,Salary,2024-07-18,Active,13422.51,2.5
AC00003941,CU00001822,BR016,Salary,2024-09-25,Active,31991.04,2.5
AC00003942,CU00004749,BR007,Salary,2024-01-12,Active,17752.17,2.5
AC00003943,CU00000959,BR022,Savings,2023-09-15,Active,37696.56,2.7
AC00003944,CU00000258,BR012,Savings,2021-08-21,Active,17902.38,2.7
AC00003945,CU00003354,BR021,Current,2021-02-02,Active,2498.37,0.0
AC00003946,CU00002949,BR012,Salary,2019-12-10,Active,8255.39,2.5
AC00003947,CU00003995,BR023,Salary,2019-08-16,Active,6568.3,2.5
AC00003948,CU00003231,BR002,Current,2021-11-27,Active,23377.83,0.0
AC00003949,CU00002288,BR005,Fixed Deposit,2021-01-30,Active,202495.43,7.1
AC00003950,CU00000975,BR008,Salary,2023-07-06,Active,30117.85,2.5
AC00003951,CU00004202,BR002,Fixed Deposit,2024-03-19,Active,94943.49,7.1
AC00003952,CU00003410,BR022,Savings,2021-12-05,Active,37724.47,2.7
AC00003953,CU00002914,BR008,Salary,2018-08-06,Active,27006.48,2.5
AC00003954,CU00001266,BR008,Savings,2026-07-29,Active,10294.77,2.7
AC00003955,CU00001735,BR024,Fixed Deposit,2021-08-17,Active,894696.14,7.1
AC00003956,CU00001756,BR014,Savings,2023-06-07,Active,222286.78,2.7
AC00003957,CU00000226,BR013,Savings,2021-06-26,Active,90242.09,2.7
AC00003958,CU00001396,BR007,Savings,2021-07-25,Active,35614.61,2.7
AC00003959,CU00004959,BR017,Savings,2024-07-06,Active,134382.72,2.7
AC00003960,CU00004337,BR016,Salary,2022-09-20,Closed,35889.12,2.5
AC00003961,CU00003276,BR023,Savings,2023-11-21,Active,1742.51,2.7
AC00003962,CU00001583,BR020,Salary,2019-10-09,Active,65308.82,2.5
AC00003963,CU00001346,BR013,Savings,2025-09-14,Active,16519.4,2.7
AC00003964,CU00000478,BR015,Fixed Deposit,2021-09-21,Active,99239.84,7.1
AC00003965,CU00001272,BR017,Fixed Deposit,2023-10-28,Closed,124338.19,7.1
AC00003966,CU00001064,BR005,Fixed Deposit,2023-08-09,Active,425630.81,7.1
AC00003967,CU00004387,BR007,Current,2019-09-09,Active,19078.6,0.0
AC00003968,CU00001592,BR006,Savings,2021-08-18,Active,6655.67,2.7
AC00003969,CU00004385,BR008,Savings,2025-02-06,Active,7675.6,2.7
AC00003970,CU00002687,BR004,Savings,2023-11-10,Active,20924.71,2.7
AC00003971,CU00004376,BR015,Fixed Deposit,2023-08-18,Active,248163.62,7.1
AC00003972,CU00000300,BR023,Savings,2022-09-15,Active,6260.49,2.7
AC00003973,CU00004147,BR013,Savings,2019-04-14,Active,40245.57,2.7
AC00003974,CU00003257,BR013,Savings,2026-05-21,Active,3745.74,2.7
AC00003975,CU00004449,BR016,Savings,2022-04-27,Active,10258.74,2.7
AC00003976,CU00003580,BR010,Savings,2018-06-26,Active,47734.39,2.7
AC00003977,CU00003832,BR014,Savings,2021-05-19,Active,10053.58,2.7
AC00003978,CU00000100,BR012,Salary,2022-01-24,Active,274972.67,2.5
AC00003979,CU00000135,BR006,Savings,2024-01-21,Active,250870.74,2.7
AC00003980,CU00001340,BR020,Savings,2021-01-25,Active,13125.82,2.7
AC00003981,CU00000162,BR011,Salary,2019-03-07,Dormant,6168.04,2.5
AC00003982,CU00001191,BR021,Fixed Deposit,2019-08-31,Active,172820.15,7.1
AC00003983,CU00000884,BR002,Current,2021-10-08,Active,188276.69,0.0
AC00003984,CU00004590,BR001,Savings,2022-01-10,Active,43980.47,2.7
AC00003985,CU00001838,BR010,Fixed Deposit,2019-11-19,Active,494892.17,7.1
AC00003986,CU00001538,BR017,Savings,2019-05-03,Active,15396.08,2.7
AC00003987,CU00002738,BR017,Salary,2021-09-06,Active,4353.81,2.5
AC00003988,CU00004236,BR001,Savings,2023-04-13,Active,24020.6,2.7
AC00003989,CU00002304,BR022,Fixed Deposit,2024-12-27,Active,197352.63,7.1
AC00003990,CU00004059,BR005,Savings,2023-02-20,Active,4909.39,2.7
AC00003991,CU00002812,BR008,Salary,2022-08-22,Active,67344.74,2.5
AC00003992,CU00002541,BR024,Fixed Deposit,2022-01-21,Active,1327084.61,7.1
AC00003993,CU00000344,BR015,Savings,2026-03-04,Active,1026725.56,2.7
AC00003994,CU00003766,BR017,Fixed Deposit,2022-09-06,Active,108373.33,7.1
AC00003995,CU00000941,BR011,Salary,2025-04-06,Active,48971.26,2.5
AC00003996,CU00001351,BR010,Savings,2023-06-05,Active,40706.38,2.7
AC00003997,CU00003095,BR022,Savings,2024-02-12,Active,8160.96,2.7
AC00003998,CU00002779,BR005,Savings,2018-11-12,Active,13798.65,2.7
AC00003999,CU00001909,BR021,Current,2023-02-01,Active,17195.18,0.0
AC00004000,CU00004427,BR014,Savings,2019-10-10,Active,89082.48,2.7
AC00004001,CU00000026,BR007,Savings,2024-06-25,Active,15314.14,2.7
AC00004002,CU00003089,BR008,Salary,2025-06-20,Active,8911.28,2.5
AC00004003,CU00003550,BR020,Fixed Deposit,2024-06-27,Dormant,25182.27,7.1
AC00004004,CU00002854,BR007,Salary,2022-09-18,Active,8040.58,2.5
AC00004005,CU00002813,BR019,Savings,2026-07-12,Active,5009.32,2.7
AC00004006,CU00000330,BR023,Current,2020-04-25,Active,39931.17,0.0
AC00004007,CU00001985,BR013,Salary,2021-05-29,Active,35593.03,2.5
AC00004008,CU00004608,BR024,Salary,2025-04-05,Active,17646.06,2.5
AC00004009,CU00000357,BR024,Salary,2020-08-09,Active,6541.39,2.5
AC00004010,CU00003082,BR016,Savings,2023-05-22,Active,54140.04,2.7
AC00004011,CU00000430,BR015,Salary,2024-04-24,Active,30970.68,2.5
AC00004012,CU00000303,BR012,Salary,2024-10-23,Active,37518.15,2.5
AC00004013,CU00004663,BR015,Fixed Deposit,2026-03-28,Active,49876.66,7.1
AC00004014,CU00002605,BR020,Savings,2023-11-02,Active,8027.43,2.7
AC00004015,CU00003515,BR011,Savings,2026-04-08,Active,75222.3,2.7
AC00004016,CU00004064,BR005,Savings,2024-08-25,Active,7963.35,2.7
AC00004017,CU00002616,BR024,Salary,2019-04-02,Active,3395.43,2.5
AC00004018,CU00001974,BR017,Salary,2021-11-28,Active,69062.86,2.5
AC00004019,CU00004736,BR012,Fixed Deposit,2021-03-19,Active,368687.06,7.1
AC00004020,CU00003452,BR007,Fixed Deposit,2025-01-21,Active,181276.16,7.1
AC00004021,CU00002902,BR009,Savings,2026-01-10,Dormant,79118.27,2.7
AC00004022,CU00004201,BR023,Savings,2020-09-27,Active,38902.13,2.7
AC00004023,CU00002791,BR002,Salary,2025-09-20,Closed,33437.54,2.5
AC00004024,CU00004219,BR023,Savings,2026-02-06,Active,15193.55,2.7
AC00004025,CU00000784,BR021,Savings,2024-11-16,Active,12886.96,2.7
AC00004026,CU00003132,BR012,Savings,2021-01-07,Active,48361.35,2.7
AC00004027,CU00004372,BR002,Savings,2019-11-01,Active,37532.37,2.7
AC00004028,CU00000807,BR006,Savings,2025-05-09,Active,5460.12,2.7
AC00004029,CU00000929,BR004,Savings,2018-06-25,Active,6771.64,2.7
AC00004030,CU00004729,BR022,Savings,2021-07-30,Active,66211.17,2.7
AC00004031,CU00001124,BR015,Savings,2018-08-27,Active,12111.83,2.7
AC00004032,CU00002430,BR010,Salary,2020-01-01,Dormant,50255.47,2.5
AC00004033,CU00001915,BR018,Savings,2025-11-04,Dormant,51466.65,2.7
AC00004034,CU00004508,BR020,Savings,2018-08-11,Active,16515.87,2.7
AC00004035,CU00002461,BR009,Current,2022-04-02,Active,58944.27,0.0
AC00004036,CU00000509,BR020,Salary,2024-01-09,Active,14103.36,2.5
AC00004037,CU00001062,BR007,Current,2021-08-25,Active,57486.29,0.0
AC00004038,CU00002340,BR002,Salary,2025-10-04,Active,12709.55,2.5
AC00004039,CU00001490,BR002,Savings,2022-06-11,Active,4765.07,2.7
AC00004040,CU00004028,BR023,Savings,2021-09-01,Active,18386.64,2.7
AC00004041,CU00004519,BR018,Savings,2022-07-18,Active,28628.35,2.7
AC00004042,CU00001870,BR003,Savings,2023-07-22,Active,55196.98,2.7
AC00004043,CU00002591,BR022,Salary,2020-04-08,Active,25488.82,2.5
AC00004044,CU00003141,BR019,Salary,2021-05-08,Active,6707.45,2.5
AC00004045,CU00000680,BR018,Savings,2026-01-01,Active,100913.88,2.7
AC00004046,CU00003294,BR013,Savings,2021-11-22,Active,28875.3,2.7
AC00004047,CU00000382,BR011,Current,2019-03-18,Active,15112.97,0.0
AC00004048,CU00000193,BR006,Savings,2019-12-13,Active,31299.83,2.7
AC00004049,CU00000566,BR019,Salary,2023-08-23,Active,4230.8,2.5
AC00004050,CU00000121,BR018,Salary,2018-08-30,Active,5777.88,2.5
AC00004051,CU00002535,BR004,Savings,2022-08-30,Active,11186.05,2.7
AC00004052,CU00001129,BR022,Salary,2024-04-26,Active,20003.38,2.5
AC00004053,CU00000102,BR021,Salary,2024-11-22,Active,11346.91,2.5
AC00004054,CU00000310,BR022,Savings,2024-10-19,Active,14236.91,2.7
AC00004055,CU00002615,BR001,Savings,2021-09-30,Dormant,75447.42,2.7
AC00004056,CU00003276,BR021,Savings,2020-05-18,Closed,32908.35,2.7
AC00004057,CU00001268,BR009,Savings,2019-01-12,Active,14540.03,2.7
AC00004058,CU00002574,BR022,Savings,2025-04-11,Active,34515.26,2.7
AC00004059,CU00004654,BR022,Savings,2020-09-20,Active,3139.9,2.7
AC00004060,CU00001569,BR015,Salary,2026-01-12,Active,36041.9,2.5
AC00004061,CU00000015,BR019,Savings,2022-12-28,Active,14969.22,2.7
AC00004062,CU00000903,BR019,Fixed Deposit,2026-03-29,Active,294394.98,7.1
AC00004063,CU00000708,BR008,Savings,2018-07-09,Dormant,2769.22,2.7
AC00004064,CU00001366,BR007,Savings,2024-11-17,Closed,41148.98,2.7
AC00004065,CU00000978,BR004,Savings,2023-02-24,Active,49819.6,2.7
AC00004066,CU00001947,BR005,Current,2019-01-01,Active,9402.14,0.0
AC00004067,CU00000558,BR001,Salary,2019-12-04,Active,99249.97,2.5
AC00004068,CU00002528,BR013,Salary,2018-07-05,Active,62143.75,2.5
AC00004069,CU00001660,BR015,Fixed Deposit,2020-06-05,Active,94873.84,7.1
AC00004070,CU00002895,BR009,Savings,2025-11-15,Active,20576.65,2.7
AC00004071,CU00002169,BR021,Savings,2020-02-27,Active,176596.15,2.7
AC00004072,CU00004397,BR001,Salary,2025-03-14,Active,18096.92,2.5
AC00004073,CU00000328,BR002,Savings,2020-12-06,Active,52473.65,2.7
AC00004074,CU00004703,BR001,Fixed Deposit,2020-03-19,Active,213195.55,7.1
AC00004075,CU00001310,BR017,Current,2018-08-06,Dormant,10381.69,0.0
AC00004076,CU00002014,BR016,Savings,2022-05-21,Closed,24817.55,2.7
AC00004077,CU00004095,BR024,Current,2019-07-10,Active,9760.71,0.0
AC00004078,CU00003809,BR020,Fixed Deposit,2019-06-19,Active,107763.25,7.1
AC00004079,CU00003340,BR001,Savings,2022-05-29,Active,7599.09,2.7
AC00004080,CU00000674,BR004,Salary,2023-03-09,Active,27019.22,2.5
AC00004081,CU00000622,BR011,Savings,2025-07-24,Active,75205.54,2.7
AC00004082,CU00003329,BR019,Salary,2026-04-08,Active,6102.58,2.5
AC00004083,CU00003512,BR019,Fixed Deposit,2023-02-13,Active,81660.83,7.1
AC00004084,CU00004264,BR009,Savings,2024-04-25,Active,110324.46,2.7
AC00004085,CU00004849,BR021,Savings,2021-03-29,Active,15381.83,2.7
AC00004086,CU00004181,BR017,Salary,2025-04-26,Active,93374.7,2.5
AC00004087,CU00004849,BR010,Salary,2020-03-25,Active,82744.71,2.5
AC00004088,CU00002486,BR004,Current,2021-04-27,Active,5682.72,0.0
AC00004089,CU00003479,BR018,Savings,2024-04-27,Active,6564.67,2.7
AC00004090,CU00002950,BR014,Savings,2023-10-19,Active,22047.97,2.7
AC00004091,CU00002959,BR007,Fixed Deposit,2020-04-05,Active,311838.33,7.1
AC00004092,CU00000837,BR013,Savings,2022-08-30,Active,50777.27,2.7
AC00004093,CU00002633,BR006,Savings,2026-02-20,Active,16721.17,2.7
AC00004094,CU00003982,BR015,Salary,2025-08-28,Active,154742.3,2.5
AC00004095,CU00001570,BR003,Savings,2025-01-15,Active,81436.33,2.7
AC00004096,CU00001216,BR012,Current,2024-03-17,Active,114292.97,0.0
AC00004097,CU00003911,BR018,Salary,2021-09-18,Active,3991.42,2.5
AC00004098,CU00002104,BR017,Salary,2019-05-28,Active,31780.22,2.5
AC00004099,CU00004937,BR014,Current,2025-10-25,Active,90779.5,0.0
AC00004100,CU00002040,BR001,Salary,2026-01-14,Active,6494.14,2.5
AC00004101,CU00002861,BR011,Savings,2019-07-27,Active,57024.75,2.7
AC00004102,CU00000025,BR003,Savings,2024-09-05,Active,22295.91,2.7
AC00004103,CU00002820,BR020,Savings,2022-09-30,Active,46149.77,2.7
AC00004104,CU00003699,BR011,Salary,2025-07-04,Active,22366.13,2.5
AC00004105,CU00004099,BR020,Savings,2020-01-11,Active,21915.84,2.7
AC00004106,CU00000401,BR017,Savings,2024-06-28,Dormant,27293.81,2.7
AC00004107,CU00002583,BR023,Savings,2018-07-02,Active,12305.72,2.7
AC00004108,CU00001853,BR009,Savings,2019-09-02,Active,15174.25,2.7
AC00004109,CU00000901,BR014,Salary,2019-08-27,Active,27947.49,2.5
AC00004110,CU00001482,BR023,Fixed Deposit,2022-01-10,Active,713776.73,7.1
AC00004111,CU00002780,BR016,Fixed Deposit,2025-05-29,Active,56596.63,7.1
AC00004112,CU00000717,BR019,Savings,2021-07-12,Active,10452.66,2.7
AC00004113,CU00000309,BR003,Savings,2019-09-22,Active,28376.5,2.7
AC00004114,CU00004410,BR004,Salary,2021-06-11,Active,5268.55,2.5
AC00004115,CU00003460,BR003,Fixed Deposit,2020-09-26,Active,158509.68,7.1
AC00004116,CU00000313,BR010,Salary,2021-01-08,Active,15510.93,2.5
AC00004117,CU00002492,BR019,Savings,2023-12-30,Active,6430.53,2.7
AC00004118,CU00002072,BR002,Salary,2023-10-21,Active,65134.57,2.5
AC00004119,CU00003928,BR015,Savings,2024-04-06,Active,8183.91,2.7
AC00004120,CU00004285,BR020,Current,2021-03-13,Active,83108.41,0.0
AC00004121,CU00000201,BR010,Salary,2024-06-04,Active,10970.15,2.5
AC00004122,CU00001776,BR009,Savings,2026-04-16,Active,3753.34,2.7
AC00004123,CU00004437,BR006,Savings,2018-07-31,Active,28200.58,2.7
AC00004124,CU00001652,BR006,Current,2018-06-25,Active,45061.11,0.0
AC00004125,CU00002135,BR022,Savings,2019-06-12,Closed,33076.05,2.7
AC00004126,CU00001295,BR017,Salary,2021-04-02,Active,31400.82,2.5
AC00004127,CU00004948,BR023,Salary,2018-06-29,Active,8731.51,2.5
AC00004128,CU00002816,BR024,Salary,2021-05-29,Active,6253.65,2.5
AC00004129,CU00000312,BR015,Savings,2022-03-04,Active,3890.59,2.7
AC00004130,CU00004140,BR024,Savings,2023-07-21,Active,207251.91,2.7
AC00004131,CU00000829,BR001,Fixed Deposit,2020-08-29,Active,1038846.01,7.1
AC00004132,CU00004419,BR011,Salary,2020-01-06,Active,10178.1,2.5
AC00004133,CU00004624,BR005,Fixed Deposit,2022-05-23,Active,340691.74,7.1
AC00004134,CU00004334,BR006,Fixed Deposit,2022-05-04,Active,115245.77,7.1
AC00004135,CU00004480,BR022,Savings,2021-10-23,Active,12367.78,2.7
AC00004136,CU00002912,BR021,Savings,2025-07-27,Active,21211.74,2.7
AC00004137,CU00001220,BR008,Savings,2019-04-26,Active,12994.04,2.7
AC00004138,CU00003857,BR024,Savings,2021-04-03,Active,18155.15,2.7
AC00004139,CU00002930,BR005,Salary,2020-07-08,Active,10960.21,2.5
AC00004140,CU00003425,BR010,Savings,2025-01-16,Active,5430.06,2.7
AC00004141,CU00000053,BR001,Savings,2024-08-13,Active,23870.48,2.7
AC00004142,CU00000246,BR019,Fixed Deposit,2020-02-16,Active,300959.24,7.1
AC00004143,CU00004084,BR022,Current,2022-09-06,Active,7579.7,0.0
AC00004144,CU00000910,BR021,Savings,2020-07-29,Active,11538.21,2.7
AC00004145,CU00002300,BR024,Salary,2026-05-20,Active,17695.8,2.5
AC00004146,CU00002878,BR023,Savings,2021-10-14,Active,36577.94,2.7
AC00004147,CU00004850,BR004,Salary,2019-04-07,Active,25467.39,2.5
AC00004148,CU00004871,BR021,Savings,2025-11-13,Active,14842.34,2.7
AC00004149,CU00003753,BR015,Savings,2025-10-10,Active,1242.92,2.7
AC00004150,CU00002915,BR016,Salary,2018-09-22,Active,37784.84,2.5
AC00004151,CU00004823,BR007,Savings,2021-03-27,Active,4666.74,2.7
AC00004152,CU00001054,BR009,Savings,2021-07-09,Active,15524.85,2.7
AC00004153,CU00001229,BR014,Salary,2021-04-02,Active,41115.18,2.5
AC00004154,CU00001892,BR005,Savings,2024-12-31,Active,17034.14,2.7
AC00004155,CU00001398,BR021,Salary,2019-10-26,Active,97789.61,2.5
AC00004156,CU00004053,BR001,Fixed Deposit,2021-06-03,Active,340558.91,7.1
AC00004157,CU00001749,BR012,Savings,2020-07-26,Active,57355.47,2.7
AC00004158,CU00004702,BR017,Salary,2025-02-16,Active,21488.02,2.5
AC00004159,CU00000862,BR006,Savings,2020-12-07,Active,7771.89,2.7
AC00004160,CU00001035,BR024,Savings,2018-12-17,Active,59706.77,2.7
AC00004161,CU00000417,BR011,Savings,2024-01-27,Active,53007.8,2.7
AC00004162,CU00004826,BR012,Savings,2023-06-18,Active,8531.55,2.7
AC00004163,CU00004058,BR016,Fixed Deposit,2020-02-26,Active,194350.03,7.1
AC00004164,CU00000003,BR001,Savings,2020-11-10,Dormant,7034.04,2.7
AC00004165,CU00003187,BR013,Salary,2021-09-19,Active,92485.55,2.5
AC00004166,CU00000251,BR008,Fixed Deposit,2019-12-13,Active,199199.64,7.1
AC00004167,CU00004741,BR021,Salary,2024-08-10,Active,15536.31,2.5
AC00004168,CU00003633,BR008,Savings,2021-06-16,Active,56542.39,2.7
AC00004169,CU00001374,BR024,Savings,2025-08-07,Active,33418.8,2.7
AC00004170,CU00003127,BR023,Salary,2022-08-12,Active,58537.49,2.5
AC00004171,CU00000618,BR006,Current,2019-08-20,Active,7334.34,0.0
AC00004172,CU00004333,BR022,Current,2019-05-25,Dormant,32435.37,0.0
AC00004173,CU00000551,BR006,Salary,2019-10-27,Active,7950.7,2.5
AC00004174,CU00004207,BR008,Savings,2019-01-02,Active,48954.44,2.7
AC00004175,CU00004987,BR022,Savings,2020-04-10,Active,2374.17,2.7
AC00004176,CU00001315,BR013,Salary,2018-12-24,Active,9577.23,2.5
AC00004177,CU00000874,BR019,Salary,2023-06-11,Active,7429.86,2.5
AC00004178,CU00003843,BR007,Salary,2020-12-23,Active,30150.44,2.5
AC00004179,CU00004296,BR004,Salary,2023-02-27,Active,2470.81,2.5
AC00004180,CU00000273,BR015,Current,2025-06-14,Active,15253.9,0.0
AC00004181,CU00001566,BR008,Current,2024-05-31,Active,56828.04,0.0
AC00004182,CU00004333,BR002,Fixed Deposit,2024-06-19,Active,191415.88,7.1
AC00004183,CU00001624,BR006,Savings,2022-02-22,Dormant,33265.56,2.7
AC00004184,CU00001674,BR011,Salary,2019-04-09,Active,274174.0,2.5
AC00004185,CU00003884,BR005,Savings,2024-02-11,Active,28404.77,2.7
AC00004186,CU00001816,BR017,Current,2022-09-01,Active,7854.28,0.0
AC00004187,CU00000420,BR007,Savings,2025-12-23,Active,9134.21,2.7
AC00004188,CU00000656,BR011,Current,2026-06-08,Active,1611.4,0.0
AC00004189,CU00004781,BR019,Fixed Deposit,2023-12-06,Active,46780.5,7.1
AC00004190,CU00000575,BR011,Savings,2024-06-19,Active,6457.52,2.7
AC00004191,CU00001151,BR001,Savings,2025-02-19,Active,50097.71,2.7
AC00004192,CU00003637,BR020,Savings,2023-02-07,Active,24979.17,2.7
AC00004193,CU00001978,BR021,Current,2020-04-21,Active,9252.33,0.0
AC00004194,CU00000486,BR019,Salary,2024-02-07,Active,27340.73,2.5
AC00004195,CU00002186,BR007,Savings,2019-11-21,Active,12614.18,2.7
AC00004196,CU00002552,BR006,Salary,2018-09-07,Active,8493.84,2.5
AC00004197,CU00003885,BR007,Salary,2022-07-24,Active,17013.71,2.5
AC00004198,CU00004949,BR008,Savings,2021-07-25,Active,18707.75,2.7
AC00004199,CU00000729,BR008,Salary,2024-09-25,Active,68256.71,2.5
AC00004200,CU00003888,BR024,Savings,2021-08-25,Active,18114.45,2.7
AC00004201,CU00001005,BR020,Savings,2019-11-13,Active,2470.19,2.7
AC00004202,CU00001846,BR006,Savings,2020-04-09,Active,56720.58,2.7
AC00004203,CU00000669,BR009,Savings,2018-09-03,Active,251024.71,2.7
AC00004204,CU00001831,BR009,Fixed Deposit,2022-01-02,Active,59792.27,7.1
AC00004205,CU00004383,BR021,Fixed Deposit,2023-12-17,Dormant,116081.02,7.1
AC00004206,CU00002692,BR007,Savings,2021-12-03,Active,127728.8,2.7
AC00004207,CU00002563,BR007,Fixed Deposit,2026-03-11,Active,131191.3,7.1
AC00004208,CU00003363,BR011,Current,2019-06-11,Active,10240.91,0.0
AC00004209,CU00003652,BR017,Savings,2022-03-06,Active,37159.76,2.7
AC00004210,CU00004853,BR005,Savings,2021-12-05,Active,55820.88,2.7
AC00004211,CU00001220,BR003,Salary,2019-02-08,Active,4996.49,2.5
AC00004212,CU00004114,BR019,Fixed Deposit,2021-02-06,Active,23075.55,7.1
AC00004213,CU00004300,BR014,Current,2026-03-31,Active,214369.17,0.0
AC00004214,CU00003704,BR007,Savings,2020-05-03,Active,13197.89,2.7
AC00004215,CU00001242,BR006,Savings,2022-05-21,Closed,277216.65,2.7
AC00004216,CU00002421,BR001,Current,2025-04-18,Active,13818.08,0.0
AC00004217,CU00003920,BR016,Current,2023-08-24,Active,65055.02,0.0
AC00004218,CU00001297,BR017,Savings,2024-01-11,Active,14602.01,2.7
AC00004219,CU00003745,BR014,Fixed Deposit,2022-06-06,Active,129364.66,7.1
AC00004220,CU00003280,BR014,Savings,2018-08-22,Dormant,38223.49,2.7
AC00004221,CU00002266,BR008,Savings,2023-11-17,Active,17120.9,2.7
AC00004222,CU00001936,BR009,Fixed Deposit,2022-10-06,Active,386800.13,7.1
AC00004223,CU00003618,BR016,Fixed Deposit,2023-08-18,Active,98070.11,7.1
AC00004224,CU00001761,BR007,Savings,2025-12-29,Active,817032.42,2.7
AC00004225,CU00002313,BR007,Current,2023-09-27,Active,14577.34,0.0
AC00004226,CU00001104,BR013,Savings,2026-02-12,Active,14210.95,2.7
AC00004227,CU00000557,BR015,Savings,2019-02-28,Active,75913.59,2.7
AC00004228,CU00002340,BR008,Salary,2022-05-11,Active,22648.31,2.5
AC00004229,CU00002935,BR018,Savings,2025-11-01,Active,34602.15,2.7
AC00004230,CU00002582,BR006,Savings,2020-09-25,Active,74399.11,2.7
AC00004231,CU00003666,BR015,Savings,2023-08-21,Active,116390.76,2.7
AC00004232,CU00001354,BR011,Savings,2024-12-26,Active,152902.82,2.7
AC00004233,CU00000329,BR001,Savings,2023-05-26,Active,23330.1,2.7
AC00004234,CU00003484,BR004,Current,2020-08-18,Active,22473.01,0.0
AC00004235,CU00004688,BR001,Savings,2021-03-07,Active,34183.44,2.7
AC00004236,CU00004003,BR020,Current,2020-08-26,Active,6231.32,0.0
AC00004237,CU00002146,BR005,Savings,2019-04-07,Active,4885.46,2.7
AC00004238,CU00003544,BR011,Savings,2021-07-17,Active,105222.56,2.7
AC00004239,CU00004084,BR005,Fixed Deposit,2022-07-18,Active,90396.6,7.1
AC00004240,CU00002191,BR009,Salary,2021-08-14,Active,39280.81,2.5
AC00004241,CU00003235,BR021,Salary,2019-12-25,Active,134807.53,2.5
AC00004242,CU00003960,BR014,Fixed Deposit,2020-12-30,Active,1249594.27,7.1
AC00004243,CU00002065,BR019,Fixed Deposit,2023-02-24,Active,231854.37,7.1
AC00004244,CU00000601,BR011,Savings,2022-01-17,Active,219038.32,2.7
AC00004245,CU00004936,BR012,Savings,2022-01-19,Active,20579.03,2.7
AC00004246,CU00004722,BR006,Savings,2018-09-16,Active,63356.93,2.7
AC00004247,CU00001013,BR024,Salary,2018-07-23,Active,30408.25,2.5
AC00004248,CU00002597,BR023,Savings,2024-10-20,Active,25960.55,2.7
AC00004249,CU00000174,BR019,Salary,2019-07-29,Active,13666.17,2.5
AC00004250,CU00002371,BR002,Salary,2024-05-08,Active,407145.92,2.5
AC00004251,CU00000640,BR018,Salary,2023-11-19,Active,26909.53,2.5
AC00004252,CU00000122,BR011,Salary,2022-11-05,Active,33119.47,2.5
AC00004253,CU00002858,BR008,Fixed Deposit,2021-03-18,Active,110664.41,7.1
AC00004254,CU00003915,BR010,Salary,2025-04-28,Active,14632.21,2.5
AC00004255,CU00003212,BR023,Savings,2021-01-17,Active,39867.43,2.7
AC00004256,CU00002095,BR012,Salary,2021-01-08,Active,7716.21,2.5
AC00004257,CU00002633,BR016,Savings,2020-04-21,Active,12533.37,2.7
AC00004258,CU00001445,BR022,Salary,2022-04-27,Dormant,5875.01,2.5
AC00004259,CU00000161,BR021,Fixed Deposit,2023-12-18,Dormant,189212.72,7.1
AC00004260,CU00001868,BR004,Savings,2019-05-30,Active,155468.12,2.7
AC00004261,CU00003247,BR006,Current,2022-01-09,Active,427391.09,0.0
AC00004262,CU00000556,BR007,Savings,2019-07-14,Active,2735.65,2.7
AC00004263,CU00000814,BR015,Salary,2026-01-03,Active,26746.65,2.5
AC00004264,CU00002725,BR019,Current,2025-04-28,Active,83894.52,0.0
AC00004265,CU00000158,BR012,Savings,2025-08-11,Active,23768.84,2.7
AC00004266,CU00003812,BR001,Savings,2021-02-23,Active,88664.31,2.7
AC00004267,CU00000886,BR016,Salary,2025-07-04,Active,86492.4,2.5
AC00004268,CU00004660,BR021,Salary,2019-12-31,Active,124623.17,2.5
AC00004269,CU00000366,BR008,Savings,2025-12-17,Active,11067.7,2.7
AC00004270,CU00002582,BR006,Salary,2025-11-01,Active,24023.0,2.5
AC00004271,CU00000928,BR013,Salary,2025-10-29,Active,23514.03,2.5
AC00004272,CU00004779,BR005,Current,2021-01-16,Active,110502.09,0.0
AC00004273,CU00001405,BR024,Salary,2020-09-03,Active,29368.28,2.5
AC00004274,CU00001878,BR007,Savings,2020-06-24,Active,49620.56,2.7
AC00004275,CU00002266,BR005,Salary,2020-11-02,Active,3821.12,2.5
AC00004276,CU00002422,BR009,Savings,2019-05-17,Active,26747.32,2.7
AC00004277,CU00003159,BR010,Salary,2024-03-13,Active,21216.15,2.5
AC00004278,CU00000049,BR007,Savings,2019-09-04,Active,21647.76,2.7
AC00004279,CU00001178,BR020,Current,2025-10-23,Active,6744.94,0.0
AC00004280,CU00002296,BR020,Savings,2020-07-18,Active,89380.15,2.7
AC00004281,CU00004954,BR014,Savings,2020-07-01,Active,40608.21,2.7
AC00004282,CU00001044,BR005,Salary,2020-05-20,Dormant,14246.94,2.5
AC00004283,CU00001259,BR020,Salary,2021-08-18,Active,154830.69,2.5
AC00004284,CU00001584,BR014,Current,2020-04-18,Active,109265.22,0.0
AC00004285,CU00003614,BR020,Savings,2025-06-27,Active,38895.14,2.7
AC00004286,CU00004630,BR018,Savings,2018-10-10,Active,72149.62,2.7
AC00004287,CU00001048,BR007,Current,2019-11-02,Closed,53116.46,0.0
AC00004288,CU00004976,BR016,Savings,2023-02-14,Active,28480.62,2.7
AC00004289,CU00003627,BR023,Current,2021-01-12,Active,73398.65,0.0
AC00004290,CU00004092,BR003,Savings,2019-09-08,Active,3219.78,2.7
AC00004291,CU00003914,BR004,Savings,2018-11-10,Active,17077.75,2.7
AC00004292,CU00001275,BR014,Salary,2023-08-22,Active,122523.18,2.5
AC00004293,CU00003337,BR014,Current,2020-11-10,Active,2907.96,0.0
AC00004294,CU00002393,BR012,Savings,2025-12-14,Dormant,3051.39,2.7
AC00004295,CU00001584,BR004,Savings,2025-01-23,Active,226592.83,2.7
AC00004296,CU00001525,BR023,Savings,2021-06-20,Active,330966.53,2.7
AC00004297,CU00002305,BR007,Savings,2022-07-28,Active,6553.51,2.7
AC00004298,CU00002648,BR011,Savings,2025-01-16,Active,131142.71,2.7
AC00004299,CU00001060,BR021,Savings,2019-10-20,Closed,969109.51,2.7
AC00004300,CU00002037,BR019,Savings,2022-07-03,Active,43420.62,2.7
AC00004301,CU00003307,BR014,Current,2021-01-29,Active,22633.25,0.0
AC00004302,CU00000607,BR004,Current,2024-06-03,Active,187966.82,0.0
AC00004303,CU00003786,BR022,Salary,2023-01-28,Active,19504.61,2.5
AC00004304,CU00001309,BR005,Fixed Deposit,2022-10-04,Active,222664.72,7.1
AC00004305,CU00001558,BR006,Savings,2019-12-24,Active,14769.91,2.7
AC00004306,CU00004660,BR021,Fixed Deposit,2022-03-24,Active,218793.65,7.1
AC00004307,CU00000003,BR024,Current,2025-08-18,Active,49381.19,0.0
AC00004308,CU00002923,BR022,Savings,2022-10-28,Active,34233.84,2.7
AC00004309,CU00004510,BR006,Current,2018-06-17,Active,20080.3,0.0
AC00004310,CU00002145,BR004,Salary,2026-07-25,Active,30127.33,2.5
AC00004311,CU00002933,BR018,Savings,2023-08-16,Active,29758.04,2.7
AC00004312,CU00002894,BR019,Current,2025-02-27,Dormant,5992.42,0.0
AC00004313,CU00003236,BR016,Savings,2026-03-27,Dormant,5023.04,2.7
AC00004314,CU00002483,BR024,Savings,2020-05-26,Active,39918.41,2.7
AC00004315,CU00004001,BR010,Salary,2022-04-04,Active,34541.55,2.5
AC00004316,CU00004528,BR016,Fixed Deposit,2019-08-25,Active,522176.45,7.1
AC00004317,CU00001161,BR005,Savings,2018-07-12,Active,116577.1,2.7
AC00004318,CU00003506,BR008,Salary,2019-01-28,Active,32093.25,2.5
AC00004319,CU00001097,BR016,Savings,2025-01-13,Active,27585.56,2.7
AC00004320,CU00004531,BR015,Current,2022-07-16,Active,79001.69,0.0
AC00004321,CU00002142,BR006,Savings,2021-11-30,Active,4224.98,2.7
AC00004322,CU00004269,BR009,Salary,2021-01-29,Active,40509.31,2.5
AC00004323,CU00003262,BR015,Savings,2020-08-06,Active,21482.05,2.7
AC00004324,CU00000276,BR007,Salary,2023-07-22,Active,70316.8,2.5
AC00004325,CU00002373,BR013,Fixed Deposit,2025-12-01,Active,115248.29,7.1
AC00004326,CU00000711,BR008,Salary,2019-12-22,Active,2580.92,2.5
AC00004327,CU00004031,BR018,Savings,2020-10-24,Active,39953.86,2.7
AC00004328,CU00000658,BR009,Current,2025-06-07,Active,28932.53,0.0
AC00004329,CU00002380,BR023,Salary,2023-10-14,Active,15446.79,2.5
AC00004330,CU00002803,BR010,Savings,2020-09-28,Closed,26266.35,2.7
AC00004331,CU00000634,BR016,Savings,2026-01-14,Active,84275.89,2.7
AC00004332,CU00000399,BR001,Salary,2018-11-25,Active,11115.01,2.5
AC00004333,CU00000685,BR006,Salary,2019-03-08,Dormant,219433.73,2.5
AC00004334,CU00001368,BR008,Current,2021-03-07,Active,11330.94,0.0
AC00004335,CU00002774,BR007,Salary,2021-11-13,Active,3650.95,2.5
AC00004336,CU00002701,BR018,Salary,2020-03-23,Active,93085.6,2.5
AC00004337,CU00003946,BR019,Savings,2019-07-19,Active,37160.65,2.7
AC00004338,CU00004160,BR020,Salary,2021-01-21,Active,46472.58,2.5
AC00004339,CU00001125,BR008,Savings,2026-06-22,Closed,38333.15,2.7
AC00004340,CU00000043,BR003,Savings,2020-05-23,Active,13096.56,2.7
AC00004341,CU00000248,BR009,Savings,2022-03-12,Active,45117.6,2.7
AC00004342,CU00004367,BR001,Savings,2023-01-11,Active,11922.3,2.7
AC00004343,CU00003093,BR006,Current,2024-12-19,Active,22763.02,0.0
AC00004344,CU00003626,BR007,Savings,2023-04-21,Active,33706.79,2.7
AC00004345,CU00004762,BR016,Salary,2023-12-28,Active,98541.69,2.5
AC00004346,CU00002427,BR011,Savings,2025-02-14,Active,28303.99,2.7
AC00004347,CU00003708,BR004,Savings,2022-06-13,Active,18129.63,2.7
AC00004348,CU00003556,BR013,Current,2024-11-13,Active,15289.58,0.0
AC00004349,CU00002827,BR010,Savings,2018-10-11,Active,17160.94,2.7
AC00004350,CU00002884,BR021,Salary,2020-07-17,Active,56051.58,2.5
AC00004351,CU00000829,BR017,Current,2024-06-08,Active,10096.18,0.0
AC00004352,CU00004483,BR017,Savings,2024-08-29,Active,55152.61,2.7
AC00004353,CU00004432,BR012,Savings,2022-12-11,Active,4304.93,2.7
AC00004354,CU00002853,BR024,Savings,2022-09-27,Active,52129.35,2.7
AC00004355,CU00004298,BR016,Salary,2020-10-08,Active,21053.7,2.5
AC00004356,CU00004996,BR022,Savings,2022-08-01,Active,16945.07,2.7
AC00004357,CU00004987,BR013,Current,2021-04-30,Active,21829.33,0.0
AC00004358,CU00004610,BR014,Savings,2024-09-16,Active,8190.39,2.7
AC00004359,CU00003192,BR003,Salary,2023-03-26,Active,18630.24,2.5
AC00004360,CU00000705,BR015,Current,2025-02-09,Active,15513.3,0.0
AC00004361,CU00003871,BR016,Salary,2021-08-21,Active,22425.14,2.5
AC00004362,CU00000428,BR013,Fixed Deposit,2022-05-17,Active,120359.7,7.1
AC00004363,CU00001737,BR013,Savings,2023-06-14,Active,169827.48,2.7
AC00004364,CU00000741,BR012,Current,2023-05-17,Active,94395.72,0.0
AC00004365,CU00001582,BR014,Savings,2019-09-18,Active,138956.1,2.7
AC00004366,CU00003649,BR007,Savings,2020-03-29,Active,10425.81,2.7
AC00004367,CU00001980,BR022,Savings,2022-07-08,Active,55459.22,2.7
AC00004368,CU00004855,BR007,Salary,2025-03-12,Active,49168.93,2.5
AC00004369,CU00001662,BR012,Savings,2023-12-14,Active,2127.43,2.7
AC00004370,CU00000059,BR006,Savings,2023-09-22,Active,82848.98,2.7
AC00004371,CU00001032,BR006,Salary,2021-10-22,Active,9215.3,2.5
AC00004372,CU00000838,BR015,Fixed Deposit,2023-08-07,Active,147974.96,7.1
AC00004373,CU00002446,BR023,Fixed Deposit,2020-02-07,Active,98054.71,7.1
AC00004374,CU00002817,BR019,Current,2023-04-16,Active,116690.38,0.0
AC00004375,CU00003821,BR014,Savings,2025-07-29,Dormant,37906.62,2.7
AC00004376,CU00002074,BR021,Savings,2024-05-30,Dormant,19288.25,2.7
AC00004377,CU00003021,BR015,Fixed Deposit,2022-02-03,Active,832148.49,7.1
AC00004378,CU00003702,BR005,Savings,2025-03-11,Active,34502.29,2.7
AC00004379,CU00001752,BR024,Fixed Deposit,2018-12-12,Active,218726.44,7.1
AC00004380,CU00002106,BR004,Savings,2026-06-15,Active,25434.06,2.7
AC00004381,CU00000986,BR006,Savings,2020-04-18,Active,96237.6,2.7
AC00004382,CU00002713,BR001,Savings,2020-11-03,Active,147224.46,2.7
AC00004383,CU00001807,BR016,Savings,2023-02-21,Active,26773.84,2.7
AC00004384,CU00001065,BR010,Savings,2020-11-20,Active,87403.5,2.7
AC00004385,CU00000147,BR024,Current,2025-06-20,Active,32117.31,0.0
AC00004386,CU00000132,BR010,Fixed Deposit,2021-05-08,Active,380039.61,7.1
AC00004387,CU00003961,BR022,Savings,2019-10-16,Active,73723.04,2.7
AC00004388,CU00004054,BR022,Savings,2025-04-21,Active,33001.95,2.7
AC00004389,CU00000014,BR016,Salary,2023-12-02,Active,9642.59,2.5
AC00004390,CU00004286,BR006,Savings,2021-10-18,Active,12935.77,2.7
AC00004391,CU00000557,BR016,Salary,2021-01-04,Active,81702.3,2.5
AC00004392,CU00002285,BR021,Salary,2026-05-13,Active,8707.81,2.5
AC00004393,CU00003835,BR003,Fixed Deposit,2025-01-09,Active,237727.12,7.1
AC00004394,CU00001277,BR007,Savings,2023-03-03,Active,92658.59,2.7
AC00004395,CU00001649,BR005,Fixed Deposit,2019-08-29,Active,148547.05,7.1
AC00004396,CU00001200,BR024,Savings,2022-11-15,Closed,63020.96,2.7
AC00004397,CU00002183,BR017,Savings,2024-08-19,Active,4948.09,2.7
AC00004398,CU00004774,BR002,Savings,2021-09-08,Active,76677.57,2.7
AC00004399,CU00000537,BR014,Savings,2021-05-13,Active,37984.82,2.7
AC00004400,CU00001467,BR015,Savings,2023-04-23,Active,45541.67,2.7
AC00004401,CU00000648,BR012,Salary,2021-07-12,Active,18418.46,2.5
AC00004402,CU00003199,BR001,Savings,2019-01-07,Active,22659.14,2.7
AC00004403,CU00004820,BR017,Savings,2023-03-05,Active,28194.03,2.7
AC00004404,CU00003584,BR001,Savings,2023-03-25,Active,43207.97,2.7
AC00004405,CU00001855,BR018,Savings,2022-12-04,Active,35833.43,2.7
AC00004406,CU00002823,BR005,Savings,2025-02-25,Active,15443.51,2.7
AC00004407,CU00003166,BR019,Salary,2021-08-25,Active,40375.45,2.5
AC00004408,CU00002284,BR014,Savings,2021-11-20,Active,32827.86,2.7
AC00004409,CU00000978,BR018,Current,2026-03-24,Active,16456.85,0.0
AC00004410,CU00003954,BR003,Savings,2021-10-11,Active,62998.41,2.7
AC00004411,CU00003582,BR020,Salary,2021-01-04,Active,94085.51,2.5
AC00004412,CU00000287,BR019,Fixed Deposit,2018-11-05,Active,86387.91,7.1
AC00004413,CU00002832,BR021,Savings,2021-11-24,Active,4523.98,2.7
AC00004414,CU00000831,BR022,Fixed Deposit,2022-07-27,Active,106635.9,7.1
AC00004415,CU00004664,BR010,Savings,2019-08-09,Dormant,4989.78,2.7
AC00004416,CU00002813,BR023,Savings,2021-03-07,Active,39098.16,2.7
AC00004417,CU00000201,BR014,Salary,2022-10-18,Dormant,40865.83,2.5
AC00004418,CU00002218,BR014,Salary,2023-04-09,Active,61564.89,2.5
AC00004419,CU00004440,BR011,Savings,2020-10-09,Dormant,13733.87,2.7
AC00004420,CU00002563,BR002,Savings,2023-06-25,Active,115784.0,2.7
AC00004421,CU00003208,BR011,Fixed Deposit,2025-04-24,Active,205329.65,7.1
AC00004422,CU00002816,BR003,Savings,2021-04-25,Closed,105042.06,2.7
AC00004423,CU00003759,BR018,Savings,2021-12-31,Active,124269.82,2.7
AC00004424,CU00000748,BR011,Savings,2022-06-05,Active,50159.06,2.7
AC00004425,CU00002780,BR008,Savings,2020-02-29,Active,63917.25,2.7
AC00004426,CU00002475,BR013,Fixed Deposit,2018-11-10,Active,143614.49,7.1
AC00004427,CU00002567,BR018,Savings,2024-04-06,Active,22100.65,2.7
AC00004428,CU00001610,BR024,Salary,2020-01-02,Active,19178.35,2.5
AC00004429,CU00000756,BR019,Salary,2019-01-22,Active,83837.66,2.5
AC00004430,CU00004292,BR024,Fixed Deposit,2021-10-27,Active,85540.75,7.1
AC00004431,CU00000245,BR008,Fixed Deposit,2022-03-09,Active,162997.95,7.1
AC00004432,CU00001008,BR009,Savings,2018-09-12,Active,216355.33,2.7
AC00004433,CU00001859,BR016,Salary,2022-02-27,Active,92911.14,2.5
AC00004434,CU00004515,BR017,Savings,2023-06-22,Active,105883.37,2.7
AC00004435,CU00004403,BR010,Fixed Deposit,2023-05-23,Active,244228.32,7.1
AC00004436,CU00003819,BR009,Fixed Deposit,2018-10-14,Active,159687.45,7.1
AC00004437,CU00001140,BR021,Fixed Deposit,2021-08-25,Active,164042.29,7.1
AC00004438,CU00002978,BR006,Current,2020-11-16,Active,37946.75,0.0
AC00004439,CU00004474,BR001,Fixed Deposit,2024-12-28,Dormant,317631.4,7.1
AC00004440,CU00003366,BR006,Salary,2023-05-23,Active,18766.88,2.5
AC00004441,CU00002628,BR009,Savings,2023-01-17,Active,39711.86,2.7
AC00004442,CU00001073,BR006,Savings,2022-01-08,Active,17029.53,2.7
AC00004443,CU00000272,BR013,Savings,2023-10-02,Active,6259.26,2.7
AC00004444,CU00000040,BR010,Salary,2019-11-11,Dormant,18030.48,2.5
AC00004445,CU00002356,BR020,Current,2021-10-24,Active,12011.21,0.0
AC00004446,CU00001674,BR001,Savings,2024-12-01,Active,11711.16,2.7
AC00004447,CU00003667,BR011,Savings,2021-05-29,Active,14193.18,2.7
AC00004448,CU00003728,BR014,Savings,2023-05-02,Active,5928.6,2.7
AC00004449,CU00000505,BR001,Salary,2023-11-11,Active,105040.93,2.5
AC00004450,CU00002657,BR006,Savings,2025-08-20,Active,11716.07,2.7
AC00004451,CU00001980,BR012,Savings,2023-05-27,Active,16986.44,2.7
AC00004452,CU00000953,BR005,Savings,2024-06-01,Active,134647.5,2.7
AC00004453,CU00002667,BR021,Fixed Deposit,2026-08-07,Active,356370.48,7.1
AC00004454,CU00001326,BR016,Savings,2020-11-16,Active,35745.45,2.7
AC00004455,CU00000917,BR005,Savings,2023-07-16,Active,25132.32,2.7
AC00004456,CU00000043,BR004,Current,2023-07-26,Active,127409.44,0.0
AC00004457,CU00002562,BR002,Salary,2024-10-22,Active,17532.23,2.5
AC00004458,CU00001624,BR015,Savings,2026-02-18,Active,45122.07,2.7
AC00004459,CU00001625,BR017,Current,2023-04-09,Active,7917.64,0.0
AC00004460,CU00001730,BR003,Savings,2021-04-05,Active,23602.89,2.7
AC00004461,CU00000621,BR002,Savings,2021-08-25,Active,5682.83,2.7
AC00004462,CU00003299,BR012,Savings,2019-02-19,Active,8722.94,2.7
AC00004463,CU00000535,BR009,Salary,2022-01-16,Active,53299.29,2.5
AC00004464,CU00002036,BR013,Savings,2025-07-28,Active,10022.04,2.7
AC00004465,CU00001408,BR014,Fixed Deposit,2025-10-13,Closed,792144.67,7.1
AC00004466,CU00003828,BR009,Savings,2025-12-26,Active,48983.25,2.7
AC00004467,CU00002860,BR012,Savings,2022-11-21,Active,636219.46,2.7
AC00004468,CU00004022,BR006,Savings,2024-04-30,Active,8512.99,2.7
AC00004469,CU00000325,BR005,Salary,2024-08-05,Active,20838.04,2.5
AC00004470,CU00001202,BR018,Savings,2023-07-29,Active,23563.25,2.7
AC00004471,CU00004676,BR012,Current,2022-10-23,Active,48163.24,0.0
AC00004472,CU00004912,BR001,Fixed Deposit,2024-11-22,Active,136086.48,7.1
AC00004473,CU00004340,BR024,Savings,2021-03-03,Active,17392.23,2.7
AC00004474,CU00000589,BR020,Savings,2019-05-30,Active,403911.32,2.7
AC00004475,CU00004378,BR023,Savings,2018-11-22,Active,116354.32,2.7
AC00004476,CU00004776,BR009,Savings,2020-04-05,Dormant,3236.12,2.7
AC00004477,CU00003392,BR022,Savings,2022-01-27,Active,22759.37,2.7
AC00004478,CU00001124,BR003,Current,2022-08-20,Active,3204.55,0.0
AC00004479,CU00004316,BR015,Savings,2019-04-17,Active,14421.82,2.7
AC00004480,CU00001899,BR013,Fixed Deposit,2024-06-22,Active,151905.15,7.1
AC00004481,CU00000516,BR016,Current,2019-09-30,Active,39088.77,0.0
AC00004482,CU00003520,BR007,Savings,2022-12-30,Active,48159.88,2.7
AC00004483,CU00004512,BR011,Current,2019-09-15,Active,6066.15,0.0
AC00004484,CU00001058,BR010,Salary,2018-10-27,Active,188503.71,2.5
AC00004485,CU00004987,BR017,Current,2020-01-07,Active,4391.32,0.0
AC00004486,CU00004984,BR011,Savings,2024-08-17,Active,38894.57,2.7
AC00004487,CU00003135,BR022,Savings,2019-11-25,Dormant,28359.58,2.7
AC00004488,CU00002978,BR008,Savings,2021-10-30,Active,12101.49,2.7
AC00004489,CU00000403,BR001,Fixed Deposit,2023-01-29,Active,168990.7,7.1
AC00004490,CU00001603,BR013,Salary,2025-09-27,Active,9858.08,2.5
AC00004491,CU00000244,BR014,Savings,2018-11-22,Active,62925.76,2.7
AC00004492,CU00000894,BR019,Salary,2022-02-15,Active,32382.14,2.5
AC00004493,CU00002399,BR003,Salary,2024-10-19,Active,78769.19,2.5
AC00004494,CU00002112,BR013,Savings,2023-03-19,Active,9499.54,2.7
AC00004495,CU00003607,BR018,Savings,2020-05-10,Active,80862.13,2.7
AC00004496,CU00004228,BR004,Savings,2022-10-02,Active,18183.04,2.7
AC00004497,CU00001526,BR021,Savings,2026-05-11,Active,71464.95,2.7
AC00004498,CU00001992,BR006,Savings,2024-07-25,Active,6470.58,2.7
AC00004499,CU00004248,BR017,Savings,2026-02-01,Active,14031.19,2.7
AC00004500,CU00001307,BR016,Fixed Deposit,2023-11-07,Dormant,141648.59,7.1
AC00004501,CU00002843,BR007,Fixed Deposit,2021-10-29,Active,143380.71,7.1
AC00004502,CU00001399,BR012,Fixed Deposit,2025-08-28,Closed,107708.88,7.1
AC00004503,CU00004098,BR004,Savings,2022-05-24,Active,11097.6,2.7
AC00004504,CU00004039,BR002,Current,2025-01-18,Active,26036.4,0.0
AC00004505,CU00004537,BR021,Savings,2021-02-18,Active,46225.01,2.7
AC00004506,CU00002915,BR024,Savings,2024-10-05,Active,14760.97,2.7
AC00004507,CU00000063,BR003,Salary,2025-10-28,Active,53157.81,2.5
AC00004508,CU00002337,BR001,Savings,2023-10-06,Active,1822.97,2.7
AC00004509,CU00002567,BR003,Savings,2024-10-28,Active,28484.13,2.7
AC00004510,CU00003998,BR017,Fixed Deposit,2020-10-26,Active,124409.95,7.1
AC00004511,CU00002030,BR005,Savings,2025-04-15,Active,23658.44,2.7
AC00004512,CU00002665,BR015,Current,2019-06-22,Active,48058.99,0.0
AC00004513,CU00000774,BR020,Current,2024-05-15,Dormant,150037.35,0.0
AC00004514,CU00004772,BR002,Current,2019-03-17,Active,215866.42,0.0
AC00004515,CU00002757,BR008,Savings,2023-02-20,Active,8958.2,2.7
AC00004516,CU00001235,BR023,Current,2019-08-17,Active,56380.37,0.0
AC00004517,CU00001366,BR001,Savings,2018-11-17,Dormant,70962.44,2.7
AC00004518,CU00002277,BR005,Fixed Deposit,2024-03-01,Active,614988.77,7.1
AC00004519,CU00000833,BR008,Savings,2021-03-10,Active,26102.54,2.7
AC00004520,CU00002003,BR013,Salary,2018-12-19,Active,8108.27,2.5
AC00004521,CU00002508,BR013,Salary,2026-05-18,Active,30851.24,2.5
AC00004522,CU00003066,BR007,Salary,2023-12-18,Active,66185.11,2.5
AC00004523,CU00003182,BR006,Current,2022-11-15,Closed,10075.24,0.0
AC00004524,CU00001226,BR020,Current,2022-11-30,Dormant,8319.38,0.0
AC00004525,CU00001970,BR008,Salary,2019-04-01,Dormant,30270.22,2.5
AC00004526,CU00001238,BR023,Fixed Deposit,2019-08-08,Active,263056.69,7.1
AC00004527,CU00001570,BR005,Salary,2026-05-20,Active,31018.53,2.5
AC00004528,CU00004393,BR007,Savings,2019-04-25,Active,20595.54,2.7
AC00004529,CU00002139,BR001,Current,2023-08-24,Active,35162.81,0.0
AC00004530,CU00000259,BR009,Savings,2019-01-13,Active,17740.12,2.7
AC00004531,CU00004237,BR006,Savings,2020-12-21,Active,28957.86,2.7
AC00004532,CU00004497,BR024,Savings,2021-04-06,Active,108841.39,2.7
AC00004533,CU00004680,BR003,Salary,2020-09-16,Active,4699.79,2.5
AC00004534,CU00004497,BR007,Fixed Deposit,2018-09-15,Active,289686.3,7.1
AC00004535,CU00003000,BR003,Savings,2023-05-27,Active,25124.01,2.7
AC00004536,CU00002898,BR023,Savings,2023-01-10,Active,5256.88,2.7
AC00004537,CU00000958,BR007,Salary,2019-01-02,Active,32667.51,2.5
AC00004538,CU00003376,BR013,Salary,2020-08-29,Active,44930.97,2.5
AC00004539,CU00001461,BR011,Fixed Deposit,2025-01-31,Active,111101.98,7.1
AC00004540,CU00001000,BR013,Fixed Deposit,2019-08-22,Active,89250.8,7.1
AC00004541,CU00002890,BR010,Salary,2018-12-21,Dormant,108898.71,2.5
AC00004542,CU00001654,BR005,Savings,2019-11-13,Closed,3499.44,2.7
AC00004543,CU00002656,BR001,Savings,2021-12-22,Active,407501.64,2.7
AC00004544,CU00004086,BR011,Fixed Deposit,2023-11-04,Active,331704.42,7.1
AC00004545,CU00002588,BR016,Salary,2020-11-13,Active,114502.97,2.5
AC00004546,CU00003506,BR019,Savings,2023-08-10,Active,27063.68,2.7
AC00004547,CU00002955,BR020,Savings,2018-06-19,Active,98145.09,2.7
AC00004548,CU00000263,BR012,Current,2020-12-29,Active,12741.13,0.0
AC00004549,CU00000250,BR018,Savings,2025-06-16,Active,71999.73,2.7
AC00004550,CU00001799,BR003,Savings,2021-04-10,Active,15363.79,2.7
AC00004551,CU00004976,BR018,Fixed Deposit,2020-11-15,Active,234894.67,7.1
AC00004552,CU00000929,BR012,Current,2020-02-17,Active,609227.24,0.0
AC00004553,CU00000695,BR003,Salary,2024-11-24,Active,70888.71,2.5
AC00004554,CU00004428,BR002,Fixed Deposit,2020-06-26,Active,273629.6,7.1
AC00004555,CU00002917,BR021,Savings,2023-05-24,Active,12473.24,2.7
AC00004556,CU00002162,BR009,Savings,2024-10-04,Active,11603.12,2.7
AC00004557,CU00000881,BR002,Salary,2022-02-19,Active,26949.45,2.5
AC00004558,CU00002384,BR012,Savings,2020-12-23,Active,18464.89,2.7
AC00004559,CU00002191,BR004,Savings,2021-11-08,Active,7986.18,2.7
AC00004560,CU00002043,BR014,Salary,2024-08-29,Active,149333.01,2.5
AC00004561,CU00003037,BR007,Savings,2022-09-02,Active,107876.42,2.7
AC00004562,CU00001643,BR002,Savings,2020-08-26,Active,25077.1,2.7
AC00004563,CU00001258,BR018,Savings,2023-07-30,Active,139002.89,2.7
AC00004564,CU00002133,BR012,Salary,2020-02-06,Active,11377.6,2.5
AC00004565,CU00000748,BR011,Savings,2025-11-23,Active,23351.14,2.7
AC00004566,CU00003924,BR019,Current,2023-09-18,Active,3034.81,0.0
AC00004567,CU00003312,BR013,Fixed Deposit,2019-04-21,Active,78533.37,7.1
AC00004568,CU00003860,BR014,Savings,2018-09-18,Active,51544.87,2.7
AC00004569,CU00004794,BR004,Salary,2020-06-27,Active,19558.41,2.5
AC00004570,CU00001617,BR024,Salary,2019-07-21,Active,8359.92,2.5
AC00004571,CU00000014,BR018,Savings,2025-03-08,Active,6172.32,2.7
AC00004572,CU00002428,BR009,Salary,2024-08-18,Active,10190.7,2.5
AC00004573,CU00000415,BR021,Savings,2025-02-24,Active,49130.01,2.7
AC00004574,CU00003933,BR020,Current,2020-04-21,Active,21097.06,0.0
AC00004575,CU00001274,BR014,Salary,2022-11-24,Active,120579.4,2.5
AC00004576,CU00000115,BR012,Savings,2025-01-18,Active,28096.28,2.7
AC00004577,CU00002090,BR005,Savings,2022-10-11,Active,40139.67,2.7
AC00004578,CU00003330,BR004,Savings,2021-10-29,Active,3704.6,2.7
AC00004579,CU00002641,BR018,Savings,2021-04-18,Active,5635.63,2.7
AC00004580,CU00001029,BR024,Salary,2025-08-14,Active,16862.8,2.5
AC00004581,CU00001210,BR014,Salary,2025-05-05,Active,19417.11,2.5
AC00004582,CU00000476,BR007,Salary,2025-09-14,Active,12141.45,2.5
AC00004583,CU00002385,BR022,Savings,2025-09-19,Active,16813.49,2.7
AC00004584,CU00002434,BR003,Savings,2021-08-16,Active,14688.86,2.7
AC00004585,CU00000347,BR006,Savings,2022-08-21,Active,50948.36,2.7
AC00004586,CU00000429,BR015,Salary,2023-08-26,Active,87853.71,2.5
AC00004587,CU00004973,BR013,Salary,2018-08-14,Active,13598.39,2.5
AC00004588,CU00003655,BR008,Savings,2021-06-29,Active,10518.93,2.7
AC00004589,CU00001466,BR015,Salary,2022-05-20,Active,27875.79,2.5
AC00004590,CU00003619,BR002,Savings,2020-04-16,Active,88194.63,2.7
AC00004591,CU00002668,BR001,Savings,2019-06-16,Active,61694.15,2.7
AC00004592,CU00003972,BR024,Salary,2020-05-12,Active,18853.63,2.5
AC00004593,CU00003592,BR022,Salary,2022-02-05,Active,8056.22,2.5
AC00004594,CU00001165,BR015,Savings,2021-08-09,Active,31714.47,2.7
AC00004595,CU00002890,BR016,Salary,2021-04-22,Active,24811.77,2.5
AC00004596,CU00003034,BR015,Fixed Deposit,2025-02-04,Active,133933.81,7.1
AC00004597,CU00002960,BR018,Salary,2018-10-28,Active,119838.12,2.5
AC00004598,CU00003858,BR024,Salary,2021-03-12,Active,11519.32,2.5
AC00004599,CU00003917,BR008,Savings,2020-05-20,Active,16928.22,2.7
AC00004600,CU00000514,BR007,Current,2024-04-01,Active,3226.9,0.0
AC00004601,CU00000662,BR010,Savings,2024-06-07,Active,7875.67,2.7
AC00004602,CU00000629,BR014,Salary,2022-09-27,Active,20399.75,2.5
AC00004603,CU00000938,BR012,Salary,2020-09-18,Active,11987.83,2.5
AC00004604,CU00000824,BR015,Salary,2019-12-08,Active,6823.75,2.5
AC00004605,CU00000580,BR017,Salary,2022-01-03,Active,107265.23,2.5
AC00004606,CU00004810,BR011,Savings,2019-02-26,Active,14216.96,2.7
AC00004607,CU00002276,BR014,Savings,2022-12-16,Active,65801.62,2.7
AC00004608,CU00000682,BR017,Fixed Deposit,2018-09-14,Active,31885.72,7.1
AC00004609,CU00003855,BR005,Savings,2020-12-27,Active,54416.96,2.7
AC00004610,CU00001375,BR001,Savings,2023-02-17,Active,3834.52,2.7
AC00004611,CU00002644,BR009,Fixed Deposit,2021-02-09,Active,261134.72,7.1
AC00004612,CU00000010,BR012,Salary,2022-12-20,Active,1405.84,2.5
AC00004613,CU00003411,BR005,Fixed Deposit,2020-06-06,Active,275209.12,7.1
AC00004614,CU00001926,BR024,Savings,2026-03-15,Active,64744.84,2.7
AC00004615,CU00004347,BR010,Current,2022-10-30,Active,225456.46,0.0
AC00004616,CU00004854,BR023,Savings,2023-02-28,Active,59896.37,2.7
AC00004617,CU00001615,BR001,Salary,2024-10-25,Active,3522.67,2.5
AC00004618,CU00002023,BR019,Salary,2026-03-21,Active,37505.26,2.5
AC00004619,CU00004646,BR013,Savings,2023-07-21,Active,57276.89,2.7
AC00004620,CU00000239,BR013,Salary,2020-11-11,Active,66816.33,2.5
AC00004621,CU00001283,BR024,Savings,2024-05-24,Active,70548.15,2.7
AC00004622,CU00005000,BR020,Savings,2021-06-10,Active,140407.3,2.7
AC00004623,CU00000339,BR005,Savings,2019-09-13,Active,6631.72,2.7
AC00004624,CU00000011,BR019,Salary,2020-06-01,Active,4966.67,2.5
AC00004625,CU00004720,BR024,Savings,2022-08-29,Active,47414.74,2.7
AC00004626,CU00000079,BR019,Savings,2020-11-20,Closed,44423.41,2.7
AC00004627,CU00001731,BR011,Fixed Deposit,2026-02-26,Active,611696.21,7.1
AC00004628,CU00003855,BR010,Salary,2022-01-22,Active,17447.57,2.5
AC00004629,CU00000192,BR021,Savings,2019-01-12,Active,88346.23,2.7
AC00004630,CU00003618,BR014,Salary,2025-07-01,Active,5175.01,2.5
AC00004631,CU00002869,BR012,Savings,2022-10-20,Active,58679.01,2.7
AC00004632,CU00001357,BR005,Savings,2023-02-15,Active,28930.86,2.7
AC00004633,CU00003361,BR004,Fixed Deposit,2018-12-05,Active,100976.32,7.1
AC00004634,CU00003359,BR008,Savings,2024-09-12,Active,12432.33,2.7
AC00004635,CU00002907,BR024,Fixed Deposit,2024-03-04,Dormant,107430.9,7.1
AC00004636,CU00004544,BR020,Current,2018-08-09,Active,4815.65,0.0
AC00004637,CU00000243,BR008,Savings,2021-05-12,Active,26536.18,2.7
AC00004638,CU00000615,BR001,Current,2023-10-10,Active,6114.3,0.0
AC00004639,CU00000771,BR008,Fixed Deposit,2024-08-17,Active,54300.62,7.1
AC00004640,CU00003598,BR001,Savings,2018-12-21,Active,26094.15,2.7
AC00004641,CU00002752,BR020,Salary,2022-03-22,Dormant,38925.26,2.5
AC00004642,CU00002484,BR002,Savings,2024-08-05,Active,458617.75,2.7
AC00004643,CU00000281,BR017,Fixed Deposit,2021-03-22,Dormant,255011.5,7.1
AC00004644,CU00001947,BR005,Fixed Deposit,2022-03-19,Active,190209.02,7.1
AC00004645,CU00002830,BR005,Salary,2019-03-13,Active,10788.65,2.5
AC00004646,CU00001730,BR016,Current,2026-04-13,Active,32970.37,0.0
AC00004647,CU00003531,BR006,Salary,2025-02-20,Active,98116.07,2.5
AC00004648,CU00004529,BR002,Current,2021-10-30,Active,26203.88,0.0
AC00004649,CU00003780,BR010,Savings,2022-04-01,Active,12801.15,2.7
AC00004650,CU00001294,BR014,Fixed Deposit,2025-09-29,Active,597417.81,7.1
AC00004651,CU00003240,BR007,Salary,2018-06-27,Active,137666.41,2.5
AC00004652,CU00004523,BR006,Fixed Deposit,2020-04-21,Active,357878.0,7.1
AC00004653,CU00000576,BR009,Savings,2024-05-26,Active,121294.43,2.7
AC00004654,CU00003716,BR013,Savings,2025-10-28,Active,87691.45,2.7
AC00004655,CU00000468,BR014,Salary,2023-06-26,Active,42376.5,2.5
AC00004656,CU00004865,BR014,Fixed Deposit,2023-09-07,Active,36557.5,7.1
AC00004657,CU00000680,BR020,Fixed Deposit,2020-11-15,Active,65123.03,7.1
AC00004658,CU00004965,BR007,Salary,2019-05-05,Active,23365.81,2.5
AC00004659,CU00003354,BR013,Savings,2026-05-29,Closed,58713.72,2.7
AC00004660,CU00002561,BR010,Salary,2021-10-17,Active,39210.07,2.5
AC00004661,CU00003853,BR021,Savings,2024-09-04,Active,40685.2,2.7
AC00004662,CU00004346,BR003,Savings,2019-02-17,Active,21482.05,2.7
AC00004663,CU00004775,BR007,Salary,2022-07-06,Active,12572.07,2.5
AC00004664,CU00004288,BR015,Savings,2019-05-30,Active,164489.38,2.7
AC00004665,CU00000915,BR023,Savings,2025-08-07,Active,37536.21,2.7
AC00004666,CU00003124,BR020,Savings,2022-05-10,Active,56295.76,2.7
AC00004667,CU00004024,BR009,Savings,2020-05-05,Active,36225.15,2.7
AC00004668,CU00004297,BR006,Savings,2023-01-22,Active,24291.52,2.7
AC00004669,CU00003269,BR011,Savings,2023-09-16,Active,41053.95,2.7
AC00004670,CU00002013,BR003,Fixed Deposit,2025-11-11,Active,197981.93,7.1
AC00004671,CU00003537,BR009,Salary,2023-10-22,Active,13904.35,2.5
AC00004672,CU00003300,BR004,Savings,2021-10-08,Active,18661.99,2.7
AC00004673,CU00002002,BR003,Fixed Deposit,2019-10-07,Closed,89565.68,7.1
AC00004674,CU00004458,BR013,Current,2022-09-22,Active,23141.18,0.0
AC00004675,CU00004669,BR023,Savings,2021-05-09,Active,10271.36,2.7
AC00004676,CU00003773,BR020,Savings,2025-09-25,Active,218441.16,2.7
AC00004677,CU00000399,BR017,Savings,2019-07-05,Active,33219.16,2.7
AC00004678,CU00002260,BR013,Current,2022-06-27,Active,7553.5,0.0
AC00004679,CU00000107,BR002,Savings,2019-05-26,Active,5498.79,2.7
AC00004680,CU00001343,BR007,Current,2018-09-04,Active,18858.37,0.0
AC00004681,CU00001592,BR017,Fixed Deposit,2025-06-18,Active,319043.94,7.1
AC00004682,CU00003834,BR002,Current,2026-03-10,Active,91529.36,0.0
AC00004683,CU00004397,BR010,Savings,2018-06-22,Active,12566.55,2.7
AC00004684,CU00000110,BR018,Savings,2018-12-21,Active,30304.43,2.7
AC00004685,CU00003588,BR008,Salary,2024-04-07,Active,7491.73,2.5
AC00004686,CU00001644,BR011,Savings,2025-11-07,Active,10677.05,2.7
AC00004687,CU00002873,BR010,Savings,2021-09-16,Active,17862.0,2.7
AC00004688,CU00000515,BR005,Salary,2019-04-20,Active,37732.74,2.5
AC00004689,CU00004093,BR023,Current,2021-01-19,Active,14652.35,0.0
AC00004690,CU00004752,BR016,Savings,2024-11-06,Active,25606.32,2.7
AC00004691,CU00004311,BR018,Salary,2023-07-02,Active,5993.87,2.5
AC00004692,CU00001810,BR022,Fixed Deposit,2022-03-22,Active,395264.31,7.1
AC00004693,CU00001917,BR001,Salary,2021-01-22,Active,36414.37,2.5
AC00004694,CU00002505,BR017,Fixed Deposit,2019-12-11,Active,87800.24,7.1
AC00004695,CU00004881,BR018,Current,2019-12-01,Active,32842.1,0.0
AC00004696,CU00000107,BR002,Savings,2019-04-25,Active,19736.96,2.7
AC00004697,CU00002734,BR017,Savings,2024-06-11,Active,127213.37,2.7
AC00004698,CU00000831,BR004,Savings,2025-06-06,Active,16882.37,2.7
AC00004699,CU00002908,BR024,Savings,2022-03-26,Active,5904.72,2.7
AC00004700,CU00001637,BR011,Current,2023-10-02,Active,64697.53,0.0
AC00004701,CU00004289,BR014,Salary,2018-11-04,Active,16135.92,2.5
AC00004702,CU00001784,BR018,Salary,2020-01-31,Active,12782.46,2.5
AC00004703,CU00000954,BR008,Savings,2020-03-23,Dormant,166381.98,2.7
AC00004704,CU00004309,BR018,Salary,2021-11-18,Active,71005.1,2.5
AC00004705,CU00004396,BR018,Salary,2018-12-06,Active,9145.59,2.5
AC00004706,CU00003520,BR023,Current,2025-04-16,Active,16207.28,0.0
AC00004707,CU00003580,BR016,Savings,2023-06-18,Active,15880.94,2.7
AC00004708,CU00004308,BR010,Salary,2023-03-01,Active,79512.77,2.5
AC00004709,CU00001736,BR020,Savings,2022-02-16,Active,13420.6,2.7
AC00004710,CU00002792,BR005,Savings,2021-05-16,Active,44674.1,2.7
AC00004711,CU00002122,BR022,Savings,2021-09-11,Dormant,63026.65,2.7
AC00004712,CU00001902,BR006,Salary,2025-01-01,Active,13467.92,2.5
AC00004713,CU00004961,BR014,Salary,2020-10-05,Active,23109.34,2.5
AC00004714,CU00001853,BR010,Savings,2021-02-11,Active,53446.61,2.7
AC00004715,CU00003270,BR015,Salary,2018-08-11,Active,7634.37,2.5
AC00004716,CU00002310,BR009,Fixed Deposit,2021-11-12,Active,54729.52,7.1
AC00004717,CU00001639,BR006,Salary,2022-11-28,Active,53828.37,2.5
AC00004718,CU00001728,BR009,Savings,2024-04-23,Active,11104.55,2.7
AC00004719,CU00003716,BR016,Savings,2018-10-23,Active,10089.47,2.7
AC00004720,CU00000725,BR006,Fixed Deposit,2021-04-12,Active,157335.48,7.1
AC00004721,CU00003689,BR006,Salary,2020-11-07,Active,33917.43,2.5
AC00004722,CU00001642,BR016,Salary,2021-05-03,Active,3582.95,2.5
AC00004723,CU00004102,BR009,Current,2021-01-22,Active,4657.95,0.0
AC00004724,CU00001533,BR022,Savings,2025-06-04,Active,159478.61,2.7
AC00004725,CU00000620,BR004,Salary,2021-09-13,Active,22196.23,2.5
AC00004726,CU00004210,BR024,Salary,2024-12-07,Active,17371.16,2.5
AC00004727,CU00002091,BR015,Salary,2023-05-23,Active,14977.29,2.5
AC00004728,CU00000516,BR014,Salary,2024-06-16,Active,4734.74,2.5
AC00004729,CU00004785,BR015,Savings,2024-04-07,Active,48921.14,2.7
AC00004730,CU00003909,BR010,Savings,2019-09-30,Active,59125.7,2.7
AC00004731,CU00002003,BR019,Savings,2019-01-27,Active,64720.59,2.7
AC00004732,CU00001849,BR017,Savings,2025-06-14,Active,287866.23,2.7
AC00004733,CU00000445,BR012,Current,2021-08-27,Active,22458.77,0.0
AC00004734,CU00001722,BR020,Salary,2020-03-21,Active,62223.56,2.5
AC00004735,CU00002046,BR023,Fixed Deposit,2021-09-03,Active,26351.59,7.1
AC00004736,CU00004068,BR002,Fixed Deposit,2019-04-21,Active,160553.78,7.1
AC00004737,CU00000199,BR024,Savings,2026-06-02,Active,10487.07,2.7
AC00004738,CU00003477,BR020,Savings,2024-07-03,Active,32666.82,2.7
AC00004739,CU00002314,BR021,Savings,2026-02-27,Active,106520.65,2.7
AC00004740,CU00000282,BR018,Savings,2021-06-01,Active,8747.72,2.7
AC00004741,CU00003028,BR022,Savings,2020-10-29,Active,14934.72,2.7
AC00004742,CU00003253,BR017,Fixed Deposit,2018-08-14,Active,122529.29,7.1
AC00004743,CU00004835,BR012,Savings,2025-12-18,Active,199006.17,2.7
AC00004744,CU00001496,BR004,Savings,2019-02-08,Active,7902.05,2.7
AC00004745,CU00004626,BR006,Savings,2026-05-21,Active,7192.0,2.7
AC00004746,CU00003995,BR020,Salary,2023-04-12,Active,27418.82,2.5
AC00004747,CU00002387,BR011,Savings,2022-06-11,Active,37608.47,2.7
AC00004748,CU00004688,BR018,Current,2025-10-02,Active,11478.27,0.0
AC00004749,CU00001553,BR022,Current,2026-03-28,Active,11661.99,0.0
AC00004750,CU00001883,BR019,Fixed Deposit,2022-05-13,Active,340484.8,7.1
AC00004751,CU00004697,BR011,Salary,2022-10-01,Active,20157.27,2.5
AC00004752,CU00000060,BR023,Savings,2023-12-05,Active,54831.44,2.7
AC00004753,CU00002472,BR014,Savings,2025-11-20,Active,29425.18,2.7
AC00004754,CU00002099,BR018,Salary,2025-04-04,Active,7156.78,2.5
AC00004755,CU00003712,BR017,Fixed Deposit,2019-02-10,Active,287751.43,7.1
AC00004756,CU00001026,BR012,Current,2024-04-30,Active,42026.57,0.0
AC00004757,CU00002719,BR024,Savings,2023-06-12,Active,93549.92,2.7
AC00004758,CU00000857,BR010,Savings,2025-12-06,Active,2565.66,2.7
AC00004759,CU00003392,BR005,Savings,2022-08-15,Active,25528.33,2.7
AC00004760,CU00004383,BR020,Savings,2025-02-05,Active,115720.62,2.7
AC00004761,CU00001876,BR001,Savings,2022-03-09,Active,11418.38,2.7
AC00004762,CU00004338,BR020,Fixed Deposit,2021-01-14,Active,169185.28,7.1
AC00004763,CU00002830,BR014,Salary,2026-07-18,Active,181012.47,2.5
AC00004764,CU00000585,BR005,Fixed Deposit,2021-12-12,Active,301076.85,7.1
AC00004765,CU00002203,BR015,Savings,2026-03-14,Active,28923.77,2.7
AC00004766,CU00000156,BR023,Savings,2021-08-19,Active,6559.0,2.7
AC00004767,CU00002415,BR005,Salary,2019-09-15,Active,12997.04,2.5
AC00004768,CU00004989,BR024,Current,2022-02-03,Active,23064.99,0.0
AC00004769,CU00001980,BR020,Salary,2024-07-07,Closed,18176.11,2.5
AC00004770,CU00003107,BR022,Current,2025-09-23,Active,3009.6,0.0
AC00004771,CU00002246,BR021,Savings,2019-03-15,Active,32908.38,2.7
AC00004772,CU00002616,BR007,Savings,2025-08-10,Active,39418.38,2.7
AC00004773,CU00001170,BR006,Salary,2019-05-08,Active,8062.61,2.5
AC00004774,CU00004360,BR002,Fixed Deposit,2024-07-11,Active,120622.0,7.1
AC00004775,CU00004324,BR005,Salary,2018-07-26,Active,283626.67,2.5
AC00004776,CU00003026,BR016,Savings,2022-11-05,Dormant,18336.97,2.7
AC00004777,CU00002521,BR016,Salary,2024-08-08,Active,12478.28,2.5
AC00004778,CU00004554,BR019,Current,2025-06-13,Closed,119677.48,0.0
AC00004779,CU00003547,BR020,Fixed Deposit,2023-03-15,Active,349602.25,7.1
AC00004780,CU00003280,BR001,Salary,2023-01-27,Active,2610.95,2.5
AC00004781,CU00003271,BR012,Savings,2024-05-27,Active,96499.19,2.7
AC00004782,CU00000176,BR015,Savings,2023-05-20,Active,270104.27,2.7
AC00004783,CU00004886,BR022,Savings,2019-10-31,Active,4006.53,2.7
AC00004784,CU00004532,BR021,Salary,2021-08-04,Active,22444.38,2.5
AC00004785,CU00003669,BR020,Savings,2019-06-05,Active,27099.48,2.7
AC00004786,CU00004837,BR018,Fixed Deposit,2018-09-06,Active,157703.57,7.1
AC00004787,CU00000291,BR001,Savings,2019-02-13,Active,67238.06,2.7
AC00004788,CU00000004,BR016,Salary,2023-06-25,Active,7011.7,2.5
AC00004789,CU00001527,BR011,Savings,2019-12-07,Active,3600.74,2.7
AC00004790,CU00002080,BR007,Salary,2024-01-31,Active,20261.8,2.5
AC00004791,CU00002597,BR021,Savings,2023-05-18,Active,37928.29,2.7
AC00004792,CU00002872,BR005,Salary,2024-12-09,Dormant,9647.4,2.5
AC00004793,CU00004477,BR007,Savings,2023-10-29,Active,258585.1,2.7
AC00004794,CU00002733,BR010,Current,2020-10-14,Active,10990.23,0.0
AC00004795,CU00002363,BR005,Salary,2024-06-15,Active,146181.36,2.5
AC00004796,CU00003521,BR007,Salary,2024-04-11,Active,44752.2,2.5
AC00004797,CU00004873,BR019,Savings,2019-09-18,Active,9033.01,2.7
AC00004798,CU00001749,BR003,Fixed Deposit,2024-09-22,Active,107101.23,7.1
AC00004799,CU00001284,BR018,Savings,2018-09-17,Active,8175.77,2.7
AC00004800,CU00000125,BR016,Savings,2025-11-24,Active,30625.7,2.7
AC00004801,CU00004354,BR020,Savings,2019-04-15,Active,55405.72,2.7
AC00004802,CU00001188,BR014,Savings,2025-10-11,Active,15249.03,2.7
AC00004803,CU00003878,BR002,Savings,2018-09-02,Closed,28326.93,2.7
AC00004804,CU00001915,BR016,Current,2020-06-03,Active,8151.25,0.0
AC00004805,CU00001410,BR005,Savings,2022-05-04,Active,21018.94,2.7
AC00004806,CU00002419,BR016,Savings,2019-11-03,Active,2495.93,2.7
AC00004807,CU00002047,BR002,Salary,2020-03-04,Active,261108.86,2.5
AC00004808,CU00000233,BR011,Savings,2021-06-17,Active,16849.01,2.7
AC00004809,CU00003737,BR021,Fixed Deposit,2022-08-14,Active,115120.54,7.1
AC00004810,CU00000194,BR017,Salary,2019-10-14,Active,24294.99,2.5
AC00004811,CU00003024,BR020,Current,2023-08-29,Active,29381.42,0.0
AC00004812,CU00004892,BR003,Savings,2026-05-07,Closed,17122.25,2.7
AC00004813,CU00002448,BR018,Current,2026-01-20,Active,23724.44,0.0
AC00004814,CU00001247,BR021,Savings,2026-03-22,Active,7477.0,2.7
AC00004815,CU00004486,BR007,Savings,2019-08-01,Active,4210.85,2.7
AC00004816,CU00000440,BR006,Fixed Deposit,2020-03-10,Active,96871.02,7.1
AC00004817,CU00002887,BR018,Fixed Deposit,2026-03-09,Dormant,156154.56,7.1
AC00004818,CU00000308,BR007,Fixed Deposit,2025-10-14,Active,221948.97,7.1
AC00004819,CU00002221,BR024,Savings,2020-04-18,Active,18983.59,2.7
AC00004820,CU00001386,BR018,Savings,2025-10-27,Active,33897.54,2.7
AC00004821,CU00000956,BR012,Current,2022-03-23,Closed,23810.03,0.0
AC00004822,CU00004290,BR020,Fixed Deposit,2019-12-11,Active,139662.0,7.1
AC00004823,CU00001767,BR020,Salary,2025-09-16,Active,4716.87,2.5
AC00004824,CU00001728,BR001,Savings,2026-02-21,Active,25162.53,2.7
AC00004825,CU00000325,BR006,Savings,2021-11-22,Dormant,36784.37,2.7
AC00004826,CU00000599,BR017,Savings,2022-10-01,Active,43173.61,2.7
AC00004827,CU00001481,BR014,Savings,2021-03-07,Active,43389.19,2.7
AC00004828,CU00001862,BR017,Savings,2021-06-03,Active,57965.86,2.7
AC00004829,CU00001650,BR018,Savings,2018-07-12,Active,45434.86,2.7
AC00004830,CU00000456,BR010,Savings,2026-02-10,Active,10305.23,2.7
AC00004831,CU00002856,BR020,Savings,2022-03-21,Active,15017.98,2.7
AC00004832,CU00001262,BR010,Savings,2018-06-18,Active,15305.29,2.7
AC00004833,CU00004334,BR005,Current,2025-08-23,Active,10736.68,0.0
AC00004834,CU00001643,BR011,Savings,2019-02-11,Active,5597.47,2.7
AC00004835,CU00001780,BR023,Savings,2025-05-16,Active,70680.9,2.7
AC00004836,CU00004224,BR012,Savings,2022-04-14,Active,13049.93,2.7
AC00004837,CU00001927,BR022,Salary,2024-09-01,Active,68357.88,2.5
AC00004838,CU00002392,BR015,Savings,2019-09-05,Active,16846.83,2.7
AC00004839,CU00000750,BR005,Savings,2022-06-06,Active,4492.6,2.7
AC00004840,CU00003795,BR019,Savings,2024-10-25,Active,9229.66,2.7
AC00004841,CU00000580,BR024,Fixed Deposit,2025-10-28,Active,60136.28,7.1
AC00004842,CU00003924,BR007,Salary,2021-02-08,Active,134551.31,2.5
AC00004843,CU00004727,BR011,Current,2020-11-16,Active,9929.22,0.0
AC00004844,CU00004470,BR003,Fixed Deposit,2023-02-04,Active,72026.44,7.1
AC00004845,CU00002206,BR011,Current,2020-11-12,Active,159457.05,0.0
AC00004846,CU00003200,BR021,Salary,2026-08-11,Active,40763.24,2.5
AC00004847,CU00002248,BR010,Savings,2021-08-09,Dormant,90200.58,2.7
AC00004848,CU00003171,BR006,Savings,2018-11-25,Active,22441.42,2.7
AC00004849,CU00003749,BR013,Fixed Deposit,2021-03-20,Active,608660.95,7.1
AC00004850,CU00001637,BR012,Salary,2022-01-07,Active,7946.04,2.5
AC00004851,CU00001520,BR019,Savings,2020-10-04,Active,80415.01,2.7
AC00004852,CU00004958,BR024,Salary,2025-09-07,Active,16672.41,2.5
AC00004853,CU00004761,BR022,Fixed Deposit,2026-01-05,Active,336567.82,7.1
AC00004854,CU00001918,BR018,Savings,2025-01-09,Active,78521.16,2.7
AC00004855,CU00001500,BR007,Savings,2020-09-06,Active,13673.13,2.7
AC00004856,CU00000683,BR003,Current,2025-09-24,Active,30207.67,0.0
AC00004857,CU00002131,BR006,Savings,2023-06-28,Active,5759.59,2.7
AC00004858,CU00001579,BR023,Savings,2021-08-04,Active,61422.71,2.7
AC00004859,CU00001939,BR019,Savings,2025-03-06,Active,3808.97,2.7
AC00004860,CU00004977,BR017,Salary,2024-12-20,Closed,8551.73,2.5
AC00004861,CU00001284,BR023,Salary,2019-04-01,Active,18665.19,2.5
AC00004862,CU00000351,BR021,Fixed Deposit,2023-05-04,Active,379332.82,7.1
AC00004863,CU00001666,BR019,Current,2022-09-20,Active,41522.02,0.0
AC00004864,CU00003438,BR016,Current,2022-04-26,Active,4345.54,0.0
AC00004865,CU00000679,BR009,Salary,2026-05-17,Active,10706.77,2.5
AC00004866,CU00000398,BR015,Savings,2019-06-20,Active,239515.3,2.7
AC00004867,CU00003830,BR004,Fixed Deposit,2023-12-04,Active,180309.59,7.1
AC00004868,CU00003757,BR020,Savings,2024-01-27,Active,10796.45,2.7
AC00004869,CU00001468,BR014,Fixed Deposit,2024-05-10,Active,322415.1,7.1
AC00004870,CU00000722,BR022,Fixed Deposit,2026-04-29,Active,92869.13,7.1
AC00004871,CU00001559,BR015,Current,2020-10-09,Active,5953.76,0.0
AC00004872,CU00003461,BR002,Savings,2023-07-24,Active,36353.0,2.7
AC00004873,CU00001328,BR004,Salary,2021-04-08,Active,12101.79,2.5
AC00004874,CU00000603,BR003,Current,2025-07-02,Active,49040.21,0.0
AC00004875,CU00000670,BR023,Salary,2018-07-29,Active,76122.21,2.5
AC00004876,CU00001505,BR020,Savings,2025-06-03,Active,12186.1,2.7
AC00004877,CU00002650,BR020,Savings,2025-06-25,Active,45779.59,2.7
AC00004878,CU00000401,BR012,Savings,2019-10-17,Active,31391.04,2.7
AC00004879,CU00001990,BR022,Savings,2025-03-28,Active,5526.71,2.7
AC00004880,CU00003884,BR017,Current,2020-12-18,Active,4179.98,0.0
AC00004881,CU00003391,BR020,Savings,2022-02-07,Active,20162.26,2.7
AC00004882,CU00001484,BR023,Salary,2025-11-19,Active,16927.89,2.5
AC00004883,CU00002508,BR012,Fixed Deposit,2020-10-31,Active,118703.99,7.1
AC00004884,CU00004226,BR019,Savings,2023-09-21,Active,21005.37,2.7
AC00004885,CU00004842,BR023,Salary,2020-09-09,Active,104503.82,2.5
AC00004886,CU00000044,BR011,Fixed Deposit,2025-09-11,Active,1188711.83,7.1
AC00004887,CU00001350,BR007,Current,2021-10-08,Active,13594.8,0.0
AC00004888,CU00002355,BR020,Savings,2020-05-23,Active,17873.41,2.7
AC00004889,CU00003644,BR005,Savings,2023-12-07,Active,91544.22,2.7
AC00004890,CU00004757,BR013,Savings,2024-11-12,Active,11688.15,2.7
AC00004891,CU00003861,BR012,Savings,2025-04-04,Active,29076.22,2.7
AC00004892,CU00001906,BR024,Current,2023-10-23,Active,13195.7,0.0
AC00004893,CU00002294,BR020,Savings,2023-02-02,Active,63977.55,2.7
AC00004894,CU00004177,BR004,Savings,2025-10-02,Active,12212.91,2.7
AC00004895,CU00002266,BR024,Savings,2023-07-04,Active,74419.89,2.7
AC00004896,CU00002033,BR019,Salary,2020-05-16,Active,251556.75,2.5
AC00004897,CU00004061,BR005,Salary,2024-05-16,Active,4176.26,2.5
AC00004898,CU00003765,BR013,Salary,2019-02-24,Dormant,280951.92,2.5
AC00004899,CU00003558,BR019,Salary,2024-09-18,Active,3760.07,2.5
AC00004900,CU00003369,BR006,Current,2023-05-22,Active,253254.33,0.0
AC00004901,CU00003763,BR021,Savings,2024-09-15,Active,22113.22,2.7
AC00004902,CU00002832,BR012,Fixed Deposit,2021-11-05,Active,26030.39,7.1
AC00004903,CU00000439,BR009,Salary,2025-12-30,Active,48416.67,2.5
AC00004904,CU00000488,BR021,Savings,2024-08-28,Active,6321.46,2.7
AC00004905,CU00002898,BR008,Savings,2025-10-01,Dormant,18503.93,2.7
AC00004906,CU00002091,BR007,Savings,2018-09-23,Active,65068.47,2.7
AC00004907,CU00003555,BR002,Savings,2024-07-04,Active,81136.76,2.7
AC00004908,CU00004708,BR012,Savings,2023-06-20,Active,3893.54,2.7
AC00004909,CU00000160,BR004,Savings,2024-01-12,Active,65331.01,2.7
AC00004910,CU00004159,BR012,Current,2020-01-01,Active,17831.35,0.0
AC00004911,CU00001800,BR016,Current,2022-01-05,Active,157250.93,0.0
AC00004912,CU00001378,BR018,Savings,2019-08-13,Active,29877.47,2.7
AC00004913,CU00004991,BR005,Savings,2024-10-04,Active,108075.3,2.7
AC00004914,CU00000315,BR018,Savings,2026-04-28,Active,659.55,2.7
AC00004915,CU00000341,BR005,Fixed Deposit,2024-09-27,Active,90400.57,7.1
AC00004916,CU00003206,BR014,Savings,2025-04-08,Active,35029.76,2.7
AC00004917,CU00001770,BR023,Savings,2018-09-03,Active,117723.26,2.7
AC00004918,CU00003085,BR011,Salary,2022-08-09,Active,25611.59,2.5
AC00004919,CU00003077,BR006,Savings,2019-10-28,Active,37456.81,2.7
AC00004920,CU00004190,BR003,Savings,2023-10-30,Active,35378.19,2.7
AC00004921,CU00004538,BR020,Salary,2024-02-25,Active,115761.99,2.5
AC00004922,CU00004291,BR016,Fixed Deposit,2021-11-18,Active,611973.26,7.1
AC00004923,CU00002124,BR008,Savings,2019-08-02,Active,22225.72,2.7
AC00004924,CU00002261,BR003,Savings,2023-03-10,Active,13592.34,2.7
AC00004925,CU00004768,BR019,Savings,2019-03-06,Active,12079.16,2.7
AC00004926,CU00001668,BR021,Savings,2023-10-24,Dormant,25582.19,2.7
AC00004927,CU00001676,BR019,Savings,2024-03-01,Active,128283.27,2.7
AC00004928,CU00004008,BR003,Savings,2026-02-07,Active,23568.66,2.7
AC00004929,CU00004602,BR021,Savings,2021-10-31,Dormant,12659.12,2.7
AC00004930,CU00004825,BR009,Fixed Deposit,2022-08-31,Active,275267.44,7.1
AC00004931,CU00004897,BR006,Fixed Deposit,2020-06-07,Dormant,225385.77,7.1
AC00004932,CU00002305,BR008,Savings,2023-02-28,Active,26252.95,2.7
AC00004933,CU00004105,BR014,Salary,2023-11-23,Closed,27363.64,2.5
AC00004934,CU00002026,BR023,Current,2021-02-15,Active,7962.63,0.0
AC00004935,CU00001545,BR019,Savings,2023-01-17,Active,8615.69,2.7
AC00004936,CU00001284,BR011,Savings,2021-09-23,Active,23050.38,2.7
AC00004937,CU00004364,BR011,Current,2023-09-21,Active,30251.48,0.0
AC00004938,CU00000853,BR022,Savings,2020-01-18,Closed,38356.98,2.7
AC00004939,CU00001884,BR020,Salary,2021-01-04,Active,15225.8,2.5
AC00004940,CU00000542,BR003,Salary,2024-11-19,Active,4136.22,2.5
AC00004941,CU00003135,BR014,Savings,2023-08-25,Active,61850.27,2.7
AC00004942,CU00001973,BR016,Salary,2021-04-19,Active,13139.65,2.5
AC00004943,CU00000394,BR018,Salary,2026-02-25,Active,294269.97,2.5
AC00004944,CU00002367,BR003,Savings,2020-04-03,Active,5817.76,2.7
AC00004945,CU00000961,BR022,Salary,2019-04-12,Active,28183.04,2.5
AC00004946,CU00004280,BR013,Savings,2022-09-19,Active,26269.17,2.7
AC00004947,CU00003043,BR006,Savings,2025-12-30,Active,10861.57,2.7
AC00004948,CU00001308,BR012,Savings,2019-10-28,Active,12694.58,2.7
AC00004949,CU00000346,BR014,Savings,2023-04-16,Active,22596.72,2.7
AC00004950,CU00004019,BR005,Salary,2023-01-21,Active,792139.84,2.5
AC00004951,CU00004964,BR016,Savings,2025-12-14,Active,155717.89,2.7
AC00004952,CU00001511,BR011,Fixed Deposit,2020-02-12,Active,69628.09,7.1
AC00004953,CU00004674,BR024,Savings,2020-10-03,Active,15536.28,2.7
AC00004954,CU00002248,BR013,Current,2021-03-09,Active,79422.57,0.0
AC00004955,CU00004470,BR011,Savings,2021-03-24,Active,9522.78,2.7
AC00004956,CU00002461,BR008,Salary,2022-01-02,Active,71046.54,2.5
AC00004957,CU00003266,BR005,Savings,2024-12-25,Active,44064.99,2.7
AC00004958,CU00003801,BR022,Savings,2022-12-23,Active,67592.51,2.7
AC00004959,CU00000250,BR005,Savings,2023-06-25,Dormant,6648.28,2.7
AC00004960,CU00004866,BR016,Savings,2024-06-25,Active,20832.58,2.7
AC00004961,CU00004124,BR021,Savings,2019-02-14,Active,71081.33,2.7
AC00004962,CU00002718,BR002,Savings,2023-04-25,Active,58668.58,2.7
AC00004963,CU00002666,BR010,Savings,2019-08-11,Active,49012.14,2.7
AC00004964,CU00001446,BR009,Fixed Deposit,2022-02-09,Active,205892.07,7.1
AC00004965,CU00001854,BR010,Savings,2025-09-09,Active,47405.95,2.7
AC00004966,CU00002002,BR002,Current,2022-08-24,Active,11630.69,0.0
AC00004967,CU00004937,BR012,Savings,2021-04-18,Active,36199.15,2.7
AC00004968,CU00002299,BR009,Salary,2023-10-08,Dormant,27056.18,2.5
AC00004969,CU00003482,BR018,Salary,2025-10-30,Active,225765.28,2.5
AC00004970,CU00001159,BR024,Fixed Deposit,2026-04-23,Active,137436.54,7.1
AC00004971,CU00001093,BR014,Salary,2024-03-28,Active,73214.97,2.5
AC00004972,CU00001498,BR008,Current,2019-10-26,Active,70016.55,0.0
AC00004973,CU00002521,BR012,Savings,2025-11-16,Active,139366.92,2.7
AC00004974,CU00003570,BR011,Savings,2024-07-10,Closed,38753.03,2.7
AC00004975,CU00002133,BR014,Current,2026-07-19,Active,8504.37,0.0
AC00004976,CU00000149,BR018,Savings,2023-04-29,Active,80553.08,2.7
AC00004977,CU00002271,BR011,Savings,2020-05-05,Active,27536.53,2.7
AC00004978,CU00001163,BR011,Savings,2022-02-10,Closed,31219.98,2.7
AC00004979,CU00002410,BR020,Savings,2019-10-06,Active,24573.42,2.7
AC00004980,CU00004684,BR020,Current,2023-04-02,Active,13649.04,0.0
AC00004981,CU00002596,BR008,Savings,2018-12-11,Dormant,54947.87,2.7
AC00004982,CU00002743,BR003,Current,2021-07-19,Active,5996.18,0.0
AC00004983,CU00001820,BR008,Salary,2025-12-06,Active,24522.02,2.5
AC00004984,CU00002280,BR020,Current,2019-03-10,Active,22385.65,0.0
AC00004985,CU00000457,BR009,Savings,2020-09-02,Dormant,11252.14,2.7
AC00004986,CU00003619,BR020,Savings,2020-07-02,Dormant,8360.03,2.7
AC00004987,CU00001606,BR021,Savings,2019-06-13,Active,51317.63,2.7
AC00004988,CU00003450,BR006,Savings,2021-03-25,Active,31692.9,2.7
AC00004989,CU00001471,BR022,Salary,2025-08-24,Active,17668.66,2.5
AC00004990,CU00003327,BR006,Current,2026-07-09,Active,18397.75,0.0
AC00004991,CU00004855,BR023,Salary,2019-05-09,Active,7358.37,2.5
AC00004992,CU00001388,BR010,Savings,2026-05-17,Dormant,16797.31,2.7
AC00004993,CU00000368,BR003,Savings,2018-07-07,Active,4426.62,2.7
AC00004994,CU00002381,BR003,Savings,2023-05-31,Active,95255.28,2.7
AC00004995,CU00004069,BR009,Savings,2024-03-20,Dormant,81536.04,2.7
AC00004996,CU00004151,BR013,Salary,2025-06-19,Dormant,4643.0,2.5
AC00004997,CU00004971,BR002,Fixed Deposit,2025-03-13,Dormant,284736.89,7.1
AC00004998,CU00003135,BR015,Salary,2019-09-06,Active,4188.33,2.5
AC00004999,CU00000863,BR009,Salary,2023-04-21,Active,67418.85,2.5
AC00005000,CU00004741,BR014,Salary,2023-01-19,Active,57038.0,2.5
AC00005001,CU00000066,BR016,Savings,2020-04-20,Active,53303.66,2.7
AC00005002,CU00002403,BR003,Savings,2023-02-14,Active,7223.13,2.7
AC00005003,CU00004401,BR003,Salary,2026-07-23,Active,10162.68,2.5
AC00005004,CU00002923,BR009,Fixed Deposit,2023-02-19,Dormant,174877.31,7.1
AC00005005,CU00004593,BR006,Savings,2024-06-14,Active,18566.69,2.7
AC00005006,CU00000213,BR008,Salary,2018-11-16,Active,21835.01,2.5
AC00005007,CU00000032,BR010,Savings,2025-07-18,Active,76872.1,2.7
AC00005008,CU00002058,BR023,Salary,2021-05-13,Active,52432.95,2.5
AC00005009,CU00004906,BR003,Salary,2025-02-20,Active,13075.78,2.5
AC00005010,CU00003229,BR007,Savings,2024-02-20,Active,11470.39,2.7
AC00005011,CU00004721,BR004,Current,2019-09-26,Active,36519.01,0.0
AC00005012,CU00004348,BR023,Current,2021-12-11,Active,178503.87,0.0
AC00005013,CU00000622,BR017,Savings,2018-12-26,Active,13434.59,2.7
AC00005014,CU00001249,BR014,Savings,2019-03-24,Active,40409.68,2.7
AC00005015,CU00004619,BR007,Fixed Deposit,2021-02-10,Active,39522.47,7.1
AC00005016,CU00004114,BR016,Salary,2026-05-23,Dormant,29610.63,2.5
AC00005017,CU00002527,BR024,Savings,2025-02-25,Active,54032.49,2.7
AC00005018,CU00003651,BR009,Current,2023-07-24,Active,13908.66,0.0
AC00005019,CU00001270,BR010,Savings,2024-06-04,Active,9356.65,2.7
AC00005020,CU00003585,BR001,Salary,2019-08-21,Dormant,82075.53,2.5
AC00005021,CU00002650,BR002,Fixed Deposit,2024-07-18,Active,57260.22,7.1
AC00005022,CU00002760,BR012,Salary,2020-09-25,Active,8686.73,2.5
AC00005023,CU00003294,BR022,Savings,2021-01-25,Closed,20959.85,2.7
AC00005024,CU00000033,BR003,Savings,2024-04-16,Dormant,2783.98,2.7
AC00005025,CU00002371,BR008,Savings,2025-10-26,Active,14003.18,2.7
AC00005026,CU00004759,BR013,Salary,2021-11-25,Active,289903.74,2.5
AC00005027,CU00001834,BR016,Savings,2022-10-12,Active,52576.37,2.7
AC00005028,CU00003846,BR009,Savings,2025-01-11,Active,11254.78,2.7
AC00005029,CU00000507,BR016,Savings,2019-07-18,Active,24508.87,2.7
AC00005030,CU00001515,BR010,Salary,2025-08-13,Active,86303.25,2.5
AC00005031,CU00002958,BR020,Savings,2022-12-09,Active,24753.38,2.7
AC00005032,CU00002871,BR002,Current,2026-02-24,Active,9305.7,0.0
AC00005033,CU00001645,BR017,Salary,2023-01-02,Active,22184.08,2.5
AC00005034,CU00003804,BR018,Savings,2019-10-25,Active,58606.16,2.7
AC00005035,CU00000578,BR010,Fixed Deposit,2026-02-17,Active,400834.92,7.1
AC00005036,CU00003314,BR020,Savings,2026-02-06,Active,22172.82,2.7
AC00005037,CU00002138,BR016,Fixed Deposit,2021-08-04,Active,325399.17,7.1
AC00005038,CU00001181,BR023,Current,2021-07-03,Active,172098.25,0.0
AC00005039,CU00001039,BR012,Savings,2026-03-23,Active,82671.6,2.7
AC00005040,CU00003284,BR012,Salary,2020-06-09,Active,6745.58,2.5
AC00005041,CU00003393,BR014,Savings,2023-11-20,Active,43210.14,2.7
AC00005042,CU00001299,BR020,Savings,2024-01-04,Active,11501.58,2.7
AC00005043,CU00000465,BR001,Savings,2020-07-02,Active,32308.86,2.7
AC00005044,CU00000689,BR010,Savings,2023-01-20,Active,10440.63,2.7
AC00005045,CU00004771,BR002,Salary,2018-09-05,Active,5187.15,2.5
AC00005046,CU00004915,BR012,Savings,2023-08-24,Active,14031.45,2.7
AC00005047,CU00000714,BR014,Salary,2022-12-11,Active,120502.01,2.5
AC00005048,CU00001064,BR002,Salary,2018-06-20,Active,10779.42,2.5
AC00005049,CU00004219,BR019,Salary,2018-06-28,Active,20645.39,2.5
AC00005050,CU00002066,BR011,Savings,2019-11-04,Active,120901.64,2.7
AC00005051,CU00000357,BR021,Savings,2019-06-01,Active,74655.31,2.7
AC00005052,CU00002794,BR022,Savings,2024-03-06,Active,58530.56,2.7
AC00005053,CU00001106,BR018,Savings,2020-01-10,Active,31382.66,2.7
AC00005054,CU00000424,BR022,Salary,2022-11-05,Active,9896.71,2.5
AC00005055,CU00002481,BR007,Salary,2019-11-04,Active,7364.62,2.5
AC00005056,CU00004424,BR011,Savings,2020-11-09,Active,36328.48,2.7
AC00005057,CU00003153,BR007,Salary,2022-05-19,Active,42412.42,2.5
AC00005058,CU00002335,BR014,Savings,2021-02-12,Closed,108590.44,2.7
AC00005059,CU00001310,BR012,Savings,2019-04-21,Active,52852.72,2.7
AC00005060,CU00002407,BR015,Salary,2021-02-23,Active,25551.42,2.5
AC00005061,CU00003277,BR007,Salary,2026-06-12,Active,79094.28,2.5
AC00005062,CU00004092,BR003,Salary,2024-05-05,Dormant,13727.45,2.5
AC00005063,CU00003509,BR009,Fixed Deposit,2025-07-01,Active,134514.14,7.1
AC00005064,CU00001856,BR006,Savings,2023-08-10,Active,6824.0,2.7
AC00005065,CU00004850,BR006,Savings,2020-05-03,Closed,44990.77,2.7
AC00005066,CU00002035,BR020,Savings,2022-07-29,Active,11534.98,2.7
AC00005067,CU00002196,BR024,Savings,2019-01-26,Dormant,4836.95,2.7
AC00005068,CU00002867,BR017,Savings,2021-10-20,Active,14108.17,2.7
AC00005069,CU00001677,BR022,Savings,2022-02-20,Active,3881.0,2.7
AC00005070,CU00003913,BR017,Savings,2020-06-04,Dormant,3833.97,2.7
AC00005071,CU00004300,BR011,Savings,2026-04-10,Active,74790.25,2.7
AC00005072,CU00000203,BR011,Current,2024-09-24,Dormant,95195.8,0.0
AC00005073,CU00001047,BR001,Savings,2024-05-02,Active,50087.43,2.7
AC00005074,CU00002772,BR009,Savings,2024-11-14,Active,6596.15,2.7
AC00005075,CU00004997,BR023,Savings,2026-08-09,Active,2440.67,2.7
AC00005076,CU00002680,BR022,Savings,2023-10-25,Active,21403.95,2.7
AC00005077,CU00003013,BR019,Savings,2025-08-05,Active,2933.25,2.7
AC00005078,CU00004885,BR012,Salary,2024-01-10,Active,63909.98,2.5
AC00005079,CU00000011,BR007,Savings,2026-03-03,Active,25543.76,2.7
AC00005080,CU00003764,BR004,Savings,2024-08-05,Active,103780.73,2.7
AC00005081,CU00003248,BR005,Savings,2024-05-04,Active,8441.44,2.7
AC00005082,CU00004550,BR013,Savings,2021-02-26,Active,12810.33,2.7
AC00005083,CU00000066,BR013,Salary,2019-08-18,Dormant,20850.79,2.5
AC00005084,CU00003053,BR016,Salary,2025-10-03,Active,15421.56,2.5
AC00005085,CU00003719,BR021,Fixed Deposit,2024-03-06,Active,114478.39,7.1
AC00005086,CU00002599,BR020,Savings,2026-05-26,Active,46941.95,2.7
AC00005087,CU00001351,BR019,Savings,2021-09-22,Active,104112.48,2.7
AC00005088,CU00004570,BR022,Savings,2018-08-08,Active,62200.06,2.7
AC00005089,CU00003403,BR003,Savings,2025-03-07,Active,44795.41,2.7
AC00005090,CU00000671,BR014,Salary,2018-07-09,Active,16583.45,2.5
AC00005091,CU00000773,BR003,Salary,2018-09-28,Active,46356.23,2.5
AC00005092,CU00002265,BR015,Savings,2021-10-06,Active,21517.64,2.7
AC00005093,CU00001914,BR014,Fixed Deposit,2018-12-29,Active,148837.49,7.1
AC00005094,CU00001220,BR015,Savings,2021-01-23,Active,5816.89,2.7
AC00005095,CU00000691,BR017,Savings,2023-02-23,Active,3522.35,2.7
AC00005096,CU00003450,BR008,Current,2025-05-06,Active,26175.22,0.0
AC00005097,CU00003582,BR011,Savings,2024-03-28,Active,12189.01,2.7
AC00005098,CU00003208,BR014,Fixed Deposit,2020-05-11,Active,277449.87,7.1
AC00005099,CU00001568,BR021,Savings,2019-02-28,Dormant,24150.79,2.7
AC00005100,CU00002029,BR022,Salary,2024-03-07,Active,25614.72,2.5
AC00005101,CU00001972,BR007,Savings,2022-04-04,Active,199201.91,2.7
AC00005102,CU00003276,BR009,Salary,2020-11-30,Active,24402.48,2.5
AC00005103,CU00000865,BR023,Fixed Deposit,2022-06-05,Active,249341.27,7.1
AC00005104,CU00004217,BR002,Salary,2023-11-27,Active,21075.69,2.5
AC00005105,CU00003378,BR023,Savings,2020-03-18,Active,43655.5,2.7
AC00005106,CU00004781,BR007,Savings,2019-05-16,Active,40153.52,2.7
AC00005107,CU00000633,BR004,Savings,2019-01-05,Active,78434.22,2.7
AC00005108,CU00002768,BR021,Fixed Deposit,2026-08-01,Active,59484.99,7.1
AC00005109,CU00003947,BR003,Savings,2023-12-11,Active,10764.51,2.7
AC00005110,CU00000840,BR003,Salary,2019-06-21,Active,17424.87,2.5
AC00005111,CU00001834,BR021,Current,2019-08-03,Closed,21499.15,0.0
AC00005112,CU00003602,BR008,Savings,2020-02-20,Active,239616.58,2.7
AC00005113,CU00001990,BR021,Salary,2023-04-18,Closed,63321.53,2.5
AC00005114,CU00004127,BR012,Salary,2021-07-15,Active,85045.95,2.5
AC00005115,CU00003965,BR017,Savings,2024-02-01,Active,100698.27,2.7
AC00005116,CU00003310,BR006,Savings,2021-02-20,Dormant,71905.19,2.7
AC00005117,CU00001179,BR008,Savings,2025-04-03,Active,68271.74,2.7
AC00005118,CU00002079,BR016,Current,2020-01-29,Active,8428.83,0.0
AC00005119,CU00003374,BR016,Savings,2019-07-26,Active,21814.07,2.7
AC00005120,CU00004890,BR018,Savings,2020-12-17,Active,131896.55,2.7
AC00005121,CU00003900,BR014,Savings,2020-01-23,Active,12434.81,2.7
AC00005122,CU00002693,BR017,Salary,2022-11-30,Active,16744.41,2.5
AC00005123,CU00004993,BR011,Current,2024-04-09,Active,28874.4,0.0
AC00005124,CU00000394,BR016,Salary,2023-12-25,Active,23375.94,2.5
AC00005125,CU00002296,BR001,Salary,2023-05-18,Active,93335.92,2.5
AC00005126,CU00001032,BR003,Salary,2022-11-01,Active,67803.76,2.5
AC00005127,CU00004221,BR009,Fixed Deposit,2023-10-03,Active,763153.2,7.1
AC00005128,CU00003535,BR016,Savings,2022-09-17,Active,11803.13,2.7
AC00005129,CU00004569,BR010,Savings,2019-03-14,Active,6693.34,2.7
AC00005130,CU00002712,BR024,Savings,2019-11-11,Active,77174.89,2.7
AC00005131,CU00001084,BR020,Savings,2019-12-08,Active,18542.2,2.7
AC00005132,CU00002053,BR010,Savings,2019-07-15,Active,130930.15,2.7
AC00005133,CU00004752,BR007,Fixed Deposit,2024-06-30,Active,199257.87,7.1
AC00005134,CU00003711,BR018,Current,2023-01-29,Active,20720.08,0.0
AC00005135,CU00003644,BR013,Current,2025-03-14,Active,18411.53,0.0
AC00005136,CU00000979,BR024,Salary,2026-02-22,Active,27759.06,2.5
AC00005137,CU00000308,BR020,Current,2023-01-19,Active,14488.92,0.0
AC00005138,CU00003761,BR024,Savings,2026-06-13,Active,18332.91,2.7
AC00005139,CU00001216,BR022,Savings,2021-12-14,Active,20731.82,2.7
AC00005140,CU00000444,BR023,Savings,2024-02-16,Active,83503.09,2.7
AC00005141,CU00003058,BR005,Fixed Deposit,2025-11-02,Active,259098.18,7.1
AC00005142,CU00001385,BR017,Savings,2022-05-06,Active,9679.98,2.7
AC00005143,CU00004099,BR009,Savings,2019-07-20,Active,118874.67,2.7
AC00005144,CU00003421,BR024,Savings,2024-10-03,Active,6686.45,2.7
AC00005145,CU00001176,BR020,Current,2024-04-03,Active,16352.75,0.0
AC00005146,CU00004528,BR009,Salary,2024-04-11,Active,6651.86,2.5
AC00005147,CU00003656,BR007,Fixed Deposit,2021-09-18,Active,233091.63,7.1
AC00005148,CU00003995,BR011,Savings,2021-11-14,Active,7610.56,2.7
AC00005149,CU00001565,BR015,Savings,2020-02-28,Active,12744.51,2.7
AC00005150,CU00004830,BR006,Savings,2021-02-19,Active,54970.2,2.7
AC00005151,CU00002468,BR018,Salary,2019-06-12,Active,135777.94,2.5
AC00005152,CU00002075,BR007,Savings,2019-10-20,Active,41273.02,2.7
AC00005153,CU00004689,BR017,Salary,2021-11-29,Active,81706.21,2.5
AC00005154,CU00000451,BR023,Fixed Deposit,2020-04-03,Active,387563.59,7.1
AC00005155,CU00002292,BR012,Savings,2020-12-11,Active,46451.52,2.7
AC00005156,CU00000216,BR023,Salary,2025-04-29,Active,8857.93,2.5
AC00005157,CU00000504,BR005,Current,2022-04-22,Active,12292.6,0.0
AC00005158,CU00002910,BR004,Current,2022-01-23,Active,14059.06,0.0
AC00005159,CU00000994,BR014,Savings,2020-03-04,Active,76987.07,2.7
AC00005160,CU00003063,BR011,Current,2018-12-03,Active,51377.79,0.0
AC00005161,CU00004465,BR024,Salary,2019-12-05,Active,6128.28,2.5
AC00005162,CU00002465,BR006,Savings,2020-01-29,Active,58155.88,2.7
AC00005163,CU00001357,BR023,Savings,2021-09-12,Active,12156.92,2.7
AC00005164,CU00001051,BR023,Savings,2022-12-19,Active,180996.11,2.7
AC00005165,CU00002770,BR020,Savings,2025-01-13,Active,17484.81,2.7
AC00005166,CU00002280,BR010,Savings,2019-03-20,Closed,7093.61,2.7
AC00005167,CU00001283,BR022,Salary,2020-07-04,Dormant,21622.08,2.5
AC00005168,CU00004041,BR014,Savings,2024-07-20,Dormant,93538.7,2.7
AC00005169,CU00004149,BR009,Savings,2024-03-09,Active,11917.07,2.7
AC00005170,CU00002845,BR020,Savings,2021-07-05,Active,25129.78,2.7
AC00005171,CU00000527,BR024,Savings,2022-01-09,Active,5705.85,2.7
AC00005172,CU00004807,BR004,Current,2020-05-23,Active,6799.28,0.0
AC00005173,CU00004987,BR024,Current,2019-04-14,Dormant,17246.34,0.0
AC00005174,CU00000385,BR002,Salary,2020-05-31,Active,32698.24,2.5
AC00005175,CU00003142,BR010,Savings,2024-01-02,Active,54638.2,2.7
AC00005176,CU00001021,BR014,Savings,2021-09-20,Active,3132.37,2.7
AC00005177,CU00000984,BR008,Savings,2023-04-17,Active,427876.49,2.7
AC00005178,CU00001642,BR008,Current,2020-08-08,Active,17664.1,0.0
AC00005179,CU00000128,BR008,Savings,2020-05-02,Active,51364.94,2.7
AC00005180,CU00001332,BR004,Current,2022-07-23,Active,12389.87,0.0
AC00005181,CU00004014,BR001,Salary,2020-06-10,Active,64560.71,2.5
AC00005182,CU00004922,BR007,Savings,2019-01-18,Active,222895.67,2.7
AC00005183,CU00000209,BR017,Current,2023-12-22,Active,29772.7,0.0
AC00005184,CU00000334,BR012,Savings,2022-12-19,Active,18730.39,2.7
AC00005185,CU00003669,BR009,Savings,2021-04-03,Active,34495.8,2.7
AC00005186,CU00004823,BR001,Savings,2024-03-02,Active,143661.54,2.7
AC00005187,CU00002238,BR019,Savings,2024-10-09,Active,278707.36,2.7
AC00005188,CU00000123,BR009,Savings,2019-12-01,Active,3243.58,2.7
AC00005189,CU00001146,BR002,Current,2023-12-25,Active,57531.39,0.0
AC00005190,CU00002343,BR024,Savings,2024-07-26,Active,34668.15,2.7
AC00005191,CU00001155,BR014,Fixed Deposit,2022-03-03,Active,1571289.88,7.1
AC00005192,CU00003307,BR010,Salary,2018-08-06,Active,32775.1,2.5
AC00005193,CU00000628,BR006,Savings,2018-08-03,Active,19069.94,2.7
AC00005194,CU00000718,BR001,Salary,2026-07-11,Active,298015.49,2.5
AC00005195,CU00004669,BR020,Savings,2021-12-01,Active,27102.08,2.7
AC00005196,CU00003670,BR018,Salary,2025-07-07,Active,31730.57,2.5
AC00005197,CU00001770,BR008,Savings,2024-03-24,Active,1930.94,2.7
AC00005198,CU00000658,BR021,Salary,2026-03-20,Active,9438.34,2.5
AC00005199,CU00000312,BR009,Savings,2023-02-08,Closed,32052.0,2.7
AC00005200,CU00002725,BR016,Salary,2021-09-20,Active,33691.01,2.5
AC00005201,CU00002275,BR020,Savings,2019-10-18,Active,6838.67,2.7
AC00005202,CU00002894,BR005,Current,2022-07-08,Dormant,70522.97,0.0
AC00005203,CU00000609,BR005,Savings,2024-07-28,Active,71594.72,2.7
AC00005204,CU00003507,BR011,Salary,2018-08-05,Active,8387.99,2.5
AC00005205,CU00002366,BR024,Fixed Deposit,2025-09-28,Active,73395.23,7.1
AC00005206,CU00002402,BR019,Salary,2019-05-18,Active,62262.58,2.5
AC00005207,CU00004593,BR008,Salary,2024-12-20,Dormant,197434.3,2.5
AC00005208,CU00002456,BR006,Savings,2019-09-09,Active,23574.45,2.7
AC00005209,CU00000766,BR008,Salary,2020-11-11,Active,13792.18,2.5
AC00005210,CU00001190,BR021,Fixed Deposit,2021-07-19,Dormant,161582.45,7.1
AC00005211,CU00001156,BR008,Savings,2022-11-21,Dormant,23400.77,2.7
AC00005212,CU00001223,BR023,Fixed Deposit,2024-08-22,Active,559254.86,7.1
AC00005213,CU00000392,BR013,Savings,2023-06-05,Active,78030.54,2.7
AC00005214,CU00002560,BR021,Savings,2026-04-24,Active,19358.4,2.7
AC00005215,CU00001832,BR011,Savings,2020-04-19,Active,726249.24,2.7
AC00005216,CU00000386,BR001,Savings,2020-11-23,Active,5989.63,2.7
AC00005217,CU00003039,BR020,Fixed Deposit,2023-12-05,Active,152897.34,7.1
AC00005218,CU00002519,BR015,Fixed Deposit,2026-03-05,Active,438411.71,7.1
AC00005219,CU00001551,BR001,Current,2026-07-30,Active,7164.9,0.0
AC00005220,CU00003752,BR023,Savings,2022-12-06,Active,8656.28,2.7
AC00005221,CU00002949,BR020,Savings,2025-08-07,Active,29289.46,2.7
AC00005222,CU00001651,BR005,Savings,2022-07-24,Active,10152.25,2.7
AC00005223,CU00001434,BR020,Current,2023-02-17,Active,21034.48,0.0
AC00005224,CU00001930,BR009,Savings,2025-08-31,Dormant,58425.06,2.7
AC00005225,CU00004749,BR004,Savings,2022-05-19,Active,116561.26,2.7
AC00005226,CU00001851,BR015,Current,2020-01-26,Active,4630.17,0.0
AC00005227,CU00002951,BR003,Savings,2018-10-14,Active,10445.79,2.7
AC00005228,CU00003095,BR017,Savings,2019-01-18,Active,14801.3,2.7
AC00005229,CU00002869,BR020,Current,2023-04-09,Active,88670.32,0.0
AC00005230,CU00000428,BR019,Salary,2023-05-26,Active,16005.96,2.5
AC00005231,CU00003711,BR001,Savings,2018-08-30,Active,8516.01,2.7
AC00005232,CU00003422,BR004,Salary,2021-09-21,Dormant,47878.67,2.5
AC00005233,CU00003899,BR018,Savings,2023-04-09,Active,30233.05,2.7
AC00005234,CU00002390,BR001,Savings,2019-06-03,Active,39405.41,2.7
AC00005235,CU00001015,BR024,Savings,2020-01-15,Active,255954.91,2.7
AC00005236,CU00004016,BR019,Savings,2022-12-29,Active,18350.95,2.7
AC00005237,CU00000671,BR015,Salary,2018-10-16,Active,3240.11,2.5
AC00005238,CU00000579,BR003,Savings,2024-07-07,Active,31370.68,2.7
AC00005239,CU00002454,BR004,Salary,2026-07-22,Active,11670.36,2.5
AC00005240,CU00004192,BR013,Salary,2020-10-22,Dormant,8775.86,2.5
AC00005241,CU00001177,BR015,Savings,2023-05-14,Active,8809.32,2.7
AC00005242,CU00003248,BR003,Salary,2025-10-29,Active,109049.88,2.5
AC00005243,CU00003505,BR007,Salary,2019-04-04,Active,80260.25,2.5
AC00005244,CU00003192,BR022,Salary,2018-11-29,Active,11662.44,2.5
AC00005245,CU00002515,BR017,Salary,2026-04-10,Active,80477.96,2.5
AC00005246,CU00003148,BR018,Savings,2026-04-01,Active,8993.54,2.7
AC00005247,CU00000874,BR019,Savings,2025-08-19,Active,62326.51,2.7
AC00005248,CU00003542,BR006,Savings,2024-04-24,Active,27093.25,2.7
AC00005249,CU00004068,BR015,Savings,2025-06-03,Active,133161.36,2.7
AC00005250,CU00002812,BR004,Savings,2018-12-29,Active,12431.37,2.7
AC00005251,CU00004979,BR014,Current,2021-02-07,Active,3877.56,0.0
AC00005252,CU00001110,BR014,Savings,2023-07-09,Active,28164.17,2.7
AC00005253,CU00002798,BR008,Salary,2020-04-07,Active,110953.01,2.5
AC00005254,CU00002074,BR018,Current,2023-11-14,Active,38093.56,0.0
AC00005255,CU00000416,BR022,Savings,2020-06-05,Active,64506.92,2.7
AC00005256,CU00003948,BR008,Salary,2026-05-01,Active,65090.96,2.5
AC00005257,CU00003714,BR016,Savings,2021-07-20,Active,31505.12,2.7
AC00005258,CU00000183,BR023,Fixed Deposit,2023-05-11,Active,190274.57,7.1
AC00005259,CU00002304,BR021,Salary,2022-08-16,Closed,54957.68,2.5
AC00005260,CU00002878,BR005,Current,2021-12-25,Active,23551.91,0.0
AC00005261,CU00001332,BR020,Savings,2023-03-13,Active,14160.61,2.7
AC00005262,CU00003901,BR011,Savings,2019-06-18,Active,12787.08,2.7
AC00005263,CU00001332,BR019,Savings,2022-12-19,Active,9513.36,2.7
AC00005264,CU00001129,BR016,Salary,2022-09-10,Active,8406.76,2.5
AC00005265,CU00002197,BR012,Fixed Deposit,2023-10-27,Active,230616.64,7.1
AC00005266,CU00004857,BR013,Savings,2024-02-03,Active,14454.14,2.7
AC00005267,CU00002449,BR013,Salary,2022-10-21,Dormant,26297.1,2.5
AC00005268,CU00000842,BR011,Savings,2025-03-23,Active,42540.53,2.7
AC00005269,CU00002640,BR003,Savings,2022-02-06,Active,22330.23,2.7
AC00005270,CU00001694,BR003,Savings,2026-03-28,Active,88177.33,2.7
AC00005271,CU00002917,BR015,Current,2020-08-18,Active,16480.41,0.0
AC00005272,CU00003050,BR011,Salary,2023-01-24,Active,22039.33,2.5
AC00005273,CU00004305,BR019,Salary,2022-10-22,Active,12785.59,2.5
AC00005274,CU00000851,BR016,Savings,2024-08-14,Active,23751.37,2.7
AC00005275,CU00001307,BR008,Salary,2018-06-20,Active,6954.12,2.5
AC00005276,CU00001285,BR018,Current,2024-05-16,Active,39074.56,0.0
AC00005277,CU00003613,BR005,Savings,2019-11-09,Active,13268.36,2.7
AC00005278,CU00002495,BR020,Fixed Deposit,2018-08-30,Active,223709.37,7.1
AC00005279,CU00004855,BR023,Savings,2024-05-04,Active,42013.84,2.7
AC00005280,CU00000150,BR022,Savings,2022-04-22,Active,40688.68,2.7
AC00005281,CU00001237,BR009,Savings,2020-07-23,Active,42402.67,2.7
AC00005282,CU00000996,BR012,Savings,2022-01-25,Active,23302.08,2.7
AC00005283,CU00002188,BR015,Savings,2021-08-27,Active,22096.43,2.7
AC00005284,CU00004241,BR004,Current,2026-04-30,Active,85831.01,0.0
AC00005285,CU00004291,BR009,Fixed Deposit,2019-05-20,Active,312574.11,7.1
AC00005286,CU00000808,BR006,Salary,2019-01-17,Closed,16795.34,2.5
AC00005287,CU00004400,BR019,Savings,2021-03-09,Active,3037.73,2.7
AC00005288,CU00004768,BR013,Salary,2018-11-16,Active,78360.88,2.5
AC00005289,CU00001760,BR016,Savings,2026-06-16,Active,55624.65,2.7
AC00005290,CU00004557,BR004,Current,2021-01-25,Active,65350.33,0.0
AC00005291,CU00004784,BR018,Current,2023-11-10,Dormant,21930.93,0.0
AC00005292,CU00000713,BR021,Savings,2026-05-29,Active,72463.67,2.7
AC00005293,CU00001536,BR022,Salary,2024-07-25,Active,6005.76,2.5
AC00005294,CU00000764,BR001,Savings,2022-02-24,Dormant,47340.83,2.7
AC00005295,CU00002204,BR013,Savings,2018-12-09,Active,20704.44,2.7
AC00005296,CU00004039,BR024,Savings,2023-03-20,Active,31534.04,2.7
AC00005297,CU00002566,BR011,Savings,2022-01-01,Active,17164.61,2.7
AC00005298,CU00000946,BR024,Savings,2022-12-29,Active,10050.77,2.7
AC00005299,CU00002726,BR002,Savings,2025-10-23,Active,22457.0,2.7
AC00005300,CU00000124,BR016,Savings,2021-06-27,Active,80887.11,2.7
AC00005301,CU00001552,BR019,Current,2025-07-20,Dormant,9129.8,0.0
AC00005302,CU00000489,BR022,Savings,2022-07-18,Active,25587.76,2.7
AC00005303,CU00004353,BR020,Fixed Deposit,2024-06-30,Active,131580.35,7.1
AC00005304,CU00001465,BR015,Savings,2018-08-11,Active,18293.97,2.7
AC00005305,CU00000951,BR016,Salary,2020-01-05,Active,5323.54,2.5
AC00005306,CU00000717,BR009,Fixed Deposit,2021-03-18,Active,254935.51,7.1
AC00005307,CU00002385,BR010,Savings,2021-07-11,Active,19485.25,2.7
AC00005308,CU00001580,BR024,Savings,2020-04-08,Active,16578.5,2.7
AC00005309,CU00000441,BR021,Current,2024-12-08,Active,84058.81,0.0
AC00005310,CU00000286,BR017,Fixed Deposit,2020-01-29,Active,607005.81,7.1
AC00005311,CU00001123,BR009,Fixed Deposit,2023-08-26,Active,150077.06,7.1
AC00005312,CU00001912,BR024,Savings,2023-07-02,Closed,17767.65,2.7
AC00005313,CU00003580,BR015,Fixed Deposit,2020-03-27,Active,267595.39,7.1
AC00005314,CU00001474,BR004,Savings,2024-12-04,Active,3669.5,2.7
AC00005315,CU00001992,BR010,Savings,2022-06-03,Active,4816.63,2.7
AC00005316,CU00000630,BR008,Salary,2020-09-19,Active,10254.53,2.5
AC00005317,CU00003133,BR024,Savings,2023-08-22,Closed,143587.39,2.7
AC00005318,CU00001530,BR014,Salary,2020-11-11,Active,16168.71,2.5
AC00005319,CU00001248,BR007,Savings,2020-04-19,Active,61998.3,2.7
AC00005320,CU00003676,BR009,Savings,2019-12-26,Active,33152.33,2.7
AC00005321,CU00002328,BR012,Savings,2022-03-11,Active,31474.71,2.7
AC00005322,CU00003925,BR018,Savings,2021-09-25,Active,9989.12,2.7
AC00005323,CU00000517,BR012,Savings,2024-12-08,Active,159409.26,2.7
AC00005324,CU00004410,BR007,Savings,2020-08-12,Active,3614.55,2.7
AC00005325,CU00001465,BR001,Savings,2022-05-27,Active,20641.42,2.7
AC00005326,CU00000950,BR017,Savings,2021-08-23,Active,41360.24,2.7
AC00005327,CU00000927,BR024,Savings,2026-03-03,Dormant,35287.12,2.7
AC00005328,CU00002263,BR013,Savings,2026-07-10,Active,22579.34,2.7
AC00005329,CU00003646,BR011,Savings,2020-06-19,Active,42236.65,2.7
AC00005330,CU00000507,BR020,Current,2019-11-10,Active,80303.49,0.0
AC00005331,CU00002656,BR013,Salary,2018-08-08,Active,24789.58,2.5
AC00005332,CU00001050,BR006,Savings,2023-04-15,Active,22776.04,2.7
AC00005333,CU00002021,BR006,Fixed Deposit,2023-09-05,Active,129929.41,7.1
AC00005334,CU00003290,BR010,Salary,2021-04-01,Active,37692.47,2.5
AC00005335,CU00002793,BR022,Savings,2018-07-07,Active,19445.82,2.7
AC00005336,CU00001969,BR008,Savings,2026-07-02,Active,7500.65,2.7
AC00005337,CU00001675,BR014,Savings,2022-11-04,Dormant,22715.97,2.7
AC00005338,CU00000425,BR022,Salary,2025-12-21,Active,184303.33,2.5
AC00005339,CU00001696,BR012,Savings,2021-07-20,Active,14271.54,2.7
AC00005340,CU00001998,BR018,Savings,2025-02-12,Active,26832.86,2.7
AC00005341,CU00001179,BR012,Savings,2026-05-06,Active,19435.23,2.7
AC00005342,CU00002817,BR007,Salary,2019-10-13,Dormant,22319.38,2.5
AC00005343,CU00002488,BR012,Salary,2022-03-22,Active,79782.81,2.5
AC00005344,CU00003589,BR019,Savings,2018-09-16,Active,14597.91,2.7
AC00005345,CU00003656,BR010,Savings,2023-01-21,Active,75250.68,2.7
AC00005346,CU00003761,BR005,Savings,2020-03-27,Active,89892.66,2.7
AC00005347,CU00003929,BR016,Savings,2026-03-18,Active,26646.22,2.7
AC00005348,CU00002899,BR020,Current,2018-12-06,Active,63592.22,0.0
AC00005349,CU00002650,BR002,Savings,2023-01-31,Active,4493.44,2.7
AC00005350,CU00002390,BR022,Fixed Deposit,2025-01-15,Active,109528.22,7.1
AC00005351,CU00000720,BR012,Salary,2026-08-01,Active,74981.86,2.5
AC00005352,CU00004148,BR007,Savings,2024-07-05,Active,47768.1,2.7
AC00005353,CU00001527,BR024,Savings,2022-04-22,Active,34168.62,2.7
AC00005354,CU00002934,BR020,Savings,2021-07-01,Closed,95880.75,2.7
AC00005355,CU00003530,BR023,Fixed Deposit,2022-07-30,Active,194258.34,7.1
AC00005356,CU00003413,BR019,Savings,2026-06-25,Active,4004.0,2.7
AC00005357,CU00004578,BR015,Fixed Deposit,2020-03-16,Active,274515.42,7.1
AC00005358,CU00000042,BR002,Savings,2026-01-27,Active,569.48,2.7
AC00005359,CU00001479,BR014,Salary,2025-08-17,Active,19851.29,2.5
AC00005360,CU00004189,BR004,Salary,2024-07-28,Active,35914.87,2.5
AC00005361,CU00002354,BR012,Salary,2018-07-27,Active,41152.89,2.5
AC00005362,CU00002077,BR008,Fixed Deposit,2023-01-01,Closed,193240.34,7.1
AC00005363,CU00000068,BR012,Salary,2024-12-14,Active,49798.04,2.5
AC00005364,CU00002148,BR021,Salary,2021-12-15,Dormant,38562.15,2.5
AC00005365,CU00000667,BR007,Salary,2024-02-20,Active,16269.16,2.5
AC00005366,CU00001182,BR008,Savings,2019-08-27,Active,6895.92,2.7
AC00005367,CU00001151,BR013,Savings,2021-10-21,Active,12556.26,2.7
AC00005368,CU00000174,BR016,Salary,2018-11-08,Active,86238.7,2.5
AC00005369,CU00003037,BR016,Savings,2025-08-31,Closed,10958.09,2.7
AC00005370,CU00000008,BR016,Current,2020-06-17,Active,57793.89,0.0
AC00005371,CU00003425,BR023,Current,2020-09-17,Active,56478.29,0.0
AC00005372,CU00000003,BR002,Savings,2025-05-17,Active,76362.68,2.7
AC00005373,CU00001289,BR015,Savings,2021-05-12,Active,240421.43,2.7
AC00005374,CU00001773,BR024,Savings,2024-06-20,Active,40390.12,2.7
AC00005375,CU00001495,BR022,Savings,2018-10-18,Active,16561.1,2.7
AC00005376,CU00002949,BR009,Savings,2019-03-25,Active,11810.15,2.7
AC00005377,CU00002947,BR008,Savings,2019-07-04,Dormant,12481.77,2.7
AC00005378,CU00004621,BR010,Current,2018-12-01,Active,7404.36,0.0
AC00005379,CU00001086,BR005,Savings,2025-05-04,Active,51085.67,2.7
AC00005380,CU00001691,BR023,Savings,2025-06-08,Active,21784.33,2.7
AC00005381,CU00004501,BR020,Savings,2019-11-11,Active,106400.15,2.7
AC00005382,CU00000412,BR021,Salary,2022-05-19,Active,5944.32,2.5
AC00005383,CU00001020,BR008,Savings,2022-12-30,Active,13661.99,2.7
AC00005384,CU00003255,BR007,Savings,2018-09-13,Active,20845.65,2.7
AC00005385,CU00000489,BR017,Salary,2026-03-05,Active,3828.77,2.5
AC00005386,CU00001075,BR021,Current,2024-09-09,Active,41708.55,0.0
AC00005387,CU00004078,BR016,Savings,2024-06-02,Active,24431.16,2.7
AC00005388,CU00003424,BR004,Fixed Deposit,2019-06-29,Active,346383.95,7.1
AC00005389,CU00001178,BR018,Salary,2022-04-21,Active,37536.23,2.5
AC00005390,CU00002336,BR001,Savings,2023-08-23,Active,4537.85,2.7
AC00005391,CU00000736,BR013,Current,2022-11-07,Active,44090.48,0.0
AC00005392,CU00003151,BR002,Fixed Deposit,2026-02-23,Active,179185.21,7.1
AC00005393,CU00002212,BR013,Salary,2021-08-06,Active,112781.52,2.5
AC00005394,CU00001506,BR022,Salary,2019-12-22,Active,99486.93,2.5
AC00005395,CU00001640,BR008,Savings,2025-12-13,Active,6820.95,2.7
AC00005396,CU00000703,BR007,Salary,2026-01-19,Active,9416.46,2.5
AC00005397,CU00004707,BR019,Current,2018-08-06,Active,51102.79,0.0
AC00005398,CU00004473,BR022,Fixed Deposit,2025-10-01,Active,102482.15,7.1
AC00005399,CU00002196,BR004,Savings,2021-08-01,Dormant,4296.51,2.7
AC00005400,CU00001810,BR023,Salary,2024-04-02,Active,9322.35,2.5
AC00005401,CU00004086,BR015,Salary,2025-08-13,Active,6144.38,2.5
AC00005402,CU00004567,BR003,Current,2020-03-07,Active,15245.08,0.0
AC00005403,CU00001363,BR009,Savings,2019-05-06,Active,11196.06,2.7
AC00005404,CU00003752,BR012,Savings,2020-01-17,Active,46676.82,2.7
AC00005405,CU00001510,BR015,Savings,2026-04-25,Active,31004.33,2.7
AC00005406,CU00000054,BR002,Savings,2019-06-28,Active,15475.05,2.7
AC00005407,CU00003357,BR018,Fixed Deposit,2026-06-26,Active,284943.89,7.1
AC00005408,CU00001407,BR014,Savings,2024-01-09,Dormant,67720.2,2.7
AC00005409,CU00004536,BR013,Current,2020-05-01,Active,20926.57,0.0
AC00005410,CU00004873,BR019,Savings,2018-12-02,Active,5059.18,2.7
AC00005411,CU00002158,BR017,Salary,2024-06-30,Active,3844.54,2.5
AC00005412,CU00002926,BR019,Fixed Deposit,2019-11-09,Active,120397.71,7.1
AC00005413,CU00004839,BR006,Salary,2026-02-08,Active,26406.68,2.5
AC00005414,CU00000176,BR016,Salary,2023-04-04,Active,55495.83,2.5
AC00005415,CU00002480,BR014,Savings,2020-03-25,Active,19249.03,2.7
AC00005416,CU00002375,BR009,Current,2021-12-26,Active,21081.51,0.0
AC00005417,CU00003282,BR023,Salary,2025-03-15,Active,90110.64,2.5
AC00005418,CU00001303,BR014,Current,2026-07-03,Active,19354.81,0.0
AC00005419,CU00001840,BR012,Savings,2023-12-26,Active,206019.04,2.7
AC00005420,CU00003162,BR019,Savings,2020-03-22,Active,29591.04,2.7
AC00005421,CU00002145,BR016,Current,2024-05-26,Active,71238.41,0.0
AC00005422,CU00001935,BR001,Savings,2019-10-31,Active,57135.89,2.7
AC00005423,CU00004959,BR008,Current,2024-12-01,Active,43526.35,0.0
AC00005424,CU00002748,BR023,Savings,2025-05-14,Active,5629.92,2.7
AC00005425,CU00001585,BR008,Salary,2022-05-22,Active,36878.94,2.5
AC00005426,CU00003596,BR022,Savings,2023-03-03,Active,78442.51,2.7
AC00005427,CU00000991,BR007,Fixed Deposit,2022-11-25,Active,28430.48,7.1
AC00005428,CU00004098,BR001,Fixed Deposit,2022-10-25,Active,43397.66,7.1
AC00005429,CU00001589,BR003,Current,2022-06-06,Active,56186.62,0.0
AC00005430,CU00001138,BR018,Salary,2023-11-29,Active,66521.89,2.5
AC00005431,CU00002372,BR008,Savings,2021-11-17,Closed,38604.4,2.7
AC00005432,CU00004365,BR014,Salary,2019-07-17,Active,41245.75,2.5
AC00005433,CU00000250,BR017,Savings,2024-11-30,Active,24245.75,2.7
AC00005434,CU00004475,BR018,Fixed Deposit,2025-05-22,Active,136140.98,7.1
AC00005435,CU00000043,BR012,Salary,2020-09-30,Active,30594.79,2.5
AC00005436,CU00003103,BR006,Savings,2018-12-29,Active,31118.37,2.7
AC00005437,CU00003141,BR006,Salary,2022-08-16,Active,20796.67,2.5
AC00005438,CU00004238,BR006,Savings,2023-06-05,Active,6631.75,2.7
AC00005439,CU00004435,BR023,Savings,2021-08-21,Active,44531.17,2.7
AC00005440,CU00001144,BR016,Current,2021-09-26,Active,17753.04,0.0
AC00005441,CU00002656,BR006,Savings,2026-04-26,Active,6088.94,2.7
AC00005442,CU00002458,BR007,Savings,2020-05-22,Active,41298.22,2.7
AC00005443,CU00001018,BR020,Savings,2022-10-12,Active,28084.55,2.7
AC00005444,CU00001376,BR023,Savings,2024-05-10,Active,109011.82,2.7
AC00005445,CU00004032,BR009,Current,2019-06-15,Active,10625.46,0.0
AC00005446,CU00003832,BR001,Savings,2025-04-18,Active,5286.71,2.7
AC00005447,CU00002621,BR018,Salary,2024-11-14,Active,45651.6,2.5
AC00005448,CU00002536,BR019,Salary,2021-04-01,Active,33602.92,2.5
AC00005449,CU00000574,BR011,Fixed Deposit,2020-10-13,Active,198114.94,7.1
AC00005450,CU00003299,BR022,Savings,2020-04-13,Active,29881.45,2.7
AC00005451,CU00000881,BR016,Salary,2020-11-12,Active,37393.47,2.5
AC00005452,CU00001900,BR002,Current,2025-05-31,Active,29198.31,0.0
AC00005453,CU00001150,BR024,Savings,2021-01-02,Active,4830.42,2.7
AC00005454,CU00002179,BR014,Fixed Deposit,2023-11-18,Active,74393.81,7.1
AC00005455,CU00003564,BR003,Savings,2025-06-23,Active,73893.56,2.7
AC00005456,CU00003273,BR012,Savings,2022-03-04,Active,12373.64,2.7
AC00005457,CU00004837,BR018,Fixed Deposit,2020-07-08,Active,391863.5,7.1
AC00005458,CU00000244,BR018,Current,2023-07-05,Active,69435.78,0.0
AC00005459,CU00002696,BR007,Fixed Deposit,2019-03-20,Active,90261.64,7.1
AC00005460,CU00000556,BR007,Salary,2019-05-25,Active,30469.51,2.5
AC00005461,CU00002000,BR006,Current,2020-10-08,Active,2950.4,0.0
AC00005462,CU00003032,BR004,Salary,2026-03-02,Active,75075.46,2.5
AC00005463,CU00004099,BR004,Savings,2025-01-20,Active,73978.43,2.7
AC00005464,CU00004334,BR015,Savings,2022-02-23,Active,137465.7,2.7
AC00005465,CU00003604,BR006,Savings,2019-09-07,Active,16208.07,2.7
AC00005466,CU00004389,BR020,Savings,2022-04-02,Active,18743.75,2.7
AC00005467,CU00001701,BR021,Savings,2022-06-06,Active,20050.59,2.7
AC00005468,CU00001518,BR006,Savings,2025-02-27,Active,128343.31,2.7
AC00005469,CU00004147,BR012,Fixed Deposit,2018-06-21,Active,312188.02,7.1
AC00005470,CU00001292,BR006,Salary,2025-12-09,Active,10509.73,2.5
AC00005471,CU00002570,BR017,Salary,2022-06-15,Active,5202.66,2.5
AC00005472,CU00000422,BR024,Salary,2023-02-09,Active,74958.9,2.5
AC00005473,CU00000496,BR006,Savings,2024-09-12,Active,60881.78,2.7
AC00005474,CU00001968,BR021,Savings,2022-05-01,Active,29861.25,2.7
AC00005475,CU00001832,BR022,Savings,2024-01-18,Active,28216.83,2.7
AC00005476,CU00002227,BR008,Salary,2026-07-11,Active,111609.63,2.5
AC00005477,CU00000208,BR007,Salary,2024-03-04,Active,15478.04,2.5
AC00005478,CU00001960,BR008,Savings,2021-10-28,Active,25239.34,2.7
AC00005479,CU00001336,BR009,Savings,2024-12-13,Active,50520.59,2.7
AC00005480,CU00000716,BR011,Salary,2018-11-27,Active,30233.51,2.5
AC00005481,CU00001809,BR001,Current,2023-07-13,Active,24969.66,0.0
AC00005482,CU00000611,BR008,Fixed Deposit,2024-10-04,Active,82321.42,7.1
AC00005483,CU00001274,BR018,Savings,2025-03-06,Dormant,21945.75,2.7
AC00005484,CU00003263,BR010,Salary,2019-09-27,Active,126366.69,2.5
AC00005485,CU00004676,BR008,Fixed Deposit,2018-09-13,Active,185175.58,7.1
AC00005486,CU00002178,BR020,Current,2023-11-06,Active,25298.51,0.0
AC00005487,CU00001012,BR012,Savings,2020-11-06,Active,36180.47,2.7
AC00005488,CU00003670,BR007,Savings,2024-05-08,Active,41082.84,2.7
AC00005489,CU00002227,BR022,Current,2019-02-14,Active,8098.77,0.0
AC00005490,CU00003703,BR011,Fixed Deposit,2019-02-22,Active,234401.05,7.1
AC00005491,CU00003620,BR022,Fixed Deposit,2021-08-07,Active,166018.7,7.1
AC00005492,CU00003155,BR024,Savings,2024-01-22,Active,68651.23,2.7
AC00005493,CU00002798,BR024,Savings,2020-07-23,Active,6616.58,2.7
AC00005494,CU00004437,BR016,Salary,2022-03-16,Active,19942.84,2.5
AC00005495,CU00004047,BR020,Current,2024-12-09,Active,122425.74,0.0
AC00005496,CU00000264,BR008,Fixed Deposit,2025-08-29,Active,493069.43,7.1
AC00005497,CU00004298,BR008,Savings,2025-03-14,Active,29247.17,2.7
AC00005498,CU00003658,BR018,Savings,2026-03-12,Active,14447.02,2.7
AC00005499,CU00000227,BR009,Savings,2024-12-06,Active,1883.0,2.7
AC00005500,CU00003833,BR007,Savings,2023-03-17,Active,9523.92,2.7
AC00005501,CU00000087,BR005,Salary,2025-12-26,Closed,4110.1,2.5
AC00005502,CU00002649,BR020,Savings,2025-07-05,Active,45484.69,2.7
AC00005503,CU00003845,BR014,Savings,2020-09-20,Active,36816.11,2.7
AC00005504,CU00004380,BR018,Salary,2021-02-13,Dormant,141105.39,2.5
AC00005505,CU00003544,BR023,Salary,2026-01-26,Active,6068.09,2.5
AC00005506,CU00000254,BR002,Salary,2021-04-22,Active,94825.87,2.5
AC00005507,CU00002754,BR001,Salary,2024-04-28,Active,46309.99,2.5
AC00005508,CU00002606,BR010,Savings,2020-08-24,Active,266579.03,2.7
AC00005509,CU00000992,BR008,Salary,2024-07-17,Active,104816.14,2.5
AC00005510,CU00003359,BR001,Salary,2019-10-03,Active,29649.2,2.5
AC00005511,CU00000269,BR023,Salary,2019-01-26,Active,54141.5,2.5
AC00005512,CU00001132,BR007,Salary,2026-05-04,Active,7128.84,2.5
AC00005513,CU00004219,BR002,Savings,2020-09-21,Active,21437.7,2.7
AC00005514,CU00000760,BR004,Savings,2023-05-25,Active,5942.52,2.7
AC00005515,CU00001750,BR003,Fixed Deposit,2023-11-23,Active,419812.79,7.1
AC00005516,CU00003729,BR023,Savings,2023-03-18,Active,64298.69,2.7
AC00005517,CU00004479,BR020,Savings,2023-11-15,Active,5295.09,2.7
AC00005518,CU00002487,BR012,Fixed Deposit,2024-08-03,Active,343195.41,7.1
AC00005519,CU00002649,BR010,Savings,2019-09-26,Active,23573.23,2.7
AC00005520,CU00002234,BR013,Savings,2024-04-03,Active,42617.14,2.7
AC00005521,CU00003775,BR011,Salary,2024-02-06,Active,12346.13,2.5
AC00005522,CU00003186,BR018,Fixed Deposit,2018-09-26,Active,49105.05,7.1
AC00005523,CU00003923,BR014,Savings,2023-10-02,Active,6618.21,2.7
AC00005524,CU00003076,BR015,Savings,2022-10-20,Active,9073.7,2.7
AC00005525,CU00002138,BR004,Salary,2025-09-06,Active,26245.16,2.5
AC00005526,CU00001847,BR015,Savings,2019-09-29,Dormant,17486.98,2.7
AC00005527,CU00001847,BR023,Fixed Deposit,2019-03-20,Active,234573.54,7.1
AC00005528,CU00001931,BR020,Current,2020-05-10,Active,103533.34,0.0
AC00005529,CU00000350,BR007,Savings,2022-01-08,Active,20342.91,2.7
AC00005530,CU00004361,BR007,Salary,2025-10-24,Active,16608.58,2.5
AC00005531,CU00002744,BR019,Savings,2019-10-04,Active,35660.21,2.7
AC00005532,CU00000129,BR021,Savings,2024-12-09,Active,28735.44,2.7
AC00005533,CU00002923,BR007,Savings,2025-03-05,Active,98720.53,2.7
AC00005534,CU00002363,BR002,Salary,2025-05-02,Active,23550.44,2.5
AC00005535,CU00001444,BR020,Salary,2022-09-22,Active,21480.37,2.5
AC00005536,CU00002460,BR024,Savings,2019-10-03,Active,218174.49,2.7
AC00005537,CU00004258,BR017,Savings,2023-12-16,Active,65768.32,2.7
AC00005538,CU00002988,BR023,Current,2024-05-31,Active,5769.7,0.0
AC00005539,CU00002725,BR020,Salary,2020-05-01,Active,7955.7,2.5
AC00005540,CU00004552,BR024,Savings,2025-07-06,Closed,123729.96,2.7
AC00005541,CU00004136,BR012,Savings,2020-06-09,Active,4473.4,2.7
AC00005542,CU00004059,BR015,Salary,2023-01-11,Active,12183.14,2.5
AC00005543,CU00001281,BR021,Current,2024-03-04,Active,46371.68,0.0
AC00005544,CU00001959,BR015,Salary,2020-07-14,Active,36625.62,2.5
AC00005545,CU00000130,BR022,Savings,2019-01-27,Active,5870.5,2.7
AC00005546,CU00004513,BR009,Savings,2019-01-06,Active,3401.61,2.7
AC00005547,CU00001002,BR008,Savings,2018-09-04,Dormant,25719.79,2.7
AC00005548,CU00000911,BR013,Current,2023-10-20,Dormant,436780.36,0.0
AC00005549,CU00000456,BR017,Savings,2020-02-14,Active,12186.34,2.7
AC00005550,CU00001268,BR004,Current,2022-08-25,Active,48484.22,0.0
AC00005551,CU00002896,BR016,Savings,2022-08-26,Active,9407.12,2.7
AC00005552,CU00003288,BR014,Fixed Deposit,2018-11-17,Dormant,298535.22,7.1
AC00005553,CU00001116,BR003,Salary,2021-05-30,Active,93077.91,2.5
AC00005554,CU00000209,BR020,Salary,2020-01-21,Dormant,16501.46,2.5
AC00005555,CU00000262,BR011,Fixed Deposit,2023-08-29,Active,203858.14,7.1
AC00005556,CU00004388,BR005,Salary,2023-01-29,Active,82538.68,2.5
AC00005557,CU00004709,BR014,Savings,2025-09-26,Active,24270.95,2.7
AC00005558,CU00001358,BR019,Savings,2026-03-10,Active,1782.91,2.7
AC00005559,CU00002063,BR018,Savings,2021-01-03,Dormant,35978.02,2.7
AC00005560,CU00002021,BR001,Savings,2020-10-03,Active,21396.84,2.7
AC00005561,CU00002446,BR024,Savings,2021-09-08,Active,48810.94,2.7
AC00005562,CU00001129,BR017,Savings,2022-10-06,Active,8056.69,2.7
AC00005563,CU00002174,BR004,Fixed Deposit,2023-04-14,Active,91840.85,7.1
AC00005564,CU00000845,BR009,Current,2022-04-14,Active,18543.42,0.0
AC00005565,CU00002607,BR007,Fixed Deposit,2026-07-03,Active,601451.92,7.1
AC00005566,CU00000873,BR023,Salary,2022-05-08,Active,10942.73,2.5
AC00005567,CU00001540,BR005,Savings,2019-08-21,Dormant,317581.48,2.7
AC00005568,CU00004335,BR021,Current,2024-02-15,Active,6783.43,0.0
AC00005569,CU00001227,BR021,Savings,2024-04-25,Active,10594.84,2.7
AC00005570,CU00001310,BR024,Savings,2020-08-11,Active,16093.48,2.7
AC00005571,CU00002811,BR011,Savings,2021-07-31,Active,5473.74,2.7
AC00005572,CU00004275,BR009,Savings,2026-01-24,Active,7349.88,2.7
AC00005573,CU00001587,BR016,Salary,2018-08-31,Active,20388.81,2.5
AC00005574,CU00000864,BR023,Savings,2022-04-23,Active,35731.72,2.7
AC00005575,CU00001499,BR015,Salary,2023-09-07,Active,66399.42,2.5
AC00005576,CU00000548,BR021,Fixed Deposit,2025-12-19,Active,313725.93,7.1
AC00005577,CU00003950,BR009,Savings,2020-08-28,Active,2245.23,2.7
AC00005578,CU00003351,BR012,Fixed Deposit,2026-04-04,Active,507249.7,7.1
AC00005579,CU00000931,BR017,Current,2021-12-12,Active,120283.28,0.0
AC00005580,CU00004463,BR006,Current,2026-05-02,Dormant,48114.98,0.0
AC00005581,CU00002361,BR012,Salary,2024-10-16,Active,102225.71,2.5
AC00005582,CU00001548,BR001,Fixed Deposit,2019-05-16,Active,127939.61,7.1
AC00005583,CU00003970,BR001,Savings,2024-11-21,Active,99777.94,2.7
AC00005584,CU00002023,BR013,Current,2025-09-25,Active,40411.95,0.0
AC00005585,CU00002092,BR019,Savings,2025-01-27,Active,36193.46,2.7
AC00005586,CU00000171,BR007,Savings,2021-10-25,Active,62191.74,2.7
AC00005587,CU00003809,BR012,Savings,2024-07-26,Active,34968.72,2.7
AC00005588,CU00003193,BR008,Salary,2026-05-01,Active,12959.21,2.5
AC00005589,CU00004336,BR012,Current,2023-08-29,Active,24399.6,0.0
AC00005590,CU00000458,BR017,Salary,2021-02-05,Active,989.81,2.5
AC00005591,CU00002399,BR006,Salary,2021-07-18,Active,39853.34,2.5
AC00005592,CU00002813,BR006,Savings,2026-06-03,Dormant,35500.37,2.7
AC00005593,CU00004540,BR002,Savings,2019-12-09,Active,19743.25,2.7
AC00005594,CU00003763,BR010,Salary,2026-02-26,Active,11461.0,2.5
AC00005595,CU00004756,BR018,Savings,2022-05-10,Active,9689.39,2.7
AC00005596,CU00003573,BR024,Savings,2025-11-15,Active,28286.86,2.7
AC00005597,CU00004089,BR016,Fixed Deposit,2025-12-12,Active,266355.23,7.1
AC00005598,CU00000157,BR010,Salary,2020-09-12,Active,76178.76,2.5
AC00005599,CU00003010,BR004,Fixed Deposit,2019-01-16,Active,179807.81,7.1
AC00005600,CU00002390,BR006,Savings,2020-12-30,Active,8235.33,2.7
AC00005601,CU00001114,BR002,Savings,2021-09-15,Active,25048.73,2.7
AC00005602,CU00002579,BR024,Salary,2021-11-01,Dormant,30708.54,2.5
AC00005603,CU00001430,BR022,Current,2022-07-22,Active,5253.5,0.0
AC00005604,CU00003967,BR013,Savings,2020-11-20,Active,24339.72,2.7
AC00005605,CU00004554,BR005,Salary,2025-09-15,Active,346110.87,2.5
AC00005606,CU00004131,BR018,Savings,2020-11-25,Active,25379.35,2.7
AC00005607,CU00002552,BR006,Savings,2022-09-06,Active,17911.73,2.7
AC00005608,CU00000246,BR006,Savings,2026-05-12,Active,37192.68,2.7
AC00005609,CU00003350,BR011,Salary,2025-10-10,Active,13770.86,2.5
AC00005610,CU00001209,BR020,Salary,2023-07-26,Active,248760.46,2.5
AC00005611,CU00004811,BR017,Savings,2020-05-29,Active,25498.44,2.7
AC00005612,CU00001272,BR021,Savings,2025-12-18,Active,72491.1,2.7
AC00005613,CU00001660,BR006,Fixed Deposit,2022-07-08,Active,240041.44,7.1
AC00005614,CU00002797,BR008,Fixed Deposit,2019-10-15,Active,149522.31,7.1
AC00005615,CU00002047,BR010,Savings,2019-09-29,Active,290772.46,2.7
AC00005616,CU00003979,BR020,Savings,2021-11-10,Active,61645.21,2.7
AC00005617,CU00002054,BR020,Savings,2025-12-29,Active,69910.63,2.7
AC00005618,CU00002383,BR006,Salary,2024-03-09,Active,8628.6,2.5
AC00005619,CU00001394,BR004,Savings,2022-03-23,Active,10676.77,2.7
AC00005620,CU00003851,BR012,Savings,2024-04-14,Closed,206324.71,2.7
AC00005621,CU00001131,BR001,Salary,2023-10-10,Active,32196.26,2.5
AC00005622,CU00003616,BR011,Current,2025-05-03,Active,10457.51,0.0
AC00005623,CU00003190,BR014,Salary,2025-03-08,Active,50682.36,2.5
AC00005624,CU00004878,BR007,Savings,2023-11-26,Active,9902.72,2.7
AC00005625,CU00004324,BR004,Fixed Deposit,2023-12-08,Active,99662.56,7.1
AC00005626,CU00003123,BR014,Current,2019-07-14,Dormant,63261.03,0.0
AC00005627,CU00002205,BR015,Fixed Deposit,2023-12-05,Active,389577.52,7.1
AC00005628,CU00003005,BR016,Salary,2020-06-13,Active,16505.96,2.5
AC00005629,CU00002222,BR021,Salary,2019-03-11,Active,30188.26,2.5
AC00005630,CU00003798,BR011,Savings,2022-03-07,Active,85295.12,2.7
AC00005631,CU00002119,BR018,Current,2024-07-14,Active,15869.43,0.0
AC00005632,CU00003442,BR007,Savings,2020-03-03,Active,8032.28,2.7
AC00005633,CU00001597,BR012,Savings,2026-02-24,Active,10225.08,2.7
AC00005634,CU00003759,BR020,Savings,2019-06-13,Active,62350.18,2.7
AC00005635,CU00002041,BR015,Current,2021-10-18,Active,10657.23,0.0
AC00005636,CU00004966,BR021,Fixed Deposit,2022-03-15,Active,308286.88,7.1
AC00005637,CU00001689,BR008,Salary,2025-07-17,Closed,25681.11,2.5
AC00005638,CU00002305,BR014,Fixed Deposit,2021-12-14,Active,251481.39,7.1
AC00005639,CU00001305,BR006,Current,2019-06-16,Active,22172.48,0.0
AC00005640,CU00002302,BR016,Savings,2025-02-19,Active,13598.57,2.7
AC00005641,CU00000814,BR021,Current,2026-06-07,Active,49225.73,0.0
AC00005642,CU00003968,BR020,Savings,2021-03-22,Active,23271.06,2.7
AC00005643,CU00003577,BR014,Salary,2021-04-08,Active,28382.6,2.5
AC00005644,CU00003401,BR005,Savings,2025-04-30,Active,93352.8,2.7
AC00005645,CU00000032,BR003,Savings,2020-11-12,Active,6512.43,2.7
AC00005646,CU00002139,BR019,Fixed Deposit,2020-03-14,Active,41156.48,7.1
AC00005647,CU00002302,BR022,Salary,2020-09-25,Active,3565.66,2.5
AC00005648,CU00004344,BR020,Savings,2021-04-29,Active,11985.99,2.7
AC00005649,CU00004268,BR017,Salary,2025-04-10,Dormant,62684.21,2.5
AC00005650,CU00002908,BR024,Salary,2024-11-12,Active,8123.36,2.5
AC00005651,CU00004704,BR014,Current,2019-09-11,Dormant,55876.01,0.0
AC00005652,CU00003815,BR004,Fixed Deposit,2022-05-15,Active,305868.36,7.1
AC00005653,CU00001385,BR001,Savings,2026-06-26,Active,46342.8,2.7
AC00005654,CU00002231,BR016,Savings,2024-06-19,Active,10796.97,2.7
AC00005655,CU00002924,BR013,Savings,2021-09-08,Active,62402.71,2.7
AC00005656,CU00001992,BR006,Fixed Deposit,2023-02-16,Active,331685.1,7.1
AC00005657,CU00003718,BR012,Current,2018-06-18,Active,238129.76,0.0
AC00005658,CU00002790,BR023,Current,2025-11-29,Active,11213.79,0.0
AC00005659,CU00004314,BR019,Current,2021-03-21,Active,33285.38,0.0
AC00005660,CU00001839,BR016,Fixed Deposit,2022-01-22,Active,129319.76,7.1
AC00005661,CU00004821,BR019,Savings,2023-01-17,Active,12429.15,2.7
AC00005662,CU00003311,BR002,Fixed Deposit,2021-04-15,Active,67631.82,7.1
AC00005663,CU00002201,BR012,Salary,2020-12-14,Dormant,8472.04,2.5
AC00005664,CU00000999,BR007,Fixed Deposit,2018-08-06,Active,153648.5,7.1
AC00005665,CU00004229,BR015,Current,2019-08-28,Active,20040.18,0.0
AC00005666,CU00001391,BR023,Savings,2025-07-27,Dormant,13673.59,2.7
AC00005667,CU00004779,BR014,Savings,2024-01-24,Active,4697.82,2.7
AC00005668,CU00000974,BR011,Savings,2024-08-07,Active,447596.45,2.7
AC00005669,CU00004980,BR011,Fixed Deposit,2024-07-30,Active,345086.6,7.1
AC00005670,CU00001119,BR008,Savings,2026-08-01,Active,1918.69,2.7
AC00005671,CU00003132,BR013,Fixed Deposit,2018-11-27,Active,210445.48,7.1
AC00005672,CU00002565,BR024,Savings,2020-11-20,Active,64525.97,2.7
AC00005673,CU00002489,BR020,Savings,2021-06-24,Active,1934.72,2.7
AC00005674,CU00003154,BR016,Savings,2025-09-02,Active,51186.11,2.7
AC00005675,CU00002809,BR014,Savings,2021-06-07,Active,31981.32,2.7
AC00005676,CU00000615,BR004,Savings,2023-08-08,Active,24017.67,2.7
AC00005677,CU00001094,BR023,Fixed Deposit,2019-12-25,Active,110651.31,7.1
AC00005678,CU00002331,BR003,Savings,2019-04-07,Active,199137.44,2.7
AC00005679,CU00004141,BR001,Savings,2021-03-18,Active,15084.71,2.7
AC00005680,CU00001095,BR015,Fixed Deposit,2025-11-24,Active,69714.48,7.1
AC00005681,CU00001529,BR021,Current,2021-01-04,Active,36439.24,0.0
AC00005682,CU00003709,BR008,Salary,2026-01-16,Active,29792.45,2.5
AC00005683,CU00000820,BR012,Salary,2023-09-12,Active,4547.21,2.5
AC00005684,CU00001138,BR003,Savings,2024-01-19,Active,36751.36,2.7
AC00005685,CU00004240,BR019,Salary,2023-05-10,Active,12076.82,2.5
AC00005686,CU00003015,BR021,Savings,2022-12-07,Active,43261.62,2.7
AC00005687,CU00000359,BR003,Salary,2024-12-09,Active,10107.4,2.5
AC00005688,CU00001827,BR018,Salary,2024-10-13,Active,72225.22,2.5
AC00005689,CU00001979,BR023,Savings,2026-06-01,Active,10914.93,2.7
AC00005690,CU00001816,BR006,Savings,2019-07-29,Active,97811.08,2.7
AC00005691,CU00003519,BR018,Savings,2020-08-15,Active,14483.13,2.7
AC00005692,CU00002184,BR007,Current,2019-12-24,Active,2208.03,0.0
AC00005693,CU00003482,BR023,Salary,2025-09-20,Active,47390.64,2.5
AC00005694,CU00000232,BR024,Salary,2025-12-12,Active,9427.41,2.5
AC00005695,CU00002960,BR009,Salary,2021-07-11,Active,106038.77,2.5
AC00005696,CU00004580,BR024,Savings,2022-09-07,Active,37720.07,2.7
AC00005697,CU00004186,BR010,Savings,2019-08-20,Active,4501.87,2.7
AC00005698,CU00002925,BR019,Savings,2025-02-09,Active,14145.07,2.7
AC00005699,CU00004574,BR009,Savings,2020-01-03,Active,20048.13,2.7
AC00005700,CU00004504,BR010,Fixed Deposit,2021-11-01,Active,124560.34,7.1
AC00005701,CU00003921,BR012,Current,2020-07-10,Active,12737.05,0.0
AC00005702,CU00000547,BR012,Savings,2025-04-24,Dormant,37418.25,2.7
AC00005703,CU00001774,BR012,Savings,2025-12-18,Active,33287.12,2.7
AC00005704,CU00000397,BR003,Current,2019-12-31,Active,49100.67,0.0
AC00005705,CU00003490,BR023,Fixed Deposit,2020-10-06,Active,124294.23,7.1
AC00005706,CU00003444,BR009,Savings,2024-08-27,Active,27718.87,2.7
AC00005707,CU00000999,BR021,Savings,2019-08-07,Active,17838.21,2.7
AC00005708,CU00002319,BR023,Savings,2024-08-06,Active,83758.77,2.7
AC00005709,CU00001453,BR019,Savings,2020-09-25,Active,2490.4,2.7
AC00005710,CU00003717,BR023,Savings,2024-01-25,Active,146386.82,2.7
AC00005711,CU00001738,BR005,Salary,2021-03-05,Closed,71029.21,2.5
AC00005712,CU00002738,BR013,Current,2024-08-11,Active,28353.43,0.0
AC00005713,CU00002327,BR016,Salary,2026-02-23,Closed,23618.17,2.5
AC00005714,CU00003522,BR016,Salary,2018-10-03,Active,21960.11,2.5
AC00005715,CU00004855,BR024,Savings,2020-06-04,Active,55381.34,2.7
AC00005716,CU00003710,BR002,Salary,2021-04-18,Active,15565.36,2.5
AC00005717,CU00004607,BR015,Savings,2019-05-28,Active,22831.48,2.7
AC00005718,CU00001829,BR011,Salary,2019-01-22,Active,931.29,2.5
AC00005719,CU00003663,BR013,Savings,2019-02-09,Active,39747.64,2.7
AC00005720,CU00002027,BR001,Savings,2025-06-23,Active,23364.54,2.7
AC00005721,CU00004029,BR014,Current,2025-10-26,Active,13237.08,0.0
AC00005722,CU00003742,BR012,Current,2026-06-17,Active,37267.05,0.0
AC00005723,CU00004584,BR014,Fixed Deposit,2022-06-10,Active,70702.95,7.1
AC00005724,CU00002788,BR011,Savings,2022-09-10,Active,3334.45,2.7
AC00005725,CU00001577,BR009,Current,2025-05-15,Active,21864.91,0.0
AC00005726,CU00003576,BR012,Fixed Deposit,2019-02-28,Active,149733.01,7.1
AC00005727,CU00003120,BR018,Salary,2023-01-03,Active,67987.09,2.5
AC00005728,CU00003833,BR022,Savings,2021-02-11,Active,13895.89,2.7
AC00005729,CU00001260,BR006,Savings,2019-09-02,Active,29819.4,2.7
AC00005730,CU00001440,BR007,Savings,2023-12-20,Active,19424.13,2.7
AC00005731,CU00001473,BR001,Savings,2024-01-01,Dormant,124806.37,2.7
AC00005732,CU00002208,BR005,Fixed Deposit,2019-01-27,Active,370240.46,7.1
AC00005733,CU00002424,BR024,Salary,2019-02-11,Active,34069.3,2.5
AC00005734,CU00004886,BR011,Fixed Deposit,2023-02-19,Active,651538.41,7.1
AC00005735,CU00004561,BR017,Fixed Deposit,2019-06-29,Active,283498.32,7.1
AC00005736,CU00004527,BR002,Fixed Deposit,2018-07-17,Active,253736.12,7.1
AC00005737,CU00000394,BR007,Salary,2023-12-03,Active,33861.41,2.5
AC00005738,CU00004310,BR006,Salary,2025-01-14,Active,76784.17,2.5
AC00005739,CU00000350,BR006,Fixed Deposit,2025-09-17,Active,63603.39,7.1
AC00005740,CU00001114,BR010,Savings,2018-12-27,Dormant,19466.3,2.7
AC00005741,CU00002189,BR020,Salary,2021-06-09,Active,122532.55,2.5
AC00005742,CU00003999,BR003,Salary,2019-12-08,Active,181354.39,2.5
AC00005743,CU00004474,BR013,Savings,2020-02-16,Active,46569.77,2.7
AC00005744,CU00002808,BR012,Current,2022-10-30,Active,28132.8,0.0
AC00005745,CU00003691,BR021,Fixed Deposit,2025-09-22,Active,305762.7,7.1
AC00005746,CU00000016,BR020,Savings,2020-12-21,Active,13440.25,2.7
AC00005747,CU00000075,BR015,Savings,2019-06-06,Active,329847.48,2.7
AC00005748,CU00002989,BR022,Savings,2022-09-01,Active,50647.97,2.7
AC00005749,CU00001599,BR024,Savings,2020-02-03,Active,23132.69,2.7
AC00005750,CU00004604,BR002,Fixed Deposit,2025-02-14,Active,382282.21,7.1
AC00005751,CU00000507,BR020,Savings,2026-03-23,Dormant,25381.8,2.7
AC00005752,CU00002145,BR010,Savings,2022-10-19,Active,12911.45,2.7
AC00005753,CU00001347,BR022,Savings,2023-06-04,Active,50583.02,2.7
AC00005754,CU00001625,BR023,Savings,2020-11-21,Active,2325.22,2.7
AC00005755,CU00000773,BR005,Savings,2024-04-23,Active,44422.32,2.7
AC00005756,CU00002252,BR003,Savings,2020-12-20,Active,6768.02,2.7
AC00005757,CU00000165,BR016,Savings,2019-04-06,Active,51852.74,2.7
AC00005758,CU00000895,BR019,Savings,2019-12-03,Active,183389.51,2.7
AC00005759,CU00004535,BR005,Savings,2019-06-18,Active,42172.79,2.7
AC00005760,CU00001184,BR003,Salary,2024-11-02,Active,99558.6,2.5
AC00005761,CU00004640,BR024,Savings,2025-03-13,Active,128144.32,2.7
AC00005762,CU00003067,BR013,Fixed Deposit,2024-05-06,Dormant,39424.76,7.1
AC00005763,CU00000677,BR022,Savings,2024-08-17,Active,221688.34,2.7
AC00005764,CU00003817,BR020,Savings,2024-10-24,Active,41438.12,2.7
AC00005765,CU00003275,BR003,Savings,2023-09-24,Active,18929.82,2.7
AC00005766,CU00001312,BR024,Savings,2018-10-29,Active,5690.48,2.7
AC00005767,CU00003743,BR006,Savings,2025-06-08,Active,49814.13,2.7
AC00005768,CU00002656,BR017,Savings,2024-03-04,Active,13056.09,2.7
AC00005769,CU00003278,BR002,Savings,2025-10-25,Active,16808.78,2.7
AC00005770,CU00001779,BR016,Salary,2020-05-05,Active,11974.73,2.5
AC00005771,CU00004924,BR021,Salary,2019-10-23,Active,15512.65,2.5
AC00005772,CU00004378,BR005,Savings,2021-02-22,Active,15657.68,2.7
AC00005773,CU00001945,BR005,Savings,2022-02-06,Active,14006.66,2.7
AC00005774,CU00003394,BR006,Savings,2026-07-12,Active,188640.81,2.7
AC00005775,CU00002632,BR024,Current,2020-01-17,Active,5424.9,0.0
AC00005776,CU00000722,BR023,Salary,2021-06-24,Active,2569.44,2.5
AC00005777,CU00003348,BR008,Current,2022-08-25,Active,7285.35,0.0
AC00005778,CU00002156,BR003,Savings,2025-11-04,Active,18008.66,2.7
AC00005779,CU00004551,BR017,Current,2019-07-05,Active,145876.48,0.0
AC00005780,CU00000584,BR011,Current,2020-12-13,Active,28767.44,0.0
AC00005781,CU00001193,BR017,Savings,2026-03-30,Active,17320.46,2.7
AC00005782,CU00004790,BR018,Savings,2022-05-23,Active,43133.68,2.7
AC00005783,CU00004512,BR014,Current,2019-05-07,Active,390178.52,0.0
AC00005784,CU00001266,BR011,Salary,2021-09-28,Active,45048.73,2.5
AC00005785,CU00003663,BR010,Current,2020-09-05,Active,142247.49,0.0
AC00005786,CU00001832,BR021,Salary,2022-05-16,Active,34521.58,2.5
AC00005787,CU00003794,BR006,Current,2025-07-22,Active,11631.03,0.0
AC00005788,CU00003505,BR023,Savings,2025-02-03,Active,11877.92,2.7
AC00005789,CU00000953,BR015,Salary,2021-09-05,Active,49205.03,2.5
AC00005790,CU00003473,BR007,Savings,2020-09-14,Active,23146.94,2.7
AC00005791,CU00003923,BR019,Savings,2026-03-25,Active,33377.87,2.7
AC00005792,CU00004252,BR018,Savings,2022-08-01,Active,207004.79,2.7
AC00005793,CU00001548,BR012,Salary,2021-06-18,Active,24335.61,2.5
AC00005794,CU00002911,BR016,Fixed Deposit,2021-05-15,Active,293820.53,7.1
AC00005795,CU00001865,BR014,Salary,2025-04-18,Active,65778.82,2.5
AC00005796,CU00004819,BR008,Savings,2026-05-01,Active,81453.02,2.7
AC00005797,CU00001346,BR023,Savings,2026-06-29,Active,19330.48,2.7
AC00005798,CU00001384,BR008,Salary,2021-10-05,Active,4016.26,2.5
AC00005799,CU00004961,BR016,Savings,2019-12-07,Active,3097.46,2.7
AC00005800,CU00002630,BR011,Salary,2024-11-28,Active,2211.91,2.5
AC00005801,CU00002949,BR002,Fixed Deposit,2018-07-09,Active,262150.71,7.1
AC00005802,CU00001841,BR001,Current,2022-07-20,Active,39903.44,0.0
AC00005803,CU00004681,BR008,Current,2021-07-18,Active,118375.45,0.0
AC00005804,CU00001283,BR011,Savings,2023-03-05,Active,9842.51,2.7
AC00005805,CU00001864,BR016,Salary,2021-10-12,Active,18199.55,2.5
AC00005806,CU00000780,BR004,Fixed Deposit,2025-04-08,Active,84680.11,7.1
AC00005807,CU00001660,BR018,Fixed Deposit,2018-07-17,Active,73223.27,7.1
AC00005808,CU00002458,BR019,Salary,2018-10-31,Active,26283.02,2.5
AC00005809,CU00001134,BR009,Current,2023-06-29,Active,23932.83,0.0
AC00005810,CU00001254,BR017,Savings,2020-10-02,Active,3978.64,2.7
AC00005811,CU00004484,BR014,Savings,2026-08-03,Active,18325.85,2.7
AC00005812,CU00000896,BR013,Savings,2026-03-31,Active,4667.37,2.7
AC00005813,CU00003907,BR016,Salary,2023-12-23,Active,100527.95,2.5
AC00005814,CU00001810,BR022,Savings,2022-04-29,Active,15335.7,2.7
AC00005815,CU00000080,BR023,Savings,2024-05-21,Active,15789.39,2.7
AC00005816,CU00004309,BR011,Savings,2025-01-31,Active,17258.06,2.7
AC00005817,CU00001681,BR004,Savings,2023-07-17,Active,15254.18,2.7
AC00005818,CU00003196,BR006,Salary,2026-01-06,Active,34872.59,2.5
AC00005819,CU00002833,BR014,Fixed Deposit,2020-07-01,Active,114176.06,7.1
AC00005820,CU00000441,BR016,Savings,2020-06-15,Dormant,17882.28,2.7
AC00005821,CU00001677,BR009,Savings,2022-05-16,Active,28920.55,2.7
AC00005822,CU00003029,BR016,Salary,2024-01-19,Active,379180.23,2.5
AC00005823,CU00000606,BR021,Savings,2025-01-18,Active,7349.92,2.7
AC00005824,CU00003902,BR014,Savings,2019-02-07,Active,5999.27,2.7
AC00005825,CU00001921,BR016,Fixed Deposit,2019-07-23,Active,114561.91,7.1
AC00005826,CU00004577,BR021,Savings,2025-10-04,Active,157029.38,2.7
AC00005827,CU00003382,BR010,Savings,2020-10-08,Dormant,31780.18,2.7
AC00005828,CU00000449,BR016,Salary,2022-05-30,Active,92218.15,2.5
AC00005829,CU00002852,BR010,Current,2022-11-25,Active,25255.8,0.0
AC00005830,CU00001924,BR012,Savings,2018-09-30,Active,55308.87,2.7
AC00005831,CU00000136,BR012,Savings,2019-04-01,Active,25097.23,2.7
AC00005832,CU00003812,BR010,Salary,2020-10-28,Dormant,51553.88,2.5
AC00005833,CU00001220,BR011,Fixed Deposit,2020-03-02,Active,150089.21,7.1
AC00005834,CU00002270,BR020,Savings,2022-12-16,Active,452324.29,2.7
AC00005835,CU00000309,BR002,Savings,2025-12-25,Active,27594.91,2.7
AC00005836,CU00004474,BR002,Savings,2023-06-14,Dormant,68955.3,2.7
AC00005837,CU00002590,BR023,Current,2020-02-10,Active,10917.3,0.0
AC00005838,CU00004464,BR001,Savings,2023-05-22,Active,84343.09,2.7
AC00005839,CU00000986,BR005,Fixed Deposit,2020-10-07,Active,485034.83,7.1
AC00005840,CU00004733,BR023,Current,2023-03-20,Active,48249.22,0.0
AC00005841,CU00003560,BR011,Savings,2024-08-26,Active,39069.51,2.7
AC00005842,CU00001743,BR017,Current,2020-04-01,Active,129468.59,0.0
AC00005843,CU00003402,BR014,Current,2025-05-02,Active,12721.6,0.0
AC00005844,CU00002807,BR010,Fixed Deposit,2022-07-18,Active,264772.38,7.1
AC00005845,CU00001789,BR023,Salary,2023-04-17,Active,5292.93,2.5
AC00005846,CU00000587,BR019,Current,2020-07-06,Active,3539.23,0.0
AC00005847,CU00000760,BR004,Savings,2024-02-06,Active,42869.47,2.7
AC00005848,CU00000636,BR020,Savings,2025-07-30,Active,5086.47,2.7
AC00005849,CU00000626,BR003,Fixed Deposit,2019-02-16,Active,76924.63,7.1
AC00005850,CU00001599,BR023,Savings,2022-06-21,Active,12854.86,2.7
AC00005851,CU00004153,BR002,Savings,2022-05-18,Active,13632.02,2.7
AC00005852,CU00002606,BR023,Salary,2025-08-21,Active,52142.66,2.5
AC00005853,CU00000672,BR018,Salary,2023-03-06,Active,50004.54,2.5
AC00005854,CU00000286,BR003,Current,2025-10-29,Active,45716.07,0.0
AC00005855,CU00000751,BR014,Savings,2024-04-18,Closed,6383.71,2.7
AC00005856,CU00002276,BR022,Salary,2023-05-02,Active,104959.76,2.5
AC00005857,CU00000192,BR014,Salary,2020-11-11,Active,5199.69,2.5
AC00005858,CU00004590,BR017,Fixed Deposit,2019-12-25,Active,79437.31,7.1
AC00005859,CU00003306,BR014,Savings,2025-08-12,Active,12843.91,2.7
AC00005860,CU00001421,BR014,Salary,2024-02-08,Active,72348.46,2.5
AC00005861,CU00004008,BR016,Current,2025-10-14,Active,21695.33,0.0
AC00005862,CU00002749,BR004,Current,2025-10-04,Active,52537.38,0.0
AC00005863,CU00002080,BR015,Savings,2023-12-21,Active,6880.93,2.7
AC00005864,CU00001639,BR020,Salary,2023-11-03,Active,89967.82,2.5
AC00005865,CU00000089,BR002,Savings,2022-08-18,Active,5210.54,2.7
AC00005866,CU00002234,BR007,Savings,2024-09-15,Active,26171.72,2.7
AC00005867,CU00003833,BR002,Salary,2020-12-01,Active,12997.04,2.5
AC00005868,CU00000234,BR010,Savings,2022-06-17,Active,42440.41,2.7
AC00005869,CU00004823,BR005,Savings,2026-04-06,Active,172073.07,2.7
AC00005870,CU00000120,BR014,Salary,2020-06-20,Active,33268.19,2.5
AC00005871,CU00000856,BR007,Current,2024-10-03,Active,28759.9,0.0
AC00005872,CU00001477,BR024,Savings,2022-05-01,Dormant,24924.42,2.7
AC00005873,CU00003811,BR010,Savings,2018-06-22,Active,60067.77,2.7
AC00005874,CU00000413,BR018,Salary,2026-03-21,Active,31058.45,2.5
AC00005875,CU00000589,BR017,Savings,2019-11-04,Active,9969.25,2.7
AC00005876,CU00001731,BR010,Current,2025-04-11,Dormant,29527.05,0.0
AC00005877,CU00001390,BR005,Savings,2019-01-04,Active,5947.31,2.7
AC00005878,CU00000323,BR014,Savings,2025-09-12,Active,40043.19,2.7
AC00005879,CU00001923,BR010,Fixed Deposit,2020-08-03,Active,66819.08,7.1
AC00005880,CU00001722,BR017,Current,2021-06-13,Active,117100.48,0.0
AC00005881,CU00001793,BR023,Current,2024-07-31,Active,355264.0,0.0
AC00005882,CU00001347,BR005,Current,2023-12-06,Active,36507.51,0.0
AC00005883,CU00003948,BR005,Savings,2026-06-23,Dormant,16802.4,2.7
AC00005884,CU00000539,BR013,Salary,2026-01-14,Active,51174.21,2.5
AC00005885,CU00001627,BR009,Salary,2019-09-17,Closed,46065.48,2.5
AC00005886,CU00002573,BR022,Salary,2023-09-21,Active,11503.46,2.5
AC00005887,CU00004940,BR017,Current,2020-01-11,Active,98331.59,0.0
AC00005888,CU00004405,BR002,Savings,2018-09-08,Active,145969.88,2.7
AC00005889,CU00003935,BR016,Salary,2024-07-06,Active,28038.91,2.5
AC00005890,CU00003013,BR003,Savings,2020-04-22,Active,17232.61,2.7
AC00005891,CU00004867,BR003,Salary,2020-08-29,Dormant,30181.86,2.5
AC00005892,CU00002039,BR011,Salary,2026-06-22,Active,108192.47,2.5
AC00005893,CU00000895,BR014,Salary,2020-01-10,Active,16078.43,2.5
AC00005894,CU00003813,BR019,Fixed Deposit,2020-11-14,Active,615442.14,7.1
AC00005895,CU00004856,BR023,Fixed Deposit,2025-01-14,Active,480242.43,7.1
AC00005896,CU00000942,BR023,Savings,2021-12-26,Active,8542.1,2.7
AC00005897,CU00000964,BR005,Savings,2020-06-16,Active,53000.92,2.7
AC00005898,CU00003483,BR001,Salary,2025-09-20,Active,7992.54,2.5
AC00005899,CU00003906,BR003,Fixed Deposit,2021-04-05,Active,934338.77,7.1
AC00005900,CU00003225,BR017,Salary,2024-06-22,Active,6071.44,2.5
AC00005901,CU00004987,BR013,Current,2020-09-15,Active,112672.49,0.0
AC00005902,CU00000301,BR001,Current,2019-08-30,Active,9273.28,0.0
AC00005903,CU00003317,BR020,Salary,2021-04-14,Active,245279.75,2.5
AC00005904,CU00000423,BR013,Salary,2022-11-09,Active,2853.33,2.5
AC00005905,CU00000966,BR013,Savings,2018-12-01,Active,9448.71,2.7
AC00005906,CU00003193,BR009,Savings,2024-09-29,Active,9318.54,2.7
AC00005907,CU00002582,BR006,Salary,2024-08-06,Dormant,20944.38,2.5
AC00005908,CU00001759,BR001,Current,2023-09-20,Active,30959.27,0.0
AC00005909,CU00003272,BR001,Current,2025-05-05,Active,68972.57,0.0
AC00005910,CU00003118,BR021,Current,2021-10-31,Active,33701.81,0.0
AC00005911,CU00001307,BR023,Savings,2022-08-14,Active,74812.25,2.7
AC00005912,CU00004735,BR020,Savings,2022-04-18,Active,9009.73,2.7
AC00005913,CU00003248,BR003,Current,2019-11-27,Active,28961.66,0.0
AC00005914,CU00002121,BR002,Savings,2018-08-08,Active,27622.48,2.7
AC00005915,CU00004629,BR018,Savings,2022-08-30,Active,49310.51,2.7
AC00005916,CU00001346,BR020,Savings,2026-03-28,Active,38480.66,2.7
AC00005917,CU00000894,BR024,Savings,2023-07-04,Active,79725.54,2.7
AC00005918,CU00004153,BR018,Current,2020-07-22,Active,98689.17,0.0
AC00005919,CU00001645,BR005,Salary,2021-07-03,Active,7657.89,2.5
AC00005920,CU00004977,BR010,Savings,2020-04-05,Dormant,20328.84,2.7
AC00005921,CU00002299,BR018,Salary,2019-12-18,Active,17620.68,2.5
AC00005922,CU00003669,BR003,Salary,2021-08-17,Closed,147408.43,2.5
AC00005923,CU00000453,BR022,Salary,2020-07-15,Active,157774.89,2.5
AC00005924,CU00001853,BR003,Fixed Deposit,2019-05-07,Active,1238719.37,7.1
AC00005925,CU00003164,BR023,Savings,2021-04-21,Active,136544.61,2.7
AC00005926,CU00003186,BR007,Savings,2024-09-04,Active,36477.9,2.7
AC00005927,CU00002974,BR008,Fixed Deposit,2021-08-13,Active,256429.83,7.1
AC00005928,CU00004375,BR012,Fixed Deposit,2023-08-11,Active,214474.13,7.1
AC00005929,CU00004994,BR009,Salary,2023-07-03,Active,28161.72,2.5
AC00005930,CU00001555,BR024,Salary,2021-08-29,Active,8549.34,2.5
AC00005931,CU00001658,BR008,Savings,2021-03-31,Active,4671.85,2.7
AC00005932,CU00003945,BR007,Savings,2024-03-27,Active,29848.02,2.7
AC00005933,CU00000991,BR002,Fixed Deposit,2022-11-24,Active,219561.1,7.1
AC00005934,CU00001867,BR013,Savings,2023-01-09,Active,23493.1,2.7
AC00005935,CU00001173,BR008,Savings,2023-07-12,Active,39909.52,2.7
AC00005936,CU00002549,BR012,Current,2019-06-11,Active,71062.47,0.0
AC00005937,CU00001056,BR012,Salary,2023-07-05,Active,41065.23,2.5
AC00005938,CU00001073,BR009,Savings,2023-09-20,Active,46008.27,2.7
AC00005939,CU00004916,BR003,Current,2024-01-09,Active,11307.02,0.0
AC00005940,CU00004489,BR015,Savings,2026-06-25,Active,94420.15,2.7
AC00005941,CU00000627,BR024,Savings,2023-04-25,Dormant,24950.87,2.7
AC00005942,CU00001391,BR011,Savings,2025-01-06,Active,10992.18,2.7
AC00005943,CU00002205,BR021,Savings,2025-02-21,Active,56620.63,2.7
AC00005944,CU00004725,BR008,Fixed Deposit,2025-04-03,Active,264732.88,7.1
AC00005945,CU00004153,BR005,Savings,2020-08-28,Active,3443.99,2.7
AC00005946,CU00001983,BR007,Fixed Deposit,2023-04-01,Active,253364.88,7.1
AC00005947,CU00002356,BR015,Savings,2020-09-25,Active,37853.75,2.7
AC00005948,CU00004402,BR022,Savings,2019-02-16,Active,227168.37,2.7
AC00005949,CU00002986,BR021,Fixed Deposit,2022-05-20,Active,74167.55,7.1
AC00005950,CU00001064,BR011,Fixed Deposit,2025-05-11,Active,163443.7,7.1
AC00005951,CU00001985,BR023,Savings,2024-02-07,Active,19177.81,2.7
AC00005952,CU00002772,BR021,Current,2020-12-11,Active,42263.07,0.0
AC00005953,CU00002724,BR016,Savings,2020-12-28,Active,22520.86,2.7
AC00005954,CU00003516,BR007,Salary,2025-12-30,Active,40186.96,2.5
AC00005955,CU00002612,BR003,Salary,2023-02-16,Active,14554.76,2.5
AC00005956,CU00003835,BR013,Fixed Deposit,2019-11-20,Active,167153.16,7.1
AC00005957,CU00003737,BR002,Current,2026-06-20,Active,11053.42,0.0
AC00005958,CU00000961,BR004,Savings,2024-03-02,Active,62725.71,2.7
AC00005959,CU00003292,BR016,Salary,2018-07-29,Active,4407.51,2.5
AC00005960,CU00000727,BR002,Salary,2024-08-18,Active,81757.68,2.5
AC00005961,CU00004592,BR006,Savings,2022-07-14,Active,166800.19,2.7
AC00005962,CU00001382,BR006,Fixed Deposit,2021-12-01,Active,115926.92,7.1
AC00005963,CU00000729,BR013,Current,2019-08-07,Active,21483.94,0.0
AC00005964,CU00003613,BR005,Savings,2020-06-06,Active,20212.51,2.7
AC00005965,CU00001363,BR006,Savings,2020-11-26,Active,53112.36,2.7
AC00005966,CU00000998,BR006,Current,2022-07-14,Active,22057.13,0.0
AC00005967,CU00003703,BR016,Salary,2020-05-08,Active,31509.97,2.5
AC00005968,CU00000551,BR001,Salary,2026-06-16,Active,50621.6,2.5
AC00005969,CU00004025,BR014,Current,2021-05-12,Active,17760.95,0.0
AC00005970,CU00003590,BR024,Salary,2025-06-19,Active,38354.44,2.5
AC00005971,CU00000182,BR024,Savings,2021-11-24,Active,80310.84,2.7
AC00005972,CU00000114,BR016,Current,2020-12-08,Active,48817.89,0.0
AC00005973,CU00002605,BR023,Salary,2026-01-08,Active,3475.41,2.5
AC00005974,CU00003795,BR014,Savings,2019-01-12,Dormant,11313.67,2.7
AC00005975,CU00000738,BR019,Current,2022-09-08,Active,12252.58,0.0
AC00005976,CU00000553,BR006,Current,2019-05-15,Active,50552.47,0.0
AC00005977,CU00003494,BR013,Savings,2025-03-17,Active,52371.54,2.7
AC00005978,CU00003414,BR005,Fixed Deposit,2019-09-25,Active,351643.14,7.1
AC00005979,CU00001737,BR017,Savings,2023-02-05,Active,120770.66,2.7
AC00005980,CU00003413,BR015,Savings,2026-04-05,Active,52803.98,2.7
AC00005981,CU00002750,BR006,Fixed Deposit,2018-07-08,Active,210378.18,7.1
AC00005982,CU00001709,BR003,Salary,2023-10-03,Active,8325.02,2.5
AC00005983,CU00000424,BR012,Salary,2022-01-16,Active,68861.34,2.5
AC00005984,CU00003218,BR003,Savings,2025-06-25,Active,58972.3,2.7
AC00005985,CU00003433,BR020,Current,2021-10-21,Active,46387.09,0.0
AC00005986,CU00003466,BR003,Current,2021-11-04,Active,52653.46,0.0
AC00005987,CU00004505,BR003,Savings,2026-08-11,Active,44949.08,2.7
AC00005988,CU00004883,BR019,Salary,2024-10-20,Active,38232.6,2.5
AC00005989,CU00003918,BR008,Current,2019-01-17,Active,12808.37,0.0
AC00005990,CU00002245,BR008,Salary,2020-06-16,Active,20227.63,2.5
AC00005991,CU00000367,BR024,Fixed Deposit,2018-07-03,Active,170687.06,7.1
AC00005992,CU00004688,BR003,Savings,2020-03-01,Active,15087.07,2.7
AC00005993,CU00002429,BR009,Fixed Deposit,2025-04-03,Active,76813.81,7.1
AC00005994,CU00003300,BR013,Savings,2026-04-29,Active,60069.94,2.7
AC00005995,CU00004655,BR017,Savings,2022-05-20,Active,38518.37,2.7
AC00005996,CU00000638,BR009,Savings,2019-10-19,Active,11288.6,2.7
AC00005997,CU00003468,BR010,Savings,2023-03-10,Active,12322.76,2.7
AC00005998,CU00001846,BR005,Salary,2026-06-06,Active,88002.81,2.5
AC00005999,CU00000716,BR003,Savings,2023-08-10,Active,59105.41,2.7
AC00006000,CU00003304,BR001,Salary,2020-05-13,Active,44072.49,2.5
AC00006001,CU00000106,BR013,Salary,2023-12-10,Active,16930.94,2.5
AC00006002,CU00000095,BR019,Savings,2019-07-20,Closed,10786.01,2.7
AC00006003,CU00002384,BR009,Salary,2020-08-11,Active,154496.1,2.5
AC00006004,CU00004360,BR008,Savings,2023-03-20,Active,20529.11,2.7
AC00006005,CU00003936,BR022,Savings,2020-06-29,Dormant,5394.22,2.7
AC00006006,CU00000993,BR024,Savings,2023-01-27,Active,19235.42,2.7
AC00006007,CU00001364,BR004,Fixed Deposit,2025-07-21,Active,413961.0,7.1
AC00006008,CU00000959,BR022,Salary,2020-10-03,Active,142145.39,2.5
AC00006009,CU00003106,BR004,Savings,2023-06-29,Active,25827.58,2.7
AC00006010,CU00001671,BR020,Current,2024-10-28,Active,6751.05,0.0
AC00006011,CU00000319,BR012,Salary,2019-08-11,Active,63244.71,2.5
AC00006012,CU00001189,BR006,Current,2022-09-05,Active,68529.95,0.0
AC00006013,CU00001190,BR023,Salary,2022-04-09,Active,214244.92,2.5
AC00006014,CU00002083,BR024,Salary,2020-06-08,Closed,16633.54,2.5
AC00006015,CU00004103,BR011,Savings,2022-05-04,Active,47288.58,2.7
AC00006016,CU00001095,BR003,Savings,2024-10-17,Active,8378.24,2.7
AC00006017,CU00004151,BR020,Salary,2026-04-07,Active,57142.02,2.5
AC00006018,CU00002247,BR014,Savings,2020-08-13,Active,182544.81,2.7
AC00006019,CU00003290,BR014,Savings,2021-02-07,Active,42753.1,2.7
AC00006020,CU00001734,BR022,Salary,2020-08-30,Active,27866.13,2.5
AC00006021,CU00004280,BR016,Savings,2024-07-27,Active,10063.52,2.7
AC00006022,CU00004636,BR022,Current,2018-07-05,Active,81796.73,0.0
AC00006023,CU00000915,BR019,Salary,2025-09-08,Active,47971.1,2.5
AC00006024,CU00003768,BR021,Current,2019-09-26,Active,14104.79,0.0
AC00006025,CU00000247,BR003,Salary,2020-05-25,Active,14547.94,2.5
AC00006026,CU00001756,BR005,Fixed Deposit,2024-07-25,Active,134516.45,7.1
AC00006027,CU00004503,BR001,Fixed Deposit,2020-10-14,Active,334247.05,7.1
AC00006028,CU00003967,BR018,Savings,2026-02-20,Active,34293.71,2.7
AC00006029,CU00001404,BR010,Savings,2025-03-05,Active,52001.74,2.7
AC00006030,CU00001228,BR007,Savings,2026-03-09,Active,47995.13,2.7
AC00006031,CU00000638,BR017,Savings,2022-10-04,Active,52517.63,2.7
AC00006032,CU00001125,BR007,Savings,2025-03-11,Active,42856.32,2.7
AC00006033,CU00001262,BR015,Fixed Deposit,2020-05-01,Active,147247.02,7.1
AC00006034,CU00002157,BR006,Savings,2021-10-05,Active,5151.46,2.7
AC00006035,CU00001946,BR023,Savings,2024-02-19,Active,30444.81,2.7
AC00006036,CU00000715,BR002,Current,2020-06-02,Active,29793.98,0.0
AC00006037,CU00004562,BR023,Salary,2020-11-29,Active,11398.46,2.5
AC00006038,CU00001433,BR020,Savings,2022-01-02,Active,19130.99,2.7
AC00006039,CU00004928,BR007,Salary,2018-06-23,Active,13487.45,2.5
AC00006040,CU00001206,BR004,Salary,2021-10-04,Active,131936.06,2.5
AC00006041,CU00003753,BR014,Savings,2021-07-16,Active,82937.01,2.7
AC00006042,CU00003215,BR019,Fixed Deposit,2022-06-02,Active,578721.62,7.1
AC00006043,CU00001663,BR021,Savings,2019-08-22,Dormant,45763.92,2.7
AC00006044,CU00001759,BR015,Current,2025-12-27,Active,19584.04,0.0
AC00006045,CU00000002,BR001,Current,2025-06-06,Active,1986.37,0.0
AC00006046,CU00003547,BR007,Salary,2022-10-22,Active,19841.54,2.5
AC00006047,CU00000990,BR018,Salary,2025-10-14,Active,98078.71,2.5
AC00006048,CU00001493,BR015,Savings,2022-04-17,Dormant,25905.63,2.7
AC00006049,CU00002211,BR012,Salary,2022-08-15,Active,58067.8,2.5
AC00006050,CU00001294,BR024,Current,2026-03-08,Active,14642.87,0.0
AC00006051,CU00002062,BR014,Savings,2023-05-08,Active,11249.94,2.7
AC00006052,CU00003948,BR014,Savings,2025-01-19,Active,59360.74,2.7
AC00006053,CU00003816,BR010,Current,2023-02-11,Active,49566.86,0.0
AC00006054,CU00004967,BR022,Savings,2024-11-26,Active,18149.02,2.7
AC00006055,CU00000139,BR008,Savings,2019-05-31,Active,7154.71,2.7
AC00006056,CU00003311,BR009,Savings,2019-08-29,Active,157804.33,2.7
AC00006057,CU00000054,BR019,Fixed Deposit,2024-03-13,Active,126657.32,7.1
AC00006058,CU00002205,BR018,Savings,2024-05-05,Active,1893.22,2.7
AC00006059,CU00004893,BR014,Salary,2026-05-26,Active,17793.92,2.5
AC00006060,CU00004198,BR016,Salary,2026-05-06,Active,98785.74,2.5
AC00006061,CU00003071,BR003,Savings,2022-11-26,Active,16560.34,2.7
AC00006062,CU00004567,BR003,Savings,2024-03-03,Active,17730.83,2.7
AC00006063,CU00002822,BR012,Salary,2026-05-13,Active,6551.58,2.5
AC00006064,CU00003518,BR015,Savings,2022-04-16,Active,16511.52,2.7
AC00006065,CU00002087,BR019,Salary,2025-03-04,Active,8373.99,2.5
AC00006066,CU00004722,BR021,Savings,2023-08-18,Active,20340.52,2.7
AC00006067,CU00002237,BR016,Fixed Deposit,2023-10-19,Active,51641.28,7.1
AC00006068,CU00004904,BR017,Salary,2023-03-15,Active,49604.32,2.5
AC00006069,CU00003109,BR004,Fixed Deposit,2024-11-11,Active,103901.08,7.1
AC00006070,CU00004369,BR010,Savings,2025-12-04,Active,21619.09,2.7
AC00006071,CU00002796,BR023,Current,2025-09-02,Active,41841.09,0.0
AC00006072,CU00003256,BR023,Fixed Deposit,2026-05-19,Active,167032.42,7.1
AC00006073,CU00003079,BR008,Savings,2023-08-22,Active,38756.2,2.7
AC00006074,CU00002065,BR002,Fixed Deposit,2024-10-29,Active,124240.15,7.1
AC00006075,CU00002519,BR019,Current,2023-03-28,Dormant,63424.22,0.0
AC00006076,CU00002423,BR003,Savings,2018-11-15,Active,62261.51,2.7
AC00006077,CU00001276,BR014,Current,2025-03-27,Active,15221.3,0.0
AC00006078,CU00002981,BR002,Current,2020-10-12,Active,13618.89,0.0
AC00006079,CU00000489,BR022,Savings,2021-01-16,Active,196133.15,2.7
AC00006080,CU00001903,BR013,Salary,2025-10-10,Dormant,36217.92,2.5
AC00006081,CU00000433,BR007,Fixed Deposit,2022-05-14,Active,311190.56,7.1
AC00006082,CU00002375,BR022,Savings,2025-04-16,Active,40925.17,2.7
AC00006083,CU00003302,BR016,Salary,2018-07-07,Active,145983.72,2.5
AC00006084,CU00001866,BR021,Savings,2024-05-23,Active,25049.47,2.7
AC00006085,CU00003808,BR003,Current,2022-01-28,Active,76452.78,0.0
AC00006086,CU00003479,BR018,Salary,2025-06-18,Active,42837.78,2.5
AC00006087,CU00001754,BR022,Salary,2020-05-17,Active,4883.15,2.5
AC00006088,CU00004503,BR012,Savings,2018-09-06,Active,20204.69,2.7
AC00006089,CU00004092,BR019,Savings,2020-07-18,Active,19566.67,2.7
AC00006090,CU00002176,BR006,Salary,2025-11-07,Closed,50310.28,2.5
AC00006091,CU00003864,BR010,Salary,2019-07-31,Active,39901.49,2.5
AC00006092,CU00004804,BR020,Salary,2020-07-13,Active,93881.31,2.5
AC00006093,CU00001159,BR014,Salary,2018-12-11,Active,45083.94,2.5
AC00006094,CU00002812,BR014,Savings,2024-10-01,Active,45269.52,2.7
AC00006095,CU00002752,BR009,Savings,2023-06-29,Active,15301.2,2.7
AC00006096,CU00002395,BR023,Savings,2021-01-12,Dormant,10298.85,2.7
AC00006097,CU00004941,BR017,Current,2022-12-18,Active,48011.3,0.0
AC00006098,CU00003573,BR018,Savings,2023-02-17,Active,8931.26,2.7
AC00006099,CU00000816,BR023,Salary,2020-09-02,Active,18138.83,2.5
AC00006100,CU00003575,BR007,Salary,2019-08-19,Active,446495.64,2.5
AC00006101,CU00001227,BR014,Salary,2022-04-16,Active,30094.11,2.5
AC00006102,CU00002066,BR023,Savings,2026-03-26,Active,4518.13,2.7
AC00006103,CU00004561,BR003,Savings,2023-09-05,Active,18227.59,2.7
AC00006104,CU00001479,BR013,Fixed Deposit,2019-08-04,Active,107748.5,7.1
AC00006105,CU00000373,BR022,Savings,2021-05-23,Active,28641.78,2.7
AC00006106,CU00002724,BR012,Salary,2026-05-23,Active,19094.85,2.5
AC00006107,CU00000279,BR003,Savings,2026-01-16,Active,5903.43,2.7
AC00006108,CU00004343,BR004,Salary,2025-07-05,Closed,73843.82,2.5
AC00006109,CU00003389,BR022,Current,2026-07-25,Active,29765.31,0.0
AC00006110,CU00003265,BR018,Salary,2023-12-30,Active,141319.56,2.5
AC00006111,CU00001274,BR014,Savings,2020-05-06,Active,75353.97,2.7
AC00006112,CU00001490,BR015,Fixed Deposit,2022-04-03,Active,388915.42,7.1
AC00006113,CU00004639,BR013,Savings,2023-04-09,Active,21207.23,2.7
AC00006114,CU00002216,BR021,Savings,2026-07-10,Dormant,28580.45,2.7
AC00006115,CU00003367,BR019,Savings,2020-01-03,Active,87432.42,2.7
AC00006116,CU00000579,BR023,Current,2020-04-29,Active,7891.78,0.0
AC00006117,CU00001177,BR006,Savings,2026-04-18,Dormant,207923.02,2.7
AC00006118,CU00004362,BR009,Savings,2024-12-24,Active,16525.19,2.7
AC00006119,CU00004631,BR010,Savings,2024-01-29,Active,10028.65,2.7
AC00006120,CU00002988,BR010,Savings,2019-12-19,Active,47671.98,2.7
AC00006121,CU00000957,BR024,Fixed Deposit,2021-06-01,Active,450771.25,7.1
AC00006122,CU00000564,BR005,Salary,2022-07-13,Dormant,17222.96,2.5
AC00006123,CU00002807,BR006,Salary,2019-07-01,Active,21434.7,2.5
AC00006124,CU00004273,BR021,Salary,2024-04-25,Dormant,243676.08,2.5
AC00006125,CU00004918,BR012,Savings,2026-01-05,Active,45359.08,2.7
AC00006126,CU00000922,BR015,Savings,2021-04-01,Active,18489.14,2.7
AC00006127,CU00003478,BR016,Current,2023-10-21,Active,56770.8,0.0
AC00006128,CU00002330,BR023,Savings,2019-12-22,Active,58866.36,2.7
AC00006129,CU00002133,BR020,Salary,2024-12-16,Active,4514.11,2.5
AC00006130,CU00003456,BR013,Salary,2023-02-06,Active,65398.44,2.5
AC00006131,CU00001546,BR008,Savings,2025-05-06,Active,46445.9,2.7
AC00006132,CU00004652,BR022,Savings,2020-03-24,Active,21108.23,2.7
AC00006133,CU00003832,BR021,Fixed Deposit,2020-03-25,Active,67957.63,7.1
AC00006134,CU00001178,BR007,Salary,2019-08-16,Dormant,20052.85,2.5
AC00006135,CU00001371,BR022,Salary,2021-11-17,Active,32603.55,2.5
AC00006136,CU00002921,BR001,Fixed Deposit,2019-05-06,Active,235192.67,7.1
AC00006137,CU00004671,BR009,Salary,2020-05-08,Dormant,101096.42,2.5
AC00006138,CU00000069,BR021,Salary,2019-07-06,Active,24356.92,2.5
AC00006139,CU00004525,BR021,Fixed Deposit,2024-12-10,Active,142035.21,7.1
AC00006140,CU00003772,BR002,Fixed Deposit,2026-05-05,Dormant,155480.55,7.1
AC00006141,CU00001615,BR005,Savings,2021-03-23,Active,6038.82,2.7
AC00006142,CU00001492,BR008,Savings,2021-02-23,Active,55335.59,2.7
AC00006143,CU00001024,BR021,Salary,2019-05-16,Active,19461.37,2.5
AC00006144,CU00003578,BR023,Salary,2026-05-26,Active,46324.01,2.5
AC00006145,CU00001943,BR014,Salary,2025-04-06,Active,13340.71,2.5
AC00006146,CU00003073,BR022,Savings,2021-05-07,Active,55030.86,2.7
AC00006147,CU00000891,BR006,Savings,2019-09-27,Active,42738.09,2.7
AC00006148,CU00002025,BR009,Savings,2023-08-25,Active,20906.01,2.7
AC00006149,CU00001290,BR019,Salary,2025-12-19,Active,3393.75,2.5
AC00006150,CU00002708,BR003,Salary,2023-02-26,Active,26857.71,2.5
AC00006151,CU00004185,BR017,Current,2023-04-08,Active,23092.01,0.0
AC00006152,CU00002278,BR001,Savings,2020-11-12,Active,60764.4,2.7
AC00006153,CU00004793,BR017,Current,2025-11-04,Active,31320.79,0.0
AC00006154,CU00003548,BR015,Savings,2026-01-20,Active,177551.2,2.7
AC00006155,CU00004782,BR008,Savings,2025-06-15,Active,57921.01,2.7
AC00006156,CU00002661,BR021,Savings,2025-10-05,Active,33109.45,2.7
AC00006157,CU00002755,BR016,Savings,2021-01-19,Active,18313.01,2.7
AC00006158,CU00000457,BR014,Fixed Deposit,2019-03-05,Active,104842.61,7.1
AC00006159,CU00000719,BR021,Fixed Deposit,2023-04-08,Active,161195.3,7.1
AC00006160,CU00004629,BR004,Fixed Deposit,2019-09-08,Active,23867.59,7.1
AC00006161,CU00002473,BR016,Fixed Deposit,2023-06-19,Dormant,182764.05,7.1
AC00006162,CU00003660,BR010,Savings,2019-03-26,Active,91020.0,2.7
AC00006163,CU00001005,BR015,Savings,2020-09-13,Active,74757.4,2.7
AC00006164,CU00000482,BR015,Fixed Deposit,2021-02-27,Closed,651504.17,7.1
AC00006165,CU00001896,BR015,Savings,2025-07-21,Active,37619.85,2.7
AC00006166,CU00004736,BR003,Salary,2025-09-07,Active,4445.99,2.5
AC00006167,CU00003849,BR004,Salary,2022-08-10,Active,27503.63,2.5
AC00006168,CU00004584,BR023,Salary,2019-03-26,Active,69874.21,2.5
AC00006169,CU00004021,BR003,Savings,2023-01-11,Active,119386.61,2.7
AC00006170,CU00001122,BR010,Salary,2021-07-24,Active,154143.17,2.5
AC00006171,CU00001558,BR018,Savings,2024-10-27,Active,19779.13,2.7
AC00006172,CU00003745,BR016,Savings,2021-06-13,Active,81271.79,2.7
AC00006173,CU00003559,BR006,Salary,2023-06-21,Active,9305.24,2.5
AC00006174,CU00001912,BR001,Savings,2019-01-23,Active,33432.75,2.7
AC00006175,CU00002897,BR024,Savings,2024-11-22,Active,103508.6,2.7
AC00006176,CU00002050,BR007,Savings,2023-08-18,Active,8470.34,2.7
AC00006177,CU00001858,BR017,Salary,2019-12-07,Active,10712.06,2.5
AC00006178,CU00000884,BR017,Savings,2022-03-25,Active,18702.04,2.7
AC00006179,CU00002895,BR008,Fixed Deposit,2023-03-24,Active,470680.98,7.1
AC00006180,CU00000888,BR010,Current,2025-03-07,Dormant,3929.91,0.0
AC00006181,CU00004766,BR002,Savings,2020-10-06,Active,40218.3,2.7
AC00006182,CU00002426,BR006,Fixed Deposit,2024-09-24,Dormant,837178.38,7.1
AC00006183,CU00000407,BR008,Savings,2022-01-26,Closed,142194.59,2.7
AC00006184,CU00003019,BR019,Fixed Deposit,2018-11-17,Active,113123.77,7.1
AC00006185,CU00003049,BR015,Salary,2024-07-15,Active,8496.71,2.5
AC00006186,CU00004823,BR010,Savings,2022-09-04,Active,11983.49,2.7
AC00006187,CU00003698,BR016,Savings,2026-02-14,Active,55140.01,2.7
AC00006188,CU00003435,BR004,Savings,2026-04-24,Active,65016.9,2.7
AC00006189,CU00004374,BR011,Savings,2026-02-01,Active,11492.96,2.7
AC00006190,CU00000438,BR010,Current,2022-09-22,Active,26602.86,0.0
AC00006191,CU00003450,BR010,Current,2019-05-02,Active,25894.28,0.0
AC00006192,CU00004830,BR007,Savings,2019-10-19,Active,19386.85,2.7
AC00006193,CU00004266,BR016,Savings,2024-06-30,Active,56575.18,2.7
AC00006194,CU00003172,BR003,Savings,2021-08-21,Active,64789.8,2.7
AC00006195,CU00003570,BR022,Savings,2024-07-16,Active,5501.33,2.7
AC00006196,CU00001453,BR018,Current,2019-10-13,Active,4562.42,0.0
AC00006197,CU00004120,BR018,Salary,2022-11-28,Active,3052.13,2.5
AC00006198,CU00002314,BR006,Salary,2026-02-02,Active,10639.43,2.5
AC00006199,CU00001940,BR014,Salary,2023-08-11,Active,40539.8,2.5
AC00006200,CU00004015,BR022,Savings,2022-06-21,Active,22949.08,2.7
AC00006201,CU00004254,BR020,Fixed Deposit,2026-05-29,Active,122131.15,7.1
AC00006202,CU00001775,BR019,Salary,2019-07-20,Active,15972.55,2.5
AC00006203,CU00004697,BR020,Salary,2024-05-08,Active,52983.76,2.5
AC00006204,CU00000265,BR004,Salary,2021-11-06,Active,23293.27,2.5
AC00006205,CU00000365,BR020,Current,2019-12-23,Active,39609.52,0.0
AC00006206,CU00004883,BR012,Current,2021-07-27,Active,48982.96,0.0
AC00006207,CU00003768,BR014,Fixed Deposit,2021-06-30,Active,491578.16,7.1
AC00006208,CU00003861,BR004,Savings,2025-07-20,Active,37959.01,2.7
AC00006209,CU00004244,BR024,Fixed Deposit,2024-04-05,Active,445762.78,7.1
AC00006210,CU00003587,BR023,Savings,2025-02-10,Active,44901.19,2.7
AC00006211,CU00001281,BR015,Current,2020-11-05,Active,40774.39,0.0
AC00006212,CU00001286,BR005,Savings,2021-04-03,Active,200383.4,2.7
AC00006213,CU00001712,BR015,Savings,2019-09-10,Active,21331.89,2.7
AC00006214,CU00000603,BR003,Salary,2021-11-20,Active,50504.93,2.5
AC00006215,CU00001498,BR013,Savings,2019-10-26,Active,18670.93,2.7
AC00006216,CU00001703,BR002,Fixed Deposit,2022-12-14,Active,565047.89,7.1
AC00006217,CU00002586,BR007,Fixed Deposit,2019-08-21,Closed,1769410.06,7.1
AC00006218,CU00002141,BR023,Fixed Deposit,2022-12-05,Active,241217.52,7.1
AC00006219,CU00000338,BR014,Savings,2022-08-01,Active,39656.41,2.7
AC00006220,CU00004990,BR023,Salary,2023-08-28,Active,11030.41,2.5
AC00006221,CU00000720,BR009,Current,2022-02-26,Active,15416.02,0.0
AC00006222,CU00000104,BR009,Salary,2019-11-07,Dormant,93035.17,2.5
AC00006223,CU00002879,BR018,Savings,2022-03-17,Active,3988.07,2.7
AC00006224,CU00002997,BR010,Fixed Deposit,2025-10-19,Active,96243.09,7.1
AC00006225,CU00001497,BR015,Fixed Deposit,2021-05-06,Active,73851.47,7.1
AC00006226,CU00002916,BR011,Salary,2021-09-30,Active,5294.27,2.5
AC00006227,CU00004633,BR005,Savings,2024-11-09,Active,141684.76,2.7
AC00006228,CU00000872,BR007,Fixed Deposit,2022-03-19,Active,329548.82,7.1
AC00006229,CU00002237,BR023,Savings,2020-11-03,Active,24249.5,2.7
AC00006230,CU00002151,BR006,Current,2026-01-09,Active,58182.16,0.0
AC00006231,CU00002586,BR011,Savings,2022-02-09,Active,50636.55,2.7
AC00006232,CU00000946,BR021,Salary,2025-11-17,Active,62174.92,2.5
AC00006233,CU00003288,BR014,Fixed Deposit,2018-08-21,Active,326263.92,7.1
AC00006234,CU00002095,BR005,Savings,2024-11-21,Active,48273.47,2.7
AC00006235,CU00004248,BR023,Fixed Deposit,2022-06-25,Active,68402.71,7.1
AC00006236,CU00001557,BR003,Salary,2021-10-29,Active,136032.01,2.5
AC00006237,CU00004715,BR006,Salary,2023-05-29,Active,15062.15,2.5
AC00006238,CU00004670,BR004,Current,2020-07-16,Active,62106.94,0.0
AC00006239,CU00001299,BR002,Fixed Deposit,2024-08-29,Active,160002.07,7.1
AC00006240,CU00000595,BR022,Current,2019-03-20,Active,13568.38,0.0
AC00006241,CU00000802,BR007,Salary,2024-02-24,Active,27937.91,2.5
AC00006242,CU00000322,BR007,Savings,2024-02-26,Active,58308.53,2.7
AC00006243,CU00004001,BR010,Current,2024-08-14,Active,7862.5,0.0
AC00006244,CU00004609,BR001,Current,2021-08-09,Active,16817.32,0.0
AC00006245,CU00000823,BR013,Savings,2023-08-29,Active,30229.14,2.7
AC00006246,CU00002245,BR011,Savings,2020-08-10,Active,5804.69,2.7
AC00006247,CU00003923,BR013,Savings,2021-10-02,Active,10004.19,2.7
AC00006248,CU00003125,BR013,Fixed Deposit,2019-05-18,Active,148433.85,7.1
AC00006249,CU00003693,BR016,Savings,2024-04-28,Active,7336.14,2.7
AC00006250,CU00002135,BR002,Salary,2026-01-14,Active,15939.93,2.5
AC00006251,CU00004960,BR022,Savings,2020-05-13,Active,15142.9,2.7
AC00006252,CU00001685,BR003,Salary,2021-07-16,Active,23925.03,2.5
AC00006253,CU00002658,BR012,Savings,2019-12-23,Active,18587.73,2.7
AC00006254,CU00000946,BR011,Fixed Deposit,2022-05-14,Active,209986.49,7.1
AC00006255,CU00001144,BR001,Savings,2025-10-03,Active,10111.76,2.7
AC00006256,CU00003697,BR002,Savings,2020-03-11,Active,8193.76,2.7
AC00006257,CU00002770,BR008,Savings,2025-07-21,Active,27497.61,2.7
AC00006258,CU00003138,BR009,Current,2023-03-29,Active,6837.25,0.0
AC00006259,CU00003482,BR010,Fixed Deposit,2019-06-14,Active,159569.99,7.1
AC00006260,CU00003434,BR018,Current,2022-03-08,Active,351778.76,0.0
AC00006261,CU00002965,BR007,Fixed Deposit,2018-12-17,Active,125621.73,7.1
AC00006262,CU00004123,BR012,Salary,2020-11-28,Active,12434.97,2.5
AC00006263,CU00000216,BR021,Savings,2019-02-25,Active,201327.23,2.7
AC00006264,CU00004015,BR022,Salary,2018-12-04,Active,30372.62,2.5
AC00006265,CU00003224,BR015,Salary,2020-08-21,Active,35402.98,2.5
AC00006266,CU00003741,BR014,Salary,2024-01-06,Dormant,9557.17,2.5
AC00006267,CU00003634,BR021,Savings,2018-07-11,Active,222340.88,2.7
AC00006268,CU00001463,BR014,Savings,2022-09-23,Active,17089.29,2.7
AC00006269,CU00002386,BR024,Savings,2018-12-22,Active,23402.76,2.7
AC00006270,CU00001041,BR017,Savings,2025-09-05,Active,266086.09,2.7
AC00006271,CU00001653,BR016,Salary,2022-10-13,Active,4108.21,2.5
AC00006272,CU00001417,BR004,Fixed Deposit,2022-06-15,Active,119046.44,7.1
AC00006273,CU00001322,BR021,Savings,2018-12-13,Active,127499.69,2.7
AC00006274,CU00000674,BR019,Current,2019-07-25,Active,15249.95,0.0
AC00006275,CU00003792,BR019,Savings,2021-11-02,Active,200525.96,2.7
AC00006276,CU00000503,BR015,Savings,2019-04-06,Active,46891.47,2.7
AC00006277,CU00001012,BR003,Salary,2020-07-09,Active,61605.06,2.5
AC00006278,CU00001522,BR017,Current,2020-12-26,Active,40428.66,0.0
AC00006279,CU00001322,BR016,Savings,2025-11-05,Active,7825.96,2.7
AC00006280,CU00003612,BR003,Fixed Deposit,2019-11-24,Active,90326.64,7.1
AC00006281,CU00003881,BR015,Salary,2021-11-02,Active,4828.68,2.5
AC00006282,CU00000344,BR015,Salary,2026-08-07,Dormant,24965.15,2.5
AC00006283,CU00001565,BR019,Current,2020-09-24,Active,64619.45,0.0
AC00006284,CU00000932,BR018,Savings,2019-04-22,Active,55079.9,2.7
AC00006285,CU00003585,BR012,Fixed Deposit,2023-01-28,Active,405360.61,7.1
AC00006286,CU00001046,BR013,Savings,2021-04-21,Active,9590.17,2.7
AC00006287,CU00001508,BR020,Salary,2025-06-12,Closed,39974.65,2.5
AC00006288,CU00000388,BR001,Salary,2020-01-13,Active,13832.94,2.5
AC00006289,CU00001291,BR017,Fixed Deposit,2021-08-31,Active,225809.28,7.1
AC00006290,CU00002499,BR014,Savings,2019-05-13,Active,3700.3,2.7
AC00006291,CU00003545,BR009,Fixed Deposit,2021-03-03,Active,51358.19,7.1
AC00006292,CU00003754,BR022,Savings,2025-01-31,Active,9096.12,2.7
AC00006293,CU00001628,BR008,Fixed Deposit,2019-06-26,Active,135325.33,7.1
AC00006294,CU00003622,BR018,Current,2022-12-12,Active,83486.64,0.0
AC00006295,CU00003816,BR013,Fixed Deposit,2025-01-17,Active,304200.31,7.1
AC00006296,CU00002681,BR022,Savings,2024-05-31,Active,7437.02,2.7
AC00006297,CU00002467,BR004,Salary,2022-01-12,Active,4493.61,2.5
AC00006298,CU00003088,BR024,Fixed Deposit,2021-05-26,Active,199721.15,7.1
AC00006299,CU00000521,BR015,Fixed Deposit,2019-10-21,Active,200212.3,7.1
AC00006300,CU00001382,BR018,Fixed Deposit,2019-08-11,Active,303464.29,7.1
AC00006301,CU00001693,BR021,Salary,2023-05-18,Active,58702.58,2.5
AC00006302,CU00004188,BR021,Salary,2025-11-07,Active,17595.42,2.5
AC00006303,CU00004438,BR012,Fixed Deposit,2021-09-17,Active,298865.04,7.1
AC00006304,CU00001376,BR019,Savings,2026-02-08,Active,10861.02,2.7
AC00006305,CU00001244,BR016,Savings,2019-05-21,Active,12797.43,2.7
AC00006306,CU00001107,BR015,Fixed Deposit,2019-01-24,Active,56129.76,7.1
AC00006307,CU00004953,BR024,Current,2021-07-28,Active,382305.17,0.0
AC00006308,CU00004063,BR013,Savings,2024-10-08,Active,47200.82,2.7
AC00006309,CU00001692,BR023,Savings,2024-12-13,Active,36648.29,2.7
AC00006310,CU00001380,BR015,Fixed Deposit,2022-03-17,Active,93964.43,7.1
AC00006311,CU00004783,BR001,Current,2023-07-09,Active,22856.2,0.0
AC00006312,CU00001646,BR022,Current,2020-11-16,Active,32910.96,0.0
AC00006313,CU00000656,BR004,Savings,2021-04-22,Active,45265.38,2.7
AC00006314,CU00003286,BR008,Savings,2020-08-14,Closed,8136.05,2.7
AC00006315,CU00003790,BR012,Savings,2018-11-06,Active,46659.63,2.7
AC00006316,CU00004685,BR022,Current,2024-03-13,Active,29358.24,0.0
AC00006317,CU00001061,BR023,Savings,2025-11-16,Active,7227.01,2.7
AC00006318,CU00004448,BR020,Savings,2019-07-21,Active,135972.14,2.7
AC00006319,CU00001882,BR003,Savings,2021-08-30,Active,26609.85,2.7
AC00006320,CU00001508,BR015,Savings,2023-12-04,Active,24839.84,2.7
AC00006321,CU00000368,BR015,Savings,2026-04-07,Active,4728.14,2.7
AC00006322,CU00000858,BR006,Salary,2022-05-04,Dormant,16486.86,2.5
AC00006323,CU00004712,BR003,Savings,2024-06-12,Active,11844.75,2.7
AC00006324,CU00004579,BR001,Salary,2022-10-04,Active,258203.94,2.5
AC00006325,CU00003548,BR003,Salary,2022-10-19,Active,34251.76,2.5
AC00006326,CU00003778,BR003,Savings,2025-01-19,Active,32617.37,2.7
AC00006327,CU00004613,BR016,Savings,2023-05-26,Active,43654.53,2.7
AC00006328,CU00004789,BR014,Savings,2024-11-06,Active,384472.08,2.7
AC00006329,CU00002423,BR010,Savings,2024-10-17,Active,40786.98,2.7
AC00006330,CU00000487,BR013,Salary,2021-09-16,Active,11318.78,2.5
AC00006331,CU00002688,BR001,Salary,2019-04-22,Active,10692.17,2.5
AC00006332,CU00004375,BR013,Fixed Deposit,2024-04-21,Active,138524.29,7.1
AC00006333,CU00001719,BR018,Savings,2021-04-20,Active,11316.55,2.7
AC00006334,CU00001340,BR003,Savings,2025-11-03,Active,73572.97,2.7
AC00006335,CU00004861,BR002,Savings,2021-02-04,Active,15438.44,2.7
AC00006336,CU00003934,BR012,Current,2019-04-03,Active,42503.34,0.0
AC00006337,CU00002860,BR022,Fixed Deposit,2023-06-19,Active,158675.73,7.1
AC00006338,CU00001752,BR008,Savings,2022-01-25,Dormant,15517.1,2.7
AC00006339,CU00002749,BR005,Savings,2020-05-24,Active,10659.54,2.7
AC00006340,CU00004396,BR014,Salary,2020-08-19,Active,169985.3,2.5
AC00006341,CU00001652,BR008,Current,2019-05-06,Active,52392.26,0.0
AC00006342,CU00001731,BR005,Savings,2023-08-12,Active,52886.4,2.7
AC00006343,CU00004759,BR024,Savings,2019-05-22,Active,67447.9,2.7
AC00006344,CU00001006,BR001,Savings,2023-10-15,Active,27536.7,2.7
AC00006345,CU00003278,BR006,Salary,2025-12-22,Active,64138.37,2.5
AC00006346,CU00003076,BR012,Salary,2026-07-21,Active,62203.24,2.5
AC00006347,CU00002911,BR021,Salary,2019-04-26,Active,15955.45,2.5
AC00006348,CU00000595,BR010,Savings,2024-04-05,Active,16620.36,2.7
AC00006349,CU00003073,BR019,Fixed Deposit,2025-01-11,Active,141807.64,7.1
AC00006350,CU00002333,BR011,Fixed Deposit,2021-01-16,Active,859025.48,7.1
AC00006351,CU00003864,BR023,Fixed Deposit,2019-05-24,Active,172755.18,7.1
AC00006352,CU00001131,BR012,Savings,2019-09-14,Active,25336.46,2.7
AC00006353,CU00001946,BR004,Savings,2022-09-16,Active,63203.26,2.7
AC00006354,CU00003097,BR003,Savings,2019-05-26,Active,16144.24,2.7
AC00006355,CU00001315,BR006,Savings,2018-10-14,Active,23492.7,2.7
AC00006356,CU00004459,BR011,Salary,2022-09-28,Active,65870.79,2.5
AC00006357,CU00000288,BR007,Salary,2021-09-16,Active,56987.23,2.5
AC00006358,CU00003042,BR015,Salary,2019-06-05,Active,39622.13,2.5
AC00006359,CU00004158,BR013,Fixed Deposit,2024-10-29,Active,488673.21,7.1
AC00006360,CU00000007,BR012,Savings,2021-02-02,Active,19665.97,2.7
AC00006361,CU00001212,BR023,Current,2020-10-28,Active,30660.59,0.0
AC00006362,CU00004872,BR015,Savings,2025-08-30,Active,21105.28,2.7
AC00006363,CU00001562,BR024,Savings,2023-11-04,Active,25973.38,2.7
AC00006364,CU00000099,BR013,Current,2025-12-21,Active,22690.33,0.0
AC00006365,CU00000894,BR008,Current,2025-03-27,Active,94792.18,0.0
AC00006366,CU00004511,BR016,Fixed Deposit,2018-07-04,Active,95128.61,7.1
AC00006367,CU00002910,BR009,Savings,2024-08-12,Active,49139.75,2.7
AC00006368,CU00001092,BR017,Savings,2024-10-16,Active,25622.59,2.7
AC00006369,CU00004846,BR020,Savings,2026-02-25,Active,120402.54,2.7
AC00006370,CU00004803,BR007,Current,2024-10-30,Active,7602.55,0.0
AC00006371,CU00001206,BR021,Savings,2025-11-12,Active,17527.5,2.7
AC00006372,CU00003159,BR008,Savings,2021-12-27,Active,30891.17,2.7
AC00006373,CU00001316,BR014,Savings,2023-07-01,Active,17354.71,2.7
AC00006374,CU00004461,BR009,Fixed Deposit,2026-04-20,Active,214505.77,7.1
AC00006375,CU00004483,BR024,Savings,2020-02-26,Active,101798.48,2.7
AC00006376,CU00004106,BR009,Savings,2026-04-29,Active,5935.22,2.7
AC00006377,CU00004987,BR001,Salary,2019-06-30,Active,24944.69,2.5
AC00006378,CU00002351,BR018,Savings,2018-10-23,Closed,42529.09,2.7
AC00006379,CU00002721,BR017,Fixed Deposit,2020-01-27,Active,117044.77,7.1
AC00006380,CU00002348,BR006,Savings,2020-05-01,Active,19470.11,2.7
AC00006381,CU00003137,BR008,Current,2026-04-04,Active,7636.48,0.0
AC00006382,CU00003253,BR011,Savings,2023-09-09,Active,79608.56,2.7
AC00006383,CU00001108,BR021,Savings,2024-09-14,Active,18350.31,2.7
AC00006384,CU00004124,BR009,Salary,2018-06-30,Active,17427.72,2.5
AC00006385,CU00004978,BR020,Salary,2024-09-15,Active,116144.06,2.5
AC00006386,CU00004501,BR001,Fixed Deposit,2024-09-26,Active,114153.49,7.1
AC00006387,CU00004686,BR004,Salary,2025-04-09,Dormant,6674.54,2.5
AC00006388,CU00001932,BR009,Savings,2022-03-31,Dormant,11692.45,2.7
AC00006389,CU00002931,BR012,Savings,2021-04-14,Active,19319.31,2.7
AC00006390,CU00000950,BR004,Savings,2020-07-16,Active,3123.58,2.7
AC00006391,CU00001431,BR005,Savings,2025-01-06,Active,4720.14,2.7
AC00006392,CU00001187,BR001,Fixed Deposit,2019-02-10,Active,164774.31,7.1
AC00006393,CU00001202,BR005,Salary,2023-10-31,Active,79720.98,2.5
AC00006394,CU00004159,BR013,Salary,2024-12-23,Active,25538.08,2.5
AC00006395,CU00003301,BR023,Savings,2020-09-21,Active,28791.88,2.7
AC00006396,CU00000487,BR005,Fixed Deposit,2023-08-10,Active,268297.61,7.1
AC00006397,CU00004106,BR014,Savings,2019-09-24,Active,302566.64,2.7
AC00006398,CU00003450,BR005,Salary,2020-05-28,Active,45849.6,2.5
AC00006399,CU00000881,BR010,Fixed Deposit,2021-07-01,Active,232748.5,7.1
AC00006400,CU00001602,BR023,Savings,2026-06-06,Active,44294.58,2.7
AC00006401,CU00001587,BR004,Savings,2021-11-04,Active,14765.22,2.7
AC00006402,CU00004349,BR003,Savings,2020-09-09,Active,37874.28,2.7
AC00006403,CU00002170,BR019,Savings,2019-07-24,Active,21965.03,2.7
AC00006404,CU00004874,BR022,Salary,2021-03-22,Active,22415.43,2.5
AC00006405,CU00001919,BR018,Salary,2022-05-25,Active,15806.23,2.5
AC00006406,CU00002816,BR006,Current,2023-07-13,Active,68238.39,0.0
AC00006407,CU00000577,BR009,Savings,2022-02-24,Active,40026.65,2.7
AC00006408,CU00004498,BR019,Current,2019-04-20,Active,55510.33,0.0
AC00006409,CU00001294,BR011,Savings,2020-01-15,Active,29778.54,2.7
AC00006410,CU00003929,BR020,Savings,2026-07-14,Active,50739.73,2.7
AC00006411,CU00001798,BR008,Current,2018-08-03,Active,86196.62,0.0
AC00006412,CU00001623,BR024,Fixed Deposit,2025-12-05,Active,487607.41,7.1
AC00006413,CU00004499,BR015,Current,2023-11-02,Active,18205.06,0.0
AC00006414,CU00001384,BR022,Savings,2018-07-27,Active,25571.85,2.7
AC00006415,CU00000255,BR008,Savings,2023-10-22,Active,123143.63,2.7
AC00006416,CU00004431,BR010,Savings,2021-09-09,Active,27595.18,2.7
AC00006417,CU00000761,BR007,Savings,2025-02-16,Active,7537.47,2.7
AC00006418,CU00004414,BR021,Fixed Deposit,2023-09-30,Active,612996.57,7.1
AC00006419,CU00000490,BR005,Salary,2026-01-23,Active,15918.2,2.5
AC00006420,CU00003936,BR009,Savings,2025-04-11,Active,28898.44,2.7
AC00006421,CU00001507,BR015,Salary,2023-08-16,Active,3952.39,2.5
AC00006422,CU00000177,BR016,Savings,2019-06-25,Active,12554.49,2.7
AC00006423,CU00002724,BR019,Salary,2021-04-22,Active,15456.44,2.5
AC00006424,CU00003515,BR018,Salary,2023-12-24,Active,23374.12,2.5
AC00006425,CU00001729,BR018,Savings,2018-07-11,Active,43763.91,2.7
AC00006426,CU00004663,BR017,Savings,2018-09-02,Active,32614.0,2.7
AC00006427,CU00000473,BR018,Savings,2026-05-01,Active,7424.53,2.7
AC00006428,CU00000766,BR014,Savings,2020-09-12,Dormant,2910.63,2.7
AC00006429,CU00001494,BR011,Fixed Deposit,2018-09-04,Active,102491.09,7.1
AC00006430,CU00004949,BR009,Savings,2023-12-29,Active,30468.81,2.7
AC00006431,CU00002582,BR013,Savings,2020-04-03,Active,65638.48,2.7
AC00006432,CU00001249,BR021,Salary,2020-09-13,Dormant,18844.35,2.5
AC00006433,CU00004934,BR004,Savings,2021-07-07,Active,19249.0,2.7
AC00006434,CU00000845,BR006,Savings,2019-09-06,Active,27823.59,2.7
AC00006435,CU00003655,BR024,Current,2019-07-27,Active,15155.54,0.0
AC00006436,CU00003675,BR018,Savings,2025-04-22,Active,40416.44,2.7
AC00006437,CU00003156,BR010,Savings,2020-06-03,Active,8791.32,2.7
AC00006438,CU00004146,BR013,Current,2021-03-16,Active,24847.79,0.0
AC00006439,CU00001081,BR004,Savings,2019-02-22,Active,11862.42,2.7
AC00006440,CU00001351,BR011,Salary,2020-02-17,Active,15239.55,2.5
AC00006441,CU00002771,BR012,Current,2025-10-14,Active,1039.56,0.0
AC00006442,CU00001900,BR002,Savings,2019-05-09,Active,12773.95,2.7
AC00006443,CU00003097,BR024,Current,2024-06-29,Active,17793.25,0.0
AC00006444,CU00000861,BR009,Savings,2019-07-22,Active,2995.79,2.7
AC00006445,CU00000146,BR017,Savings,2018-12-02,Active,20734.6,2.7
AC00006446,CU00004208,BR005,Salary,2025-03-16,Active,23827.61,2.5
AC00006447,CU00002707,BR001,Salary,2022-07-13,Active,21528.89,2.5
AC00006448,CU00004654,BR016,Current,2020-02-18,Active,5804.08,0.0
AC00006449,CU00000720,BR024,Savings,2023-08-11,Active,36356.6,2.7
AC00006450,CU00002611,BR014,Salary,2019-03-14,Dormant,5595.73,2.5
AC00006451,CU00003681,BR023,Salary,2026-08-10,Active,46814.31,2.5
AC00006452,CU00004983,BR005,Fixed Deposit,2025-03-13,Dormant,129397.76,7.1
AC00006453,CU00004721,BR008,Fixed Deposit,2020-08-27,Active,103212.76,7.1
AC00006454,CU00001168,BR006,Savings,2025-11-05,Closed,46618.41,2.7
AC00006455,CU00000770,BR019,Salary,2020-01-31,Active,50183.82,2.5
AC00006456,CU00000077,BR024,Salary,2025-02-04,Active,27740.51,2.5
AC00006457,CU00004984,BR011,Salary,2023-11-20,Active,22245.73,2.5
AC00006458,CU00000714,BR004,Current,2026-05-14,Active,23270.59,0.0
AC00006459,CU00002604,BR004,Fixed Deposit,2021-08-26,Dormant,152921.0,7.1
AC00006460,CU00001939,BR009,Current,2023-09-03,Active,8117.94,0.0
AC00006461,CU00002048,BR021,Savings,2021-10-04,Active,25271.52,2.7
AC00006462,CU00003482,BR009,Savings,2026-05-19,Active,7732.37,2.7
AC00006463,CU00003739,BR021,Fixed Deposit,2025-04-28,Active,235631.71,7.1
AC00006464,CU00003127,BR003,Salary,2024-09-02,Active,42430.87,2.5
AC00006465,CU00004521,BR003,Savings,2023-02-04,Active,14841.19,2.7
AC00006466,CU00001307,BR001,Salary,2025-11-19,Active,28879.24,2.5
AC00006467,CU00003319,BR010,Savings,2022-07-05,Active,12053.08,2.7
AC00006468,CU00002153,BR013,Current,2023-10-17,Active,1383.43,0.0
AC00006469,CU00000308,BR020,Savings,2026-05-13,Active,2465.21,2.7
AC00006470,CU00002539,BR007,Salary,2022-05-15,Active,38076.19,2.5
AC00006471,CU00002393,BR006,Fixed Deposit,2021-04-27,Active,1228260.87,7.1
AC00006472,CU00000552,BR015,Savings,2024-01-01,Active,86826.33,2.7
AC00006473,CU00003334,BR019,Fixed Deposit,2021-10-12,Active,101561.51,7.1
AC00006474,CU00000844,BR004,Savings,2024-11-19,Dormant,12796.98,2.7
AC00006475,CU00003347,BR016,Savings,2024-02-21,Active,8470.62,2.7
AC00006476,CU00001237,BR009,Salary,2025-05-16,Active,21964.52,2.5
AC00006477,CU00004841,BR011,Current,2021-12-24,Active,64899.35,0.0
AC00006478,CU00002715,BR010,Savings,2018-08-30,Active,9049.52,2.7
AC00006479,CU00003463,BR019,Savings,2023-12-28,Active,58846.82,2.7
AC00006480,CU00003625,BR014,Savings,2024-02-29,Active,43736.48,2.7
AC00006481,CU00000286,BR005,Current,2020-08-09,Active,43569.92,0.0
AC00006482,CU00004102,BR012,Current,2024-10-30,Dormant,18661.85,0.0
AC00006483,CU00004951,BR022,Savings,2025-10-26,Active,42023.65,2.7
AC00006484,CU00000957,BR023,Savings,2024-12-21,Closed,58731.78,2.7
AC00006485,CU00000016,BR010,Salary,2020-04-24,Active,14095.63,2.5
AC00006486,CU00000064,BR004,Savings,2026-06-15,Active,73648.75,2.7
AC00006487,CU00004228,BR009,Savings,2019-07-20,Active,44256.4,2.7
AC00006488,CU00000764,BR015,Savings,2020-12-16,Active,2636.3,2.7
AC00006489,CU00001491,BR004,Savings,2018-07-25,Active,55359.63,2.7
AC00006490,CU00000019,BR018,Savings,2024-09-22,Active,28881.67,2.7
AC00006491,CU00002148,BR001,Salary,2025-07-10,Active,10489.81,2.5
AC00006492,CU00002215,BR007,Fixed Deposit,2020-05-24,Dormant,288567.59,7.1
AC00006493,CU00002340,BR006,Savings,2019-07-01,Active,58698.79,2.7
AC00006494,CU00002414,BR014,Savings,2019-11-08,Dormant,48006.16,2.7
AC00006495,CU00000035,BR021,Salary,2018-06-22,Active,3870.76,2.5
AC00006496,CU00004623,BR013,Savings,2022-11-16,Closed,35000.34,2.7
AC00006497,CU00001637,BR005,Savings,2025-10-12,Closed,25276.16,2.7
AC00006498,CU00001916,BR022,Savings,2026-06-18,Active,7179.41,2.7
AC00006499,CU00004872,BR005,Savings,2019-11-08,Active,65686.79,2.7
AC00006500,CU00004454,BR019,Savings,2022-07-05,Active,151554.81,2.7
AC00006501,CU00001243,BR007,Savings,2020-12-30,Active,14296.42,2.7
AC00006502,CU00001236,BR023,Savings,2025-09-24,Active,30186.08,2.7
AC00006503,CU00003577,BR023,Savings,2025-03-11,Active,175125.7,2.7
AC00006504,CU00003079,BR017,Fixed Deposit,2018-07-25,Active,181907.41,7.1
AC00006505,CU00000652,BR019,Salary,2026-04-12,Active,109075.27,2.5
AC00006506,CU00003538,BR021,Fixed Deposit,2025-06-09,Active,233304.54,7.1
AC00006507,CU00002980,BR010,Savings,2024-06-23,Active,16657.25,2.7
AC00006508,CU00001266,BR002,Savings,2025-07-30,Closed,3847.81,2.7
AC00006509,CU00001768,BR006,Savings,2023-07-26,Active,3391.76,2.7
AC00006510,CU00003019,BR018,Savings,2021-08-14,Dormant,58441.13,2.7
AC00006511,CU00002961,BR002,Savings,2023-04-05,Active,23732.7,2.7
AC00006512,CU00000226,BR003,Savings,2023-04-15,Active,6345.71,2.7
AC00006513,CU00000665,BR009,Current,2019-09-28,Active,14835.89,0.0
AC00006514,CU00002806,BR017,Fixed Deposit,2025-12-08,Active,210089.65,7.1
AC00006515,CU00004208,BR014,Savings,2021-01-19,Active,16100.0,2.7
AC00006516,CU00003566,BR021,Fixed Deposit,2025-03-06,Active,579193.66,7.1
AC00006517,CU00004096,BR014,Fixed Deposit,2025-05-30,Active,148506.42,7.1
AC00006518,CU00003747,BR010,Savings,2024-12-03,Active,98315.26,2.7
AC00006519,CU00001671,BR013,Fixed Deposit,2019-03-04,Active,848626.35,7.1
AC00006520,CU00003961,BR005,Savings,2019-11-02,Active,89249.42,2.7
AC00006521,CU00004891,BR014,Savings,2018-10-16,Active,29382.08,2.7
AC00006522,CU00003250,BR021,Savings,2025-04-24,Active,19497.52,2.7
AC00006523,CU00002256,BR017,Salary,2018-11-09,Active,2383.46,2.5
AC00006524,CU00003203,BR024,Savings,2021-03-25,Active,62620.0,2.7
AC00006525,CU00000418,BR004,Savings,2019-07-04,Active,49646.29,2.7
AC00006526,CU00003863,BR007,Savings,2021-11-16,Active,29843.43,2.7
AC00006527,CU00002012,BR002,Fixed Deposit,2021-09-29,Active,244044.89,7.1
AC00006528,CU00000535,BR022,Savings,2024-03-26,Active,39546.47,2.7
AC00006529,CU00001899,BR014,Savings,2018-09-13,Active,10441.48,2.7
AC00006530,CU00001746,BR022,Salary,2025-05-08,Active,92819.69,2.5
AC00006531,CU00004790,BR008,Current,2020-02-24,Active,17893.97,0.0
AC00006532,CU00004630,BR024,Savings,2019-08-20,Active,37102.84,2.7
AC00006533,CU00000373,BR014,Salary,2021-04-10,Closed,25384.45,2.5
AC00006534,CU00002046,BR013,Current,2024-05-08,Active,51856.99,0.0
AC00006535,CU00002577,BR016,Fixed Deposit,2026-05-28,Active,142580.46,7.1
AC00006536,CU00000529,BR007,Savings,2021-04-07,Active,12082.28,2.7
AC00006537,CU00003570,BR016,Savings,2021-12-12,Active,29090.43,2.7
AC00006538,CU00004981,BR019,Savings,2023-10-03,Active,26806.6,2.7
AC00006539,CU00002731,BR012,Savings,2021-05-10,Closed,50562.23,2.7
AC00006540,CU00004192,BR014,Savings,2026-05-08,Active,254283.84,2.7
AC00006541,CU00004965,BR014,Fixed Deposit,2025-08-20,Closed,118620.57,7.1
AC00006542,CU00004457,BR023,Savings,2018-07-01,Active,28961.99,2.7
AC00006543,CU00000368,BR004,Salary,2022-12-01,Active,38077.29,2.5
AC00006544,CU00003639,BR005,Salary,2022-01-28,Active,67509.12,2.5
AC00006545,CU00002234,BR014,Savings,2026-05-29,Active,67123.13,2.7
AC00006546,CU00003501,BR019,Savings,2026-04-29,Dormant,55280.49,2.7
AC00006547,CU00004067,BR019,Savings,2024-09-17,Active,22439.34,2.7
AC00006548,CU00003166,BR003,Savings,2025-03-22,Active,6944.19,2.7
AC00006549,CU00002048,BR020,Savings,2021-07-31,Active,8978.7,2.7
AC00006550,CU00002704,BR001,Savings,2025-02-11,Active,42807.24,2.7
AC00006551,CU00004256,BR024,Savings,2025-12-24,Active,22136.12,2.7
AC00006552,CU00002865,BR012,Salary,2024-09-06,Closed,253481.53,2.5
AC00006553,CU00004397,BR016,Savings,2024-04-04,Active,22895.15,2.7
AC00006554,CU00000838,BR020,Current,2019-03-03,Active,20258.78,0.0
AC00006555,CU00001121,BR023,Salary,2022-12-01,Active,61217.64,2.5
AC00006556,CU00001976,BR017,Fixed Deposit,2019-05-14,Active,249796.39,7.1
AC00006557,CU00000786,BR009,Fixed Deposit,2020-06-07,Active,602517.38,7.1
AC00006558,CU00000587,BR016,Savings,2024-02-28,Active,23376.9,2.7
AC00006559,CU00003353,BR015,Fixed Deposit,2024-11-20,Active,468859.27,7.1
AC00006560,CU00004635,BR005,Savings,2019-01-16,Active,32243.49,2.7
AC00006561,CU00000237,BR018,Savings,2020-08-10,Active,14261.97,2.7
AC00006562,CU00003869,BR001,Savings,2023-05-12,Active,18233.96,2.7
AC00006563,CU00001696,BR011,Savings,2024-11-01,Active,4303.24,2.7
AC00006564,CU00001464,BR002,Salary,2022-03-14,Active,85074.88,2.5
AC00006565,CU00001229,BR005,Current,2022-09-11,Active,20241.98,0.0
AC00006566,CU00004224,BR012,Salary,2025-09-24,Active,70140.36,2.5
AC00006567,CU00002477,BR011,Salary,2020-10-10,Active,13944.62,2.5
AC00006568,CU00000642,BR012,Savings,2024-01-27,Active,4884.22,2.7
AC00006569,CU00001001,BR011,Current,2022-10-20,Active,27342.92,0.0
AC00006570,CU00003662,BR002,Current,2024-04-05,Active,978.33,0.0
AC00006571,CU00000334,BR003,Salary,2020-09-04,Closed,16892.18,2.5
AC00006572,CU00004425,BR005,Savings,2025-03-14,Active,5287.59,2.7
AC00006573,CU00004589,BR013,Savings,2020-03-25,Active,15286.24,2.7
AC00006574,CU00002754,BR016,Salary,2024-09-30,Active,129887.99,2.5
AC00006575,CU00004599,BR024,Savings,2022-04-10,Active,8362.0,2.7
AC00006576,CU00001596,BR003,Savings,2024-09-12,Active,56874.39,2.7
AC00006577,CU00001718,BR001,Salary,2019-06-22,Active,90866.35,2.5
AC00006578,CU00000372,BR006,Salary,2020-07-31,Active,71355.26,2.5
AC00006579,CU00004222,BR021,Current,2024-06-28,Active,27653.93,0.0
AC00006580,CU00000428,BR007,Salary,2022-05-26,Active,40275.94,2.5
AC00006581,CU00004127,BR008,Savings,2023-09-16,Active,66588.85,2.7
AC00006582,CU00001718,BR001,Current,2025-03-22,Active,3094.64,0.0
AC00006583,CU00000671,BR022,Salary,2025-10-09,Active,34235.75,2.5
AC00006584,CU00004947,BR018,Current,2025-06-06,Active,21373.63,0.0
AC00006585,CU00001662,BR001,Savings,2023-05-31,Active,16415.65,2.7
AC00006586,CU00002489,BR017,Savings,2024-11-22,Active,25667.59,2.7
AC00006587,CU00003514,BR019,Savings,2024-09-12,Active,57009.16,2.7
AC00006588,CU00003208,BR012,Savings,2024-05-25,Active,23558.62,2.7
AC00006589,CU00000787,BR002,Savings,2021-03-19,Active,23962.55,2.7
AC00006590,CU00002251,BR001,Fixed Deposit,2025-03-28,Active,112296.13,7.1
AC00006591,CU00004422,BR013,Savings,2018-07-18,Active,9299.68,2.7
AC00006592,CU00003876,BR009,Current,2024-07-25,Active,107738.96,0.0
AC00006593,CU00000041,BR009,Savings,2020-10-06,Active,28348.56,2.7
AC00006594,CU00002180,BR013,Salary,2021-07-02,Active,29291.47,2.5
AC00006595,CU00001680,BR008,Savings,2023-01-26,Active,24930.37,2.7
AC00006596,CU00001212,BR006,Savings,2022-06-24,Active,179924.19,2.7
AC00006597,CU00004513,BR008,Savings,2025-09-17,Active,226635.58,2.7
AC00006598,CU00003621,BR024,Savings,2020-03-12,Active,11691.55,2.7
AC00006599,CU00003356,BR018,Savings,2019-07-20,Active,52722.04,2.7
AC00006600,CU00004075,BR019,Current,2020-11-17,Active,18326.37,0.0
AC00006601,CU00001971,BR002,Savings,2020-10-29,Active,25544.67,2.7
AC00006602,CU00000536,BR014,Salary,2023-04-16,Active,358533.54,2.5
AC00006603,CU00002877,BR007,Salary,2023-09-10,Active,16645.84,2.5
AC00006604,CU00000204,BR007,Savings,2018-08-26,Active,47479.52,2.7
AC00006605,CU00003868,BR004,Savings,2024-08-13,Active,21621.39,2.7
AC00006606,CU00001428,BR014,Salary,2020-09-09,Closed,17477.15,2.5
AC00006607,CU00000526,BR004,Savings,2018-12-22,Active,19616.29,2.7
AC00006608,CU00001937,BR022,Salary,2025-09-16,Active,207213.23,2.5
AC00006609,CU00002123,BR002,Fixed Deposit,2026-02-02,Active,182852.55,7.1
AC00006610,CU00003447,BR007,Salary,2018-10-19,Active,19818.9,2.5
AC00006611,CU00000942,BR005,Savings,2022-10-07,Active,8974.26,2.7
AC00006612,CU00003392,BR019,Savings,2026-01-05,Active,69866.63,2.7
AC00006613,CU00002466,BR019,Savings,2024-01-10,Active,40273.0,2.7
AC00006614,CU00004587,BR017,Savings,2019-06-28,Active,35361.13,2.7
AC00006615,CU00001050,BR001,Salary,2022-09-15,Active,10711.64,2.5
AC00006616,CU00004201,BR008,Salary,2019-02-15,Active,53699.39,2.5
AC00006617,CU00004888,BR003,Savings,2022-12-13,Closed,307237.74,2.7
AC00006618,CU00002348,BR006,Salary,2024-05-08,Active,54770.95,2.5
AC00006619,CU00000623,BR018,Savings,2022-12-29,Active,6289.86,2.7
AC00006620,CU00002199,BR008,Current,2021-02-25,Active,6345.21,0.0
AC00006621,CU00003369,BR022,Savings,2023-07-26,Active,101442.85,2.7
AC00006622,CU00002299,BR007,Savings,2025-03-12,Active,23268.77,2.7
AC00006623,CU00002489,BR001,Savings,2021-06-15,Active,85449.9,2.7
AC00006624,CU00003801,BR012,Savings,2023-04-07,Active,31352.47,2.7
AC00006625,CU00003624,BR006,Savings,2018-09-30,Active,25214.4,2.7
AC00006626,CU00000092,BR008,Savings,2022-12-30,Active,19222.38,2.7
AC00006627,CU00001738,BR022,Savings,2023-04-06,Active,135879.64,2.7
AC00006628,CU00000370,BR008,Current,2021-09-14,Dormant,119778.7,0.0
AC00006629,CU00004582,BR005,Savings,2021-02-25,Active,246550.49,2.7
AC00006630,CU00002408,BR016,Fixed Deposit,2019-09-16,Active,300546.79,7.1
AC00006631,CU00000377,BR008,Current,2023-07-30,Dormant,6344.4,0.0
AC00006632,CU00000235,BR020,Salary,2020-10-05,Active,8293.79,2.5
AC00006633,CU00003042,BR004,Savings,2022-09-14,Active,3309.4,2.7
AC00006634,CU00004892,BR012,Savings,2019-12-14,Dormant,360182.86,2.7
AC00006635,CU00000040,BR010,Savings,2022-08-13,Active,4404.41,2.7
AC00006636,CU00000469,BR012,Savings,2019-07-14,Active,3084.3,2.7
AC00006637,CU00004532,BR008,Savings,2022-02-03,Active,4238.25,2.7
AC00006638,CU00000261,BR022,Savings,2024-10-15,Active,39093.02,2.7
AC00006639,CU00004073,BR017,Savings,2025-07-11,Active,11449.44,2.7
AC00006640,CU00001349,BR003,Savings,2020-09-23,Active,48141.51,2.7
AC00006641,CU00004530,BR011,Savings,2025-12-18,Active,40774.61,2.7
AC00006642,CU00001288,BR023,Salary,2021-07-16,Active,6675.58,2.5
AC00006643,CU00003993,BR019,Salary,2023-05-16,Active,87154.03,2.5
AC00006644,CU00000109,BR013,Savings,2019-12-06,Active,5752.7,2.7
AC00006645,CU00001051,BR008,Savings,2020-06-16,Active,10478.45,2.7
AC00006646,CU00000658,BR013,Savings,2022-10-31,Active,8527.46,2.7
AC00006647,CU00001186,BR022,Savings,2025-03-08,Active,66411.03,2.7
AC00006648,CU00002143,BR004,Current,2025-12-08,Dormant,16603.15,0.0
AC00006649,CU00003037,BR006,Savings,2026-06-15,Active,193962.29,2.7
AC00006650,CU00003392,BR007,Salary,2023-02-26,Closed,7298.42,2.5
AC00006651,CU00004429,BR001,Salary,2022-09-30,Active,73350.61,2.5
AC00006652,CU00004004,BR014,Savings,2020-05-01,Active,29164.86,2.7
AC00006653,CU00002785,BR024,Savings,2022-08-02,Active,15933.21,2.7
AC00006654,CU00001110,BR009,Savings,2024-04-21,Active,64916.33,2.7
AC00006655,CU00000669,BR014,Current,2018-08-15,Active,22669.63,0.0
AC00006656,CU00001515,BR004,Savings,2022-05-26,Active,44090.44,2.7
AC00006657,CU00000657,BR015,Salary,2024-09-16,Active,17444.15,2.5
AC00006658,CU00000052,BR019,Savings,2019-08-19,Dormant,37353.6,2.7
AC00006659,CU00002566,BR022,Current,2023-05-05,Active,9418.57,0.0
AC00006660,CU00004911,BR008,Salary,2021-12-16,Active,10241.68,2.5
AC00006661,CU00002931,BR024,Current,2026-05-21,Active,9480.98,0.0
AC00006662,CU00001060,BR011,Savings,2024-12-04,Active,38492.38,2.7
AC00006663,CU00000706,BR010,Current,2022-03-19,Active,54503.17,0.0
AC00006664,CU00001430,BR002,Savings,2024-07-08,Closed,14374.61,2.7
AC00006665,CU00001813,BR009,Salary,2019-04-14,Active,74794.7,2.5
AC00006666,CU00004180,BR006,Salary,2024-05-22,Active,513601.17,2.5
AC00006667,CU00003004,BR018,Savings,2020-12-29,Active,47494.43,2.7
AC00006668,CU00000423,BR008,Savings,2024-07-28,Active,14384.74,2.7
AC00006669,CU00002633,BR010,Savings,2026-03-02,Closed,65941.19,2.7
AC00006670,CU00000208,BR008,Salary,2022-09-11,Active,80743.04,2.5
AC00006671,CU00004186,BR004,Savings,2019-09-16,Active,111004.11,2.7
AC00006672,CU00000862,BR005,Savings,2024-04-05,Active,13453.73,2.7
AC00006673,CU00003257,BR003,Salary,2026-03-03,Active,6607.07,2.5
AC00006674,CU00004012,BR020,Savings,2018-07-31,Active,10251.42,2.7
AC00006675,CU00004935,BR007,Savings,2018-11-03,Active,59088.37,2.7
AC00006676,CU00003470,BR002,Current,2026-06-18,Active,19056.34,0.0
AC00006677,CU00003067,BR018,Savings,2026-01-17,Active,17714.11,2.7
AC00006678,CU00002199,BR004,Salary,2021-06-28,Closed,64529.56,2.5
AC00006679,CU00000739,BR002,Salary,2019-12-14,Active,31336.13,2.5
AC00006680,CU00004526,BR020,Savings,2019-01-25,Closed,4842.31,2.7
AC00006681,CU00001725,BR022,Current,2025-06-29,Active,64081.95,0.0
AC00006682,CU00002707,BR019,Savings,2021-11-26,Active,44769.49,2.7
AC00006683,CU00002502,BR016,Savings,2025-11-06,Active,13088.08,2.7
AC00006684,CU00004265,BR005,Savings,2019-09-21,Active,90874.57,2.7
AC00006685,CU00000822,BR011,Savings,2025-10-11,Active,108553.61,2.7
AC00006686,CU00004140,BR011,Salary,2021-02-22,Dormant,34683.11,2.5
AC00006687,CU00000974,BR022,Salary,2020-08-04,Active,30159.41,2.5
AC00006688,CU00003115,BR011,Salary,2023-09-17,Active,15400.75,2.5
AC00006689,CU00003745,BR015,Savings,2020-05-23,Active,24475.8,2.7
AC00006690,CU00002173,BR007,Savings,2018-10-30,Closed,16026.19,2.7
AC00006691,CU00002506,BR024,Savings,2020-04-23,Active,8394.21,2.7
AC00006692,CU00003600,BR012,Savings,2019-09-04,Active,8626.59,2.7
AC00006693,CU00002560,BR006,Savings,2020-09-22,Active,20421.31,2.7
AC00006694,CU00002030,BR011,Salary,2023-01-27,Active,42047.9,2.5
AC00006695,CU00003628,BR002,Current,2019-05-01,Active,15456.73,0.0
AC00006696,CU00002475,BR020,Savings,2019-11-20,Active,6634.98,2.7
AC00006697,CU00002321,BR022,Fixed Deposit,2019-12-21,Active,115153.69,7.1
AC00006698,CU00001188,BR019,Savings,2025-03-05,Dormant,11513.89,2.7
AC00006699,CU00001390,BR021,Fixed Deposit,2019-03-27,Active,734746.85,7.1
AC00006700,CU00004386,BR015,Savings,2022-05-28,Active,132818.98,2.7
AC00006701,CU00001830,BR020,Salary,2020-05-11,Closed,81141.71,2.5
AC00006702,CU00000514,BR020,Salary,2020-12-26,Active,72948.9,2.5
AC00006703,CU00000757,BR014,Savings,2021-09-11,Active,94349.43,2.7
AC00006704,CU00003645,BR004,Savings,2026-07-15,Active,211093.15,2.7
AC00006705,CU00002285,BR006,Salary,2026-07-24,Active,22360.68,2.5
AC00006706,CU00001059,BR024,Salary,2021-12-11,Active,127661.17,2.5
AC00006707,CU00000384,BR004,Savings,2019-05-27,Active,17432.48,2.7
AC00006708,CU00001599,BR014,Fixed Deposit,2025-11-16,Active,83642.2,7.1
AC00006709,CU00002600,BR018,Savings,2026-01-13,Active,24418.44,2.7
AC00006710,CU00000402,BR002,Savings,2020-02-16,Active,88046.24,2.7
AC00006711,CU00002306,BR015,Savings,2025-12-14,Active,34072.38,2.7
AC00006712,CU00001376,BR016,Salary,2018-06-18,Active,183594.83,2.5
AC00006713,CU00001703,BR012,Salary,2020-11-03,Active,70136.28,2.5
AC00006714,CU00004579,BR015,Savings,2021-03-27,Active,141301.38,2.7
AC00006715,CU00002344,BR022,Current,2018-11-16,Active,29278.59,0.0
AC00006716,CU00004966,BR019,Salary,2019-05-05,Active,18891.9,2.5
AC00006717,CU00001086,BR011,Savings,2020-02-12,Active,52165.66,2.7
AC00006718,CU00001192,BR022,Savings,2020-05-29,Active,35727.94,2.7
AC00006719,CU00003377,BR013,Salary,2021-11-30,Active,36963.16,2.5
AC00006720,CU00001074,BR015,Savings,2025-08-14,Active,14513.06,2.7
AC00006721,CU00002563,BR003,Fixed Deposit,2021-04-03,Active,359138.86,7.1
AC00006722,CU00000786,BR003,Salary,2026-07-31,Active,41162.96,2.5
AC00006723,CU00004795,BR002,Savings,2019-06-26,Active,14307.09,2.7
AC00006724,CU00000013,BR012,Savings,2021-08-22,Dormant,32557.35,2.7
AC00006725,CU00001884,BR009,Salary,2023-04-25,Active,22819.66,2.5
AC00006726,CU00004379,BR009,Fixed Deposit,2021-07-06,Active,992549.13,7.1
AC00006727,CU00001303,BR002,Savings,2019-04-07,Active,55869.48,2.7
AC00006728,CU00003989,BR017,Salary,2025-08-20,Active,26061.19,2.5
AC00006729,CU00002061,BR012,Fixed Deposit,2021-10-11,Closed,1724360.49,7.1
AC00006730,CU00003529,BR020,Savings,2021-09-20,Closed,59830.75,2.7
AC00006731,CU00004282,BR021,Savings,2024-05-24,Active,4746.43,2.7
AC00006732,CU00002123,BR005,Salary,2021-04-24,Active,50434.38,2.5
AC00006733,CU00002945,BR007,Salary,2021-08-21,Active,57705.61,2.5
AC00006734,CU00002908,BR008,Savings,2025-06-08,Active,97772.37,2.7
AC00006735,CU00004456,BR014,Current,2021-02-14,Active,6801.78,0.0
AC00006736,CU00004142,BR021,Current,2019-11-21,Active,77171.16,0.0
AC00006737,CU00002742,BR024,Savings,2025-11-15,Dormant,86255.11,2.7
AC00006738,CU00003214,BR002,Savings,2024-03-06,Active,223856.56,2.7
AC00006739,CU00001879,BR010,Fixed Deposit,2021-10-10,Active,282629.95,7.1
AC00006740,CU00003791,BR009,Savings,2026-01-14,Active,29995.37,2.7
AC00006741,CU00001088,BR011,Savings,2024-10-05,Active,24103.58,2.7
AC00006742,CU00003450,BR009,Savings,2019-10-31,Active,26132.82,2.7
AC00006743,CU00003589,BR016,Fixed Deposit,2026-03-23,Dormant,182205.32,7.1
AC00006744,CU00004871,BR005,Savings,2018-12-21,Active,37217.53,2.7
AC00006745,CU00003553,BR019,Salary,2024-09-18,Active,30313.25,2.5
AC00006746,CU00001738,BR002,Fixed Deposit,2020-04-05,Active,160023.58,7.1
AC00006747,CU00002266,BR003,Current,2019-11-14,Dormant,55483.61,0.0
AC00006748,CU00002692,BR020,Savings,2019-07-03,Active,16469.78,2.7
AC00006749,CU00002870,BR018,Savings,2020-02-20,Active,16236.0,2.7
AC00006750,CU00000479,BR003,Savings,2026-03-14,Active,9629.96,2.7
AC00006751,CU00000208,BR003,Current,2021-03-06,Active,31035.37,0.0
AC00006752,CU00003137,BR010,Salary,2024-09-27,Active,9794.67,2.5
AC00006753,CU00002307,BR009,Savings,2026-05-11,Active,11154.84,2.7
AC00006754,CU00004529,BR008,Savings,2018-06-25,Active,41553.06,2.7
AC00006755,CU00002807,BR019,Salary,2020-04-21,Active,72411.83,2.5
AC00006756,CU00000001,BR005,Savings,2021-12-20,Active,14996.4,2.7
AC00006757,CU00003526,BR005,Salary,2022-02-10,Active,34700.98,2.5
AC00006758,CU00002332,BR022,Savings,2024-10-21,Active,338903.73,2.7
AC00006759,CU00001908,BR015,Savings,2019-05-11,Active,6520.82,2.7
AC00006760,CU00000693,BR020,Savings,2023-11-05,Active,4045.03,2.7
AC00006761,CU00004341,BR001,Savings,2019-01-08,Active,36710.2,2.7
AC00006762,CU00003492,BR018,Salary,2026-04-25,Active,78790.33,2.5
AC00006763,CU00001457,BR020,Savings,2021-07-09,Active,204065.06,2.7
AC00006764,CU00001152,BR023,Fixed Deposit,2022-08-11,Active,338066.33,7.1
AC00006765,CU00003100,BR012,Savings,2021-06-21,Active,10155.48,2.7
AC00006766,CU00003230,BR012,Savings,2020-05-09,Active,17240.02,2.7
AC00006767,CU00002142,BR010,Fixed Deposit,2020-06-19,Active,551519.58,7.1
AC00006768,CU00004683,BR006,Fixed Deposit,2021-04-22,Dormant,327425.22,7.1
AC00006769,CU00001481,BR003,Current,2019-12-21,Active,7668.2,0.0
AC00006770,CU00002410,BR004,Salary,2022-10-25,Active,11284.51,2.5
AC00006771,CU00003886,BR018,Salary,2023-07-31,Dormant,15663.79,2.5
AC00006772,CU00003967,BR014,Current,2026-07-19,Active,10106.48,0.0
AC00006773,CU00002433,BR013,Savings,2025-09-28,Active,38938.89,2.7
AC00006774,CU00001580,BR012,Salary,2020-06-08,Active,559757.74,2.5
AC00006775,CU00001734,BR015,Savings,2025-10-24,Active,14851.71,2.7
AC00006776,CU00004433,BR021,Salary,2018-06-28,Active,6707.4,2.5
AC00006777,CU00002103,BR017,Savings,2026-05-26,Active,11113.55,2.7
AC00006778,CU00004404,BR011,Fixed Deposit,2023-07-15,Active,35010.03,7.1
AC00006779,CU00000785,BR007,Fixed Deposit,2020-11-21,Active,395948.48,7.1
AC00006780,CU00000244,BR005,Salary,2023-05-04,Active,181304.56,2.5
AC00006781,CU00003997,BR011,Fixed Deposit,2024-11-29,Active,352557.63,7.1
AC00006782,CU00002574,BR008,Savings,2022-07-26,Active,16850.02,2.7
AC00006783,CU00002222,BR012,Current,2018-09-02,Active,369994.25,0.0
AC00006784,CU00004247,BR007,Current,2025-03-19,Active,39312.67,0.0
AC00006785,CU00004812,BR020,Salary,2022-01-12,Active,24029.48,2.5
AC00006786,CU00001437,BR012,Savings,2024-08-20,Active,61692.42,2.7
AC00006787,CU00001488,BR018,Current,2021-04-30,Active,33412.56,0.0
AC00006788,CU00004373,BR002,Salary,2024-02-03,Active,31526.14,2.5
AC00006789,CU00000388,BR020,Savings,2020-05-30,Active,56267.87,2.7
AC00006790,CU00003725,BR022,Fixed Deposit,2022-04-26,Active,217195.78,7.1
AC00006791,CU00004125,BR018,Savings,2020-12-17,Active,29828.66,2.7
AC00006792,CU00002024,BR023,Salary,2020-02-13,Active,19414.65,2.5
AC00006793,CU00000270,BR010,Salary,2021-09-09,Active,129100.27,2.5
AC00006794,CU00000967,BR015,Savings,2019-11-08,Active,23924.14,2.7
AC00006795,CU00001328,BR012,Salary,2018-07-04,Active,23709.14,2.5
AC00006796,CU00004101,BR005,Current,2022-08-28,Active,13319.97,0.0
AC00006797,CU00000498,BR009,Savings,2023-10-26,Active,66239.18,2.7
AC00006798,CU00001507,BR007,Savings,2025-10-27,Active,9305.09,2.7
AC00006799,CU00003458,BR007,Fixed Deposit,2026-05-01,Active,216083.09,7.1
AC00006800,CU00004055,BR008,Salary,2020-08-28,Active,27471.74,2.5
AC00006801,CU00002251,BR013,Savings,2019-07-24,Active,7770.73,2.7
AC00006802,CU00004061,BR019,Savings,2019-12-21,Closed,11982.75,2.7
AC00006803,CU00001390,BR011,Salary,2025-01-16,Active,17564.03,2.5
AC00006804,CU00000114,BR008,Savings,2019-01-04,Active,34219.06,2.7
AC00006805,CU00002125,BR022,Fixed Deposit,2026-07-14,Active,423697.46,7.1
AC00006806,CU00000770,BR011,Savings,2023-11-14,Active,54294.04,2.7
AC00006807,CU00002819,BR024,Savings,2022-10-09,Active,6224.5,2.7
AC00006808,CU00000443,BR013,Savings,2025-09-26,Active,32695.01,2.7
AC00006809,CU00003692,BR008,Savings,2021-05-18,Closed,28983.28,2.7
AC00006810,CU00000514,BR003,Savings,2021-12-18,Active,9530.2,2.7
AC00006811,CU00000693,BR011,Current,2024-11-02,Active,96968.75,0.0
AC00006812,CU00003708,BR006,Current,2020-01-24,Active,25555.94,0.0
AC00006813,CU00004475,BR020,Savings,2022-03-14,Active,30386.28,2.7
AC00006814,CU00003515,BR003,Savings,2024-03-02,Active,22258.85,2.7
AC00006815,CU00002668,BR023,Savings,2020-10-25,Active,35834.21,2.7
AC00006816,CU00000720,BR001,Savings,2022-06-23,Active,19138.1,2.7
AC00006817,CU00002855,BR008,Savings,2022-04-08,Active,15093.58,2.7
AC00006818,CU00000130,BR001,Savings,2019-07-29,Dormant,105586.43,2.7
AC00006819,CU00001229,BR006,Savings,2025-05-23,Dormant,17749.66,2.7
AC00006820,CU00003227,BR009,Salary,2024-07-26,Active,4284.51,2.5
AC00006821,CU00004921,BR019,Savings,2020-09-15,Dormant,11638.7,2.7
AC00006822,CU00002937,BR001,Savings,2026-02-26,Active,84220.76,2.7
AC00006823,CU00003249,BR021,Salary,2018-10-03,Active,15305.56,2.5
AC00006824,CU00001557,BR002,Salary,2022-06-13,Active,14111.38,2.5
AC00006825,CU00003266,BR020,Savings,2025-04-30,Active,34816.02,2.7
AC00006826,CU00003649,BR003,Fixed Deposit,2021-11-21,Active,130269.88,7.1
AC00006827,CU00002909,BR006,Salary,2025-01-15,Dormant,22083.36,2.5
AC00006828,CU00002560,BR007,Savings,2022-07-19,Active,50518.19,2.7
AC00006829,CU00000916,BR009,Savings,2021-01-27,Active,14950.93,2.7
AC00006830,CU00002842,BR019,Salary,2024-05-06,Active,345476.66,2.5
AC00006831,CU00001003,BR009,Salary,2023-11-10,Active,221860.28,2.5
AC00006832,CU00001769,BR020,Current,2021-11-21,Active,23150.0,0.0
AC00006833,CU00001026,BR013,Savings,2022-10-11,Active,13890.31,2.7
AC00006834,CU00003036,BR007,Fixed Deposit,2023-08-08,Active,443480.45,7.1
AC00006835,CU00003958,BR011,Savings,2024-03-31,Active,7867.31,2.7
AC00006836,CU00001261,BR002,Savings,2019-11-29,Active,66683.95,2.7
AC00006837,CU00001753,BR011,Savings,2020-10-13,Active,4874.04,2.7
AC00006838,CU00004334,BR021,Savings,2025-01-16,Active,92510.37,2.7
AC00006839,CU00001435,BR012,Savings,2022-02-07,Active,130964.51,2.7
AC00006840,CU00002697,BR013,Current,2020-06-11,Active,1447.82,0.0
AC00006841,CU00004261,BR022,Salary,2020-06-07,Active,161788.95,2.5
AC00006842,CU00001337,BR001,Current,2019-11-18,Dormant,22240.43,0.0
AC00006843,CU00003923,BR010,Current,2020-11-19,Active,10695.78,0.0
AC00006844,CU00002673,BR019,Savings,2019-10-25,Dormant,39787.59,2.7
AC00006845,CU00002844,BR002,Current,2018-11-03,Active,40985.69,0.0
AC00006846,CU00004042,BR022,Savings,2020-11-10,Active,53946.14,2.7
AC00006847,CU00002460,BR005,Salary,2023-05-04,Dormant,138106.58,2.5
AC00006848,CU00002305,BR023,Savings,2023-04-22,Active,52032.68,2.7
AC00006849,CU00001721,BR012,Savings,2022-08-23,Active,13694.53,2.7
AC00006850,CU00004473,BR001,Salary,2018-07-10,Active,60815.07,2.5
AC00006851,CU00002829,BR024,Fixed Deposit,2021-10-01,Active,96004.45,7.1
AC00006852,CU00001476,BR001,Fixed Deposit,2025-01-08,Active,672386.67,7.1
AC00006853,CU00003221,BR003,Savings,2018-11-12,Active,30228.26,2.7
AC00006854,CU00002576,BR023,Savings,2024-10-10,Active,102461.35,2.7
AC00006855,CU00000719,BR016,Savings,2021-05-14,Active,24816.58,2.7
AC00006856,CU00004781,BR021,Savings,2021-11-22,Active,3358.13,2.7
AC00006857,CU00001353,BR016,Savings,2025-12-17,Active,80322.7,2.7
AC00006858,CU00002602,BR004,Savings,2020-02-07,Active,50766.05,2.7
AC00006859,CU00004413,BR005,Savings,2023-07-19,Dormant,134555.84,2.7
AC00006860,CU00003474,BR020,Current,2024-03-08,Active,57694.14,0.0
AC00006861,CU00001329,BR015,Savings,2025-11-24,Active,9948.99,2.7
AC00006862,CU00001553,BR016,Salary,2023-11-28,Active,12954.23,2.5
AC00006863,CU00000532,BR002,Current,2025-02-14,Active,92979.93,0.0
AC00006864,CU00001256,BR014,Salary,2020-05-12,Active,10957.51,2.5
AC00006865,CU00004485,BR023,Savings,2018-10-21,Active,302782.36,2.7
AC00006866,CU00001175,BR015,Savings,2019-12-31,Active,11952.83,2.7
AC00006867,CU00002382,BR006,Savings,2018-08-31,Active,4188.72,2.7
AC00006868,CU00002796,BR019,Current,2022-09-06,Active,19205.48,0.0
AC00006869,CU00000916,BR020,Fixed Deposit,2026-02-03,Active,379942.38,7.1
AC00006870,CU00000006,BR002,Savings,2022-06-12,Active,2456.11,2.7
AC00006871,CU00000040,BR019,Savings,2026-06-06,Active,36088.81,2.7
AC00006872,CU00000783,BR017,Salary,2021-06-24,Active,805.96,2.5
AC00006873,CU00000895,BR018,Salary,2024-06-26,Active,40268.4,2.5
AC00006874,CU00003600,BR013,Salary,2025-11-13,Active,21667.62,2.5
AC00006875,CU00003408,BR021,Savings,2022-05-13,Active,16264.01,2.7
AC00006876,CU00003690,BR019,Current,2021-04-01,Active,65796.37,0.0
AC00006877,CU00003118,BR007,Savings,2023-06-01,Dormant,24364.84,2.7
AC00006878,CU00001546,BR005,Fixed Deposit,2024-06-16,Dormant,431530.98,7.1
AC00006879,CU00003319,BR017,Salary,2018-10-08,Active,72623.55,2.5
AC00006880,CU00003772,BR005,Fixed Deposit,2021-05-12,Active,84316.27,7.1
AC00006881,CU00002075,BR008,Salary,2020-10-23,Active,6796.23,2.5
AC00006882,CU00000749,BR017,Savings,2023-04-11,Active,73626.31,2.7
AC00006883,CU00002603,BR014,Savings,2019-10-23,Active,71191.73,2.7
AC00006884,CU00004139,BR009,Current,2020-06-12,Active,26213.63,0.0
AC00006885,CU00003743,BR008,Salary,2020-03-29,Closed,6160.66,2.5
AC00006886,CU00000536,BR016,Current,2021-02-09,Active,52788.38,0.0
AC00006887,CU00000787,BR003,Savings,2024-02-10,Active,7153.42,2.7
AC00006888,CU00002563,BR017,Salary,2026-01-30,Active,15890.12,2.5
AC00006889,CU00000759,BR001,Salary,2025-09-17,Active,74007.9,2.5
AC00006890,CU00001794,BR015,Current,2021-06-08,Active,64330.99,0.0
AC00006891,CU00003649,BR009,Salary,2023-06-21,Active,152894.3,2.5
AC00006892,CU00004376,BR024,Savings,2018-09-22,Closed,9926.66,2.7
AC00006893,CU00004153,BR022,Current,2021-05-25,Active,82047.09,0.0
AC00006894,CU00004432,BR017,Savings,2025-11-09,Active,181224.23,2.7
AC00006895,CU00000341,BR012,Fixed Deposit,2021-06-05,Active,115479.86,7.1
AC00006896,CU00001144,BR021,Salary,2025-10-20,Dormant,20739.59,2.5
AC00006897,CU00000841,BR002,Fixed Deposit,2018-08-22,Active,70081.25,7.1
AC00006898,CU00003949,BR024,Current,2026-05-13,Active,57962.64,0.0
AC00006899,CU00002027,BR007,Salary,2025-06-28,Active,39522.38,2.5
