card_id,customer_id,card_type,credit_limit,current_outstanding,status
CD00000001,CU00003237,Gold,200000,11835.73,Active
CD00000002,CU00004144,Gold,500000,3705.23,Active
CD00000003,CU00001773,Classic,500000,1698.3,Active
CD00000004,CU00002150,Platinum,350000,22141.51,Active
CD00000005,CU00004520,Gold,50000,29029.01,Active
CD00000006,CU00000156,Business,500000,64354.6,Active
CD00000007,CU00004414,Classic,200000,1233.11,Active
CD00000008,CU00004220,Business,500000,21600.14,Active
CD00000009,CU00001500,Classic,200000,86394.88,Active
CD00000010,CU00000623,Business,500000,6722.95,Active
CD00000011,CU00004370,Classic,500000,1583.45,Active
CD00000012,CU00000440,Gold,200000,9124.93,Active
CD00000013,CU00004687,Classic,500000,7075.57,Active
CD00000014,CU00003432,Classic,100000,5791.93,Active
CD00000015,CU00001029,Classic,50000,7533.57,Active
CD00000016,CU00001609,Classic,200000,6799.69,Active
CD00000017,CU00000376,Gold,100000,4201.96,Active
CD00000018,CU00003940,Classic,200000,11614.94,Active
CD00000019,CU00003947,Classic,500000,34116.05,Active
CD00000020,CU00000244,Platinum,50000,3196.19,Active
CD00000021,CU00003876,Classic,100000,1974.33,Active
CD00000022,CU00002729,Business,350000,84825.88,Active
CD00000023,CU00001232,Gold,200000,61305.41,Active
CD00000024,CU00004528,Classic,100000,1483.96,Active
CD00000025,CU00001048,Gold,500000,13413.07,Active
CD00000026,CU00000689,Gold,350000,2011.28,Active
CD00000027,CU00002834,Gold,100000,7365.59,Active
CD00000028,CU00001919,Classic,500000,67372.52,Blocked
CD00000029,CU00004175,Business,350000,20421.9,Active
CD00000030,CU00000767,Platinum,50000,9429.89,Active
CD00000031,CU00001406,Platinum,200000,12102.31,Active
CD00000032,CU00001897,Platinum,500000,1822.02,Active
CD00000033,CU00004887,Business,200000,3166.78,Active
CD00000034,CU00004405,Platinum,350000,11419.0,Active
CD00000035,CU00004396,Platinum,50000,1231.59,Active
CD00000036,CU00000448,Business,200000,8399.35,Active
CD00000037,CU00003219,Platinum,100000,5398.28,Active
CD00000038,CU00003623,Classic,350000,13463.49,Active
CD00000039,CU00000536,Gold,350000,2808.44,Active
CD00000040,CU00003901,Business,350000,52296.13,Active
CD00000041,CU00002641,Classic,350000,5464.31,Active
CD00000042,CU00001345,Business,200000,30459.74,Active
CD00000043,CU00002877,Classic,350000,7204.47,Active
CD00000044,CU00001182,Business,200000,1750.66,Active
CD00000045,CU00001881,Classic,100000,7279.44,Active
CD00000046,CU00002852,Gold,350000,3727.62,Active
CD00000047,CU00002154,Classic,100000,28861.24,Active
CD00000048,CU00003188,Classic,200000,3533.55,Active
CD00000049,CU00002881,Gold,350000,15349.6,Active
CD00000050,CU00002900,Gold,200000,13430.54,Active
CD00000051,CU00004113,Gold,500000,11767.49,Active
CD00000052,CU00001337,Gold,200000,1623.54,Active
CD00000053,CU00002810,Classic,200000,6809.28,Active
CD00000054,CU00004198,Classic,500000,3866.89,Active
CD00000055,CU00004775,Platinum,50000,5187.39,Closed
CD00000056,CU00002270,Classic,50000,3013.96,Active
CD00000057,CU00000879,Platinum,200000,7963.08,Active
CD00000058,CU00000652,Business,350000,4726.58,Active
CD00000059,CU00003783,Classic,100000,21594.91,Active
CD00000060,CU00000828,Classic,100000,2667.34,Active
CD00000061,CU00000551,Platinum,50000,3497.22,Active
CD00000062,CU00001218,Platinum,350000,19899.37,Active
CD00000063,CU00000874,Platinum,500000,3163.62,Active
CD00000064,CU00003326,Classic,100000,4118.09,Active
CD00000065,CU00001193,Platinum,200000,17876.08,Active
CD00000066,CU00002343,Gold,100000,4400.95,Active
CD00000067,CU00001814,Business,200000,3727.36,Active
CD00000068,CU00001972,Classic,200000,1906.36,Active
CD00000069,CU00003122,Classic,50000,25919.62,Active
CD00000070,CU00001584,Classic,350000,3577.45,Active
CD00000071,CU00003445,Platinum,350000,7900.44,Active
CD00000072,CU00000236,Gold,500000,29098.84,Active
CD00000073,CU00001008,Gold,350000,7166.55,Active
CD00000074,CU00000455,Platinum,100000,45379.02,Active
CD00000075,CU00003763,Gold,100000,51695.04,Active
CD00000076,CU00004700,Gold,350000,35452.48,Active
CD00000077,CU00002859,Gold,200000,10997.1,Active
CD00000078,CU00000137,Gold,50000,10636.78,Active
CD00000079,CU00003515,Platinum,50000,26775.93,Active
CD00000080,CU00002677,Gold,50000,2065.66,Active
CD00000081,CU00002261,Classic,200000,5473.01,Active
CD00000082,CU00002368,Gold,200000,979.93,Active
CD00000083,CU00004197,Platinum,350000,28778.18,Active
CD00000084,CU00003291,Platinum,100000,174838.42,Active
CD00000085,CU00003254,Business,50000,8177.87,Active
CD00000086,CU00000510,Platinum,500000,4620.03,Active
CD00000087,CU00004122,Gold,200000,40508.89,Active
CD00000088,CU00002242,Platinum,50000,2575.39,Active
CD00000089,CU00003070,Classic,100000,7988.05,Active
CD00000090,CU00000014,Gold,350000,5393.08,Active
CD00000091,CU00003010,Gold,100000,74166.71,Active
CD00000092,CU00003762,Classic,50000,6724.18,Active
CD00000093,CU00001666,Platinum,500000,20594.17,Active
CD00000094,CU00002287,Platinum,50000,10104.89,Active
CD00000095,CU00001686,Classic,500000,20234.34,Active
CD00000096,CU00000650,Classic,200000,19578.69,Active
CD00000097,CU00001444,Platinum,200000,51878.61,Active
CD00000098,CU00003628,Platinum,50000,8861.72,Active
CD00000099,CU00001744,Platinum,350000,30870.44,Active
CD00000100,CU00003331,Classic,100000,4233.89,Active
CD00000101,CU00003036,Classic,200000,7140.54,Active
CD00000102,CU00004900,Business,200000,9412.09,Active
CD00000103,CU00004440,Classic,200000,2584.38,Active
CD00000104,CU00003129,Classic,350000,2954.98,Active
CD00000105,CU00004712,Classic,500000,7011.26,Active
CD00000106,CU00002926,Platinum,200000,35839.53,Active
CD00000107,CU00000045,Classic,50000,16774.75,Active
CD00000108,CU00003981,Platinum,500000,28527.74,Active
CD00000109,CU00000193,Classic,500000,8175.22,Active
CD00000110,CU00001239,Classic,500000,36257.18,Active
CD00000111,CU00002192,Platinum,50000,21577.77,Active
CD00000112,CU00002970,Business,350000,11987.63,Active
CD00000113,CU00000396,Platinum,200000,12591.03,Active
CD00000114,CU00001230,Classic,500000,4331.69,Active
CD00000115,CU00004012,Business,50000,29270.28,Active
CD00000116,CU00000231,Classic,350000,2273.03,Active
CD00000117,CU00004117,Classic,500000,30519.7,Active
CD00000118,CU00003405,Platinum,350000,7367.67,Active
CD00000119,CU00003534,Classic,100000,2243.13,Active
CD00000120,CU00001861,Platinum,350000,21002.23,Active
CD00000121,CU00002130,Platinum,500000,5211.53,Blocked
CD00000122,CU00003961,Classic,100000,69862.96,Active
CD00000123,CU00004027,Gold,500000,5250.46,Active
CD00000124,CU00002137,Classic,50000,6883.59,Active
CD00000125,CU00000566,Platinum,50000,12241.03,Active
CD00000126,CU00002718,Platinum,50000,24419.13,Active
CD00000127,CU00003192,Gold,350000,11350.41,Active
CD00000128,CU00002766,Business,500000,9641.87,Active
CD00000129,CU00000034,Gold,200000,2182.38,Active
CD00000130,CU00002312,Gold,50000,19741.84,Active
CD00000131,CU00002254,Platinum,100000,2158.74,Active
CD00000132,CU00002342,Gold,500000,3437.35,Active
CD00000133,CU00004439,Gold,350000,19170.91,Active
CD00000134,CU00004869,Classic,50000,8796.38,Active
CD00000135,CU00004594,Classic,350000,6379.55,Active
CD00000136,CU00001942,Gold,200000,5853.1,Active
CD00000137,CU00001081,Classic,500000,1922.98,Active
CD00000138,CU00000994,Platinum,50000,5305.58,Active
CD00000139,CU00004464,Gold,200000,2560.19,Active
CD00000140,CU00000639,Platinum,100000,58252.71,Active
CD00000141,CU00000637,Classic,50000,6989.73,Active
CD00000142,CU00003993,Classic,350000,5228.46,Active
CD00000143,CU00002135,Business,200000,21721.81,Active
CD00000144,CU00003457,Business,350000,11804.08,Active
CD00000145,CU00001923,Gold,350000,2810.75,Active
CD00000146,CU00000050,Gold,50000,11481.77,Active
CD00000147,CU00001413,Classic,500000,11980.58,Active
CD00000148,CU00001783,Platinum,50000,14498.56,Active
CD00000149,CU00001513,Platinum,100000,5573.25,Active
CD00000150,CU00000458,Platinum,50000,14681.53,Active
CD00000151,CU00000057,Classic,500000,11152.96,Active
CD00000152,CU00002354,Gold,100000,122988.27,Closed
CD00000153,CU00003495,Classic,500000,11775.61,Active
CD00000154,CU00004935,Business,200000,3166.67,Active
CD00000155,CU00000736,Platinum,50000,3345.19,Active
CD00000156,CU00001119,Classic,200000,13959.64,Active
CD00000157,CU00002586,Classic,100000,6124.28,Active
CD00000158,CU00002831,Platinum,200000,51773.5,Active
CD00000159,CU00000432,Gold,500000,36297.2,Active
CD00000160,CU00001322,Gold,100000,802.51,Active
CD00000161,CU00001047,Gold,200000,71842.97,Active
CD00000162,CU00004827,Business,350000,3375.14,Active
CD00000163,CU00003531,Business,50000,39651.19,Active
CD00000164,CU00003555,Classic,200000,6417.89,Active
CD00000165,CU00002636,Platinum,500000,4660.17,Active
CD00000166,CU00003982,Gold,50000,109625.65,Active
CD00000167,CU00003611,Platinum,100000,8799.79,Active
CD00000168,CU00004101,Platinum,500000,3256.89,Active
CD00000169,CU00004925,Classic,500000,5354.82,Active
CD00000170,CU00004445,Classic,500000,2250.61,Active
CD00000171,CU00001843,Classic,50000,11928.48,Active
CD00000172,CU00000344,Classic,350000,6078.8,Closed
CD00000173,CU00003394,Platinum,500000,7630.39,Active
CD00000174,CU00002727,Classic,500000,3108.51,Active
CD00000175,CU00001704,Classic,500000,30000.61,Active
CD00000176,CU00001059,Classic,500000,499.57,Active
CD00000177,CU00001659,Platinum,50000,13097.83,Active
CD00000178,CU00000830,Gold,350000,19359.92,Active
CD00000179,CU00004605,Classic,500000,7737.56,Active
CD00000180,CU00004810,Classic,350000,936.57,Active
CD00000181,CU00003713,Business,200000,21419.33,Active
CD00000182,CU00000363,Classic,500000,21736.28,Active
CD00000183,CU00004311,Classic,100000,2825.72,Active
CD00000184,CU00000470,Gold,200000,5133.82,Active
CD00000185,CU00000017,Business,350000,33048.6,Active
CD00000186,CU00003460,Platinum,350000,14640.43,Active
CD00000187,CU00002941,Gold,50000,68660.8,Closed
CD00000188,CU00004210,Gold,500000,2731.69,Active
CD00000189,CU00003046,Classic,50000,15101.0,Active
CD00000190,CU00001271,Classic,100000,8682.97,Active
CD00000191,CU00003537,Gold,350000,2224.25,Active
CD00000192,CU00004916,Classic,200000,24633.71,Active
CD00000193,CU00001978,Classic,100000,5224.82,Active
CD00000194,CU00000289,Classic,200000,1894.96,Active
CD00000195,CU00000709,Classic,350000,4579.8,Active
CD00000196,CU00004374,Classic,350000,26820.48,Active
CD00000197,CU00000283,Platinum,200000,60075.92,Active
CD00000198,CU00003634,Classic,500000,31728.17,Active
CD00000199,CU00001398,Classic,500000,3925.47,Active
CD00000200,CU00003136,Classic,200000,1669.65,Active
CD00000201,CU00001336,Platinum,350000,3399.54,Blocked
CD00000202,CU00000665,Gold,100000,4405.22,Blocked
CD00000203,CU00002982,Classic,100000,904.79,Active
CD00000204,CU00000664,Gold,50000,16758.03,Active
CD00000205,CU00002481,Classic,500000,30326.63,Active
CD00000206,CU00004488,Gold,500000,5694.35,Active
CD00000207,CU00004678,Gold,500000,15357.18,Active
CD00000208,CU00004744,Classic,100000,3174.38,Active
CD00000209,CU00003509,Classic,50000,29905.34,Active
CD00000210,CU00000479,Gold,500000,1874.41,Active
CD00000211,CU00003402,Classic,100000,2696.32,Active
CD00000212,CU00000651,Classic,500000,1854.85,Blocked
CD00000213,CU00000325,Platinum,100000,9421.88,Active
CD00000214,CU00004400,Platinum,350000,14576.55,Active
CD00000215,CU00004710,Platinum,50000,12528.83,Active
CD00000216,CU00000089,Gold,200000,3970.31,Active
CD00000217,CU00004230,Gold,100000,7816.94,Active
CD00000218,CU00000400,Gold,500000,9504.87,Active
CD00000219,CU00002569,Platinum,500000,6853.12,Active
CD00000220,CU00000598,Business,500000,9098.5,Active
CD00000221,CU00002120,Classic,50000,25353.6,Active
CD00000222,CU00004986,Classic,500000,3441.37,Active
CD00000223,CU00001369,Gold,200000,3602.54,Active
CD00000224,CU00000138,Classic,200000,23847.87,Active
CD00000225,CU00000009,Classic,100000,13114.71,Active
CD00000226,CU00000319,Classic,350000,10075.39,Active
CD00000227,CU00000610,Gold,200000,65327.63,Active
CD00000228,CU00001997,Platinum,100000,26091.56,Active
CD00000229,CU00000758,Classic,200000,3498.27,Active
CD00000230,CU00004703,Gold,50000,38073.3,Active
CD00000231,CU00003648,Classic,100000,2358.96,Active
CD00000232,CU00000763,Platinum,50000,6063.75,Active
CD00000233,CU00001305,Business,50000,2349.22,Active
CD00000234,CU00000711,Classic,500000,1040.14,Active
CD00000235,CU00004967,Classic,200000,1749.1,Active
CD00000236,CU00000607,Platinum,200000,855.5,Blocked
CD00000237,CU00001036,Classic,500000,3959.88,Active
CD00000238,CU00004401,Platinum,50000,3639.55,Active
CD00000239,CU00002762,Classic,200000,10566.64,Active
CD00000240,CU00004353,Platinum,350000,20335.66,Active
CD00000241,CU00004067,Classic,200000,32379.22,Blocked
CD00000242,CU00002311,Classic,200000,29336.42,Active
CD00000243,CU00003492,Gold,100000,6413.44,Active
CD00000244,CU00002187,Business,100000,7718.24,Active
CD00000245,CU00003630,Gold,350000,44941.64,Active
CD00000246,CU00003649,Platinum,350000,7719.56,Active
CD00000247,CU00002979,Platinum,500000,11793.69,Active
CD00000248,CU00003792,Gold,100000,4638.64,Active
CD00000249,CU00003741,Classic,500000,11386.25,Active
CD00000250,CU00002248,Classic,100000,15847.71,Active
CD00000251,CU00002752,Gold,500000,5512.08,Active
CD00000252,CU00000743,Business,100000,7435.24,Active
CD00000253,CU00002556,Gold,50000,21806.62,Active
CD00000254,CU00000948,Gold,50000,29036.42,Active
CD00000255,CU00000226,Gold,200000,37294.82,Active
CD00000256,CU00002761,Gold,200000,13662.82,Active
CD00000257,CU00002758,Classic,50000,8915.73,Active
CD00000258,CU00002272,Platinum,200000,8944.6,Active
CD00000259,CU00004046,Gold,100000,3009.78,Active
CD00000260,CU00001338,Classic,50000,1581.77,Active
CD00000261,CU00004366,Business,50000,21862.68,Active
CD00000262,CU00004854,Gold,50000,4792.73,Active
CD00000263,CU00001302,Gold,50000,4063.2,Active
CD00000264,CU00001400,Classic,500000,33882.13,Closed
CD00000265,CU00002784,Platinum,200000,15054.96,Active
CD00000266,CU00003684,Classic,500000,47592.4,Active
CD00000267,CU00004694,Platinum,100000,12049.47,Active
CD00000268,CU00001107,Business,350000,36851.27,Active
CD00000269,CU00004145,Business,50000,1980.31,Active
CD00000270,CU00002779,Gold,500000,4899.54,Active
CD00000271,CU00004092,Classic,100000,141606.69,Active
CD00000272,CU00000864,Gold,100000,7283.18,Active
CD00000273,CU00002991,Platinum,100000,14125.74,Active
CD00000274,CU00001624,Classic,100000,7790.5,Active
CD00000275,CU00004989,Classic,200000,6866.9,Active
CD00000276,CU00001346,Classic,50000,2585.44,Active
CD00000277,CU00001738,Classic,200000,35749.16,Blocked
CD00000278,CU00001603,Gold,200000,18717.36,Active
CD00000279,CU00000543,Classic,350000,4572.46,Active
CD00000280,CU00001841,Classic,100000,4443.97,Active
CD00000281,CU00003085,Platinum,50000,13549.0,Active
CD00000282,CU00000188,Classic,350000,2416.79,Active
CD00000283,CU00000777,Gold,50000,12248.14,Active
CD00000284,CU00000552,Gold,50000,10561.02,Active
CD00000285,CU00002453,Gold,50000,10436.4,Active
CD00000286,CU00002838,Platinum,500000,6155.04,Active
CD00000287,CU00003298,Classic,200000,2567.67,Active
CD00000288,CU00000096,Classic,500000,8073.34,Active
CD00000289,CU00002951,Classic,100000,960.54,Active
CD00000290,CU00001225,Classic,100000,835.69,Active
CD00000291,CU00004563,Classic,50000,3691.63,Active
CD00000292,CU00004174,Classic,50000,20572.09,Active
CD00000293,CU00000961,Classic,50000,5481.6,Active
CD00000294,CU00004891,Classic,350000,55715.45,Active
CD00000295,CU00002297,Classic,100000,11789.77,Blocked
CD00000296,CU00004802,Classic,100000,2873.41,Active
CD00000297,CU00001282,Classic,100000,6778.39,Active
CD00000298,CU00002835,Classic,350000,10722.91,Active
CD00000299,CU00002828,Platinum,500000,8379.71,Active
CD00000300,CU00001682,Gold,50000,6707.68,Active
CD00000301,CU00002346,Gold,350000,8284.27,Active
CD00000302,CU00001294,Gold,500000,9413.31,Active
CD00000303,CU00003825,Platinum,350000,9596.99,Active
CD00000304,CU00002082,Gold,200000,4531.98,Active
CD00000305,CU00001073,Classic,200000,6840.74,Active
CD00000306,CU00000492,Platinum,500000,18208.82,Active
CD00000307,CU00002565,Platinum,500000,6578.83,Active
CD00000308,CU00002855,Gold,350000,3345.64,Closed
CD00000309,CU00000938,Classic,350000,11216.31,Active
CD00000310,CU00000036,Classic,200000,28000.64,Active
CD00000311,CU00000677,Classic,200000,22335.95,Active
CD00000312,CU00004843,Classic,50000,5513.55,Active
CD00000313,CU00004670,Gold,100000,2442.85,Active
CD00000314,CU00001083,Business,50000,20696.47,Active
CD00000315,CU00003544,Gold,500000,10209.96,Active
CD00000316,CU00004685,Classic,50000,4202.07,Active
CD00000317,CU00003728,Platinum,50000,27391.96,Active
CD00000318,CU00000323,Gold,350000,11616.48,Active
CD00000319,CU00000445,Platinum,50000,20866.41,Active
CD00000320,CU00004512,Platinum,500000,10428.34,Active
CD00000321,CU00003032,Platinum,350000,6901.73,Active
CD00000322,CU00002826,Gold,200000,25225.13,Active
CD00000323,CU00001966,Platinum,100000,11870.45,Active
CD00000324,CU00000314,Classic,200000,19166.89,Active
CD00000325,CU00001252,Classic,350000,24045.75,Active
CD00000326,CU00002553,Classic,200000,33628.74,Active
CD00000327,CU00000208,Gold,350000,6937.19,Active
CD00000328,CU00001534,Platinum,50000,4071.9,Active
CD00000329,CU00001438,Business,500000,14745.42,Active
CD00000330,CU00000714,Business,50000,16066.01,Active
CD00000331,CU00002385,Classic,50000,53829.37,Active
CD00000332,CU00001937,Business,50000,2200.54,Active
CD00000333,CU00002749,Platinum,100000,1638.45,Active
CD00000334,CU00001432,Classic,100000,18849.14,Active
CD00000335,CU00002474,Gold,100000,8386.89,Active
CD00000336,CU00002413,Gold,200000,5891.29,Active
CD00000337,CU00003808,Classic,500000,6257.65,Active
CD00000338,CU00001754,Gold,200000,12012.52,Active
CD00000339,CU00000747,Classic,350000,7779.07,Active
CD00000340,CU00003340,Gold,350000,5642.1,Active
CD00000341,CU00004100,Classic,200000,3755.51,Active
CD00000342,CU00003525,Platinum,500000,11323.0,Active
CD00000343,CU00004689,Classic,500000,8455.63,Active
CD00000344,CU00003444,Gold,200000,6427.06,Active
CD00000345,CU00000490,Classic,50000,4576.92,Active
CD00000346,CU00002989,Platinum,500000,15185.78,Active
CD00000347,CU00000722,Gold,200000,23339.36,Active
CD00000348,CU00000386,Gold,50000,9040.09,Active
CD00000349,CU00002070,Platinum,200000,15631.37,Closed
CD00000350,CU00001026,Classic,350000,11479.71,Active
CD00000351,CU00001509,Gold,100000,22228.63,Active
CD00000352,CU00001683,Classic,50000,22761.87,Active
CD00000353,CU00001964,Platinum,350000,341.07,Active
CD00000354,CU00000260,Gold,50000,23714.54,Active
CD00000355,CU00000205,Gold,200000,13149.14,Active
CD00000356,CU00000302,Classic,200000,1177.17,Active
CD00000357,CU00003337,Classic,350000,91492.71,Active
CD00000358,CU00000402,Platinum,100000,4760.72,Active
CD00000359,CU00003524,Classic,50000,61010.14,Active
CD00000360,CU00001949,Platinum,500000,14301.82,Active
CD00000361,CU00000813,Platinum,500000,25887.08,Blocked
CD00000362,CU00004189,Classic,350000,14377.74,Active
CD00000363,CU00001174,Gold,200000,20199.98,Active
CD00000364,CU00004545,Platinum,100000,7202.1,Active
CD00000365,CU00000300,Platinum,200000,50444.54,Active
CD00000366,CU00000626,Gold,200000,5500.65,Active
CD00000367,CU00002839,Classic,350000,3711.12,Active
CD00000368,CU00004507,Gold,200000,12467.34,Active
CD00000369,CU00004088,Classic,500000,3005.5,Closed
CD00000370,CU00001511,Gold,500000,9930.84,Active
CD00000371,CU00001630,Platinum,500000,7643.04,Active
CD00000372,CU00002567,Classic,100000,11949.71,Active
CD00000373,CU00004456,Gold,50000,1353.1,Active
CD00000374,CU00003971,Classic,500000,4102.68,Active
CD00000375,CU00004286,Platinum,100000,20611.9,Active
CD00000376,CU00001678,Classic,500000,13275.56,Blocked
CD00000377,CU00004928,Platinum,50000,31866.88,Active
CD00000378,CU00002712,Classic,50000,11648.4,Active
CD00000379,CU00002323,Gold,50000,30339.52,Active
CD00000380,CU00000070,Platinum,50000,3243.72,Active
CD00000381,CU00000860,Gold,100000,163950.37,Active
CD00000382,CU00001628,Classic,100000,9393.41,Active
CD00000383,CU00000692,Classic,100000,10058.14,Active
CD00000384,CU00002455,Gold,350000,12776.71,Active
CD00000385,CU00000429,Platinum,350000,34771.33,Closed
CD00000386,CU00002723,Gold,50000,7279.93,Active
CD00000387,CU00000768,Classic,200000,32799.51,Active
CD00000388,CU00004361,Gold,50000,11355.29,Blocked
CD00000389,CU00002142,Platinum,500000,9492.22,Active
CD00000390,CU00002775,Classic,500000,682.0,Active
CD00000391,CU00001865,Gold,350000,7321.21,Active
CD00000392,CU00000313,Business,50000,8721.45,Active
CD00000393,CU00002033,Gold,50000,18370.83,Active
CD00000394,CU00004893,Platinum,500000,31875.28,Active
CD00000395,CU00002948,Gold,200000,33111.17,Active
CD00000396,CU00004280,Classic,200000,8638.13,Active
CD00000397,CU00003468,Gold,200000,35923.11,Blocked
CD00000398,CU00004161,Platinum,200000,8118.65,Active
CD00000399,CU00004008,Classic,100000,1438.01,Active
CD00000400,CU00000553,Classic,100000,12401.41,Active
CD00000401,CU00002084,Business,50000,24029.53,Active
CD00000402,CU00001352,Platinum,350000,2477.45,Active
CD00000403,CU00002314,Platinum,100000,2915.91,Active
CD00000404,CU00001877,Business,100000,46710.75,Active
CD00000405,CU00003351,Classic,200000,2790.49,Active
CD00000406,CU00002600,Platinum,350000,5421.06,Active
CD00000407,CU00000581,Gold,500000,6537.82,Active
CD00000408,CU00000338,Platinum,500000,6923.73,Active
CD00000409,CU00002490,Platinum,200000,16730.89,Active
CD00000410,CU00001373,Business,350000,5125.81,Active
CD00000411,CU00000016,Business,200000,4664.99,Active
CD00000412,CU00002426,Business,500000,17228.78,Active
CD00000413,CU00003587,Classic,350000,7360.11,Active
CD00000414,CU00002427,Classic,500000,10119.17,Active
CD00000415,CU00002814,Platinum,500000,6516.53,Active
CD00000416,CU00003125,Classic,350000,68631.15,Active
CD00000417,CU00002371,Business,100000,3353.49,Active
CD00000418,CU00004385,Classic,50000,17040.78,Active
CD00000419,CU00004291,Gold,350000,350.88,Active
CD00000420,CU00004357,Classic,500000,146523.52,Active
CD00000421,CU00003396,Classic,200000,23712.5,Active
CD00000422,CU00004010,Classic,350000,9351.47,Active
CD00000423,CU00004846,Classic,50000,7053.57,Active
CD00000424,CU00000424,Classic,100000,1494.69,Active
CD00000425,CU00000947,Classic,100000,7414.11,Active
CD00000426,CU00000073,Gold,100000,21624.95,Active
CD00000427,CU00003864,Classic,100000,16913.0,Active
CD00000428,CU00000968,Classic,500000,12083.53,Active
CD00000429,CU00000377,Classic,100000,5135.42,Active
CD00000430,CU00001158,Classic,500000,4510.39,Active
CD00000431,CU00003439,Classic,50000,23716.54,Active
CD00000432,CU00004884,Platinum,200000,17109.54,Active
CD00000433,CU00000527,Gold,200000,14029.99,Active
CD00000434,CU00004308,Classic,200000,4661.2,Active
CD00000435,CU00003893,Classic,200000,31268.53,Active
CD00000436,CU00003474,Classic,100000,7890.31,Blocked
CD00000437,CU00001774,Gold,500000,1411.69,Active
CD00000438,CU00000509,Business,200000,13331.74,Active
CD00000439,CU00003306,Gold,500000,5925.13,Active
CD00000440,CU00003953,Classic,50000,3332.23,Active
CD00000441,CU00003738,Classic,50000,9551.22,Active
CD00000442,CU00000001,Classic,50000,2012.93,Active
CD00000443,CU00000647,Platinum,500000,4977.36,Active
CD00000444,CU00002066,Classic,500000,25435.3,Active
CD00000445,CU00001903,Gold,50000,3033.81,Active
CD00000446,CU00002609,Platinum,350000,1738.27,Active
CD00000447,CU00000420,Gold,500000,126178.52,Active
CD00000448,CU00000538,Platinum,50000,11410.87,Active
CD00000449,CU00000312,Gold,50000,5885.7,Active
CD00000450,CU00003887,Business,200000,18849.54,Active
CD00000451,CU00001638,Classic,500000,35055.89,Active
CD00000452,CU00002313,Classic,50000,1166.28,Active
CD00000453,CU00000110,Classic,50000,4786.7,Active
CD00000454,CU00002408,Gold,100000,2984.34,Blocked
CD00000455,CU00004970,Classic,500000,8460.56,Active
CD00000456,CU00003050,Gold,500000,9914.21,Active
CD00000457,CU00003015,Gold,200000,1255.22,Active
CD00000458,CU00000496,Platinum,350000,17022.77,Active
CD00000459,CU00001541,Gold,100000,8076.67,Active
CD00000460,CU00001724,Gold,350000,5388.47,Active
CD00000461,CU00000176,Classic,500000,16623.73,Active
CD00000462,CU00002572,Gold,200000,21043.28,Active
CD00000463,CU00004169,Gold,350000,4642.76,Active
CD00000464,CU00003985,Platinum,50000,5676.38,Active
CD00000465,CU00002783,Classic,200000,12009.37,Active
CD00000466,CU00002998,Platinum,50000,14168.82,Active
CD00000467,CU00004005,Classic,100000,21280.42,Active
CD00000468,CU00003772,Classic,500000,946.19,Active
CD00000469,CU00004527,Gold,500000,15185.08,Active
CD00000470,CU00003123,Classic,200000,6679.32,Active
CD00000471,CU00002043,Classic,500000,6501.57,Active
CD00000472,CU00001766,Platinum,100000,3013.27,Active
CD00000473,CU00001786,Business,350000,108787.16,Active
CD00000474,CU00004471,Business,50000,16561.82,Active
CD00000475,CU00001518,Gold,50000,21848.25,Active
CD00000476,CU00004037,Business,500000,7843.11,Active
CD00000477,CU00003376,Gold,200000,4867.18,Active
CD00000478,CU00001326,Gold,200000,2400.81,Active
CD00000479,CU00003412,Business,350000,30436.64,Active
CD00000480,CU00001869,Gold,200000,14769.27,Active
CD00000481,CU00004904,Business,100000,10857.47,Active
CD00000482,CU00004962,Platinum,50000,21040.14,Active
CD00000483,CU00004651,Platinum,500000,44865.45,Active
CD00000484,CU00000690,Gold,50000,31517.13,Active
CD00000485,CU00004875,Gold,50000,52819.56,Active
CD00000486,CU00004714,Platinum,350000,8150.16,Active
CD00000487,CU00002943,Gold,500000,8161.1,Active
CD00000488,CU00000978,Platinum,50000,6022.32,Active
CD00000489,CU00003253,Classic,50000,23543.17,Active
CD00000490,CU00000352,Classic,350000,16900.28,Active
CD00000491,CU00001273,Classic,100000,5022.9,Active
CD00000492,CU00003097,Classic,500000,14892.47,Active
CD00000493,CU00004434,Classic,350000,821.99,Active
CD00000494,CU00002976,Platinum,500000,15011.72,Active
CD00000495,CU00003255,Classic,500000,14453.75,Active
CD00000496,CU00004614,Business,500000,44371.84,Active
CD00000497,CU00004923,Classic,100000,5568.29,Active
CD00000498,CU00000877,Gold,50000,6481.15,Active
CD00000499,CU00003307,Gold,100000,5316.07,Active
CD00000500,CU00001370,Classic,350000,10673.3,Active
CD00000501,CU00001687,Gold,350000,25031.92,Active
CD00000502,CU00000129,Classic,50000,43571.6,Active
CD00000503,CU00003535,Business,200000,15464.57,Active
CD00000504,CU00001636,Classic,350000,40603.03,Closed
CD00000505,CU00001835,Platinum,200000,6170.03,Active
CD00000506,CU00000349,Gold,50000,7039.64,Active
CD00000507,CU00000909,Classic,50000,10671.66,Active
CD00000508,CU00004031,Platinum,200000,8949.32,Active
CD00000509,CU00001856,Platinum,500000,77663.05,Blocked
CD00000510,CU00003997,Gold,500000,11483.78,Active
CD00000511,CU00002868,Gold,200000,11416.72,Active
CD00000512,CU00001598,Platinum,500000,9026.29,Active
CD00000513,CU00004971,Classic,50000,20867.38,Active
CD00000514,CU00000438,Platinum,500000,25136.74,Active
CD00000515,CU00004173,Gold,200000,13464.29,Closed
CD00000516,CU00000207,Classic,350000,4164.46,Active
CD00000517,CU00002678,Classic,100000,4938.65,Active
CD00000518,CU00004063,Business,50000,4087.27,Active
CD00000519,CU00001871,Business,50000,16088.99,Active
CD00000520,CU00001033,Classic,200000,2901.76,Closed
CD00000521,CU00003574,Classic,500000,46738.11,Active
CD00000522,CU00002724,Classic,100000,9952.34,Active
CD00000523,CU00000854,Gold,100000,6078.4,Active
CD00000524,CU00004862,Classic,100000,375.37,Active
CD00000525,CU00000593,Platinum,100000,4884.1,Active
CD00000526,CU00004874,Gold,100000,37195.18,Active
CD00000527,CU00004108,Gold,200000,6902.81,Active
CD00000528,CU00004214,Classic,200000,6910.97,Active
CD00000529,CU00004137,Gold,500000,14687.65,Active
CD00000530,CU00000631,Platinum,500000,1111.75,Active
CD00000531,CU00001504,Business,50000,8192.47,Active
CD00000532,CU00002576,Gold,350000,3602.65,Active
CD00000533,CU00003948,Gold,100000,11103.75,Active
CD00000534,CU00003308,Classic,50000,44318.33,Active
CD00000535,CU00001317,Platinum,100000,3057.07,Active
CD00000536,CU00002513,Platinum,500000,64032.55,Active
CD00000537,CU00001067,Classic,200000,5843.54,Active
CD00000538,CU00000526,Gold,100000,28305.98,Active
CD00000539,CU00004702,Gold,50000,15168.68,Active
CD00000540,CU00003685,Platinum,500000,4793.64,Active
CD00000541,CU00003870,Gold,500000,1519.78,Active
CD00000542,CU00004274,Gold,500000,3915.31,Active
CD00000543,CU00003617,Classic,500000,26552.45,Active
CD00000544,CU00000904,Classic,100000,8958.94,Active
CD00000545,CU00000819,Classic,200000,7048.5,Active
CD00000546,CU00004073,Classic,200000,955.26,Active
CD00000547,CU00003558,Platinum,350000,2974.36,Active
CD00000548,CU00002374,Classic,50000,6515.64,Active
CD00000549,CU00001360,Gold,500000,5909.01,Active
CD00000550,CU00000547,Gold,500000,5922.46,Active
CD00000551,CU00004858,Gold,50000,2447.79,Active
CD00000552,CU00003043,Classic,200000,6123.28,Active
CD00000553,CU00003374,Classic,50000,3248.44,Active
CD00000554,CU00003487,Classic,100000,13726.56,Active
CD00000555,CU00003328,Gold,350000,38839.27,Active
CD00000556,CU00004899,Gold,500000,92111.47,Active
CD00000557,CU00000862,Platinum,350000,69132.8,Active
CD00000558,CU00003411,Business,50000,15369.0,Active
CD00000559,CU00003214,Classic,200000,53147.13,Active
CD00000560,CU00003882,Business,500000,17259.49,Active
CD00000561,CU00000732,Classic,50000,8450.2,Active
CD00000562,CU00000852,Classic,100000,9144.69,Active
CD00000563,CU00004077,Classic,350000,3542.23,Active
CD00000564,CU00002424,Classic,350000,5562.28,Active
CD00000565,CU00002229,Gold,50000,1380.11,Active
CD00000566,CU00004356,Gold,500000,14200.17,Active
CD00000567,CU00004796,Gold,50000,55305.37,Active
CD00000568,CU00002232,Classic,200000,18109.03,Active
CD00000569,CU00001129,Platinum,350000,21165.12,Active
CD00000570,CU00003065,Classic,500000,6900.51,Active
CD00000571,CU00001711,Gold,50000,17672.5,Active
CD00000572,CU00002450,Gold,350000,86592.08,Active
CD00000573,CU00001644,Classic,200000,16907.78,Active
CD00000574,CU00002594,Classic,100000,6275.88,Active
CD00000575,CU00004720,Classic,100000,46793.74,Active
CD00000576,CU00002648,Classic,50000,17863.89,Active
CD00000577,CU00004339,Platinum,200000,2060.18,Active
CD00000578,CU00003168,Classic,350000,6068.18,Active
CD00000579,CU00002949,Gold,100000,12017.82,Active
CD00000580,CU00001521,Classic,500000,11279.17,Active
CD00000581,CU00002471,Gold,200000,4866.37,Active
CD00000582,CU00001838,Platinum,100000,2704.97,Active
CD00000583,CU00000942,Classic,50000,21707.19,Active
CD00000584,CU00000250,Classic,200000,10128.31,Active
CD00000585,CU00000842,Gold,200000,8390.14,Active
CD00000586,CU00000582,Classic,200000,11184.85,Active
CD00000587,CU00002797,Gold,100000,4024.3,Active
CD00000588,CU00004242,Gold,500000,13471.34,Active
CD00000589,CU00000876,Gold,50000,7391.54,Active
CD00000590,CU00000128,Gold,500000,179310.7,Active
CD00000591,CU00003677,Platinum,350000,36035.69,Active
CD00000592,CU00002816,Classic,200000,84679.65,Active
CD00000593,CU00004023,Platinum,100000,7974.69,Active
CD00000594,CU00003014,Gold,200000,959.66,Blocked
CD00000595,CU00003986,Gold,500000,30025.83,Active
CD00000596,CU00003404,Gold,100000,18561.41,Active
CD00000597,CU00003519,Gold,50000,8903.69,Active
CD00000598,CU00000633,Classic,50000,17007.85,Active
CD00000599,CU00003256,Platinum,350000,189616.09,Active
CD00000600,CU00001795,Classic,200000,55516.9,Active
CD00000601,CU00002155,Classic,350000,5476.75,Active
CD00000602,CU00003934,Classic,50000,12386.47,Active
CD00000603,CU00001216,Classic,500000,8097.65,Active
CD00000604,CU00002468,Classic,200000,1114.41,Active
CD00000605,CU00000505,Gold,50000,33264.29,Active
CD00000606,CU00001466,Platinum,350000,3027.93,Closed
CD00000607,CU00001258,Gold,500000,4864.64,Active
CD00000608,CU00001694,Classic,200000,15921.51,Active
CD00000609,CU00002646,Classic,50000,21811.8,Active
CD00000610,CU00002968,Classic,50000,21308.23,Active
CD00000611,CU00003264,Platinum,350000,6678.03,Closed
CD00000612,CU00000242,Gold,350000,4024.04,Closed
CD00000613,CU00003757,Platinum,350000,39613.65,Active
CD00000614,CU00001457,Classic,50000,18547.19,Active
CD00000615,CU00003475,Classic,100000,4538.83,Active
CD00000616,CU00004889,Classic,500000,27531.79,Active
CD00000617,CU00002422,Business,50000,1037.87,Active
CD00000618,CU00001681,Classic,350000,45624.56,Active
CD00000619,CU00004615,Classic,500000,2622.69,Active
CD00000620,CU00000161,Gold,50000,41085.35,Active
CD00000621,CU00002484,Platinum,50000,19323.72,Active
CD00000622,CU00003196,Classic,500000,2219.99,Active
CD00000623,CU00001731,Gold,100000,35714.49,Active
CD00000624,CU00000228,Gold,100000,1223.71,Active
CD00000625,CU00001832,Gold,100000,21943.87,Active
CD00000626,CU00004194,Platinum,100000,13775.88,Active
CD00000627,CU00001049,Classic,200000,5424.4,Active
CD00000628,CU00002107,Platinum,50000,3501.69,Active
CD00000629,CU00003310,Gold,100000,16079.41,Active
CD00000630,CU00002984,Platinum,50000,19773.44,Active
CD00000631,CU00002841,Platinum,100000,40031.53,Active
CD00000632,CU00003941,Platinum,350000,4745.92,Active
CD00000633,CU00003101,Platinum,100000,4412.34,Active
CD00000634,CU00001178,Business,200000,2126.59,Active
CD00000635,CU00001836,Gold,50000,3189.37,Active
CD00000636,CU00000986,Gold,50000,4041.11,Active
CD00000637,CU00001739,Gold,100000,10357.49,Active
CD00000638,CU00004033,Classic,200000,27074.17,Closed
CD00000639,CU00003706,Platinum,100000,6775.38,Active
CD00000640,CU00000197,Gold,350000,3299.52,Active
CD00000641,CU00003973,Classic,500000,1578.38,Active
CD00000642,CU00000011,Business,100000,13204.79,Active
CD00000643,CU00001514,Classic,200000,24173.18,Active
CD00000644,CU00003459,Platinum,50000,5273.36,Active
CD00000645,CU00004966,Business,350000,28015.72,Active
CD00000646,CU00002535,Classic,50000,39322.07,Active
CD00000647,CU00000971,Classic,100000,11788.82,Active
CD00000648,CU00004255,Business,50000,6685.69,Active
CD00000649,CU00002388,Gold,200000,2867.86,Active
CD00000650,CU00002012,Classic,50000,1044.23,Active
CD00000651,CU00004820,Classic,350000,61226.19,Active
CD00000652,CU00004254,Gold,100000,134387.82,Active
CD00000653,CU00003858,Gold,350000,36192.04,Active
CD00000654,CU00001057,Classic,350000,2097.29,Active
CD00000655,CU00000757,Classic,100000,942.44,Active
CD00000656,CU00001097,Platinum,200000,6737.93,Active
CD00000657,CU00003664,Platinum,100000,7126.03,Active
CD00000658,CU00004600,Gold,100000,4179.73,Active
CD00000659,CU00002624,Classic,50000,47023.0,Active
CD00000660,CU00001641,Gold,500000,8732.24,Active
CD00000661,CU00002109,Classic,500000,12421.74,Active
CD00000662,CU00001261,Classic,50000,722.47,Active
CD00000663,CU00003110,Classic,100000,3824.32,Active
CD00000664,CU00002655,Classic,350000,1881.27,Active
CD00000665,CU00004146,Gold,500000,14013.4,Active
CD00000666,CU00000654,Platinum,200000,6066.24,Active
CD00000667,CU00001734,Platinum,350000,92280.66,Active
CD00000668,CU00004721,Gold,500000,30820.34,Active
CD00000669,CU00003615,Platinum,100000,14297.55,Active
CD00000670,CU00003800,Gold,350000,62740.14,Active
CD00000671,CU00000092,Platinum,100000,14977.26,Active
CD00000672,CU00001163,Platinum,100000,66611.72,Active
CD00000673,CU00001555,Platinum,100000,56629.9,Active
CD00000674,CU00002344,Gold,200000,10727.64,Active
CD00000675,CU00004437,Classic,50000,2393.47,Active
CD00000676,CU00004345,Classic,100000,11096.77,Active
CD00000677,CU00002404,Platinum,50000,10989.32,Active
CD00000678,CU00000143,Classic,350000,2401.64,Active
CD00000679,CU00001311,Gold,50000,18250.6,Active
CD00000680,CU00001224,Classic,50000,130814.29,Active
CD00000681,CU00003613,Classic,100000,19545.52,Active
CD00000682,CU00001324,Classic,350000,9028.99,Active
CD00000683,CU00003579,Gold,100000,20314.08,Active
CD00000684,CU00002397,Gold,50000,41916.16,Active
CD00000685,CU00000468,Gold,500000,18644.16,Active
CD00000686,CU00004018,Classic,50000,1548.7,Active
CD00000687,CU00004936,Business,50000,5002.47,Active
CD00000688,CU00003516,Classic,50000,4035.86,Active
CD00000689,CU00004351,Business,500000,11610.34,Active
CD00000690,CU00002623,Gold,200000,30417.61,Active
CD00000691,CU00004835,Classic,500000,35843.53,Active
CD00000692,CU00003260,Platinum,100000,11224.93,Active
CD00000693,CU00004541,Classic,200000,1613.43,Active
CD00000694,CU00004049,Classic,500000,25866.59,Active
CD00000695,CU00002627,Gold,100000,1394.52,Closed
CD00000696,CU00001027,Business,100000,6247.79,Active
CD00000697,CU00001303,Gold,500000,15634.37,Active
CD00000698,CU00000729,Platinum,500000,483.5,Closed
CD00000699,CU00000935,Gold,200000,24070.9,Active
CD00000700,CU00000625,Gold,200000,7980.22,Active
CD00000701,CU00000407,Classic,200000,7567.19,Active
CD00000702,CU00001846,Gold,50000,38553.08,Active
CD00000703,CU00003698,Classic,200000,2963.03,Active
CD00000704,CU00003716,Classic,100000,17244.97,Active
CD00000705,CU00000356,Classic,100000,5104.02,Active
CD00000706,CU00000656,Gold,500000,42164.43,Active
CD00000707,CU00000391,Gold,350000,2806.95,Active
CD00000708,CU00004083,Classic,500000,2996.68,Active
CD00000709,CU00004338,Gold,200000,17533.33,Active
CD00000710,CU00003449,Classic,350000,83394.48,Active
CD00000711,CU00004790,Classic,100000,30782.07,Active
CD00000712,CU00002486,Classic,100000,27070.95,Active
CD00000713,CU00000866,Classic,350000,25282.04,Active
CD00000714,CU00003657,Gold,100000,27351.07,Active
CD00000715,CU00004798,Platinum,50000,60677.53,Active
CD00000716,CU00000643,Platinum,200000,25480.22,Active
CD00000717,CU00004278,Classic,100000,6918.7,Active
CD00000718,CU00000145,Classic,350000,28498.24,Active
CD00000719,CU00004734,Gold,500000,6560.31,Active
CD00000720,CU00003197,Business,500000,41724.5,Active
CD00000721,CU00004496,Classic,100000,7329.4,Active
CD00000722,CU00004806,Classic,50000,1737.57,Active
CD00000723,CU00000640,Gold,350000,3241.89,Active
CD00000724,CU00001668,Classic,200000,4872.68,Active
CD00000725,CU00000794,Gold,500000,13931.02,Closed
CD00000726,CU00000770,Gold,500000,30724.14,Active
CD00000727,CU00004815,Classic,500000,14808.58,Active
CD00000728,CU00003134,Classic,50000,5880.8,Active
CD00000729,CU00000114,Platinum,350000,3486.0,Active
CD00000730,CU00003379,Gold,50000,8849.84,Active
CD00000731,CU00003933,Platinum,200000,4869.57,Active
CD00000732,CU00004515,Platinum,500000,4936.52,Active
CD00000733,CU00001223,Classic,100000,10516.67,Active
CD00000734,CU00001095,Platinum,350000,8803.75,Active
CD00000735,CU00001961,Classic,50000,4754.28,Active
CD00000736,CU00004136,Business,100000,1092.86,Active
CD00000737,CU00003387,Classic,100000,4549.1,Active
CD00000738,CU00004844,Classic,50000,9727.7,Active
CD00000739,CU00001661,Gold,200000,22838.87,Active
CD00000740,CU00003699,Classic,200000,6787.55,Active
CD00000741,CU00001982,Classic,100000,5910.38,Active
CD00000742,CU00000234,Gold,350000,7015.25,Active
CD00000743,CU00000855,Gold,200000,27107.12,Active
CD00000744,CU00004225,Gold,100000,4874.37,Active
CD00000745,CU00003383,Gold,350000,129687.41,Active
CD00000746,CU00004358,Classic,50000,4448.9,Active
CD00000747,CU00002963,Gold,100000,26295.12,Active
CD00000748,CU00000465,Platinum,100000,11144.51,Active
CD00000749,CU00002694,Gold,500000,11534.6,Active
CD00000750,CU00000233,Business,500000,3361.62,Active
CD00000751,CU00000795,Classic,100000,3076.42,Active
CD00000752,CU00004579,Gold,50000,1882.74,Active
CD00000753,CU00004016,Business,200000,8709.61,Active
CD00000754,CU00002958,Classic,100000,4651.03,Active
CD00000755,CU00000544,Platinum,200000,25325.13,Active
CD00000756,CU00004360,Classic,500000,2964.9,Active
CD00000757,CU00001615,Gold,100000,4516.84,Active
CD00000758,CU00001208,Platinum,200000,15867.66,Active
CD00000759,CU00000489,Gold,50000,2469.96,Active
CD00000760,CU00003974,Business,100000,19440.19,Active
CD00000761,CU00002674,Classic,100000,30205.82,Active
CD00000762,CU00002172,Platinum,200000,6667.7,Active
CD00000763,CU00002076,Business,350000,15594.32,Active
CD00000764,CU00000872,Platinum,500000,3110.37,Active
CD00000765,CU00000027,Gold,500000,1853.43,Active
CD00000766,CU00002335,Classic,50000,137874.52,Active
CD00000767,CU00000894,Platinum,500000,1567.15,Active
CD00000768,CU00000875,Gold,500000,6327.97,Active
CD00000769,CU00000263,Classic,500000,3979.49,Active
CD00000770,CU00003541,Classic,50000,7706.74,Active
CD00000771,CU00004863,Gold,350000,12867.82,Active
CD00000772,CU00003111,Gold,200000,13878.85,Active
CD00000773,CU00000024,Gold,100000,35179.96,Active
CD00000774,CU00004231,Classic,100000,32835.74,Active
CD00000775,CU00000591,Gold,350000,4221.41,Blocked
CD00000776,CU00002367,Classic,500000,14200.8,Active
CD00000777,CU00002175,Gold,200000,2425.43,Active
CD00000778,CU00000076,Gold,200000,3087.04,Active
CD00000779,CU00004253,Classic,100000,4165.5,Active
CD00000780,CU00004701,Platinum,500000,11488.84,Active
CD00000781,CU00001553,Classic,350000,2053.37,Active
CD00000782,CU00003872,Business,500000,27485.62,Active
CD00000783,CU00004277,Gold,350000,20002.87,Active
CD00000784,CU00001140,Classic,200000,27261.84,Active
CD00000785,CU00003967,Gold,200000,46532.76,Active
CD00000786,CU00001586,Platinum,50000,9122.4,Active
CD00000787,CU00000941,Business,50000,3345.54,Blocked
CD00000788,CU00004770,Platinum,100000,3810.04,Active
CD00000789,CU00004177,Classic,100000,5965.8,Active
CD00000790,CU00001152,Classic,100000,41050.84,Active
CD00000791,CU00000804,Classic,200000,3287.57,Active
CD00000792,CU00003147,Platinum,50000,3705.91,Active
CD00000793,CU00001489,Gold,100000,19180.48,Active
CD00000794,CU00004661,Gold,50000,17841.67,Active
CD00000795,CU00000570,Classic,200000,26400.83,Active
CD00000796,CU00000280,Classic,100000,8026.17,Active
CD00000797,CU00000355,Classic,50000,50312.38,Active
CD00000798,CU00002618,Classic,50000,6254.1,Active
CD00000799,CU00004675,Platinum,100000,109476.12,Active
CD00000800,CU00003902,Platinum,100000,20602.76,Active
CD00000801,CU00004420,Gold,100000,2714.32,Active
CD00000802,CU00001577,Gold,200000,68687.86,Active
CD00000803,CU00000797,Gold,200000,13058.63,Active
CD00000804,CU00004961,Classic,50000,12806.4,Active
CD00000805,CU00000991,Classic,500000,7907.9,Active
CD00000806,CU00000434,Classic,200000,35741.87,Active
CD00000807,CU00004634,Classic,500000,3025.09,Active
CD00000808,CU00002085,Gold,50000,2212.56,Active
CD00000809,CU00004931,Classic,500000,2643.29,Active
CD00000810,CU00001256,Classic,200000,6253.82,Active
CD00000811,CU00002713,Platinum,100000,13271.33,Active
CD00000812,CU00002672,Gold,100000,1180.01,Active
CD00000813,CU00004465,Platinum,100000,8647.12,Active
CD00000814,CU00002016,Classic,500000,19060.29,Active
CD00000815,CU00001094,Platinum,50000,27555.99,Active
CD00000816,CU00001249,Gold,200000,14584.46,Active
CD00000817,CU00002924,Gold,50000,10917.34,Active
CD00000818,CU00003184,Classic,500000,1114.66,Active
CD00000819,CU00000395,Platinum,50000,8294.52,Active
CD00000820,CU00001099,Classic,500000,5709.01,Active
CD00000821,CU00001134,Gold,200000,8397.98,Active
CD00000822,CU00001142,Classic,500000,3838.82,Active
CD00000823,CU00001297,Gold,350000,8072.52,Active
CD00000824,CU00001965,Gold,350000,4098.23,Active
CD00000825,CU00003760,Classic,500000,14807.28,Active
CD00000826,CU00001558,Gold,350000,5586.46,Active
CD00000827,CU00001664,Gold,200000,6823.9,Active
CD00000828,CU00003489,Classic,100000,2302.32,Active
CD00000829,CU00003277,Gold,100000,10567.32,Active
CD00000830,CU00004116,Platinum,50000,2461.4,Active
CD00000831,CU00002009,Classic,200000,3135.8,Active
CD00000832,CU00001868,Classic,100000,8688.44,Active
CD00000833,CU00001516,Platinum,350000,131104.7,Active
CD00000834,CU00000792,Gold,350000,19036.47,Blocked
CD00000835,CU00003131,Business,500000,143860.61,Active
CD00000836,CU00001562,Classic,100000,3498.58,Active
CD00000837,CU00000642,Classic,200000,22230.35,Blocked
CD00000838,CU00001570,Gold,500000,2563.63,Active
CD00000839,CU00004447,Classic,200000,2476.48,Active
CD00000840,CU00000600,Platinum,50000,43392.59,Active
CD00000841,CU00000004,Classic,350000,58416.18,Blocked
CD00000842,CU00003483,Classic,50000,2561.96,Active
CD00000843,CU00002116,Gold,100000,9127.56,Active
CD00000844,CU00000435,Classic,350000,3366.14,Active
CD00000845,CU00004729,Gold,100000,17320.28,Active
CD00000846,CU00002705,Business,200000,5367.31,Active
CD00000847,CU00002483,Classic,200000,5722.6,Active
CD00000848,CU00003438,Classic,100000,68903.92,Active
CD00000849,CU00004134,Classic,50000,2809.43,Active
CD00000850,CU00002018,Gold,500000,2370.89,Active
CD00000851,CU00003834,Classic,500000,336197.1,Active
CD00000852,CU00003746,Classic,50000,17908.91,Active
CD00000853,CU00002957,Gold,50000,4015.75,Active
CD00000854,CU00002221,Platinum,50000,11845.82,Active
CD00000855,CU00000694,Classic,200000,2758.86,Blocked
CD00000856,CU00003905,Gold,350000,11978.7,Active
CD00000857,CU00004115,Platinum,50000,13872.96,Active
CD00000858,CU00003183,Platinum,500000,12222.17,Closed
CD00000859,CU00003680,Platinum,500000,29386.73,Blocked
CD00000860,CU00004824,Gold,200000,35944.59,Active
CD00000861,CU00000868,Business,50000,16106.0,Active
CD00000862,CU00001235,Gold,50000,7168.44,Blocked
CD00000863,CU00000474,Gold,350000,6404.45,Active
CD00000864,CU00002602,Classic,200000,9181.54,Active
CD00000865,CU00003107,Platinum,350000,84378.07,Active
CD00000866,CU00000317,Classic,100000,4358.85,Active
CD00000867,CU00001826,Classic,50000,7554.59,Active
CD00000868,CU00002584,Gold,50000,11903.69,Active
CD00000869,CU00003510,Platinum,50000,2579.18,Active
CD00000870,CU00001827,Gold,200000,5968.12,Active
CD00000871,CU00003182,Gold,100000,3268.07,Active
CD00000872,CU00001028,Gold,50000,57476.02,Active
CD00000873,CU00003233,Classic,100000,32297.16,Active
CD00000874,CU00001572,Classic,500000,41719.97,Active
CD00000875,CU00001167,Gold,50000,2977.67,Active
CD00000876,CU00003796,Gold,200000,4511.0,Active
CD00000877,CU00002631,Platinum,100000,5222.42,Active
CD00000878,CU00000917,Classic,200000,650.79,Active
CD00000879,CU00001314,Platinum,50000,2595.81,Active
CD00000880,CU00000595,Business,100000,1211.95,Active
CD00000881,CU00004371,Classic,50000,73910.34,Active
CD00000882,CU00000485,Classic,200000,36084.15,Active
CD00000883,CU00002955,Gold,500000,1153.7,Active
CD00000884,CU00004260,Platinum,200000,20447.72,Active
CD00000885,CU00002442,Platinum,100000,27525.9,Active
CD00000886,CU00000843,Business,350000,26443.98,Active
CD00000887,CU00002741,Platinum,100000,11498.77,Active
CD00000888,CU00002869,Classic,200000,47164.75,Active
CD00000889,CU00004394,Platinum,100000,4075.83,Active
CD00000890,CU00000018,Classic,500000,20181.3,Active
CD00000891,CU00002778,Classic,350000,136036.55,Active
CD00000892,CU00003228,Classic,350000,2552.63,Active
CD00000893,CU00003215,Platinum,350000,9474.35,Active
CD00000894,CU00000422,Classic,50000,8014.94,Active
CD00000895,CU00000896,Gold,350000,30501.76,Active
CD00000896,CU00002414,Gold,50000,26055.57,Active
CD00000897,CU00001463,Classic,350000,7715.59,Active
CD00000898,CU00002094,Gold,350000,2164.64,Active
CD00000899,CU00002406,Classic,50000,25601.35,Active
CD00000900,CU00004679,Gold,500000,45622.09,Active
CD00000901,CU00002511,Gold,50000,7821.77,Active
CD00000902,CU00002133,Gold,50000,7778.87,Active
CD00000903,CU00002212,Platinum,200000,16468.68,Active
CD00000904,CU00004147,Classic,50000,148811.08,Active
CD00000905,CU00000784,Gold,500000,21053.88,Active
CD00000906,CU00003250,Business,50000,27755.04,Active
CD00000907,CU00000550,Classic,350000,12597.82,Active
CD00000908,CU00000506,Gold,200000,5738.8,Active
CD00000909,CU00001103,Platinum,500000,38764.72,Active
CD00000910,CU00003990,Classic,50000,46792.51,Active
CD00000911,CU00002942,Classic,500000,43515.36,Active
CD00000912,CU00004288,Gold,100000,7956.0,Active
CD00000913,CU00000370,Gold,50000,540.05,Active
CD00000914,CU00004906,Gold,350000,17464.67,Active
CD00000915,CU00003751,Classic,50000,5593.83,Active
CD00000916,CU00003373,Classic,500000,14152.67,Active
CD00000917,CU00001464,Gold,50000,4112.51,Active
CD00000918,CU00002906,Classic,200000,1683.56,Active
CD00000919,CU00003302,Business,350000,4428.27,Active
CD00000920,CU00004619,Gold,350000,3734.32,Active
CD00000921,CU00000755,Gold,100000,9332.91,Active
CD00000922,CU00000834,Gold,100000,3830.3,Active
CD00000923,CU00003828,Classic,500000,3086.98,Active
CD00000924,CU00004058,Gold,50000,31785.64,Active
CD00000925,CU00000454,Classic,100000,66232.18,Active
CD00000926,CU00003773,Platinum,100000,811.41,Active
CD00000927,CU00004947,Gold,350000,2268.9,Blocked
CD00000928,CU00004988,Gold,350000,3031.76,Active
CD00000929,CU00000209,Classic,200000,8246.17,Active
CD00000930,CU00001471,Classic,500000,13536.41,Active
CD00000931,CU00001248,Classic,100000,2731.46,Active
CD00000932,CU00004310,Gold,200000,9013.8,Active
CD00000933,CU00003020,Business,500000,2906.65,Active
CD00000934,CU00002259,Gold,100000,19198.69,Active
CD00000935,CU00001725,Gold,200000,7591.96,Active
CD00000936,CU00002433,Gold,50000,94805.03,Active
CD00000937,CU00004232,Classic,50000,13972.12,Active
CD00000938,CU00002302,Gold,500000,33410.54,Active
CD00000939,CU00000810,Classic,200000,8993.76,Active
CD00000940,CU00002975,Classic,50000,28279.76,Active
CD00000941,CU00002207,Classic,200000,3582.0,Active
CD00000942,CU00004264,Platinum,500000,3809.39,Active
CD00000943,CU00000597,Classic,100000,16287.68,Active
CD00000944,CU00000685,Platinum,100000,3636.02,Active
CD00000945,CU00002025,Classic,100000,7671.45,Blocked
CD00000946,CU00004040,Gold,100000,18372.08,Active
CD00000947,CU00003733,Classic,500000,26942.71,Active
CD00000948,CU00002328,Business,50000,2682.94,Active
CD00000949,CU00003090,Business,200000,4115.73,Active
CD00000950,CU00000079,Platinum,100000,2322.0,Active
CD00000951,CU00002195,Classic,100000,36100.99,Active
CD00000952,CU00000309,Platinum,100000,2086.56,Active
CD00000953,CU00002382,Gold,350000,7836.29,Active
CD00000954,CU00000788,Classic,350000,17771.91,Active
CD00000955,CU00002840,Gold,500000,2815.65,Active
CD00000956,CU00004300,Gold,200000,976.07,Active
CD00000957,CU00003078,Platinum,500000,8924.46,Active
CD00000958,CU00003660,Gold,100000,42827.71,Active
CD00000959,CU00004728,Classic,100000,20807.31,Active
CD00000960,CU00003496,Classic,100000,4162.84,Active
CD00000961,CU00001749,Platinum,200000,1802.83,Active
CD00000962,CU00004567,Business,50000,6481.56,Active
CD00000963,CU00003523,Platinum,200000,14927.95,Active
CD00000964,CU00002825,Business,50000,6542.63,Active
CD00000965,CU00002055,Platinum,50000,1224.08,Active
CD00000966,CU00000295,Classic,50000,1986.37,Active
CD00000967,CU00000629,Classic,500000,2321.31,Active
CD00000968,CU00004319,Gold,350000,18065.95,Active
CD00000969,CU00004243,Platinum,100000,7441.86,Active
CD00000970,CU00002653,Platinum,350000,6631.21,Active
CD00000971,CU00003099,Classic,350000,70896.03,Active
CD00000972,CU00000146,Gold,500000,7672.98,Active
CD00000973,CU00003159,Gold,50000,6386.81,Active
CD00000974,CU00003100,Gold,50000,4766.73,Active
CD00000975,CU00000635,Classic,50000,5177.35,Active
CD00000976,CU00002922,Classic,50000,14046.44,Active
CD00000977,CU00004787,Gold,500000,34133.95,Active
CD00000978,CU00001768,Gold,200000,1858.75,Active
CD00000979,CU00004803,Business,350000,33159.49,Active
CD00000980,CU00000720,Gold,200000,11962.99,Active
CD00000981,CU00001072,Platinum,500000,1013.52,Active
CD00000982,CU00000686,Gold,350000,6487.58,Active
CD00000983,CU00003726,Platinum,350000,2967.05,Active
CD00000984,CU00000020,Business,200000,19133.47,Active
CD00000985,CU00002444,Classic,50000,11776.22,Active
CD00000986,CU00001987,Classic,100000,12049.5,Active
CD00000987,CU00004363,Gold,500000,2207.86,Active
CD00000988,CU00001404,Business,200000,13484.18,Active
CD00000989,CU00003520,Platinum,500000,12799.06,Active
CD00000990,CU00004531,Platinum,200000,10048.49,Active
CD00000991,CU00001485,Platinum,500000,71672.21,Active
CD00000992,CU00002440,Platinum,50000,19384.15,Active
CD00000993,CU00003037,Platinum,50000,83593.22,Active
CD00000994,CU00003765,Business,200000,23510.03,Active
CD00000995,CU00002589,Classic,350000,7235.03,Active
CD00000996,CU00003366,Classic,200000,3614.02,Active
CD00000997,CU00001100,Platinum,350000,18486.94,Active
CD00000998,CU00000105,Platinum,200000,9741.91,Active
CD00000999,CU00002389,Classic,50000,6789.03,Active
CD00001000,CU00002702,Gold,500000,6371.1,Active
CD00001001,CU00000341,Classic,500000,4499.93,Active
CD00001002,CU00002907,Gold,50000,2533.49,Active
CD00001003,CU00001280,Platinum,350000,108416.84,Active
CD00001004,CU00000132,Gold,500000,2091.18,Active
CD00001005,CU00000500,Classic,50000,6078.32,Active
CD00001006,CU00000934,Classic,100000,3430.92,Active
CD00001007,CU00000083,Classic,100000,29424.8,Active
CD00001008,CU00000569,Gold,500000,8895.36,Active
CD00001009,CU00001172,Platinum,100000,11258.55,Active
CD00001010,CU00002008,Platinum,200000,10509.41,Active
CD00001011,CU00003812,Business,200000,49650.39,Active
CD00001012,CU00001076,Platinum,500000,11062.97,Blocked
CD00001013,CU00000211,Classic,200000,3625.28,Active
CD00001014,CU00001922,Classic,200000,4361.12,Active
CD00001015,CU00001257,Classic,200000,6530.08,Active
CD00001016,CU00004229,Gold,200000,3382.35,Active
CD00001017,CU00002001,Gold,200000,66760.42,Active
CD00001018,CU00003809,Gold,100000,3545.11,Active
CD00001019,CU00001554,Classic,50000,8256.75,Active
CD00001020,CU00001867,Platinum,350000,68911.77,Active
CD00001021,CU00003926,Gold,200000,21626.42,Active
CD00001022,CU00002704,Classic,50000,10637.69,Active
CD00001023,CU00003364,Classic,50000,5381.26,Active
CD00001024,CU00001085,Classic,200000,6868.39,Active
CD00001025,CU00001854,Platinum,200000,16517.64,Active
CD00001026,CU00002449,Classic,200000,9712.76,Active
CD00001027,CU00002473,Classic,350000,6821.79,Active
CD00001028,CU00001559,Platinum,200000,7508.71,Active
CD00001029,CU00000005,Classic,500000,32463.75,Active
CD00001030,CU00004976,Classic,350000,26921.93,Active
CD00001031,CU00002245,Gold,350000,7849.48,Active
CD00001032,CU00002041,Classic,50000,5768.24,Active
CD00001033,CU00000835,Gold,100000,8832.62,Active
CD00001034,CU00003367,Classic,500000,7985.26,Active
CD00001035,CU00003833,Classic,350000,4022.09,Active
CD00001036,CU00001850,Classic,500000,4266.42,Active
CD00001037,CU00002080,Classic,100000,12106.17,Active
CD00001038,CU00002808,Classic,50000,26501.82,Active
CD00001039,CU00004587,Classic,50000,11969.16,Active
CD00001040,CU00001112,Classic,200000,19156.88,Active
CD00001041,CU00002794,Platinum,100000,28558.68,Active
CD00001042,CU00004347,Gold,200000,13865.34,Active
CD00001043,CU00000103,Classic,500000,12192.58,Active
CD00001044,CU00001761,Platinum,350000,5726.78,Active
CD00001045,CU00003694,Platinum,50000,59327.22,Active
CD00001046,CU00003204,Platinum,50000,118237.37,Active
CD00001047,CU00001945,Classic,50000,9640.97,Active
CD00001048,CU00004750,Gold,500000,7097.79,Active
CD00001049,CU00000023,Classic,500000,3572.91,Active
CD00001050,CU00003293,Gold,200000,19270.0,Active
CD00001051,CU00003943,Classic,200000,4135.56,Active
CD00001052,CU00002251,Gold,100000,13088.65,Active
CD00001053,CU00001217,Classic,100000,3028.02,Active
CD00001054,CU00001800,Platinum,500000,38388.63,Active
CD00001055,CU00003756,Gold,50000,22524.86,Active
CD00001056,CU00004954,Classic,350000,14751.05,Active
CD00001057,CU00004421,Gold,50000,112577.35,Active
CD00001058,CU00004849,Classic,200000,5412.51,Active
CD00001059,CU00002684,Gold,100000,11360.82,Active
CD00001060,CU00004942,Classic,100000,4060.63,Active
CD00001061,CU00001179,Business,50000,17998.22,Active
CD00001062,CU00002463,Classic,350000,23301.62,Active
CD00001063,CU00003560,Classic,50000,28118.11,Blocked
CD00001064,CU00003388,Classic,50000,14919.64,Active
CD00001065,CU00003429,Classic,500000,7726.77,Active
CD00001066,CU00003435,Business,350000,7557.55,Active
CD00001067,CU00003026,Classic,350000,45631.34,Active
CD00001068,CU00004157,Gold,100000,3553.46,Active
CD00001069,CU00004724,Gold,350000,33030.79,Active
CD00001070,CU00003717,Platinum,350000,8576.59,Active
CD00001071,CU00002969,Classic,500000,14055.99,Active
CD00001072,CU00000943,Classic,50000,8986.88,Active
CD00001073,CU00003753,Classic,200000,91264.84,Active
CD00001074,CU00002925,Platinum,100000,1844.42,Active
CD00001075,CU00004606,Classic,350000,2234.58,Active
CD00001076,CU00001411,Gold,350000,1751.52,Active
CD00001077,CU00001433,Classic,100000,4073.31,Active
CD00001078,CU00004638,Classic,200000,1309.29,Active
CD00001079,CU00001104,Gold,200000,212853.29,Active
CD00001080,CU00000662,Classic,200000,7094.1,Active
CD00001081,CU00001684,Platinum,350000,1262.21,Active
CD00001082,CU00001760,Platinum,100000,44793.33,Active
CD00001083,CU00001753,Gold,50000,1838.03,Active
CD00001084,CU00001441,Gold,50000,22805.53,Active
CD00001085,CU00001557,Classic,350000,12637.16,Active
CD00001086,CU00003945,Classic,350000,1521.13,Active
CD00001087,CU00003324,Platinum,350000,7021.04,Blocked
CD00001088,CU00000953,Classic,350000,2009.82,Active
CD00001089,CU00001769,Classic,350000,7682.92,Active
CD00001090,CU00000464,Classic,100000,11557.29,Active
CD00001091,CU00002196,Platinum,100000,16487.61,Blocked
CD00001092,CU00003285,Business,500000,11053.36,Active
CD00001093,CU00002633,Classic,500000,1295.28,Active
CD00001094,CU00002747,Classic,50000,2371.14,Active
CD00001095,CU00000406,Platinum,500000,4775.58,Active
CD00001096,CU00000908,Business,350000,1482.05,Active
CD00001097,CU00001788,Classic,50000,40022.48,Active
CD00001098,CU00000418,Classic,500000,2884.12,Active
CD00001099,CU00002324,Platinum,350000,17619.21,Active
CD00001100,CU00004645,Business,350000,10722.9,Active
CD00001101,CU00000039,Platinum,100000,25662.22,Active
CD00001102,CU00001549,Classic,100000,3022.5,Active
CD00001103,CU00001974,Classic,200000,33830.97,Active
CD00001104,CU00000620,Gold,500000,19630.52,Active
CD00001105,CU00004390,Platinum,50000,4288.37,Active
CD00001106,CU00000192,Gold,500000,3035.05,Active
CD00001107,CU00002241,Gold,100000,4175.8,Active
CD00001108,CU00001384,Business,200000,110807.79,Active
CD00001109,CU00004573,Classic,350000,10911.28,Active
CD00001110,CU00000148,Gold,200000,42108.42,Blocked
CD00001111,CU00002063,Classic,500000,3988.77,Active
CD00001112,CU00000912,Classic,100000,13172.0,Active
CD00001113,CU00001427,Classic,50000,5063.57,Active
CD00001114,CU00004952,Classic,100000,7883.94,Active
CD00001115,CU00000715,Platinum,100000,7695.13,Active
CD00001116,CU00003856,Platinum,100000,3167.35,Active
CD00001117,CU00001236,Classic,50000,10968.4,Active
CD00001118,CU00004996,Classic,500000,9059.61,Active
CD00001119,CU00000560,Gold,200000,21198.48,Active
CD00001120,CU00002114,Classic,350000,5630.73,Active
CD00001121,CU00001131,Gold,500000,55550.91,Active
CD00001122,CU00001093,Gold,100000,2476.84,Active
CD00001123,CU00002062,Gold,50000,2783.57,Blocked
CD00001124,CU00001153,Classic,200000,4475.75,Active
CD00001125,CU00000669,Gold,200000,24653.8,Active
CD00001126,CU00003257,Business,350000,1405.08,Active
CD00001127,CU00003923,Platinum,200000,48740.65,Active
CD00001128,CU00002746,Classic,50000,75353.94,Active
CD00001129,CU00002544,Gold,100000,32753.14,Active
CD00001130,CU00004647,Classic,200000,11077.18,Active
CD00001131,CU00000880,Platinum,200000,6447.84,Active
CD00001132,CU00000437,Business,500000,7900.27,Active
CD00001133,CU00001785,Gold,50000,16085.65,Active
CD00001134,CU00002477,Classic,100000,8253.39,Active
CD00001135,CU00000326,Classic,100000,28828.64,Active
CD00001136,CU00004628,Business,100000,7091.11,Active
CD00001137,CU00004179,Gold,350000,4817.09,Active
CD00001138,CU00003193,Platinum,350000,35372.59,Active
CD00001139,CU00003928,Classic,200000,2328.7,Active
CD00001140,CU00001746,Classic,500000,2658.22,Active
CD00001141,CU00001873,Classic,500000,77876.96,Active
CD00001142,CU00002630,Gold,200000,7854.14,Active
CD00001143,CU00001350,Classic,500000,22189.92,Active
CD00001144,CU00002464,Gold,100000,23956.51,Active
CD00001145,CU00000850,Platinum,100000,6186.06,Active
CD00001146,CU00003343,Platinum,100000,1918.14,Active
CD00001147,CU00000823,Classic,200000,5349.29,Active
CD00001148,CU00004393,Platinum,500000,11986.51,Closed
CD00001149,CU00001493,Classic,100000,13995.55,Active
CD00001150,CU00000780,Platinum,200000,7860.14,Active
CD00001151,CU00000754,Business,500000,4309.27,Active
CD00001152,CU00000954,Classic,50000,6751.76,Active
CD00001153,CU00003522,Gold,100000,5780.11,Active
CD00001154,CU00003296,Classic,200000,1049.03,Active
CD00001155,CU00003200,Platinum,500000,21590.1,Active
CD00001156,CU00003399,Classic,50000,6673.1,Active
CD00001157,CU00001665,Platinum,50000,16244.16,Active
CD00001158,CU00002768,Business,200000,29940.14,Active
CD00001159,CU00001748,Classic,50000,11603.18,Active
CD00001160,CU00003148,Platinum,500000,12896.5,Active
CD00001161,CU00004399,Classic,350000,14724.53,Blocked
CD00001162,CU00000186,Gold,350000,7081.94,Active
CD00001163,CU00000254,Classic,200000,39845.76,Active
CD00001164,CU00003213,Platinum,200000,10533.49,Active
CD00001165,CU00001325,Classic,500000,7104.4,Active
CD00001166,CU00000706,Gold,350000,7822.59,Active
CD00001167,CU00003645,Classic,500000,4878.06,Active
CD00001168,CU00000294,Platinum,100000,15455.14,Active
CD00001169,CU00002663,Classic,50000,5377.71,Active
CD00001170,CU00002096,Platinum,500000,38660.85,Active
CD00001171,CU00000273,Gold,50000,4183.48,Active
CD00001172,CU00002352,Classic,100000,14628.22,Active
CD00001173,CU00002734,Platinum,500000,23343.03,Active
CD00001174,CU00004683,Business,100000,15854.98,Active
CD00001175,CU00001146,Gold,350000,6859.56,Active
CD00001176,CU00001465,Classic,100000,6270.69,Active
CD00001177,CU00001550,Gold,100000,54804.48,Active
CD00001178,CU00003232,Platinum,200000,2695.78,Active
CD00001179,CU00000118,Classic,50000,7190.67,Active
CD00001180,CU00001206,Gold,100000,4644.31,Active
CD00001181,CU00000033,Gold,50000,3969.1,Active
CD00001182,CU00004940,Gold,50000,44685.63,Active
CD00001183,CU00003686,Classic,200000,7060.29,Active
CD00001184,CU00004039,Classic,200000,12802.91,Closed
CD00001185,CU00000185,Classic,350000,42825.29,Active
CD00001186,CU00003963,Platinum,500000,9057.1,Active
CD00001187,CU00002456,Classic,500000,7964.77,Active
CD00001188,CU00001950,Gold,500000,15776.47,Active
CD00001189,CU00000816,Classic,50000,10677.05,Active
CD00001190,CU00002141,Platinum,100000,7018.52,Active
CD00001191,CU00000380,Gold,350000,4454.08,Active
CD00001192,CU00002833,Gold,200000,4111.92,Active
CD00001193,CU00004882,Gold,350000,20111.66,Active
CD00001194,CU00000339,Platinum,500000,9956.95,Active
CD00001195,CU00003318,Gold,100000,6279.54,Active
CD00001196,CU00000558,Gold,100000,3751.17,Active
CD00001197,CU00001011,Classic,200000,20477.11,Active
CD00001198,CU00001824,Gold,200000,3667.21,Active
CD00001199,CU00003513,Business,200000,3729.12,Active
CD00001200,CU00004131,Gold,350000,1139.55,Active
CD00001201,CU00003955,Gold,350000,4551.51,Active
CD00001202,CU00004105,Gold,200000,4261.14,Active
CD00001203,CU00001363,Classic,50000,5503.6,Active
CD00001204,CU00000463,Platinum,350000,27008.74,Active
CD00001205,CU00001475,Gold,50000,15444.01,Active
CD00001206,CU00003177,Gold,100000,2418.92,Blocked
CD00001207,CU00003225,Business,500000,7479.27,Active
CD00001208,CU00001899,Gold,100000,6748.58,Active
CD00001209,CU00003984,Gold,200000,2444.11,Active
CD00001210,CU00004448,Classic,50000,13515.53,Active
CD00001211,CU00003224,Platinum,100000,4373.08,Active
CD00001212,CU00000169,Platinum,350000,15087.36,Active
CD00001213,CU00000698,Classic,200000,962.8,Closed
CD00001214,CU00003742,Classic,100000,6058.01,Active
CD00001215,CU00004266,Business,200000,7061.41,Active
CD00001216,CU00000060,Gold,100000,6943.31,Active
CD00001217,CU00002972,Classic,200000,10782.36,Active
CD00001218,CU00004856,Gold,500000,14927.99,Active
CD00001219,CU00000773,Classic,350000,24007.48,Active
CD00001220,CU00003931,Gold,500000,16554.13,Active
CD00001221,CU00003865,Gold,500000,681.0,Active
CD00001222,CU00003491,Gold,350000,57261.43,Active
CD00001223,CU00002320,Classic,350000,19479.31,Active
CD00001224,CU00000166,Platinum,200000,506.06,Active
CD00001225,CU00000184,Classic,500000,17520.79,Active
CD00001226,CU00004589,Classic,350000,2882.8,Active
CD00001227,CU00003991,Classic,200000,18115.15,Active
CD00001228,CU00001863,Platinum,50000,38183.13,Active
CD00001229,CU00000959,Classic,500000,27399.63,Active
CD00001230,CU00003551,Classic,500000,12085.07,Active
CD00001231,CU00002111,Business,350000,7135.55,Active
CD00001232,CU00001890,Classic,200000,13356.14,Active
CD00001233,CU00002592,Classic,50000,1917.86,Active
CD00001234,CU00000554,Gold,500000,5128.26,Closed
CD00001235,CU00001963,Classic,50000,32691.8,Active
CD00001236,CU00004696,Gold,200000,17957.4,Active
CD00001237,CU00001613,Business,350000,14166.55,Active
CD00001238,CU00004956,Gold,100000,6860.84,Active
CD00001239,CU00003240,Platinum,100000,8665.92,Active
CD00001240,CU00004746,Gold,500000,15457.54,Active
CD00001241,CU00000255,Classic,500000,4726.81,Active
CD00001242,CU00003019,Classic,500000,39871.27,Active
CD00001243,CU00004742,Platinum,200000,17725.42,Active
CD00001244,CU00004578,Gold,100000,2623.46,Active
CD00001245,CU00002273,Gold,500000,16513.57,Active
CD00001246,CU00003077,Classic,200000,691.54,Active
CD00001247,CU00000278,Platinum,350000,5078.25,Active
CD00001248,CU00002276,Classic,50000,2328.97,Blocked
CD00001249,CU00000328,Gold,350000,4767.36,Active
CD00001250,CU00000796,Classic,500000,13697.04,Active
CD00001251,CU00004191,Gold,200000,1703.67,Active
CD00001252,CU00001650,Business,500000,6132.52,Active
CD00001253,CU00001542,Business,350000,27249.52,Active
CD00001254,CU00002275,Classic,100000,23171.3,Active
CD00001255,CU00001470,Classic,350000,3564.94,Active
CD00001256,CU00000836,Classic,350000,10920.19,Active
CD00001257,CU00002499,Classic,500000,20832.24,Active
CD00001258,CU00000827,Platinum,500000,54556.95,Active
CD00001259,CU00002552,Classic,350000,9219.22,Active
CD00001260,CU00004032,Classic,500000,13537.63,Active
CD00001261,CU00003739,Business,50000,38702.78,Active
CD00001262,CU00003636,Gold,100000,4663.7,Active
CD00001263,CU00001702,Platinum,350000,7153.03,Active
CD00001264,CU00004897,Classic,200000,10820.63,Active
CD00001265,CU00001975,Business,50000,34239.05,Active
CD00001266,CU00000022,Gold,200000,8147.57,Active
CD00001267,CU00003891,Classic,50000,9835.73,Active
CD00001268,CU00002844,Classic,50000,760.71,Active
CD00001269,CU00003514,Gold,50000,5544.59,Active
CD00001270,CU00000638,Platinum,100000,18350.5,Active
CD00001271,CU00001064,Classic,200000,36295.47,Active
CD00001272,CU00003852,Classic,200000,7359.93,Active
CD00001273,CU00004346,Gold,500000,1307.45,Active
CD00001274,CU00002923,Business,350000,6805.49,Active
CD00001275,CU00000761,Classic,500000,4840.2,Active
CD00001276,CU00003702,Platinum,500000,32138.03,Active
CD00001277,CU00001866,Gold,200000,13112.73,Active
CD00001278,CU00001070,Classic,200000,12950.17,Active
CD00001279,CU00002347,Gold,500000,1749.57,Active
CD00001280,CU00000430,Gold,50000,4385.69,Active
CD00001281,CU00003138,Gold,100000,13954.85,Active
CD00001282,CU00002233,Platinum,200000,57236.05,Active
CD00001283,CU00004410,Gold,200000,23171.38,Active
CD00001284,CU00002788,Platinum,100000,17905.48,Active
CD00001285,CU00002230,Classic,200000,5076.14,Active
CD00001286,CU00000288,Classic,350000,4182.73,Active
CD00001287,CU00001567,Platinum,200000,2866.94,Active
CD00001288,CU00003000,Classic,350000,6609.79,Active
CD00001289,CU00002364,Gold,350000,23401.31,Active
CD00001290,CU00003428,Classic,350000,15544.79,Active
CD00001291,CU00003643,Classic,350000,4624.27,Active
CD00001292,CU00001440,Gold,500000,24240.36,Active
CD00001293,CU00000010,Platinum,50000,14360.85,Active
CD00001294,CU00001737,Classic,100000,19488.56,Active
CD00001295,CU00001171,Classic,350000,11067.23,Active
CD00001296,CU00002105,Gold,500000,9893.93,Active
CD00001297,CU00001823,Gold,350000,106418.61,Active
CD00001298,CU00001851,Classic,200000,12373.82,Active
CD00001299,CU00001689,Gold,350000,48607.85,Active
CD00001300,CU00003692,Classic,100000,1749.96,Active
CD00001301,CU00004432,Platinum,100000,4189.59,Closed
CD00001302,CU00001450,Gold,100000,13290.27,Active
CD00001303,CU00004840,Gold,50000,28408.15,Active
CD00001304,CU00003072,Classic,350000,15709.55,Active
CD00001305,CU00002403,Gold,100000,28410.13,Active
CD00001306,CU00004983,Platinum,350000,49677.09,Active
CD00001307,CU00003359,Business,200000,11870.55,Active
CD00001308,CU00002470,Classic,500000,59054.93,Active
CD00001309,CU00000264,Platinum,350000,8233.05,Active
CD00001310,CU00003610,Gold,350000,4641.18,Active
CD00001311,CU00001109,Business,350000,552.59,Active
CD00001312,CU00004052,Platinum,200000,1581.74,Active
CD00001313,CU00000112,Classic,500000,4213.09,Active
CD00001314,CU00000756,Gold,100000,16584.3,Active
CD00001315,CU00001658,Business,350000,7531.03,Active
CD00001316,CU00004466,Classic,350000,2743.41,Active
CD00001317,CU00003452,Classic,100000,8882.87,Active
CD00001318,CU00002962,Gold,50000,4954.93,Active
CD00001319,CU00003879,Classic,500000,13282.49,Active
CD00001320,CU00000735,Gold,50000,4692.86,Active
CD00001321,CU00004172,Gold,350000,11156.14,Active
CD00001322,CU00002173,Classic,200000,27457.78,Active
CD00001323,CU00003080,Gold,200000,19847.6,Active
CD00001324,CU00003670,Platinum,100000,64733.32,Active
CD00001325,CU00002820,Gold,350000,25307.58,Active
CD00001326,CU00004320,Classic,50000,34637.1,Active
CD00001327,CU00000384,Gold,350000,4553.2,Active
CD00001328,CU00001643,Classic,500000,35474.65,Active
CD00001329,CU00000928,Classic,50000,32031.51,Active
CD00001330,CU00003178,Classic,350000,1676.53,Active
CD00001331,CU00000081,Classic,350000,3513.88,Closed
CD00001332,CU00004759,Gold,100000,10581.2,Active
CD00001333,CU00003635,Classic,500000,2834.65,Active
CD00001334,CU00002915,Gold,100000,11816.45,Active
CD00001335,CU00003777,Business,350000,13993.83,Active
CD00001336,CU00001588,Platinum,200000,3621.96,Active
CD00001337,CU00001473,Classic,200000,34219.84,Active
CD00001338,CU00002234,Classic,100000,2339.96,Active
CD00001339,CU00002000,Classic,350000,2080.03,Closed
CD00001340,CU00002770,Classic,500000,14105.39,Active
CD00001341,CU00002330,Classic,200000,11547.77,Closed
CD00001342,CU00003135,Classic,500000,7075.91,Active
CD00001343,CU00004664,Classic,500000,7568.12,Active
CD00001344,CU00000077,Classic,50000,4218.37,Active
CD00001345,CU00003837,Gold,350000,18018.25,Active
CD00001346,CU00000360,Platinum,100000,19802.25,Active
CD00001347,CU00000123,Platinum,200000,15777.14,Active
CD00001348,CU00001435,Platinum,350000,6695.25,Active
CD00001349,CU00002647,Classic,100000,1879.35,Active
CD00001350,CU00000965,Gold,100000,4555.97,Active
CD00001351,CU00002720,Classic,350000,32613.66,Active
CD00001352,CU00001532,Gold,500000,13045.79,Active
CD00001353,CU00001281,Classic,350000,14188.41,Active
CD00001354,CU00001393,Platinum,100000,20851.1,Active
CD00001355,CU00004114,Classic,200000,25345.55,Blocked
CD00001356,CU00004570,Classic,350000,30919.12,Active
CD00001357,CU00001895,Classic,500000,3775.03,Active
CD00001358,CU00004777,Classic,50000,13831.77,Active
CD00001359,CU00002577,Classic,500000,22964.04,Active
CD00001360,CU00004249,Classic,500000,9501.57,Active
CD00001361,CU00003835,Gold,350000,9352.28,Active
CD00001362,CU00001858,Platinum,500000,5793.61,Closed
CD00001363,CU00004271,Gold,100000,7230.24,Active
CD00001364,CU00004006,Classic,50000,7753.49,Active
CD00001365,CU00003083,Gold,350000,2473.7,Blocked
CD00001366,CU00000945,Classic,50000,1289.38,Active
CD00001367,CU00001876,Classic,100000,3970.54,Active
CD00001368,CU00004560,Platinum,50000,42809.8,Active
CD00001369,CU00001918,Classic,50000,1008.9,Closed
CD00001370,CU00000621,Classic,100000,5624.26,Active
CD00001371,CU00003936,Gold,200000,6746.63,Active
CD00001372,CU00001343,Classic,100000,6344.95,Active
CD00001373,CU00003914,Gold,350000,5362.07,Active
CD00001374,CU00004491,Platinum,100000,2185.59,Active
CD00001375,CU00001061,Gold,200000,11294.82,Active
CD00001376,CU00004379,Classic,100000,6674.81,Active
CD00001377,CU00004877,Classic,500000,42938.41,Active
CD00001378,CU00004038,Platinum,350000,5410.22,Active
CD00001379,CU00003916,Gold,50000,27603.79,Active
CD00001380,CU00003132,Classic,200000,695.54,Active
CD00001381,CU00001259,Classic,500000,1446.34,Active
CD00001382,CU00000476,Classic,200000,10125.67,Active
CD00001383,CU00001128,Gold,200000,3341.35,Active
CD00001384,CU00003176,Classic,350000,100446.91,Active
CD00001385,CU00001037,Classic,500000,48448.87,Active
CD00001386,CU00004309,Classic,350000,19998.62,Active
CD00001387,CU00003508,Business,500000,51252.21,Active
CD00001388,CU00003547,Gold,100000,14689.09,Active
CD00001389,CU00000031,Business,100000,39034.53,Active
CD00001390,CU00000383,Gold,50000,21752.22,Active
CD00001391,CU00002510,Platinum,500000,12865.55,Active
CD00001392,CU00003661,Classic,500000,6007.76,Active
CD00001393,CU00004064,Platinum,50000,8702.2,Active
CD00001394,CU00002415,Platinum,200000,3266.4,Blocked
CD00001395,CU00003451,Platinum,100000,3286.91,Active
CD00001396,CU00003874,Business,50000,296167.16,Active
CD00001397,CU00000362,Classic,100000,9685.71,Active
CD00001398,CU00002879,Classic,100000,4234.32,Active
CD00001399,CU00004376,Gold,50000,9425.75,Active
CD00001400,CU00004793,Gold,50000,25391.55,Active
CD00001401,CU00001548,Classic,350000,6990.58,Active
CD00001402,CU00001403,Classic,100000,31135.73,Active
CD00001403,CU00001519,Platinum,100000,1289.9,Active
CD00001404,CU00000038,Classic,100000,50988.37,Active
CD00001405,CU00002178,Gold,100000,131208.45,Active
CD00001406,CU00001431,Platinum,200000,62614.3,Blocked
CD00001407,CU00000347,Classic,500000,20578.99,Active
CD00001408,CU00002551,Classic,100000,24244.6,Active
CD00001409,CU00004187,Classic,50000,18689.55,Active
CD00001410,CU00004086,Gold,50000,3798.54,Active
CD00001411,CU00000951,Platinum,500000,29843.82,Active
CD00001412,CU00002667,Gold,200000,22146.85,Active
CD00001413,CU00000967,Classic,50000,1323.44,Active
CD00001414,CU00000013,Platinum,350000,26043.05,Active
CD00001415,CU00004022,Gold,350000,43703.89,Active
CD00001416,CU00003839,Classic,50000,20736.6,Active
CD00001417,CU00001585,Gold,500000,5163.97,Active
CD00001418,CU00004907,Classic,350000,2392.2,Active
CD00001419,CU00000993,Platinum,200000,17558.91,Active
CD00001420,CU00000388,Gold,200000,12973.17,Active
CD00001421,CU00002228,Classic,100000,44338.59,Active
CD00001422,CU00003597,Classic,200000,3149.53,Active
CD00001423,CU00002149,Classic,200000,13869.17,Active
CD00001424,CU00004556,Gold,500000,949.85,Active
CD00001425,CU00000271,Classic,200000,4517.55,Active
CD00001426,CU00002598,Classic,500000,4744.41,Active
CD00001427,CU00001399,Business,350000,15516.91,Active
CD00001428,CU00001318,Classic,350000,7282.36,Closed
CD00001429,CU00001467,Gold,50000,38588.94,Active
CD00001430,CU00002294,Gold,350000,2832.84,Active
CD00001431,CU00004718,Gold,500000,29315.88,Active
CD00001432,CU00004755,Classic,100000,18408.42,Active
CD00001433,CU00003165,Gold,50000,102704.44,Active
CD00001434,CU00002795,Business,350000,30050.84,Active
CD00001435,CU00003169,Gold,350000,26020.87,Active
CD00001436,CU00003276,Classic,100000,20214.05,Active
CD00001437,CU00004902,Gold,500000,1871.02,Active
CD00001438,CU00004748,Platinum,100000,5982.92,Active
CD00001439,CU00004853,Gold,200000,37700.99,Active
CD00001440,CU00000331,Gold,200000,6596.94,Active
CD00001441,CU00000425,Classic,200000,23013.51,Active
CD00001442,CU00001614,Platinum,500000,10544.1,Active
CD00001443,CU00003609,Classic,500000,11869.68,Active
CD00001444,CU00003819,Classic,350000,15185.58,Active
CD00001445,CU00003415,Classic,350000,63767.14,Active
CD00001446,CU00000999,Classic,200000,13991.62,Active
CD00001447,CU00002811,Classic,100000,49151.95,Active
CD00001448,CU00004842,Classic,50000,7227.1,Active
CD00001449,CU00004847,Gold,350000,980.68,Active
CD00001450,CU00001796,Classic,50000,2335.99,Active
CD00001451,CU00000172,Business,200000,47445.04,Active
CD00001452,CU00002459,Platinum,350000,10288.47,Active
CD00001453,CU00002819,Gold,200000,91781.23,Active
CD00001454,CU00002987,Classic,350000,6726.6,Active
CD00001455,CU00001506,Classic,50000,12287.34,Active
CD00001456,CU00000905,Classic,200000,29848.23,Active
CD00001457,CU00002290,Gold,200000,24577.82,Active
CD00001458,CU00000806,Classic,100000,6965.83,Active
CD00001459,CU00001885,Gold,100000,7881.49,Active
CD00001460,CU00004377,Gold,50000,57088.64,Active
CD00001461,CU00002559,Classic,500000,5117.94,Active
CD00001462,CU00004706,Gold,500000,18325.2,Active
CD00001463,CU00002866,Gold,50000,7828.6,Active
CD00001464,CU00000618,Classic,500000,18092.82,Active
CD00001465,CU00002596,Classic,350000,2525.43,Active
CD00001466,CU00000793,Platinum,100000,6629.43,Active
CD00001467,CU00003229,Classic,200000,52679.69,Active
CD00001468,CU00000306,Classic,500000,5172.41,Active
CD00001469,CU00004855,Classic,200000,1207.96,Active
CD00001470,CU00002250,Gold,500000,5203.48,Active
CD00001471,CU00001741,Classic,50000,15580.23,Active
CD00001472,CU00003358,Gold,350000,7335.71,Active
CD00001473,CU00003705,Gold,50000,14446.65,Active
CD00001474,CU00002588,Classic,200000,531.27,Active
CD00001475,CU00004763,Platinum,500000,825.33,Blocked
CD00001476,CU00003417,Gold,200000,3208.07,Active
CD00001477,CU00003464,Classic,50000,2081.92,Active
CD00001478,CU00001791,Platinum,100000,7169.74,Active
CD00001479,CU00004867,Classic,200000,12556.73,Active
CD00001480,CU00002503,Platinum,50000,23528.02,Active
CD00001481,CU00003647,Platinum,100000,104925.09,Active
CD00001482,CU00001892,Platinum,100000,3814.15,Active
CD00001483,CU00000488,Classic,350000,25647.93,Active
CD00001484,CU00001291,Gold,50000,1268.94,Active
CD00001485,CU00003375,Gold,50000,5944.17,Active
CD00001486,CU00000154,Classic,500000,6834.06,Active
CD00001487,CU00000663,Business,50000,9496.53,Active
CD00001488,CU00004304,Gold,50000,9372.03,Active
CD00001489,CU00004348,Gold,500000,96473.08,Active
CD00001490,CU00001720,Platinum,350000,28304.22,Active
CD00001491,CU00004963,Platinum,500000,18758.63,Active
CD00001492,CU00003521,Platinum,350000,58412.84,Blocked
CD00001493,CU00004817,Classic,200000,7054.92,Active
CD00001494,CU00003410,Gold,50000,30826.32,Active
CD00001495,CU00004886,Gold,50000,3795.25,Active
CD00001496,CU00002264,Classic,350000,5323.9,Active
CD00001497,CU00002782,Classic,200000,53193.93,Active
CD00001498,CU00003053,Gold,350000,3251.94,Active
CD00001499,CU00000766,Classic,100000,36080.63,Active
CD00001500,CU00002013,Classic,100000,17488.87,Blocked
CD00001501,CU00000990,Gold,50000,1973.11,Active
CD00001502,CU00004851,Classic,500000,387342.83,Active
CD00001503,CU00003280,Classic,350000,11977.47,Active
CD00001504,CU00000108,Classic,500000,5376.07,Active
CD00001505,CU00000387,Classic,200000,13201.74,Active
CD00001506,CU00003223,Classic,100000,12927.67,Active
CD00001507,CU00003319,Platinum,500000,13170.04,Active
CD00001508,CU00001957,Classic,100000,8386.5,Active
CD00001509,CU00002960,Platinum,500000,10795.32,Active
CD00001510,CU00002614,Gold,50000,26839.0,Active
CD00001511,CU00000940,Classic,200000,22969.46,Active
CD00001512,CU00004516,Business,350000,15996.53,Active
CD00001513,CU00004054,Classic,200000,82735.12,Active
CD00001514,CU00002903,Platinum,200000,17349.57,Active
CD00001515,CU00004697,Gold,350000,7985.59,Active
CD00001516,CU00002119,Classic,350000,7837.99,Active
CD00001517,CU00003744,Platinum,350000,15846.39,Active
CD00001518,CU00000357,Platinum,200000,952.77,Active
CD00001519,CU00002350,Platinum,350000,5345.44,Active
CD00001520,CU00003822,Gold,50000,10756.31,Active
CD00001521,CU00001106,Business,200000,27291.03,Active
CD00001522,CU00001132,Gold,50000,4554.78,Active
CD00001523,CU00004553,Gold,200000,7084.0,Active
CD00001524,CU00004142,Gold,500000,43706.49,Active
CD00001525,CU00002497,Classic,500000,23633.46,Active
CD00001526,CU00001804,Gold,500000,5232.94,Active
CD00001527,CU00003174,Gold,350000,9180.12,Active
CD00001528,CU00000163,Platinum,350000,11185.5,Active
CD00001529,CU00000541,Gold,500000,8685.41,Active
CD00001530,CU00002357,Gold,200000,7393.61,Active
CD00001531,CU00000619,Classic,200000,37675.75,Active
CD00001532,CU00002211,Gold,200000,1392.63,Active
CD00001533,CU00004359,Platinum,200000,4085.58,Active
CD00001534,CU00004199,Platinum,500000,5531.15,Active
CD00001535,CU00000220,Business,500000,9895.02,Active
CD00001536,CU00004104,Platinum,100000,6635.65,Active
CD00001537,CU00003208,Gold,200000,25014.67,Active
CD00001538,CU00000037,Classic,100000,9026.67,Active
CD00001539,CU00004011,Gold,350000,15965.59,Active
CD00001540,CU00001561,Classic,350000,34120.2,Active
CD00001541,CU00003857,Classic,100000,22638.72,Active
CD00001542,CU00002237,Platinum,100000,7750.23,Closed
CD00001543,CU00004547,Gold,350000,4065.51,Active
CD00001544,CU00004551,Gold,350000,35588.26,Active
CD00001545,CU00000567,Classic,200000,7162.23,Blocked
CD00001546,CU00002209,Classic,100000,15874.88,Active
CD00001547,CU00001184,Classic,100000,7925.17,Active
CD00001548,CU00003466,Business,100000,7847.42,Active
CD00001549,CU00003871,Classic,200000,15124.23,Active
CD00001550,CU00002542,Platinum,50000,75747.34,Active
CD00001551,CU00002387,Business,350000,2874.02,Active
CD00001552,CU00002732,Platinum,200000,50361.96,Active
CD00001553,CU00003172,Classic,100000,24370.0,Active
CD00001554,CU00000956,Classic,500000,28842.16,Closed
CD00001555,CU00000899,Classic,50000,47260.33,Active
CD00001556,CU00001990,Classic,350000,26604.69,Active
CD00001557,CU00004316,Platinum,500000,10316.21,Active
CD00001558,CU00000915,Business,500000,5248.35,Active
CD00001559,CU00000779,Platinum,350000,10529.33,Active
CD00001560,CU00004303,Classic,100000,2057.29,Active
CD00001561,CU00001086,Platinum,50000,11711.42,Closed
CD00001562,CU00000266,Classic,200000,9729.83,Active
CD00001563,CU00004132,Platinum,350000,9003.59,Active
CD00001564,CU00001792,Platinum,50000,12936.05,Active
CD00001565,CU00001653,Gold,200000,6883.74,Active
CD00001566,CU00000857,Classic,50000,9772.87,Active
CD00001567,CU00003153,Gold,100000,4488.31,Active
CD00001568,CU00003788,Platinum,100000,3503.1,Active
CD00001569,CU00001012,Classic,100000,5095.05,Active
CD00001570,CU00000987,Gold,50000,36666.65,Active
CD00001571,CU00002562,Classic,50000,7565.91,Active
CD00001572,CU00004349,Classic,500000,9501.32,Active
CD00001573,CU00000530,Business,100000,33115.44,Active
CD00001574,CU00001424,Classic,100000,8381.61,Active
CD00001575,CU00002101,Classic,500000,283.1,Active
CD00001576,CU00000393,Gold,100000,27835.79,Active
CD00001577,CU00000937,Gold,100000,14354.53,Active
CD00001578,CU00003843,Platinum,50000,2353.13,Active
CD00001579,CU00000933,Gold,100000,20220.34,Active
CD00001580,CU00003563,Gold,350000,37651.27,Active
CD00001581,CU00003057,Gold,500000,3438.93,Active
CD00001582,CU00003503,Classic,500000,1284.46,Active
CD00001583,CU00003964,Gold,100000,8219.45,Active
CD00001584,CU00003320,Gold,350000,32518.18,Active
CD00001585,CU00002327,Gold,50000,27988.42,Active
CD00001586,CU00004479,Classic,350000,15684.23,Active
CD00001587,CU00003512,Classic,350000,4208.31,Active
CD00001588,CU00000298,Classic,200000,25543.31,Active
CD00001589,CU00004121,Classic,500000,7439.56,Active
CD00001590,CU00004911,Gold,100000,28806.39,Active
CD00001591,CU00004035,Gold,50000,6664.7,Active
CD00001592,CU00002399,Classic,100000,1983.47,Active
CD00001593,CU00003061,Gold,100000,26205.86,Active
CD00001594,CU00000353,Platinum,100000,4595.83,Blocked
CD00001595,CU00003371,Gold,100000,10094.56,Active
CD00001596,CU00003548,Platinum,500000,5478.35,Active
CD00001597,CU00001870,Gold,100000,3921.78,Active
CD00001598,CU00002612,Classic,500000,277.21,Active
CD00001599,CU00002220,Gold,200000,4540.32,Active
CD00001600,CU00000727,Classic,500000,2698.36,Active
CD00001601,CU00003695,Platinum,100000,11564.96,Active
CD00001602,CU00003347,Business,100000,6961.8,Active
CD00001603,CU00001894,Platinum,500000,4675.4,Blocked
CD00001604,CU00003275,Classic,200000,10648.64,Active
CD00001605,CU00003390,Platinum,350000,15695.61,Active
CD00001606,CU00002472,Gold,100000,7839.82,Active
CD00001607,CU00000052,Platinum,200000,11076.22,Active
CD00001608,CU00002597,Platinum,50000,80900.81,Active
CD00001609,CU00002854,Platinum,500000,3697.84,Active
CD00001610,CU00001764,Gold,500000,9302.05,Active
CD00001611,CU00002257,Classic,500000,27320.75,Active
CD00001612,CU00001031,Gold,200000,12798.44,Active
CD00001613,CU00001304,Classic,100000,8734.76,Active
CD00001614,CU00004071,Business,50000,11812.06,Active
CD00001615,CU00003708,Classic,100000,41782.4,Active
CD00001616,CU00003102,Classic,350000,6454.8,Active
CD00001617,CU00004314,Classic,350000,2698.83,Active
CD00001618,CU00001953,Classic,100000,15094.8,Active
CD00001619,CU00000087,Gold,500000,24088.44,Active
CD00001620,CU00001195,Platinum,100000,4178.16,Active
CD00001621,CU00001024,Classic,350000,22518.05,Active
CD00001622,CU00000845,Platinum,100000,9471.67,Active
CD00001623,CU00003538,Classic,500000,15629.0,Active
CD00001624,CU00003641,Gold,200000,12512.34,Active
CD00001625,CU00002029,Business,200000,2529.79,Active
CD00001626,CU00004078,Gold,350000,16675.12,Active
CD00001627,CU00000419,Business,500000,2098.12,Active
CD00001628,CU00004880,Platinum,200000,12140.09,Active
CD00001629,CU00003608,Classic,500000,2227.24,Active
CD00001630,CU00004997,Classic,200000,8902.99,Active
CD00001631,CU00001515,Platinum,200000,1857.98,Active
CD00001632,CU00003937,Platinum,200000,10561.17,Active
CD00001633,CU00002231,Platinum,350000,3202.2,Active
CD00001634,CU00002765,Gold,350000,4385.0,Active
CD00001635,CU00004539,Platinum,500000,1650.03,Closed
CD00001636,CU00002832,Gold,100000,17631.92,Active
CD00001637,CU00004927,Platinum,350000,36007.05,Active
CD00001638,CU00000171,Gold,50000,34593.45,Active
CD00001639,CU00002316,Classic,50000,4385.11,Active
CD00001640,CU00004535,Classic,50000,7843.47,Active
CD00001641,CU00000152,Platinum,200000,6014.69,Closed
CD00001642,CU00002166,Business,100000,56391.57,Active
CD00001643,CU00001592,Gold,50000,5605.92,Active
CD00001644,CU00002917,Business,500000,13065.01,Active
CD00001645,CU00003568,Gold,50000,61400.08,Active
CD00001646,CU00004453,Gold,50000,6480.37,Active
CD00001647,CU00004228,Business,50000,17038.82,Active
CD00001648,CU00001875,Classic,200000,3897.13,Active
CD00001649,CU00001789,Gold,50000,6296.85,Active
CD00001650,CU00003673,Classic,100000,7355.5,Active
CD00001651,CU00003295,Business,350000,1121.99,Active
CD00001652,CU00002127,Platinum,350000,7649.53,Active
CD00001653,CU00004943,Gold,500000,3278.67,Active
CD00001654,CU00000809,Platinum,50000,5654.27,Closed
CD00001655,CU00003350,Classic,500000,28421.12,Active
CD00001656,CU00004306,Gold,350000,40546.5,Active
CD00001657,CU00003966,Classic,50000,10666.63,Active
CD00001658,CU00004684,Platinum,350000,1713.09,Active
CD00001659,CU00002429,Gold,50000,50252.53,Active
CD00001660,CU00004829,Classic,500000,5770.55,Active
CD00001661,CU00002005,Classic,100000,7475.75,Active
CD00001662,CU00001600,Gold,200000,1193.13,Active
CD00001663,CU00001940,Classic,500000,1642.43,Active
CD00001664,CU00003314,Classic,350000,2082.21,Active
CD00001665,CU00002730,Gold,350000,2222.76,Active
CD00001666,CU00004805,Gold,500000,2185.47,Active
CD00001667,CU00000230,Business,50000,28709.59,Active
CD00001668,CU00000537,Business,50000,10578.46,Active
CD00001669,CU00003827,Classic,200000,53370.51,Active
CD00001670,CU00001385,Gold,200000,2549.34,Active
CD00001671,CU00000812,Gold,100000,4306.27,Active
CD00001672,CU00003723,Classic,100000,2088.67,Active
CD00001673,CU00000851,Platinum,100000,7043.25,Active
CD00001674,CU00000133,Platinum,100000,14853.21,Active
CD00001675,CU00001284,Gold,100000,8632.36,Active
CD00001676,CU00003536,Business,200000,7342.53,Active
CD00001677,CU00000181,Classic,50000,5099.89,Active
CD00001678,CU00003913,Business,500000,11606.51,Active
CD00001679,CU00002023,Classic,100000,554.84,Active
CD00001680,CU00003946,Gold,100000,49943.59,Active
CD00001681,CU00001460,Gold,100000,13617.59,Active
CD00001682,CU00002081,Business,350000,28635.87,Active
CD00001683,CU00002934,Classic,200000,2737.19,Active
CD00001684,CU00001656,Classic,500000,51732.71,Active
CD00001685,CU00003818,Classic,200000,2095.13,Active
CD00001686,CU00004365,Platinum,50000,5564.57,Closed
CD00001687,CU00001452,Classic,350000,5426.11,Active
CD00001688,CU00003752,Business,50000,29382.33,Active
CD00001689,CU00001226,Classic,500000,14492.53,Active
CD00001690,CU00004392,Classic,50000,8798.86,Active
CD00001691,CU00003154,Gold,100000,12044.15,Active
CD00001692,CU00002030,Platinum,50000,5385.44,Active
CD00001693,CU00002058,Classic,350000,482.06,Active
CD00001694,CU00001837,Classic,100000,18129.71,Active
CD00001695,CU00000315,Gold,500000,14333.12,Active
CD00001696,CU00003001,Classic,100000,7251.62,Active
CD00001697,CU00002817,Platinum,100000,17913.9,Active
CD00001698,CU00000117,Platinum,200000,61400.19,Active
CD00001699,CU00002375,Business,50000,36576.19,Active
CD00001700,CU00003709,Classic,100000,2297.85,Active
CD00001701,CU00003958,Classic,350000,14653.94,Active
CD00001702,CU00000446,Platinum,100000,19042.37,Active
CD00001703,CU00004107,Gold,500000,27098.92,Active
CD00001704,CU00002075,Classic,350000,11842.67,Active
CD00001705,CU00001874,Gold,350000,5045.42,Active
CD00001706,CU00001058,Classic,350000,12400.3,Active
CD00001707,CU00002590,Platinum,500000,34929.65,Blocked
CD00001708,CU00003813,Classic,500000,72982.52,Active
CD00001709,CU00001212,Classic,100000,19282.32,Active
CD00001710,CU00002863,Classic,50000,14733.73,Active
CD00001711,CU00003144,Classic,350000,8318.82,Active
CD00001712,CU00000392,Classic,500000,2791.97,Active
CD00001713,CU00001502,Classic,500000,14430.82,Active
CD00001714,CU00000322,Platinum,50000,6563.06,Active
CD00001715,CU00000436,Business,350000,9782.44,Active
CD00001716,CU00001014,Classic,50000,18300.79,Active
CD00001717,CU00001955,Classic,200000,2848.09,Active
CD00001718,CU00002163,Gold,100000,14128.16,Active
CD00001719,CU00004332,Gold,500000,56848.24,Active
CD00001720,CU00004552,Classic,100000,1533.76,Active
CD00001721,CU00001065,Gold,100000,3487.55,Active
CD00001722,CU00004934,Gold,50000,9476.41,Active
CD00001723,CU00004141,Classic,200000,4066.85,Active
CD00001724,CU00002767,Gold,100000,12381.77,Active
CD00001725,CU00001380,Classic,50000,9656.55,Active
CD00001726,CU00003049,Gold,350000,11756.43,Active
CD00001727,CU00001752,Business,50000,861.12,Active
CD00001728,CU00003832,Classic,200000,2968.76,Active
CD00001729,CU00000168,Platinum,500000,3293.1,Active
CD00001730,CU00001908,Platinum,350000,7314.87,Active
CD00001731,CU00001247,Gold,350000,90922.73,Active
CD00001732,CU00002068,Business,50000,11719.45,Active
CD00001733,CU00002512,Classic,200000,41548.12,Active
CD00001734,CU00004957,Gold,200000,2014.02,Active
CD00001735,CU00003740,Classic,100000,2658.93,Active
CD00001736,CU00003488,Gold,100000,4139.97,Active
CD00001737,CU00000333,Classic,50000,20092.94,Blocked
CD00001738,CU00001759,Gold,100000,33118.67,Active
CD00001739,CU00002193,Platinum,100000,4488.86,Active
CD00001740,CU00001419,Classic,500000,4771.6,Active
CD00001741,CU00001715,Classic,100000,10205.57,Active
CD00001742,CU00003025,Classic,100000,3996.99,Active
CD00001743,CU00003927,Classic,50000,6786.37,Active
CD00001744,CU00000275,Gold,350000,7450.67,Active
CD00001745,CU00003895,Classic,500000,15616.15,Active
CD00001746,CU00001708,Gold,200000,12917.46,Active
CD00001747,CU00003361,Classic,200000,23017.53,Active
CD00001748,CU00004135,Platinum,350000,4139.94,Active
CD00001749,CU00001211,Classic,350000,29246.26,Blocked
CD00001750,CU00000241,Gold,500000,29253.11,Active
CD00001751,CU00001607,Platinum,500000,56268.08,Active
CD00001752,CU00001425,Gold,100000,63994.79,Active
CD00001753,CU00000047,Classic,200000,792.09,Active
CD00001754,CU00002754,Platinum,350000,6760.83,Active
CD00001755,CU00002736,Classic,50000,3773.24,Active
CD00001756,CU00002638,Classic,500000,2967.7,Active
CD00001757,CU00000682,Gold,50000,9120.53,Active
CD00001758,CU00002296,Gold,200000,10028.4,Active
CD00001759,CU00001447,Classic,350000,8457.12,Active
CD00001760,CU00002332,Platinum,350000,3121.77,Closed
CD00001761,CU00004275,Gold,100000,11363.06,Active
CD00001762,CU00001533,Classic,100000,20365.55,Active
CD00001763,CU00000676,Gold,100000,6274.13,Active
CD00001764,CU00000730,Platinum,500000,14714.37,Active
CD00001765,CU00001054,Gold,50000,8377.35,Active
CD00001766,CU00002394,Gold,200000,1480.18,Active
CD00001767,CU00001043,Classic,50000,6941.35,Active
CD00001768,CU00002507,Gold,100000,4122.62,Active
CD00001769,CU00000504,Gold,500000,68096.7,Blocked
CD00001770,CU00003619,Gold,100000,32697.33,Blocked
CD00001771,CU00002703,Platinum,100000,7035.93,Active
CD00001772,CU00001161,Gold,200000,28190.78,Active
CD00001773,CU00003894,Classic,200000,16703.56,Closed
CD00001774,CU00004682,Business,350000,7787.27,Active
CD00001775,CU00000245,Classic,100000,2853.82,Active
CD00001776,CU00003048,Gold,500000,4942.0,Active
CD00001777,CU00002301,Classic,50000,52369.82,Active
CD00001778,CU00001637,Classic,500000,107446.78,Active
CD00001779,CU00000636,Platinum,50000,6533.37,Active
CD00001780,CU00004159,Classic,500000,31959.61,Active
CD00001781,CU00001816,Classic,50000,7692.66,Active
CD00001782,CU00004633,Gold,350000,5465.23,Active
CD00001783,CU00003639,Platinum,200000,17780.78,Active
CD00001784,CU00001539,Classic,100000,20741.44,Active
CD00001785,CU00003243,Platinum,200000,15023.68,Active
CD00001786,CU00002140,Classic,500000,23570.27,Active
CD00001787,CU00003288,Classic,100000,15120.88,Active
CD00001788,CU00000946,Gold,100000,3428.56,Active
CD00001789,CU00004154,Classic,350000,5363.66,Active
CD00001790,CU00002339,Gold,100000,8776.45,Active
CD00001791,CU00004178,Classic,200000,6645.0,Active
CD00001792,CU00001508,Classic,200000,35605.04,Active
CD00001793,CU00004888,Classic,100000,10451.26,Active
CD00001794,CU00001180,Platinum,200000,10358.74,Active
CD00001795,CU00001159,Classic,500000,21498.05,Active
CD00001796,CU00003646,Platinum,50000,9397.77,Active
CD00001797,CU00003249,Classic,500000,10806.15,Active
CD00001798,CU00003238,Platinum,100000,5660.47,Active
CD00001799,CU00004412,Classic,350000,11177.67,Active
CD00001800,CU00003139,Gold,100000,10205.37,Blocked
CD00001801,CU00003889,Platinum,100000,80278.86,Active
CD00001802,CU00004885,Classic,500000,21648.25,Active
CD00001803,CU00001190,Classic,350000,9783.36,Closed
CD00001804,CU00004480,Platinum,100000,38249.47,Closed
CD00001805,CU00003614,Gold,100000,22966.08,Active
CD00001806,CU00001575,Classic,500000,20059.19,Active
CD00001807,CU00000124,Gold,200000,36665.24,Active
CD00001808,CU00000970,Classic,500000,7514.0,Active
CD00001809,CU00001392,Classic,350000,4821.12,Active
CD00001810,CU00004836,Classic,500000,28096.4,Active
CD00001811,CU00000849,Classic,50000,1885.23,Active
CD00001812,CU00000065,Business,100000,6633.7,Active
CD00001813,CU00002643,Classic,500000,11039.73,Active
CD00001814,CU00002642,Gold,500000,612.2,Active
CD00001815,CU00002176,Business,350000,39630.91,Active
CD00001816,CU00001718,Classic,50000,14002.48,Active
CD00001817,CU00001882,Gold,350000,6151.18,Active
CD00001818,CU00000740,Classic,200000,6895.98,Active
CD00001819,CU00004201,Gold,200000,11470.46,Active
CD00001820,CU00000111,Platinum,50000,9834.94,Closed
CD00001821,CU00002605,Gold,50000,6345.56,Active
CD00001822,CU00004719,Gold,50000,17257.2,Active
CD00001823,CU00001983,Gold,100000,12491.69,Active
CD00001824,CU00001127,Classic,350000,3662.93,Active
CD00001825,CU00002134,Classic,200000,4872.96,Active
CD00001826,CU00002716,Gold,200000,7602.92,Active
CD00001827,CU00002040,Business,350000,4262.16,Active
CD00001828,CU00001004,Classic,100000,61198.5,Active
CD00001829,CU00002125,Gold,500000,2564.75,Active
CD00001830,CU00001461,Platinum,100000,4280.9,Active
CD00001831,CU00003589,Gold,100000,31965.43,Active
CD00001832,CU00003652,Gold,200000,17887.2,Active
CD00001833,CU00001648,Business,200000,2863.3,Blocked
CD00001834,CU00003880,Gold,200000,21902.29,Active
CD00001835,CU00004504,Gold,500000,7623.88,Active
CD00001836,CU00003721,Gold,500000,8515.06,Active
CD00001837,CU00004523,Platinum,100000,3351.27,Active
CD00001838,CU00002848,Gold,500000,57370.21,Active
CD00001839,CU00002057,Platinum,200000,13651.28,Active
CD00001840,CU00004297,Classic,100000,10278.87,Active
CD00001841,CU00000094,Classic,50000,56891.55,Active
CD00001842,CU00000157,Platinum,200000,47998.75,Active
CD00001843,CU00003118,Platinum,200000,27052.3,Active
CD00001844,CU00000578,Gold,350000,31590.48,Active
CD00001845,CU00000460,Platinum,200000,8578.56,Active
CD00001846,CU00002171,Classic,350000,11967.37,Active
CD00001847,CU00000417,Platinum,200000,40625.76,Active
CD00001848,CU00004290,Classic,350000,6406.21,Active
CD00001849,CU00002801,Platinum,500000,5296.95,Active
CD00001850,CU00000046,Classic,100000,4305.06,Active
CD00001851,CU00002506,Gold,500000,4744.11,Closed
CD00001852,CU00003969,Platinum,200000,3396.45,Active
CD00001853,CU00000847,Gold,50000,5205.28,Active
CD00001854,CU00004895,Classic,50000,19910.96,Active
CD00001855,CU00000759,Gold,50000,1584.03,Active
CD00001856,CU00002640,Gold,350000,12928.79,Active
CD00001857,CU00004866,Platinum,50000,6349.09,Active
CD00001858,CU00000243,Classic,350000,7250.14,Active
CD00001859,CU00002523,Platinum,100000,12364.08,Active
CD00001860,CU00004318,Platinum,50000,4792.07,Active
CD00001861,CU00001269,Gold,50000,3889.63,Active
CD00001862,CU00001802,Classic,350000,2811.3,Active
CD00001863,CU00001200,Business,200000,4472.16,Active
CD00001864,CU00000082,Gold,500000,14539.85,Active
CD00001865,CU00003267,Gold,350000,5682.81,Active
CD00001866,CU00000646,Gold,350000,36712.78,Active
CD00001867,CU00002836,Gold,50000,5231.6,Active
CD00001868,CU00000127,Gold,100000,41420.26,Active
CD00001869,CU00002180,Classic,50000,34585.22,Active
CD00001870,CU00001188,Platinum,350000,16245.36,Active
CD00001871,CU00002755,Classic,350000,5572.71,Active
CD00001872,CU00003089,Gold,500000,40035.78,Active
CD00001873,CU00004415,Classic,500000,5207.76,Active
CD00001874,CU00003656,Classic,500000,6227.33,Active
CD00001875,CU00003848,Platinum,100000,5616.88,Active
CD00001876,CU00002883,Gold,500000,26599.89,Active
CD00001877,CU00002366,Gold,100000,27073.25,Active
CD00001878,CU00003421,Classic,100000,14759.26,Active
CD00001879,CU00004062,Gold,100000,2293.65,Blocked
CD00001880,CU00003624,Platinum,50000,2721.7,Active
CD00001881,CU00001274,Gold,500000,9415.13,Active
CD00001882,CU00002527,Classic,500000,23848.52,Active
CD00001883,CU00004074,Platinum,350000,11982.35,Active
CD00001884,CU00001283,Classic,50000,11253.66,Active
CD00001885,CU00004417,Classic,500000,127422.07,Active
CD00001886,CU00001331,Classic,200000,69220.11,Active
CD00001887,CU00000776,Platinum,500000,6132.79,Active
CD00001888,CU00000524,Gold,100000,12920.34,Active
CD00001889,CU00003942,Gold,100000,4886.04,Active
CD00001890,CU00000232,Gold,500000,21031.95,Active
CD00001891,CU00000892,Gold,200000,13859.84,Active
CD00001892,CU00004938,Classic,500000,5462.05,Active
CD00001893,CU00004616,Classic,50000,3425.92,Active
CD00001894,CU00001177,Classic,100000,8267.53,Active
CD00001895,CU00003908,Classic,100000,12571.56,Active
CD00001896,CU00000235,Classic,200000,1729.9,Active
CD00001897,CU00003398,Classic,200000,8989.33,Active
CD00001898,CU00003023,Classic,350000,1928.6,Active
CD00001899,CU00000477,Classic,200000,46774.64,Active
CD00001900,CU00002707,Gold,350000,6179.08,Active
CD00001901,CU00002115,Classic,100000,20938.38,Active
CD00001902,CU00000710,Classic,500000,3902.19,Active
CD00001903,CU00003621,Gold,350000,11489.05,Active
CD00001904,CU00003553,Gold,200000,23430.12,Active
CD00001905,CU00002687,Platinum,500000,14166.58,Active
CD00001906,CU00004202,Platinum,50000,5559.86,Active
CD00001907,CU00001743,Gold,100000,23437.73,Active
CD00001908,CU00004233,Classic,350000,5243.0,Active
CD00001909,CU00001914,Gold,100000,1311.23,Active
CD00001910,CU00001348,Gold,200000,58349.22,Active
CD00001911,CU00004322,Classic,500000,4984.89,Active
CD00001912,CU00002554,Gold,350000,40481.34,Active
CD00001913,CU00004811,Platinum,200000,3533.91,Active
CD00001914,CU00003977,Classic,50000,23282.38,Active
CD00001915,CU00001025,Business,350000,1478.5,Active
CD00001916,CU00001751,Gold,350000,4507.17,Closed
CD00001917,CU00001287,Classic,50000,11401.59,Active
CD00001918,CU00001647,Classic,200000,12747.09,Active
CD00001919,CU00001244,Gold,100000,63438.87,Active
CD00001920,CU00001980,Gold,200000,85461.84,Active
CD00001921,CU00002891,Platinum,350000,30043.3,Active
CD00001922,CU00001888,Classic,500000,5442.59,Active
CD00001923,CU00003801,Classic,500000,5618.1,Blocked
CD00001924,CU00001926,Gold,100000,46357.0,Active
CD00001925,CU00003999,Classic,200000,4720.59,Active
CD00001926,CU00001907,Gold,500000,17177.62,Active
CD00001927,CU00000015,Platinum,200000,123634.24,Closed
CD00001928,CU00003900,Classic,500000,3224.5,Active
CD00001929,CU00004564,Gold,50000,26895.26,Active
CD00001930,CU00000475,Platinum,50000,29934.29,Active
CD00001931,CU00002428,Classic,200000,4487.3,Closed
CD00001932,CU00001362,Classic,500000,11248.57,Active
CD00001933,CU00003056,Gold,500000,19339.38,Active
CD00001934,CU00000361,Business,50000,12398.45,Active
CD00001935,CU00004241,Classic,500000,1114.17,Active
CD00001936,CU00003612,Classic,200000,6841.45,Active
CD00001937,CU00002336,Classic,50000,3321.17,Active
CD00001938,CU00002269,Business,100000,15209.15,Active
CD00001939,CU00003027,Classic,350000,10702.98,Active
CD00001940,CU00003104,Platinum,50000,12474.5,Active
CD00001941,CU00000745,Classic,500000,4380.33,Active
CD00001942,CU00000303,Classic,50000,1220.29,Active
CD00001943,CU00000088,Platinum,100000,11396.15,Active
CD00001944,CU00001573,Platinum,500000,31815.59,Active
CD00001945,CU00003220,Classic,100000,12477.37,Active
CD00001946,CU00002071,Classic,50000,19525.72,Active
CD00001947,CU00000044,Business,50000,36060.25,Active
CD00001948,CU00001770,Platinum,100000,3666.99,Active
CD00001949,CU00000043,Gold,50000,49564.79,Active
CD00001950,CU00000824,Gold,100000,4195.09,Active
CD00001951,CU00002545,Gold,200000,87201.79,Active
CD00001952,CU00001347,Classic,50000,16898.85,Active
CD00001953,CU00002685,Gold,500000,13024.97,Active
CD00001954,CU00002946,Gold,500000,17478.68,Active
CD00001955,CU00000109,Classic,350000,34931.21,Active
CD00001956,CU00004609,Platinum,100000,9443.41,Active
CD00001957,CU00002945,Classic,100000,8169.94,Active
CD00001958,CU00003430,Platinum,100000,10215.44,Active
CD00001959,CU00003079,Classic,100000,4204.72,Active
CD00001960,CU00003775,Platinum,100000,13184.0,Active
CD00001961,CU00004680,Gold,200000,12977.54,Active
CD00001962,CU00004540,Classic,200000,19000.53,Active
CD00001963,CU00004993,Gold,500000,15614.4,Active
CD00001964,CU00003116,Classic,100000,7820.62,Active
CD00001965,CU00000783,Classic,100000,15584.36,Active
CD00001966,CU00001529,Gold,200000,3269.32,Active
CD00001967,CU00003562,Gold,50000,17088.23,Active
CD00001968,CU00000126,Classic,350000,7835.65,Active
CD00001969,CU00003365,Platinum,350000,9760.17,Active
CD00001970,CU00002064,Gold,350000,8020.52,Active
CD00001971,CU00000671,Business,200000,3871.65,Blocked
CD00001972,CU00002168,Business,500000,23205.4,Active
CD00001973,CU00003600,Classic,50000,6282.56,Active
CD00001974,CU00004160,Classic,50000,936.23,Active
CD00001975,CU00003724,Platinum,50000,44345.76,Active
CD00001976,CU00002104,Gold,500000,17075.27,Active
CD00001977,CU00003850,Gold,500000,16021.69,Active
CD00001978,CU00003785,Classic,50000,968.95,Active
CD00001979,CU00000029,Platinum,100000,6167.0,Closed
CD00001980,CU00004382,Business,200000,8207.7,Active
CD00001981,CU00004773,Gold,50000,4251.59,Active
CD00001982,CU00000217,Gold,100000,30673.72,Active
CD00001983,CU00004834,Platinum,500000,16178.51,Active
CD00001984,CU00004388,Classic,200000,9694.79,Active
CD00001985,CU00004972,Gold,50000,14770.08,Active
CD00001986,CU00004152,Platinum,200000,1631.84,Active
CD00001987,CU00000521,Classic,500000,8630.81,Active
CD00001988,CU00003021,Gold,500000,16343.32,Active
CD00001989,CU00004917,Gold,100000,28577.8,Active
CD00001990,CU00000588,Gold,50000,9370.02,Active
CD00001991,CU00004084,Gold,100000,5082.54,Active
CD00001992,CU00003911,Platinum,500000,8169.79,Active
CD00001993,CU00004725,Classic,100000,41755.04,Active
CD00001994,CU00004287,Business,50000,32433.89,Blocked
CD00001995,CU00002876,Platinum,50000,5438.32,Active
CD00001996,CU00003160,Classic,200000,5215.46,Active
CD00001997,CU00004324,Platinum,350000,37810.91,Active
CD00001998,CU00002986,Business,350000,12597.66,Active
CD00001999,CU00000764,Gold,50000,36304.22,Active
CD00002000,CU00004733,Classic,100000,3132.91,Active
CD00002001,CU00001732,Platinum,100000,20298.0,Active
CD00002002,CU00001999,Business,100000,8741.22,Active
CD00002003,CU00002268,Classic,500000,8347.02,Active
CD00002004,CU00002092,Classic,200000,5439.31,Active
CD00002005,CU00000831,Classic,100000,1132.83,Active
CD00002006,CU00000199,Gold,350000,4812.36,Active
CD00002007,CU00000107,Classic,200000,3211.96,Active
CD00002008,CU00001329,Platinum,100000,7474.93,Active
CD00002009,CU00002485,Classic,100000,6155.81,Blocked
CD00002010,CU00003754,Gold,200000,5790.39,Active
CD00002011,CU00001260,Platinum,100000,1824.84,Active
CD00002012,CU00000257,Platinum,500000,24759.1,Active
CD00002013,CU00003490,Classic,350000,23619.95,Active
CD00002014,CU00003312,Business,100000,68374.46,Active
CD00002015,CU00001680,Business,50000,3062.45,Active
CD00002016,CU00004529,Platinum,100000,101216.04,Active
CD00002017,CU00003730,Gold,200000,5622.47,Active
CD00002018,CU00000478,Gold,100000,30014.33,Active
CD00002019,CU00000966,Gold,50000,7674.17,Active
CD00002020,CU00003935,Business,50000,194621.99,Blocked
CD00002021,CU00004502,Gold,350000,6516.52,Blocked
CD00002022,CU00004501,Classic,100000,10921.83,Active
CD00002023,CU00001696,Classic,100000,16457.67,Active
CD00002024,CU00002363,Gold,100000,82125.64,Active
CD00002025,CU00003205,Classic,50000,12749.2,Active
CD00002026,CU00001087,Platinum,200000,33059.08,Closed
CD00002027,CU00002660,Classic,100000,2109.33,Active
CD00002028,CU00004510,Platinum,100000,2074.5,Active
CD00002029,CU00002645,Classic,100000,14180.02,Active
CD00002030,CU00001368,Classic,500000,3974.25,Active
CD00002031,CU00004460,Gold,100000,7612.83,Active
CD00002032,CU00003040,Business,500000,11010.87,Active
CD00002033,CU00001295,Gold,500000,5479.54,Active
CD00002034,CU00001531,Business,100000,10301.5,Active
CD00002035,CU00002035,Gold,200000,5943.09,Active
CD00002036,CU00003436,Classic,350000,9329.97,Active
CD00002037,CU00003329,Classic,350000,15268.28,Active
CD00002038,CU00001242,Gold,350000,10521.11,Active
CD00002039,CU00003980,Platinum,50000,15085.89,Active
CD00002040,CU00002460,Gold,500000,2479.92,Blocked
CD00002041,CU00002721,Platinum,100000,2202.4,Active
CD00002042,CU00004075,Gold,50000,15435.25,Active
CD00002043,CU00001486,Gold,200000,8530.39,Blocked
CD00002044,CU00000373,Gold,200000,47526.46,Active
CD00002045,CU00001776,Gold,200000,3347.18,Active
CD00002046,CU00003836,Platinum,200000,11086.72,Active
CD00002047,CU00001019,Business,50000,19841.58,Active
CD00002048,CU00002548,Classic,350000,3662.56,Active
CD00002049,CU00001565,Platinum,50000,15934.82,Active
CD00002050,CU00004468,Gold,500000,4854.82,Active
CD00002051,CU00000259,Platinum,200000,23077.56,Active
CD00002052,CU00003389,Platinum,200000,19816.97,Active
CD00002053,CU00000893,Classic,200000,22415.46,Active
CD00002054,CU00003859,Gold,100000,19213.95,Blocked
CD00002055,CU00004195,Gold,100000,6993.27,Active
CD00002056,CU00001626,Platinum,350000,3092.54,Active
CD00002057,CU00001379,Platinum,350000,20077.52,Active
CD00002058,CU00000072,Classic,500000,3083.3,Active
CD00002059,CU00002608,Gold,350000,6124.68,Active
CD00002060,CU00004901,Gold,100000,21275.75,Active
CD00002061,CU00004583,Platinum,100000,40585.74,Active
CD00002062,CU00003434,Classic,350000,11082.19,Active
CD00002063,CU00001699,Platinum,350000,12594.05,Active
CD00002064,CU00000091,Platinum,200000,21329.53,Active
CD00002065,CU00004524,Classic,200000,18008.01,Active
CD00002066,CU00004301,Classic,50000,2217.93,Active
CD00002067,CU00001101,Classic,100000,17693.59,Active
CD00002068,CU00001902,Gold,200000,3041.65,Active
CD00002069,CU00003697,Classic,50000,4259.86,Active
CD00002070,CU00000456,Gold,50000,1246.61,Active
CD00002071,CU00003158,Platinum,200000,6097.16,Active
CD00002072,CU00003500,Gold,500000,9475.79,Active
CD00002073,CU00001335,Classic,100000,5907.51,Active
CD00002074,CU00000749,Platinum,100000,6307.3,Active
CD00002075,CU00002285,Business,50000,34552.54,Active
CD00002076,CU00001165,Gold,50000,78788.22,Active
CD00002077,CU00000514,Gold,200000,6170.01,Active
CD00002078,CU00000042,Gold,100000,20876.61,Active
CD00002079,CU00000902,Gold,100000,1099.25,Active
CD00002080,CU00002067,Classic,200000,11733.92,Active
CD00002081,CU00000201,Classic,500000,19797.88,Active
CD00002082,CU00004574,Classic,100000,16660.31,Active
CD00002083,CU00004905,Platinum,500000,36574.51,Closed
CD00002084,CU00001499,Classic,50000,30661.38,Active
CD00002085,CU00001080,Classic,100000,17945.17,Active
CD00002086,CU00002182,Platinum,100000,2846.28,Closed
CD00002087,CU00003924,Platinum,350000,5315.94,Active
CD00002088,CU00000318,Platinum,100000,1653.27,Active
CD00002089,CU00004819,Classic,200000,21583.74,Closed
CD00002090,CU00004741,Classic,200000,34713.34,Active
CD00002091,CU00004747,Platinum,200000,27250.79,Active
CD00002092,CU00003179,Business,50000,1353.4,Active
CD00002093,CU00002744,Platinum,200000,10809.59,Active
CD00002094,CU00003831,Platinum,500000,7693.48,Active
CD00002095,CU00002725,Gold,350000,11347.67,Active
CD00002096,CU00001994,Business,200000,9348.82,Active
CD00002097,CU00001727,Gold,50000,1204.57,Active
CD00002098,CU00000982,Platinum,350000,2436.68,Active
CD00002099,CU00000012,Platinum,350000,23501.53,Active
CD00002100,CU00002006,Platinum,500000,4264.01,Active
CD00002101,CU00004991,Gold,200000,10525.67,Active
CD00002102,CU00000449,Platinum,100000,18370.06,Active
CD00002103,CU00002369,Classic,50000,4667.57,Closed
CD00002104,CU00002518,Platinum,100000,8157.73,Active
CD00002105,CU00000648,Gold,200000,3595.85,Active
CD00002106,CU00000798,Platinum,100000,3495.68,Active
CD00002107,CU00004165,Gold,200000,12063.38,Active
CD00002108,CU00002331,Classic,200000,2066.87,Active
CD00002109,CU00002377,Gold,350000,31202.58,Active
CD00002110,CU00002889,Platinum,500000,32098.77,Active
CD00002111,CU00003084,Classic,100000,16008.5,Active
CD00002112,CU00001111,Classic,350000,12172.91,Active
CD00002113,CU00001805,Classic,500000,52668.95,Active
CD00002114,CU00002218,Gold,100000,18866.28,Active
CD00002115,CU00000054,Classic,100000,12644.04,Active
CD00002116,CU00000035,Gold,100000,34171.56,Active
CD00002117,CU00000090,Gold,50000,30088.74,Active
CD00002118,CU00000074,Gold,500000,7162.14,Active
CD00002119,CU00003378,Classic,500000,1855.7,Active
CD00002120,CU00003458,Platinum,50000,2959.27,Active
CD00002121,CU00004620,Platinum,500000,111343.68,Active
CD00002122,CU00002927,Gold,500000,24934.08,Active
CD00002123,CU00003768,Platinum,500000,63556.71,Active
CD00002124,CU00004826,Platinum,200000,10575.1,Active
CD00002125,CU00001706,Classic,50000,10592.28,Active
CD00002126,CU00001728,Platinum,200000,31946.95,Active
CD00002127,CU00001790,Classic,100000,15233.18,Blocked
CD00002128,CU00000913,Classic,500000,7795.3,Active
CD00002129,CU00002996,Platinum,50000,6723.21,Active
CD00002130,CU00004968,Platinum,350000,10038.2,Active
CD00002131,CU00004354,Classic,50000,23810.33,Active
CD00002132,CU00000775,Classic,500000,40623.11,Active
CD00002133,CU00000412,Business,200000,23474.78,Active
CD00002134,CU00000599,Platinum,50000,5614.66,Active
CD00002135,CU00004597,Platinum,50000,18555.07,Active
CD00002136,CU00001909,Gold,100000,4169.95,Active
CD00002137,CU00003287,Classic,200000,7217.75,Active
CD00002138,CU00004014,Gold,200000,7071.28,Active
CD00002139,CU00004526,Classic,350000,2802.82,Active
CD00002140,CU00003455,Classic,500000,16727.59,Active
CD00002141,CU00000215,Classic,200000,43306.6,Active
CD00002142,CU00004814,Classic,500000,4252.67,Active
CD00002143,CU00002495,Classic,500000,2510.92,Active
CD00002144,CU00004519,Classic,500000,14394.76,Active
CD00002145,CU00002421,Gold,500000,12482.84,Active
CD00002146,CU00003216,Platinum,200000,6337.92,Active
CD00002147,CU00002199,Gold,350000,11587.1,Active
CD00002148,CU00003918,Platinum,50000,8653.46,Active
CD00002149,CU00004355,Classic,350000,21032.49,Active
CD00002150,CU00000063,Business,50000,27294.89,Active
CD00002151,CU00000480,Classic,350000,30720.36,Active
CD00002152,CU00001071,Platinum,350000,68578.21,Active
CD00002153,CU00002888,Gold,100000,7115.96,Active
CD00002154,CU00000666,Gold,350000,12019.43,Active
CD00002155,CU00000580,Classic,500000,22568.75,Active
CD00002156,CU00004732,Classic,500000,13986.18,Active
CD00002157,CU00000049,Classic,500000,5524.2,Active
CD00002158,CU00000818,Platinum,50000,7237.12,Active
CD00002159,CU00004125,Business,500000,2763.88,Active
CD00002160,CU00000122,Classic,50000,3144.77,Active
CD00002161,CU00002580,Platinum,200000,6267.51,Active
CD00002162,CU00004730,Gold,500000,16260.83,Active
CD00002163,CU00002457,Classic,500000,7672.86,Active
CD00002164,CU00004640,Gold,200000,2593.1,Active
CD00002165,CU00000414,Business,500000,37013.38,Active
CD00002166,CU00002940,Platinum,500000,3651.68,Active
CD00002167,CU00005000,Gold,50000,27073.53,Active
CD00002168,CU00003462,Classic,200000,9245.05,Active
CD00002169,CU00004185,Business,500000,11063.8,Active
CD00002170,CU00000826,Classic,350000,9689.39,Active
CD00002171,CU00001340,Classic,500000,5250.28,Closed
CD00002172,CU00001374,Platinum,50000,1854.95,Active
CD00002173,CU00002238,Platinum,50000,20411.83,Active
CD00002174,CU00003269,Gold,350000,20855.5,Active
CD00002175,CU00002365,Gold,200000,5849.91,Active
CD00002176,CU00004646,Platinum,50000,2351.56,Active
CD00002177,CU00001667,Classic,100000,17808.51,Active
CD00002178,CU00004653,Gold,350000,25377.38,Active
CD00002179,CU00000311,Business,500000,4766.97,Active
CD00002180,CU00002200,Gold,100000,12014.18,Active
CD00002181,CU00002202,Gold,350000,1925.52,Active
CD00002182,CU00000299,Gold,100000,4795.09,Active
CD00002183,CU00002500,Gold,350000,59199.5,Active
CD00002184,CU00001451,Platinum,50000,1483.31,Active
CD00002185,CU00000914,Gold,50000,16321.34,Active
CD00002186,CU00002693,Business,200000,24633.75,Blocked
CD00002187,CU00004982,Gold,350000,1866.38,Active
CD00002188,CU00001833,Gold,200000,13126.74,Blocked
CD00002189,CU00000644,Gold,100000,12128.73,Active
CD00002190,CU00001733,Business,100000,10819.11,Active
CD00002191,CU00004832,Platinum,500000,34847.09,Active
CD00002192,CU00002805,Gold,350000,1986.7,Active
CD00002193,CU00003096,Classic,350000,9804.75,Active
CD00002194,CU00004739,Platinum,50000,18487.02,Active
CD00002195,CU00000099,Gold,500000,9994.76,Active
CD00002196,CU00002953,Classic,350000,7674.12,Active
CD00002197,CU00000450,Gold,100000,2963.0,Active
CD00002198,CU00002007,Classic,350000,16891.23,Active
CD00002199,CU00003546,Platinum,350000,22713.13,Active
CD00002200,CU00004959,Classic,200000,6787.04,Active
CD00002201,CU00002851,Platinum,500000,1907.56,Active
CD00002202,CU00001478,Classic,350000,15087.02,Active
CD00002203,CU00004786,Classic,100000,33416.65,Active
CD00002204,CU00002217,Gold,200000,14826.1,Active
CD00002205,CU00004890,Classic,350000,62368.4,Active
CD00002206,CU00000653,Classic,500000,734.36,Active
CD00002207,CU00001084,Gold,100000,11864.72,Active
CD00002208,CU00003009,Platinum,350000,24658.33,Active
CD00002209,CU00002827,Classic,350000,1345.99,Active
CD00002210,CU00001320,Classic,500000,3965.17,Active
CD00002211,CU00001750,Platinum,50000,2597.33,Active
CD00002212,CU00001690,Gold,50000,8264.49,Active
CD00002213,CU00003263,Business,50000,27134.77,Active
CD00002214,CU00004623,Gold,100000,32314.97,Active
CD00002215,CU00000297,Classic,500000,63245.54,Active
CD00002216,CU00003847,Gold,500000,23078.6,Active
CD00002217,CU00003761,Classic,100000,9619.67,Active
CD00002218,CU00003286,Platinum,50000,28008.17,Active
CD00002219,CU00000141,Gold,200000,3068.97,Active
CD00002220,CU00002885,Classic,50000,3932.91,Active
CD00002221,CU00002303,Classic,350000,4973.59,Active
CD00002222,CU00001149,Classic,350000,1527.37,Active
CD00002223,CU00004190,Business,200000,3189.19,Active
CD00002224,CU00003633,Business,100000,11606.31,Active
CD00002225,CU00003472,Gold,350000,7864.75,Active
CD00002226,CU00001293,Gold,50000,9504.38,Active
CD00002227,CU00001991,Platinum,100000,13369.38,Active
CD00002228,CU00003482,Platinum,350000,1599.11,Active
CD00002229,CU00000121,Gold,500000,17053.57,Blocked
CD00002230,CU00002944,Classic,50000,16243.11,Blocked
CD00002231,CU00001629,Classic,200000,9271.21,Active
CD00002232,CU00004593,Classic,500000,2041.52,Active
CD00002233,CU00002317,Business,500000,64932.64,Active
CD00002234,CU00000021,Business,500000,6237.37,Active
CD00002235,CU00004454,Platinum,50000,38454.42,Active
CD00002236,CU00004816,Classic,350000,6798.03,Active
CD00002237,CU00000187,Classic,500000,17020.57,Active
CD00002238,CU00001571,Classic,500000,49343.15,Active
CD00002239,CU00004128,Gold,500000,9754.4,Active
CD00002240,CU00004258,Classic,200000,26312.83,Active
CD00002241,CU00004119,Classic,500000,10007.77,Active
CD00002242,CU00000274,Classic,200000,11890.19,Active
CD00002243,CU00003294,Gold,350000,9490.93,Active
CD00002244,CU00002129,Platinum,100000,13782.22,Active
CD00002245,CU00000627,Classic,100000,8350.29,Active
CD00002246,CU00003950,Platinum,100000,5902.55,Active
CD00002247,CU00000612,Platinum,350000,6580.68,Active
CD00002248,CU00003289,Platinum,200000,11441.55,Active
CD00002249,CU00003767,Classic,100000,50795.49,Active
CD00002250,CU00001498,Platinum,500000,4861.55,Closed
CD00002251,CU00003703,Business,200000,114000.73,Active
CD00002252,CU00002935,Classic,50000,6721.67,Active
CD00002253,CU00001602,Classic,200000,3895.35,Active
CD00002254,CU00000555,Classic,50000,754.91,Active
CD00002255,CU00001091,Business,350000,4767.32,Active
CD00002256,CU00004987,Business,100000,30796.6,Active
CD00002257,CU00003841,Classic,350000,13914.71,Active
CD00002258,CU00001781,Business,350000,1908.36,Active
CD00002259,CU00000194,Gold,200000,2429.72,Active
CD00002260,CU00004150,Classic,500000,4781.15,Active
CD00002261,CU00000589,Classic,350000,3255.26,Active
CD00002262,CU00001418,Classic,50000,18958.75,Active
CD00002263,CU00002886,Classic,50000,69281.95,Active
CD00002264,CU00003883,Classic,200000,39301.39,Active
CD00002265,CU00001510,Classic,500000,3024.81,Active
CD00002266,CU00001114,Gold,350000,37510.88,Active
CD00002267,CU00003586,Classic,100000,791.44,Closed
CD00002268,CU00003403,Gold,350000,6174.81,Active
CD00002269,CU00001035,Classic,100000,77655.31,Active
CD00002270,CU00001482,Platinum,50000,18679.71,Active
CD00002271,CU00000471,Platinum,50000,4651.36,Active
CD00002272,CU00004601,Classic,500000,6371.37,Active
CD00002273,CU00000667,Platinum,100000,17142.17,Active
CD00002274,CU00001016,Classic,50000,4269.22,Active
CD00002275,CU00002637,Gold,350000,49560.53,Blocked
CD00002276,CU00003629,Gold,350000,9600.4,Active
CD00002277,CU00002095,Classic,350000,16671.89,Active
CD00002278,CU00000832,Gold,200000,3520.76,Active
CD00002279,CU00000963,Business,100000,16376.08,Active
CD00002280,CU00000398,Classic,200000,23212.43,Active
CD00002281,CU00003944,Business,500000,24415.4,Active
CD00002282,CU00004913,Classic,100000,39652.4,Active
CD00002283,CU00004704,Gold,200000,15956.04,Active
CD00002284,CU00004648,Business,350000,6870.31,Active
CD00002285,CU00004124,Classic,500000,16286.44,Active
CD00002286,CU00002291,Classic,500000,13851.7,Active
CD00002287,CU00004020,Platinum,500000,19645.11,Active
CD00002288,CU00004436,Classic,500000,4172.54,Active
CD00002289,CU00002235,Classic,350000,10962.77,Active
CD00002290,CU00003659,Classic,500000,21485.28,Active
CD00002291,CU00001429,Classic,500000,11618.3,Active
CD00002292,CU00004025,Platinum,100000,7617.0,Active
CD00002293,CU00000771,Gold,50000,5383.67,Active
CD00002294,CU00001334,Gold,350000,10169.23,Active
CD00002295,CU00000405,Classic,500000,14835.56,Active
CD00002296,CU00004216,Classic,200000,3249.53,Active
CD00002297,CU00001954,Platinum,100000,67474.52,Active
CD00002298,CU00001672,Classic,350000,3379.54,Active
CD00002299,CU00003795,Classic,350000,3985.8,Active
CD00002300,CU00000952,Gold,100000,2560.37,Active
CD00002301,CU00001989,Classic,500000,3188.92,Active
CD00002302,CU00004622,Classic,350000,8371.57,Active
CD00002303,CU00001765,Gold,350000,17561.88,Active
CD00002304,CU00002398,Platinum,500000,17401.32,Active
CD00002305,CU00004960,Classic,350000,8094.98,Active
CD00002306,CU00002956,Classic,500000,3752.66,Active
CD00002307,CU00004056,Platinum,200000,13162.96,Active
CD00002308,CU00002203,Platinum,100000,12955.78,Active
CD00002309,CU00001421,Classic,200000,17492.66,Active
CD00002310,CU00003778,Platinum,200000,13974.45,Active
CD00002311,CU00003505,Classic,100000,1635.09,Active
CD00002312,CU00000787,Classic,200000,5494.09,Active
CD00002313,CU00003210,Gold,50000,28063.27,Active
CD00002314,CU00002599,Classic,200000,31310.02,Active
CD00002315,CU00002378,Gold,350000,3277.92,Closed
CD00002316,CU00002054,Classic,100000,1245.5,Active
CD00002317,CU00001038,Platinum,200000,4953.58,Active
CD00002318,CU00000472,Gold,100000,674.09,Active
CD00002319,CU00002247,Gold,350000,16584.26,Active
CD00002320,CU00002467,Gold,500000,211679.64,Active
CD00002321,CU00000833,Classic,200000,10725.76,Active
CD00002322,CU00000512,Classic,350000,17226.51,Active
CD00002323,CU00001793,Classic,100000,2223.22,Active
CD00002324,CU00004218,Gold,100000,36739.2,Active
CD00002325,CU00000170,Gold,500000,15668.89,Active
CD00002326,CU00000820,Classic,350000,50823.75,Active
CD00002327,CU00001023,Gold,200000,88581.25,Active
CD00002328,CU00004235,Classic,50000,9196.22,Active
CD00002329,CU00003052,Platinum,350000,10271.18,Active
CD00002330,CU00001175,Classic,100000,2856.26,Active
CD00002331,CU00000428,Classic,350000,4562.66,Active
CD00002332,CU00002022,Gold,350000,6276.03,Active
CD00002333,CU00003527,Classic,200000,1984.99,Active
CD00002334,CU00002601,Classic,500000,1046.25,Active
CD00002335,CU00000256,Classic,50000,6099.63,Active
CD00002336,CU00004102,Classic,50000,88136.38,Active
CD00002337,CU00001722,Business,100000,10229.74,Active
CD00002338,CU00004166,Gold,500000,4006.78,Active
CD00002339,CU00002785,Platinum,50000,21209.37,Active
CD00002340,CU00004302,Classic,500000,12877.93,Active
CD00002341,CU00004861,Classic,50000,30140.57,Blocked
CD00002342,CU00003392,Business,50000,6398.39,Active
CD00002343,CU00001512,Classic,350000,18577.7,Active
CD00002344,CU00001376,Gold,100000,9350.49,Active
CD00002345,CU00004184,Classic,200000,66076.12,Active
CD00002346,CU00004269,Classic,500000,38549.08,Active
CD00002347,CU00000718,Gold,500000,23703.02,Active
CD00002348,CU00000459,Business,100000,3333.23,Active
CD00002349,CU00001517,Classic,50000,3831.3,Active
CD00002350,CU00004945,Classic,350000,10733.62,Active
CD00002351,CU00002634,Platinum,500000,8440.02,Active
CD00002352,CU00003115,Business,50000,32779.91,Active
CD00002353,CU00002555,Gold,50000,3412.85,Active
CD00002354,CU00003591,Classic,100000,16632.25,Active
CD00002355,CU00003103,Platinum,350000,17442.52,Blocked
CD00002356,CU00004691,Gold,100000,16605.89,Active
CD00002357,CU00002491,Platinum,200000,9902.95,Active
CD00002358,CU00002143,Gold,500000,5224.96,Active
CD00002359,CU00004612,Gold,350000,1734.49,Active
CD00002360,CU00004474,Classic,50000,34013.4,Active
CD00002361,CU00003194,Business,500000,4011.21,Active
CD00002362,CU00004794,Platinum,200000,21518.96,Blocked
CD00002363,CU00003787,Platinum,500000,6543.46,Active
CD00002364,CU00003855,Gold,100000,43000.64,Active
CD00002365,CU00003939,Platinum,50000,29788.41,Active
CD00002366,CU00004080,Gold,350000,3581.57,Active
CD00002367,CU00003448,Classic,50000,17698.88,Active
CD00002368,CU00004055,Platinum,50000,9788.83,Closed
CD00002369,CU00000195,Gold,200000,12352.34,Active
CD00002370,CU00003671,Gold,350000,15927.04,Active
CD00002371,CU00004270,Classic,100000,41757.99,Active
CD00002372,CU00004061,Platinum,100000,12622.21,Active
CD00002373,CU00001710,Gold,50000,1411.01,Active
CD00002374,CU00001417,Gold,350000,5290.66,Active
CD00002375,CU00000924,Classic,100000,3778.8,Active
CD00002376,CU00000210,Classic,50000,8529.17,Active
CD00002377,CU00003292,Gold,350000,3003.05,Active
CD00002378,CU00001904,Platinum,500000,47532.57,Active
CD00002379,CU00002579,Gold,500000,267.83,Closed
CD00002380,CU00004034,Platinum,50000,13195.13,Active
CD00002381,CU00003994,Classic,50000,21787.51,Active
CD00002382,CU00002329,Classic,350000,13352.66,Closed
CD00002383,CU00000503,Platinum,100000,2025.91,Active
CD00002384,CU00002305,Gold,500000,4493.46,Active
CD00002385,CU00000606,Classic,350000,23370.38,Active
CD00002386,CU00004778,Classic,100000,21349.46,Active
CD00002387,CU00001250,Gold,100000,2245.32,Active
CD00002388,CU00003554,Classic,350000,39113.06,Active
CD00002389,CU00003530,Gold,200000,3482.01,Closed
CD00002390,CU00001642,Platinum,100000,3385.91,Active
CD00002391,CU00004209,Classic,100000,18396.6,Active
CD00002392,CU00004656,Gold,350000,16900.28,Active
CD00002393,CU00000614,Gold,50000,10242.72,Active
CD00002394,CU00004186,Gold,500000,11928.03,Active
CD00002395,CU00001144,Business,350000,9170.74,Active
CD00002396,CU00004839,Gold,50000,13774.59,Active
CD00002397,CU00002759,Gold,350000,50119.22,Active
CD00002398,CU00004542,Gold,350000,17681.85,Active
CD00002399,CU00002611,Classic,200000,13722.9,Active
CD00002400,CU00004637,Gold,350000,8203.14,Active
CD00002401,CU00004549,Gold,500000,27217.06,Active
CD00002402,CU00002391,Classic,500000,6717.55,Active
CD00002403,CU00001333,Gold,100000,14620.95,Active
CD00002404,CU00003566,Classic,100000,47808.36,Active
CD00002405,CU00001150,Classic,200000,6086.48,Active
CD00002406,CU00001201,Platinum,200000,14480.19,Active
CD00002407,CU00004978,Platinum,100000,16016.9,Active
CD00002408,CU00002786,Classic,50000,2796.48,Active
CD00002409,CU00003747,Classic,50000,6798.94,Active
CD00002410,CU00001408,Platinum,100000,12079.91,Active
CD00002411,CU00002845,Platinum,350000,6753.2,Blocked
CD00002412,CU00004418,Platinum,50000,17500.46,Active
CD00002413,CU00000995,Classic,50000,26871.88,Active
CD00002414,CU00002289,Gold,500000,8624.17,Active
CD00002415,CU00002990,Platinum,100000,7495.99,Blocked
CD00002416,CU00000444,Platinum,50000,29241.86,Active
CD00002417,CU00001595,Classic,50000,7353.2,Active
CD00002418,CU00000887,Platinum,350000,11093.75,Blocked
CD00002419,CU00002349,Gold,350000,5356.22,Active
CD00002420,CU00001389,Gold,200000,11425.28,Active
CD00002421,CU00001455,Platinum,500000,72508.79,Active
CD00002422,CU00001864,Platinum,350000,40558.85,Active
CD00002423,CU00003700,Gold,50000,20651.26,Active
CD00002424,CU00001050,Gold,200000,25116.59,Active
CD00002425,CU00001594,Gold,200000,51404.91,Active
CD00002426,CU00000739,Classic,500000,2425.06,Active
CD00002427,CU00004581,Platinum,200000,38608.64,Active
CD00002428,CU00002743,Platinum,200000,2838.88,Active
CD00002429,CU00001933,Platinum,50000,1948.6,Active
CD00002430,CU00001323,Classic,500000,34484.74,Active
CD00002431,CU00004120,Business,500000,1040.76,Active
CD00002432,CU00003672,Gold,50000,31638.62,Active
CD00002433,CU00003424,Gold,100000,5227.63,Active
CD00002434,CU00004757,Platinum,200000,11184.62,Active
CD00002435,CU00004336,Classic,100000,49262.75,Active
CD00002436,CU00000253,Platinum,350000,87410.39,Active
CD00002437,CU00001316,Classic,200000,8852.0,Active
CD00002438,CU00002708,Gold,100000,4350.0,Active
CD00002439,CU00000324,Gold,100000,100575.81,Active
CD00002440,CU00001342,Classic,200000,37003.47,Active
CD00002441,CU00004140,Classic,350000,934.45,Active
CD00002442,CU00002262,Classic,500000,19749.42,Closed
CD00002443,CU00004698,Gold,100000,4795.04,Active
CD00002444,CU00001151,Classic,100000,22753.14,Active
CD00002445,CU00001253,Gold,100000,9021.2,Active
CD00002446,CU00000374,Gold,50000,7187.27,Closed
CD00002447,CU00000922,Gold,200000,7658.76,Active
CD00002448,CU00004024,Classic,500000,53109.18,Active
CD00002449,CU00002198,Classic,200000,11713.98,Active
CD00002450,CU00002185,Platinum,350000,6208.56,Active
CD00002451,CU00004792,Classic,100000,20043.24,Active
CD00002452,CU00002333,Gold,200000,9005.8,Active
CD00002453,CU00002505,Classic,50000,1629.03,Active
CD00002454,CU00001815,Business,50000,6192.74,Active
CD00002455,CU00004452,Classic,50000,26292.08,Active
CD00002456,CU00000265,Classic,350000,25476.59,Active
CD00002457,CU00000955,Platinum,100000,14131.05,Active
CD00002458,CU00004404,Platinum,500000,6085.7,Active
CD00002459,CU00001355,Gold,500000,10273.88,Active
CD00002460,CU00003478,Platinum,50000,12355.62,Active
CD00002461,CU00002210,Classic,100000,40450.69,Active
CD00002462,CU00002441,Business,350000,6053.38,Active
CD00002463,CU00000502,Classic,50000,5064.04,Active
CD00002464,CU00002024,Platinum,50000,1204.09,Active
CD00002465,CU00003959,Classic,350000,1911.62,Active
CD00002466,CU00003714,Gold,350000,9605.48,Active
CD00002467,CU00001321,Classic,350000,5348.23,Active
CD00002468,CU00002136,Gold,100000,7304.61,Active
CD00002469,CU00000712,Platinum,100000,31379.79,Active
CD00002470,CU00002787,Classic,50000,93201.4,Active
CD00002471,CU00002908,Classic,200000,2880.23,Active
CD00002472,CU00002508,Platinum,50000,55873.39,Active
CD00002473,CU00000397,Gold,100000,5802.01,Active
CD00002474,CU00003146,Gold,100000,9333.86,Active
CD00002475,CU00000687,Classic,100000,20526.3,Active
CD00002476,CU00001009,Gold,100000,6881.91,Blocked
CD00002477,CU00004522,Classic,50000,51592.7,Active
CD00002478,CU00001383,Gold,100000,8620.78,Active
CD00002479,CU00003145,Platinum,350000,897.46,Active
CD00002480,CU00001657,Classic,50000,3058.21,Active
CD00002481,CU00002937,Classic,200000,146992.21,Active
CD00002482,CU00002145,Gold,350000,50164.27,Active
CD00002483,CU00000249,Classic,500000,28054.51,Active
CD00002484,CU00004673,Classic,500000,7814.89,Active
CD00002485,CU00004003,Classic,50000,48956.67,Active
CD00002486,CU00001917,Classic,350000,4318.75,Active
CD00002487,CU00001913,Classic,200000,26670.65,Blocked
CD00002488,CU00001625,Platinum,350000,13065.96,Active
CD00002489,CU00004451,Platinum,350000,5901.46,Active
CD00002490,CU00001357,Business,200000,19058.68,Active
CD00002491,CU00002186,Classic,50000,102260.86,Active
CD00002492,CU00004676,Classic,100000,14987.03,Active
CD00002493,CU00000348,Gold,350000,4968.35,Active
CD00002494,CU00004898,Gold,100000,24829.6,Closed
CD00002495,CU00004708,Gold,100000,5008.91,Blocked
CD00002496,CU00002106,Platinum,50000,12430.48,Active
CD00002497,CU00004273,Gold,50000,52612.24,Active
CD00002498,CU00002420,Gold,500000,6581.77,Active
CD00002499,CU00001416,Classic,200000,5690.59,Active
CD00002500,CU00001798,Gold,500000,26561.46,Active
CD00002501,CU00001286,Gold,50000,16787.64,Active
CD00002502,CU00002772,Classic,50000,50623.73,Active
CD00002503,CU00004368,Platinum,50000,11169.89,Closed
CD00002504,CU00001582,Classic,200000,3406.63,Active
CD00002505,CU00004575,Gold,200000,7475.74,Active
CD00002506,CU00004313,Gold,350000,29512.6,Active
CD00002507,CU00004830,Classic,500000,177147.09,Active
CD00002508,CU00002226,Platinum,200000,46216.95,Active
CD00002509,CU00003849,Platinum,100000,522.49,Active
CD00002510,CU00003473,Classic,100000,24393.49,Active
CD00002511,CU00004630,Gold,100000,5127.25,Active
CD00002512,CU00003580,Platinum,350000,2219.99,Active
CD00002513,CU00001622,Gold,100000,27077.73,Active
CD00002514,CU00000007,Platinum,200000,4571.41,Active
CD00002515,CU00001698,Platinum,200000,13819.88,Closed
CD00002516,CU00001597,Classic,200000,2381.22,Active
CD00002517,CU00000153,Classic,100000,8565.97,Active
CD00002518,CU00003877,Classic,500000,6038.54,Blocked
CD00002519,CU00000369,Platinum,350000,3045.58,Active
CD00002520,CU00003884,Gold,200000,51596.25,Active
CD00002521,CU00002410,Classic,200000,78510.3,Active
CD00002522,CU00004457,Classic,200000,5107.84,Active
CD00002523,CU00003440,Gold,100000,550.61,Active
CD00002524,CU00003810,Gold,350000,4557.19,Active
CD00002525,CU00002890,Classic,500000,8140.55,Active
CD00002526,CU00000335,Classic,50000,24681.51,Blocked
CD00002527,CU00000575,Gold,200000,47075.62,Active
CD00002528,CU00000856,Classic,350000,2202.18,Active
CD00002529,CU00003962,Platinum,50000,2857.07,Active
CD00002530,CU00001170,Platinum,500000,62759.27,Active
CD00002531,CU00003502,Gold,100000,19516.28,Active
CD00002532,CU00004481,Business,100000,15789.68,Active
CD00002533,CU00003511,Classic,200000,17552.91,Active
CD00002534,CU00001361,Gold,50000,4264.76,Active
CD00002535,CU00002681,Business,200000,5029.76,Active
CD00002536,CU00002532,Gold,200000,17085.58,Active
CD00002537,CU00001551,Gold,350000,5907.47,Active
CD00002538,CU00003578,Business,50000,2549.37,Active
CD00002539,CU00004822,Platinum,350000,10752.03,Active
CD00002540,CU00003565,Platinum,200000,2071.28,Active
CD00002541,CU00002286,Classic,500000,23275.35,Blocked
CD00002542,CU00003638,Gold,50000,1442.23,Active
CD00002543,CU00003426,Platinum,100000,3160.21,Active
CD00002544,CU00003265,Gold,500000,8981.7,Active
CD00002545,CU00001117,Gold,50000,14475.02,Active
CD00002546,CU00003712,Business,100000,8780.94,Active
CD00002547,CU00000498,Gold,100000,1237.62,Active
CD00002548,CU00000329,Classic,350000,6444.16,Active
CD00002549,CU00002219,Classic,100000,15294.34,Active
CD00002550,CU00004486,Classic,50000,8605.74,Active
CD00002551,CU00003774,Classic,350000,2727.35,Active
CD00002552,CU00000693,Platinum,200000,16026.14,Active
CD00002553,CU00002842,Classic,200000,4955.1,Active
CD00002554,CU00004735,Gold,500000,4775.72,Active
CD00002555,CU00000040,Classic,350000,3487.72,Active
CD00002556,CU00000214,Platinum,500000,9495.86,Active
CD00002557,CU00002334,Gold,100000,5184.43,Active
CD00002558,CU00004427,Gold,200000,6235.21,Active
CD00002559,CU00000672,Classic,100000,7498.57,Active
CD00002560,CU00004164,Gold,100000,10894.12,Active
CD00002561,CU00001045,Business,200000,6891.29,Active
CD00002562,CU00004483,Classic,500000,38188.9,Active
CD00002563,CU00003497,Platinum,100000,62718.18,Active
CD00002564,CU00003501,Classic,50000,72700.26,Active
CD00002565,CU00004455,Gold,200000,13476.69,Active
CD00002566,CU00001267,Gold,350000,2708.15,Active
CD00002567,CU00000131,Classic,350000,5383.79,Active
CD00002568,CU00002522,Gold,500000,15930.41,Active
CD00002569,CU00004652,Gold,100000,9297.96,Active
CD00002570,CU00003420,Gold,200000,3463.17,Active
CD00002571,CU00003244,Classic,500000,1727.11,Active
CD00002572,CU00000985,Gold,50000,21632.84,Active
CD00002573,CU00000443,Classic,350000,11506.43,Active
CD00002574,CU00003166,Gold,100000,18395.23,Active
CD00002575,CU00000586,Gold,350000,7505.69,Active
CD00002576,CU00001520,Classic,350000,26717.52,Active
CD00002577,CU00001900,Gold,50000,680.68,Active
CD00002578,CU00003018,Gold,50000,15642.27,Active
CD00002579,CU00002540,Platinum,50000,2860.86,Active
CD00002580,CU00002902,Classic,100000,6701.08,Active
CD00002581,CU00001198,Platinum,500000,13068.59,Active
CD00002582,CU00001660,Classic,200000,117099.39,Active
CD00002583,CU00001579,Classic,350000,9507.32,Active
CD00002584,CU00000657,Platinum,50000,57547.82,Active
CD00002585,CU00000359,Classic,100000,53027.94,Active
CD00002586,CU00001166,Platinum,350000,2368.53,Active
CD00002587,CU00002392,Classic,50000,15505.82,Active
CD00002588,CU00003175,Classic,500000,13662.56,Active
CD00002589,CU00002524,Classic,350000,9865.06,Active
CD00002590,CU00000531,Classic,350000,7727.82,Active
CD00002591,CU00002370,Classic,350000,1946.96,Active
CD00002592,CU00001164,Gold,200000,4287.0,Active
CD00002593,CU00001782,Classic,500000,21346.7,Active
CD00002594,CU00002675,Gold,200000,50560.69,Active
CD00002595,CU00000811,Classic,500000,18235.62,Active
CD00002596,CU00001040,Business,200000,962.15,Active
CD00002597,CU00000517,Business,350000,3632.36,Active
CD00002598,CU00003799,Business,350000,9202.75,Active
CD00002599,CU00004506,Platinum,100000,12301.06,Active
CD00002600,CU00003815,Classic,50000,93681.42,Active
CD00002601,CU00002632,Classic,100000,4837.32,Active
CD00002602,CU00002843,Classic,50000,2559.68,Active
CD00002603,CU00001160,Gold,100000,41399.31,Active
CD00002604,CU00003798,Platinum,500000,31776.9,Blocked
CD00002605,CU00004576,Gold,350000,10884.13,Active
CD00002606,CU00004397,Classic,350000,11730.29,Active
CD00002607,CU00004395,Gold,500000,7017.62,Active
CD00002608,CU00002781,Gold,50000,848.08,Active
CD00002609,CU00003552,Platinum,50000,3909.75,Active
CD00002610,CU00002799,Platinum,100000,6613.79,Active
CD00002611,CU00000805,Gold,50000,9129.7,Active
CD00002612,CU00002517,Classic,200000,34421.17,Active
CD00002613,CU00001911,Platinum,100000,10479.95,Active
CD00002614,CU00004761,Classic,200000,38830.72,Active
CD00002615,CU00004596,Classic,100000,2937.18,Active
CD00002616,CU00002921,Classic,100000,10348.83,Blocked
CD00002617,CU00002128,Classic,500000,11859.03,Active
CD00002618,CU00004926,Gold,50000,20828.81,Active
CD00002619,CU00004381,Business,50000,33887.23,Active
CD00002620,CU00001794,Gold,200000,10583.65,Active
CD00002621,CU00003401,Classic,100000,43960.61,Active
CD00002622,CU00003793,Gold,200000,18066.76,Active
CD00002623,CU00003119,Gold,50000,14248.19,Active
CD00002624,CU00002995,Platinum,500000,28307.16,Closed
CD00002625,CU00004149,Gold,100000,8557.9,Active
CD00002626,CU00003323,Platinum,350000,16059.9,Active
CD00002627,CU00004279,Classic,50000,17450.2,Active
CD00002628,CU00001090,Platinum,50000,5704.55,Active
CD00002629,CU00000272,Platinum,200000,7659.14,Active
CD00002630,CU00000829,Gold,350000,8316.38,Active
CD00002631,CU00002326,Platinum,200000,13471.09,Active
CD00002632,CU00002798,Gold,500000,11125.79,Active
CD00002633,CU00003272,Gold,350000,25533.04,Active
CD00002634,CU00002038,Platinum,350000,3660.04,Active
CD00002635,CU00004244,Classic,100000,63051.11,Active
CD00002636,CU00003191,Classic,500000,8932.58,Active
CD00002637,CU00002977,Gold,350000,15558.39,Active
CD00002638,CU00004569,Gold,100000,21239.54,Active
CD00002639,CU00003246,Platinum,350000,6173.46,Active
CD00002640,CU00004736,Gold,350000,13860.55,Active
CD00002641,CU00004060,Platinum,200000,12916.93,Active
CD00002642,CU00000179,Gold,100000,15966.33,Active
CD00002643,CU00000744,Classic,50000,4698.69,Active
CD00002644,CU00004572,Business,200000,6360.78,Active
CD00002645,CU00001254,Classic,100000,7770.24,Active
CD00002646,CU00002617,Classic,100000,4973.97,Active
CD00002647,CU00004127,Business,350000,22154.81,Active
CD00002648,CU00002864,Classic,50000,90178.81,Active
CD00002649,CU00000336,Classic,350000,7005.94,Active
CD00002650,CU00002056,Gold,200000,16674.99,Active
CD00002651,CU00000003,Platinum,100000,36716.04,Active
CD00002652,CU00000115,Classic,200000,9473.76,Active
CD00002653,CU00000399,Business,500000,28654.29,Active
CD00002654,CU00002032,Platinum,350000,7809.96,Active
CD00002655,CU00003156,Classic,350000,4886.84,Active
CD00002656,CU00000817,Platinum,500000,44772.11,Active
CD00002657,CU00001831,Platinum,200000,120336.61,Active
CD00002658,CU00002048,Business,350000,12244.83,Active
CD00002659,CU00003811,Gold,200000,4791.55,Active
CD00002660,CU00001199,Business,350000,7361.64,Active
CD00002661,CU00004662,Platinum,200000,2437.61,Active
CD00002662,CU00001878,Gold,50000,17311.7,Active
CD00002663,CU00001126,Classic,350000,4813.27,Active
CD00002664,CU00001862,Gold,500000,8214.68,Active
CD00002665,CU00003477,Platinum,350000,5920.71,Active
CD00002666,CU00000030,Platinum,500000,8934.53,Active
CD00002667,CU00002052,Classic,200000,18516.92,Active
CD00002668,CU00001829,Business,200000,16622.05,Active
CD00002669,CU00001234,Classic,500000,6070.88,Active
CD00002670,CU00000316,Classic,50000,41505.63,Active
CD00002671,CU00004315,Classic,350000,740.0,Blocked
CD00002672,CU00004713,Gold,200000,2548.45,Active
CD00002673,CU00001396,Platinum,100000,16155.99,Active
CD00002674,CU00002520,Gold,500000,5120.15,Active
CD00002675,CU00001771,Classic,500000,206736.3,Active
CD00002676,CU00000949,Business,350000,836.15,Active
CD00002677,CU00003690,Gold,350000,124691.3,Active
CD00002678,CU00003190,Platinum,50000,61673.66,Active
CD00002679,CU00004398,Gold,100000,10728.63,Active
CD00002680,CU00004876,Classic,350000,11182.5,Active
CD00002681,CU00000367,Gold,100000,12941.51,Active
CD00002682,CU00003230,Gold,500000,3575.65,Active
CD00002683,CU00004389,Classic,200000,23096.38,Active
CD00002684,CU00003770,Platinum,100000,8786.89,Active
CD00002685,CU00000808,Classic,50000,11536.06,Active
CD00002686,CU00002478,Classic,100000,19643.72,Active
CD00002687,CU00001806,Gold,350000,10388.03,Closed
CD00002688,CU00000292,Gold,350000,7052.43,Active
CD00002689,CU00001341,Classic,500000,2842.09,Active
CD00002690,CU00001755,Platinum,100000,3939.91,Active
CD00002691,CU00004950,Classic,500000,27634.11,Active
CD00002692,CU00000964,Classic,100000,29028.8,Active
CD00002693,CU00003252,Business,350000,1048.37,Active
CD00002694,CU00004969,Platinum,100000,13279.11,Active
CD00002695,CU00004433,Business,100000,11288.71,Active
CD00002696,CU00001442,Classic,350000,24184.35,Closed
CD00002697,CU00003170,Gold,200000,3026.13,Active
CD00002698,CU00002773,Gold,500000,2112.49,Active
CD00002699,CU00002539,Platinum,350000,3505.0,Active
CD00002700,CU00002010,Gold,350000,2889.17,Active
CD00002701,CU00003030,Business,350000,2184.83,Active
CD00002702,CU00003481,Business,500000,5740.05,Active
CD00002703,CU00002318,Gold,100000,5331.95,Active
CD00002704,CU00001537,Gold,100000,10002.92,Active
CD00002705,CU00001063,Gold,200000,1115.64,Blocked
CD00002706,CU00000268,Gold,350000,8345.63,Active
CD00002707,CU00001713,Business,350000,4288.65,Active
CD00002708,CU00003385,Classic,50000,4009.29,Active
CD00002709,CU00000180,Classic,100000,9275.77,Active
CD00002710,CU00000528,Classic,350000,74822.8,Active
CD00002711,CU00002434,Gold,50000,50632.91,Active
CD00002712,CU00000484,Platinum,350000,4916.05,Active
CD00002713,CU00003126,Gold,500000,3456.79,Active
CD00002714,CU00001712,Gold,200000,9071.75,Blocked
CD00002715,CU00000931,Business,100000,6037.29,Active
CD00002716,CU00002905,Gold,200000,4532.79,Active
CD00002717,CU00003008,Platinum,50000,4732.97,Active
CD00002718,CU00004985,Gold,500000,3594.66,Active
CD00002719,CU00004196,Gold,350000,3326.03,Active
CD00002720,CU00001669,Business,350000,22773.27,Active
CD00002721,CU00001213,Platinum,350000,48002.46,Active
CD00002722,CU00004325,Classic,200000,11399.02,Active
CD00002723,CU00001716,Business,50000,10867.63,Active
CD00002724,CU00002928,Platinum,200000,21347.59,Active
CD00002725,CU00004602,Classic,50000,29916.13,Blocked
CD00002726,CU00001079,Gold,200000,57752.2,Active
CD00002727,CU00003968,Classic,100000,4793.73,Active
CD00002728,CU00004089,Business,50000,3044.17,Active
CD00002729,CU00000608,Classic,50000,75369.87,Active
CD00002730,CU00001481,Business,350000,8962.27,Active
CD00002731,CU00000075,Platinum,350000,18556.27,Active
CD00002732,CU00004500,Classic,500000,9326.74,Active
CD00002733,CU00000724,Gold,200000,19356.08,Active
CD00002734,CU00004737,Classic,50000,5495.04,Active
CD00002735,CU00004643,Classic,50000,2973.27,Active
CD00002736,CU00000270,Platinum,350000,27495.71,Blocked
CD00002737,CU00001449,Classic,200000,7753.78,Active
CD00002738,CU00004369,Classic,350000,3596.93,Active
CD00002739,CU00001125,Business,350000,10228.66,Active
CD00002740,CU00002692,Classic,350000,7032.55,Active
CD00002741,CU00003830,Classic,350000,7961.32,Closed
CD00002742,CU00000307,Gold,200000,6227.57,Active
CD00002743,CU00003696,Classic,200000,20733.76,Active
CD00002744,CU00004163,Gold,100000,39574.94,Active
CD00002745,CU00000563,Gold,100000,841.97,Active
CD00002746,CU00004879,Gold,100000,84344.95,Active
CD00002747,CU00004812,Platinum,200000,8610.97,Active
CD00002748,CU00004252,Classic,350000,5394.71,Active
CD00002749,CU00002425,Gold,50000,1115.11,Active
CD00002750,CU00004994,Platinum,200000,20930.14,Active
CD00002751,CU00004123,Gold,350000,13669.8,Active
CD00002752,CU00003651,Classic,200000,30920.66,Active
CD00002753,CU00001735,Gold,350000,3495.39,Active
CD00002754,CU00001525,Gold,50000,29415.84,Active
CD00002755,CU00001407,Platinum,350000,5924.49,Active
CD00002756,CU00001620,Platinum,100000,1269.15,Active
CD00002757,CU00001021,Classic,50000,58155.21,Active
CD00002758,CU00001969,Gold,50000,5292.37,Active
CD00002759,CU00000950,Platinum,350000,8732.28,Active
CD00002760,CU00003081,Gold,50000,60134.87,Active
CD00002761,CU00002573,Gold,100000,3686.82,Active
CD00002762,CU00004771,Gold,200000,40944.45,Active
CD00002763,CU00003632,Classic,50000,5031.74,Active
CD00002764,CU00000261,Classic,350000,5357.94,Active
CD00002765,CU00002656,Gold,350000,28133.04,Active
CD00002766,CU00003607,Business,200000,2044.44,Active
CD00002767,CU00001583,Classic,200000,6456.2,Active
CD00002768,CU00002802,Gold,350000,4460.87,Active
CD00002769,CU00001988,Business,50000,11891.67,Active
CD00002770,CU00004413,Classic,350000,7220.1,Active
CD00002771,CU00002595,Classic,100000,27453.17,Active
CD00002772,CU00004068,Gold,100000,4063.24,Active
CD00002773,CU00002124,Gold,200000,4209.87,Active
CD00002774,CU00002017,Gold,500000,2910.45,Active
CD00002775,CU00003419,Classic,200000,23296.57,Active
CD00002776,CU00000494,Gold,200000,12386.4,Active
CD00002777,CU00002872,Gold,100000,30535.75,Blocked
CD00002778,CU00001905,Business,350000,24912.46,Blocked
CD00002779,CU00000974,Classic,350000,50187.52,Active
CD00002780,CU00000957,Classic,500000,8149.81,Active
CD00002781,CU00003031,Platinum,200000,10052.19,Active
CD00002782,CU00003297,Business,500000,1767.15,Active
CD00002783,CU00001204,Classic,200000,2198.91,Active
CD00002784,CU00001052,Gold,50000,25794.96,Active
CD00002785,CU00004026,Gold,200000,4560.8,Active
CD00002786,CU00002793,Classic,200000,15128.92,Active
CD00002787,CU00004364,Classic,500000,7935.82,Blocked
CD00002788,CU00002897,Gold,50000,1363.48,Active
CD00002789,CU00003062,Gold,500000,8152.56,Active
CD00002790,CU00001604,Classic,350000,43113.89,Active
CD00002791,CU00001443,Gold,500000,10843.55,Blocked
CD00002792,CU00000019,Platinum,350000,78545.64,Active
CD00002793,CU00000371,Platinum,200000,5004.07,Active
CD00002794,CU00001801,Classic,200000,4218.93,Blocked
CD00002795,CU00001410,Classic,200000,5296.57,Active
CD00002796,CU00003972,Platinum,100000,38563.64,Active
CD00002797,CU00004562,Classic,350000,4412.74,Active
CD00002798,CU00002965,Classic,50000,5148.4,Active
CD00002799,CU00000056,Gold,350000,2283.6,Active
CD00002800,CU00001145,Gold,500000,12023.54,Active
CD00002801,CU00000734,Platinum,50000,5572.33,Active
CD00002802,CU00000605,Platinum,500000,13856.15,Active
CD00002803,CU00000495,Platinum,50000,15631.29,Active
CD00002804,CU00000469,Classic,50000,1569.28,Active
CD00002805,CU00004441,Gold,50000,51763.04,Active
CD00002806,CU00004981,Platinum,50000,6750.28,Active
CD00002807,CU00000002,Platinum,500000,1517.58,Active
CD00002808,CU00001231,Classic,100000,19500.12,Active
CD00002809,CU00001183,Classic,200000,2393.12,Active
CD00002810,CU00000705,Classic,50000,7595.96,Active
CD00002811,CU00004503,Classic,200000,17578.2,Active
CD00002812,CU00002353,Classic,50000,15812.31,Active
CD00002813,CU00004655,Classic,50000,25324.89,Active
CD00002814,CU00004674,Gold,100000,8305.09,Active
CD00002815,CU00003707,Classic,200000,98316.5,Active
CD00002816,CU00002160,Classic,100000,13640.95,Active
CD00002817,CU00002359,Classic,200000,6816.4,Active
CD00002818,CU00002267,Classic,50000,916.01,Active
CD00002819,CU00002932,Classic,200000,8945.17,Active
CD00002820,CU00001394,Classic,100000,11145.57,Closed
CD00002821,CU00001872,Business,500000,50157.61,Active
CD00002822,CU00003416,Gold,500000,5485.53,Active
CD00002823,CU00001092,Classic,200000,2693.51,Active
CD00002824,CU00004665,Platinum,500000,2127.87,Active
CD00002825,CU00001920,Classic,50000,3600.07,Active
CD00002826,CU00002325,Platinum,500000,1768.17,Active
CD00002827,CU00004239,Platinum,200000,1360.53,Active
CD00002828,CU00002046,Gold,50000,3592.11,Active
CD00002829,CU00004825,Gold,50000,8693.05,Active
CD00002830,CU00004383,Platinum,50000,2192.29,Active
CD00002831,CU00003790,Classic,100000,2409.23,Active
CD00002832,CU00000481,Classic,100000,6614.29,Active
CD00002833,CU00001453,Classic,500000,5400.67,Active
CD00002834,CU00000139,Classic,350000,52741.8,Active
CD00002835,CU00003892,Platinum,350000,850.68,Active
CD00002836,CU00003058,Gold,500000,43638.75,Active
CD00002837,CU00001227,Classic,100000,14063.15,Active
CD00002838,CU00002087,Gold,50000,4199.55,Active
CD00002839,CU00004411,Classic,50000,22603.54,Active
CD00002840,CU00002997,Classic,200000,45633.02,Active
CD00002841,CU00004953,Gold,50000,9086.83,Active
CD00002842,CU00001968,Gold,350000,47759.4,Active
CD00002843,CU00000853,Business,500000,7441.6,Active
CD00002844,CU00000125,Platinum,100000,54736.02,Closed
CD00002845,CU00002310,Gold,500000,46878.53,Closed
CD00002846,CU00003691,Gold,200000,317.05,Active
CD00002847,CU00000467,Gold,100000,15199.59,Active
CD00002848,CU00003749,Gold,500000,17109.33,Active
CD00002849,CU00004299,Platinum,50000,46241.58,Active
CD00002850,CU00001970,Classic,350000,20545.23,Active
CD00002851,CU00004784,Gold,200000,18781.27,Active
CD00002852,CU00001068,Business,100000,1165.79,Active
CD00002853,CU00001543,Classic,100000,38744.69,Active
CD00002854,CU00001133,Classic,500000,6842.34,Active
CD00002855,CU00001277,Classic,200000,5057.33,Active
CD00002856,CU00000658,Business,350000,8076.69,Active
CD00002857,CU00000548,Classic,500000,4967.22,Active
CD00002858,CU00001176,Classic,50000,17885.05,Active
CD00002859,CU00001646,Classic,500000,32613.12,Active
CD00002860,CU00002717,Gold,200000,27084.13,Active
CD00002861,CU00004059,Classic,500000,24512.21,Active
CD00002862,CU00001616,Classic,50000,5919.92,Active
CD00002863,CU00000277,Platinum,500000,3931.63,Active
CD00002864,CU00004603,Classic,200000,3176.23,Active
CD00002865,CU00004438,Platinum,500000,8934.01,Closed
CD00002866,CU00003152,Classic,100000,14552.47,Active
CD00002867,CU00000713,Gold,350000,1945.6,Active
CD00002868,CU00004995,Gold,500000,16553.19,Active
CD00002869,CU00000585,Classic,350000,21147.71,Active
CD00002870,CU00002912,Gold,500000,15891.17,Active
CD00002871,CU00003743,Platinum,200000,1619.15,Active
CD00002872,CU00004618,Gold,350000,6926.16,Active
CD00002873,CU00000733,Classic,100000,16025.8,Active
CD00002874,CU00002465,Classic,50000,19978.28,Active
CD00002875,CU00001593,Gold,200000,11109.91,Active
CD00002876,CU00004788,Classic,50000,34188.23,Active
CD00002877,CU00003886,Classic,100000,2547.05,Active
CD00002878,CU00001191,Business,200000,8205.31,Blocked
CD00002879,CU00003393,Classic,350000,10942.31,Active
CD00002880,CU00004641,Gold,200000,9984.5,Active
CD00002881,CU00004391,Gold,100000,11815.35,Active
CD00002882,CU00001590,Gold,50000,16385.92,Active
CD00002883,CU00000668,Classic,50000,28409.6,Active
CD00002884,CU00003978,Classic,50000,4540.09,Active
CD00002885,CU00001139,Gold,50000,5139.26,Active
CD00002886,CU00004001,Gold,100000,1502.02,Active
CD00002887,CU00001456,Gold,100000,30236.09,Active
CD00002888,CU00003976,Classic,200000,43071.89,Active
CD00002889,CU00001010,Gold,350000,8517.54,Active
CD00002890,CU00004591,Classic,50000,17694.75,Active
CD00002891,CU00004041,Platinum,200000,7298.67,Active
CD00002892,CU00004688,Gold,350000,9112.18,Active
CD00002893,CU00004296,Classic,100000,6759.15,Closed
CD00002894,CU00002278,Classic,50000,20980.75,Blocked
CD00002895,CU00001437,Classic,500000,5734.54,Active
CD00002896,CU00003362,Platinum,500000,39255.16,Active
CD00002897,CU00000825,Business,200000,39331.8,Active
CD00002898,CU00004783,Gold,200000,14030.67,Active
CD00002899,CU00003283,Platinum,350000,28926.46,Active
CD00002900,CU00002152,Classic,350000,1279.9,Closed
