customer_id,full_name,age,gender,city,state,occupation_segment,annual_income,risk_band,join_date,home_branch_id,digital_engagement_score,is_churned
CU00000001,Ishaan Reddy,27,Female,Mumbai,Maharashtra,Salaried,1113039.0,Low,2019-08-22,BR013,0.4408,0
CU00000002,Sneha Reddy,29,Female,Mumbai,Maharashtra,Salaried,663575.0,Medium,2023-09-05,BR015,0.5479,0
CU00000003,Priya Khan,20,Female,Delhi,Delhi,Salaried,1288185.0,Low,2016-12-20,BR018,0.2288,0
CU00000004,Sneha Singh,25,Male,Delhi,Delhi,Self-employed,419507.0,Medium,2022-06-19,BR004,0.3713,0
CU00000005,Divya Rao,20,Female,Delhi,Delhi,Self-employed,532831.0,Medium,2017-06-09,BR007,0.4926,0
CU00000006,Kavya Nair,49,Female,Visakhapatnam,Andhra Pradesh,Self-employed,4349850.0,Very Low,2024-03-17,BR001,0.5083,0
CU00000007,Divya Rao,51,Male,Chennai,Tamil Nadu,Salaried,316685.0,High,2022-09-22,BR015,0.8384,0
CU00000008,Ishaan Das,49,Female,Chennai,Tamil Nadu,Salaried,916002.0,Low,2023-05-28,BR014,0.6544,0
CU00000009,Divya Das,34,Female,Visakhapatnam,Andhra Pradesh,Self-employed,501866.0,Medium,2018-01-17,BR021,0.713,1
CU00000010,Sai Reddy,27,Male,Bengaluru,Karnataka,Salaried,909741.0,Low,2017-01-01,BR010,0.3641,0
CU00000011,Priya Gupta,37,Female,Chennai,Tamil Nadu,Salaried,1711780.0,Low,2024-05-24,BR023,0.5257,0
CU00000012,Sai Nair,41,Male,Delhi,Delhi,Self-employed,721876.0,Medium,2025-03-17,BR010,0.7411,0
CU00000013,Aarav Nair,21,Female,Kolkata,West Bengal,Salaried,470386.0,Medium,2022-01-20,BR015,0.2967,0
CU00000014,Divya Reddy,52,Female,Hyderabad,Telangana,Salaried,450119.0,Medium,2026-02-03,BR003,0.3948,0
CU00000015,Nikhil Gupta,41,Female,Chennai,Tamil Nadu,Salaried,282336.0,High,2016-10-06,BR022,0.5591,0
CU00000016,Kavya Patel,53,Female,Mumbai,Maharashtra,Salaried,611007.0,Medium,2018-02-24,BR020,0.438,0
CU00000017,Meera Patel,41,Female,Pune,Maharashtra,Salaried,1666301.0,Low,2021-07-11,BR006,0.465,0
CU00000018,Aditi Nair,49,Male,Mumbai,Maharashtra,Salaried,761457.0,Medium,2025-03-09,BR023,0.3612,0
CU00000019,Divya Sharma,46,Male,Chennai,Tamil Nadu,Professional,565652.0,Medium,2021-02-16,BR002,0.6471,0
CU00000020,Priya Iyer,33,Male,Pune,Maharashtra,Self-employed,563872.0,Medium,2019-01-30,BR016,0.4925,0
CU00000021,Sneha Khan,35,Male,Hyderabad,Telangana,Salaried,478607.0,Medium,2022-12-30,BR007,0.9681,0
CU00000022,Arjun Patel,40,Female,Kolkata,West Bengal,Salaried,499498.0,Medium,2021-09-06,BR014,0.2371,0
CU00000023,Nikhil Singh,38,Female,Hyderabad,Telangana,Salaried,237430.0,High,2017-07-14,BR021,0.6863,0
CU00000024,Aarav Iyer,32,Male,Bengaluru,Karnataka,Retired,1554682.0,Low,2022-08-06,BR015,0.8169,0
CU00000025,Sneha Iyer,25,Female,Visakhapatnam,Andhra Pradesh,Salaried,399242.0,High,2023-10-05,BR003,0.565,0
CU00000026,Priya Iyer,47,Male,Mumbai,Maharashtra,Salaried,421260.0,Medium,2025-04-14,BR008,0.7374,0
CU00000027,Arjun Nair,24,Female,Hyderabad,Telangana,Retired,1574271.0,Low,2016-10-14,BR001,0.2525,0
CU00000028,Rahul Das,36,Male,Hyderabad,Telangana,Salaried,1382825.0,Low,2021-03-18,BR013,0.3085,0
CU00000029,Sai Sharma,46,Female,Kolkata,West Bengal,Salaried,401243.0,Medium,2025-11-23,BR009,0.8768,0
CU00000030,Priya Patel,33,Male,Mumbai,Maharashtra,Self-employed,1147680.0,Low,2018-07-24,BR006,0.6481,0
CU00000031,Ishaan Reddy,40,Male,Pune,Maharashtra,Self-employed,1295867.0,Low,2024-11-21,BR016,0.7129,0
CU00000032,Sai Iyer,43,Male,Mumbai,Maharashtra,Salaried,592799.0,Medium,2022-06-28,BR003,0.2256,0
CU00000033,Kavya Reddy,36,Male,Kolkata,West Bengal,Salaried,553998.0,Medium,2025-12-24,BR011,0.7735,0
CU00000034,Aarav Das,53,Male,Visakhapatnam,Andhra Pradesh,Self-employed,492366.0,Medium,2022-04-23,BR006,0.5248,0
CU00000035,Rahul Rao,43,Female,Mumbai,Maharashtra,Retired,717669.0,Medium,2017-05-27,BR014,0.2779,0
CU00000036,Kavya Das,52,Female,Mumbai,Maharashtra,Salaried,1202260.0,Low,2023-09-04,BR019,0.7665,0
CU00000037,Meera Sharma,44,Female,Pune,Maharashtra,Self-employed,1099466.0,Low,2023-08-25,BR004,0.1947,0
CU00000038,Sneha Khan,25,Male,Bengaluru,Karnataka,Professional,1845402.0,Very Low,2022-03-29,BR005,0.439,0
CU00000039,Sneha Nair,42,Male,Mumbai,Maharashtra,Salaried,1065037.0,Low,2025-04-08,BR020,0.8701,0
CU00000040,Nikhil Patel,29,Male,Kolkata,West Bengal,Salaried,660125.0,Medium,2022-09-25,BR018,0.6422,0
CU00000041,Sai Iyer,40,Male,Visakhapatnam,Andhra Pradesh,Salaried,505373.0,Medium,2026-04-02,BR005,0.8632,0
CU00000042,Sneha Das,46,Female,Chennai,Tamil Nadu,Self-employed,676296.0,Medium,2025-04-20,BR020,0.3442,0
CU00000043,Aditi Das,45,Female,Visakhapatnam,Andhra Pradesh,Salaried,625040.0,Medium,2021-06-02,BR022,0.714,0
CU00000044,Sneha Das,55,Female,Visakhapatnam,Andhra Pradesh,Self-employed,548646.0,Medium,2018-07-06,BR006,0.8508,0
CU00000045,Rahul Singh,46,Male,Hyderabad,Telangana,Salaried,835443.0,Medium,2020-02-11,BR012,0.8517,0
CU00000046,Ishaan Rao,35,Female,Visakhapatnam,Andhra Pradesh,Salaried,737453.0,Medium,2020-09-19,BR020,0.7451,0
CU00000047,Meera Sharma,52,Female,Pune,Maharashtra,Self-employed,964940.0,Low,2020-05-10,BR023,0.6408,0
CU00000048,Rahul Iyer,28,Male,Bengaluru,Karnataka,Self-employed,700389.0,Medium,2021-06-04,BR010,0.0736,0
CU00000049,Aarav Gupta,55,Male,Chennai,Tamil Nadu,Student,1945855.0,Very Low,2022-02-04,BR012,0.8424,0
CU00000050,Aarav Singh,39,Male,Bengaluru,Karnataka,Salaried,313464.0,High,2017-02-18,BR011,0.5289,0
CU00000051,Aditi Singh,18,Female,Pune,Maharashtra,Salaried,654924.0,Medium,2025-03-16,BR014,0.7684,0
CU00000052,Sai Patel,19,Female,Hyderabad,Telangana,Salaried,1437255.0,Low,2021-10-20,BR022,0.4692,0
CU00000053,Rahul Patel,52,Female,Hyderabad,Telangana,Salaried,639388.0,Medium,2019-03-17,BR005,0.6808,0
CU00000054,Aditi Khan,36,Male,Pune,Maharashtra,Salaried,1741061.0,Low,2018-10-08,BR019,0.2675,0
CU00000055,Ishaan Rao,25,Female,Kolkata,West Bengal,Salaried,921053.0,Low,2021-02-24,BR014,0.5554,0
CU00000056,Arjun Patel,28,Male,Hyderabad,Telangana,Salaried,764459.0,Medium,2022-07-09,BR022,0.8098,0
CU00000057,Nikhil Singh,47,Female,Bengaluru,Karnataka,Salaried,981346.0,Low,2020-05-05,BR023,0.4611,0
CU00000058,Divya Gupta,48,Female,Pune,Maharashtra,Self-employed,424972.0,Medium,2025-01-30,BR020,0.5389,0
CU00000059,Sneha Iyer,44,Female,Delhi,Delhi,Salaried,463365.0,Medium,2025-06-23,BR010,0.6435,0
CU00000060,Aditi Patel,48,Male,Visakhapatnam,Andhra Pradesh,Salaried,199138.0,High,2024-08-02,BR015,0.8152,0
CU00000061,Sneha Patel,48,Male,Chennai,Tamil Nadu,Self-employed,378490.0,High,2019-08-25,BR018,0.2952,0
CU00000062,Aarav Gupta,42,Male,Pune,Maharashtra,Professional,426487.0,Medium,2026-02-05,BR019,0.691,0
CU00000063,Priya Reddy,32,Male,Pune,Maharashtra,Salaried,980110.0,Low,2020-09-26,BR022,0.8342,0
CU00000064,Kavya Sharma,61,Female,Delhi,Delhi,Self-employed,716050.0,Medium,2019-12-01,BR019,0.706,0
CU00000065,Sai Nair,47,Female,Delhi,Delhi,Self-employed,785555.0,Medium,2022-05-05,BR024,0.1975,0
CU00000066,Arjun Rao,46,Male,Delhi,Delhi,Self-employed,1416683.0,Low,2018-02-20,BR019,0.8416,0
CU00000067,Kavya Khan,27,Female,Bengaluru,Karnataka,Self-employed,1704599.0,Low,2021-09-07,BR008,0.4418,0
CU00000068,Kavya Nair,49,Female,Pune,Maharashtra,Self-employed,180000.0,High,2026-05-13,BR001,0.8652,0
CU00000069,Aditi Sharma,33,Female,Chennai,Tamil Nadu,Student,998874.0,Low,2016-09-14,BR019,0.1987,1
CU00000070,Priya Iyer,54,Male,Delhi,Delhi,Salaried,1390693.0,Low,2017-10-11,BR001,0.9088,0
CU00000071,Meera Iyer,46,Female,Delhi,Delhi,Student,397441.0,High,2023-01-05,BR003,0.3794,0
CU00000072,Nikhil Sharma,40,Female,Hyderabad,Telangana,Self-employed,785568.0,Medium,2024-01-25,BR006,0.291,0
CU00000073,Priya Iyer,31,Female,Kolkata,West Bengal,Professional,1264530.0,Low,2020-07-26,BR011,0.357,0
CU00000074,Nikhil Gupta,40,Male,Hyderabad,Telangana,Salaried,180000.0,High,2017-09-28,BR007,0.8919,0
CU00000075,Sneha Singh,40,Female,Chennai,Tamil Nadu,Retired,789708.0,Medium,2019-07-18,BR020,0.5776,0
CU00000076,Nikhil Khan,30,Female,Bengaluru,Karnataka,Self-employed,1800868.0,Very Low,2018-11-24,BR022,0.5302,0
CU00000077,Sneha Sharma,40,Female,Pune,Maharashtra,Salaried,344654.0,High,2019-09-04,BR017,0.7323,0
CU00000078,Ishaan Gupta,51,Male,Bengaluru,Karnataka,Salaried,1547718.0,Low,2017-03-20,BR012,0.3736,0
CU00000079,Kavya Rao,53,Female,Bengaluru,Karnataka,Salaried,696294.0,Medium,2019-01-31,BR021,0.3965,0
CU00000080,Aditi Khan,56,Female,Pune,Maharashtra,Student,303590.0,High,2018-10-22,BR012,0.353,0
CU00000081,Arjun Singh,45,Male,Pune,Maharashtra,Salaried,691597.0,Medium,2019-02-11,BR024,0.6969,0
CU00000082,Divya Gupta,36,Female,Mumbai,Maharashtra,Professional,1231339.0,Low,2022-04-28,BR023,0.7286,0
CU00000083,Kavya Nair,38,Female,Delhi,Delhi,Self-employed,544366.0,Medium,2021-12-22,BR007,0.9071,0
CU00000084,Aarav Rao,52,Male,Hyderabad,Telangana,Student,255551.0,High,2024-01-30,BR005,0.4935,0
CU00000085,Kavya Rao,28,Female,Hyderabad,Telangana,Professional,321551.0,High,2017-06-23,BR019,0.2643,0
CU00000086,Kavya Nair,32,Female,Bengaluru,Karnataka,Self-employed,682873.0,Medium,2023-12-23,BR019,0.72,0
CU00000087,Priya Gupta,42,Female,Mumbai,Maharashtra,Salaried,1431770.0,Low,2022-10-08,BR024,0.8265,0
CU00000088,Nikhil Das,49,Female,Visakhapatnam,Andhra Pradesh,Self-employed,376193.0,High,2023-09-02,BR011,0.8033,0
CU00000089,Nikhil Khan,41,Female,Mumbai,Maharashtra,Salaried,738456.0,Medium,2025-05-24,BR017,0.5805,1
CU00000090,Arjun Khan,24,Female,Visakhapatnam,Andhra Pradesh,Salaried,579436.0,Medium,2022-09-15,BR010,0.6853,0
CU00000091,Ishaan Nair,38,Female,Delhi,Delhi,Retired,661774.0,Medium,2021-01-22,BR022,0.4648,0
CU00000092,Meera Iyer,40,Female,Kolkata,West Bengal,Retired,762134.0,Medium,2026-07-02,BR018,0.577,0
CU00000093,Aditi Patel,18,Female,Hyderabad,Telangana,Salaried,1435480.0,Low,2025-10-04,BR015,0.4282,0
CU00000094,Divya Khan,36,Female,Kolkata,West Bengal,Salaried,810937.0,Medium,2020-09-12,BR004,0.7548,0
CU00000095,Ishaan Nair,18,Male,Kolkata,West Bengal,Student,633615.0,Medium,2017-02-12,BR011,0.5663,0
CU00000096,Ishaan Das,35,Female,Pune,Maharashtra,Salaried,1897652.0,Very Low,2019-04-19,BR006,0.8056,0
CU00000097,Aarav Reddy,51,Female,Hyderabad,Telangana,Self-employed,359699.0,High,2024-08-02,BR006,0.5585,0
CU00000098,Rahul Sharma,48,Female,Pune,Maharashtra,Professional,723260.0,Medium,2017-02-23,BR006,0.6645,0
CU00000099,Sai Das,56,Female,Kolkata,West Bengal,Retired,600109.0,Medium,2026-04-10,BR001,0.4744,0
CU00000100,Aditi Das,52,Male,Visakhapatnam,Andhra Pradesh,Retired,825960.0,Medium,2017-12-06,BR013,0.6333,0
CU00000101,Sneha Nair,55,Non-binary,Kolkata,West Bengal,Self-employed,595313.0,Medium,2020-02-07,BR023,0.9088,0
CU00000102,Rahul Reddy,51,Female,Delhi,Delhi,Self-employed,325297.0,High,2023-11-20,BR016,0.9379,0
CU00000103,Kavya Nair,40,Male,Pune,Maharashtra,Self-employed,2297588.0,Very Low,2018-12-01,BR008,0.3957,0
CU00000104,Aarav Sharma,33,Female,Mumbai,Maharashtra,Self-employed,544381.0,Medium,2023-05-04,BR020,0.9469,0
CU00000105,Sai Rao,18,Male,Kolkata,West Bengal,Self-employed,554409.0,Medium,2020-05-13,BR017,0.2744,0
CU00000106,Nikhil Reddy,55,Male,Mumbai,Maharashtra,Retired,352344.0,High,2021-05-14,BR022,0.7622,0
CU00000107,Aarav Das,56,Male,Kolkata,West Bengal,Salaried,1056543.0,Low,2022-11-26,BR007,0.7652,0
CU00000108,Sneha Gupta,36,Male,Bengaluru,Karnataka,Self-employed,2030428.0,Very Low,2024-04-10,BR017,0.4366,0
CU00000109,Aditi Gupta,54,Female,Chennai,Tamil Nadu,Salaried,1042148.0,Low,2025-09-20,BR017,0.2562,0
CU00000110,Nikhil Iyer,44,Female,Delhi,Delhi,Self-employed,1138790.0,Low,2019-11-02,BR003,0.8023,0
CU00000111,Kavya Das,57,Female,Bengaluru,Karnataka,Salaried,423086.0,Medium,2025-04-28,BR008,0.68,0
CU00000112,Kavya Khan,36,Female,Chennai,Tamil Nadu,Self-employed,6090717.0,Very Low,2025-05-14,BR001,0.7515,0
CU00000113,Priya Reddy,32,Male,Bengaluru,Karnataka,Salaried,814622.0,Medium,2024-06-28,BR021,0.7385,0
CU00000114,Priya Khan,43,Male,Bengaluru,Karnataka,Professional,2034793.0,Very Low,2019-01-08,BR013,0.6101,0
CU00000115,Ishaan Rao,41,Male,Chennai,Tamil Nadu,Salaried,2654120.0,Very Low,2023-06-28,BR001,0.6638,0
CU00000116,Sai Khan,21,Female,Kolkata,West Bengal,Salaried,489650.0,Medium,2017-01-14,BR021,0.4465,0
CU00000117,Aditi Nair,24,Male,Hyderabad,Telangana,Salaried,1074638.0,Low,2025-05-11,BR005,0.8413,0
CU00000118,Aarav Reddy,41,Male,Bengaluru,Karnataka,Retired,1757344.0,Low,2026-06-23,BR017,0.7882,0
CU00000119,Nikhil Rao,44,Female,Chennai,Tamil Nadu,Self-employed,380007.0,High,2020-08-30,BR013,0.7938,0
CU00000120,Ishaan Iyer,18,Male,Visakhapatnam,Andhra Pradesh,Salaried,1815765.0,Very Low,2025-05-30,BR022,0.2754,0
CU00000121,Aarav Gupta,54,Male,Bengaluru,Karnataka,Student,496599.0,Medium,2021-01-25,BR023,0.8644,0
CU00000122,Sneha Singh,52,Female,Bengaluru,Karnataka,Professional,1341351.0,Low,2021-03-10,BR005,0.447,0
CU00000123,Divya Gupta,56,Male,Pune,Maharashtra,Professional,180000.0,High,2020-07-30,BR019,0.2275,0
CU00000124,Kavya Patel,48,Male,Delhi,Delhi,Self-employed,1893910.0,Very Low,2023-02-07,BR001,0.5865,0
CU00000125,Priya Iyer,47,Male,Hyderabad,Telangana,Self-employed,330263.0,High,2023-11-21,BR007,0.3447,0
CU00000126,Rahul Patel,23,Male,Mumbai,Maharashtra,Salaried,886810.0,Medium,2020-10-11,BR008,0.6153,0
CU00000127,Rahul Nair,37,Male,Delhi,Delhi,Student,291104.0,High,2018-04-18,BR020,0.6149,0
CU00000128,Divya Nair,25,Female,Chennai,Tamil Nadu,Salaried,283916.0,High,2018-11-22,BR016,0.7999,0
CU00000129,Kavya Iyer,33,Male,Chennai,Tamil Nadu,Self-employed,634104.0,Medium,2017-12-16,BR010,0.7932,0
CU00000130,Arjun Das,45,Female,Kolkata,West Bengal,Self-employed,1322231.0,Low,2017-01-26,BR024,0.3897,0
CU00000131,Sai Das,68,Male,Pune,Maharashtra,Salaried,1413486.0,Low,2021-04-30,BR012,0.6035,0
CU00000132,Sneha Gupta,30,Female,Pune,Maharashtra,Salaried,578817.0,Medium,2017-07-12,BR006,0.7227,0
CU00000133,Aarav Khan,22,Male,Pune,Maharashtra,Self-employed,446338.0,Medium,2016-12-01,BR013,0.8123,0
CU00000134,Priya Nair,33,Male,Kolkata,West Bengal,Professional,414118.0,Medium,2018-05-28,BR020,0.7894,0
CU00000135,Arjun Khan,33,Male,Delhi,Delhi,Salaried,276354.0,High,2023-06-06,BR011,0.5925,0
CU00000136,Divya Patel,26,Male,Bengaluru,Karnataka,Salaried,1030311.0,Low,2018-10-08,BR019,0.569,0
CU00000137,Aditi Nair,45,Male,Chennai,Tamil Nadu,Retired,351249.0,High,2025-01-13,BR005,0.8061,0
CU00000138,Kavya Patel,51,Male,Bengaluru,Karnataka,Professional,749951.0,Medium,2023-04-25,BR011,0.4668,0
CU00000139,Ishaan Nair,32,Female,Kolkata,West Bengal,Retired,491343.0,Medium,2018-01-12,BR004,0.6342,0
CU00000140,Sai Rao,38,Female,Mumbai,Maharashtra,Salaried,690482.0,Medium,2025-05-18,BR013,0.4304,0
CU00000141,Arjun Iyer,42,Female,Mumbai,Maharashtra,Salaried,578768.0,Medium,2025-01-21,BR018,0.5422,0
CU00000142,Kavya Patel,31,Male,Bengaluru,Karnataka,Self-employed,917421.0,Low,2024-05-24,BR022,0.3924,0
CU00000143,Ishaan Nair,43,Female,Mumbai,Maharashtra,Self-employed,311408.0,High,2022-11-14,BR018,0.764,0
CU00000144,Aditi Gupta,41,Male,Visakhapatnam,Andhra Pradesh,Professional,871702.0,Medium,2022-08-20,BR010,0.8427,0
CU00000145,Nikhil Gupta,29,Male,Kolkata,West Bengal,Retired,751521.0,Medium,2025-08-18,BR001,0.665,0
CU00000146,Ishaan Das,34,Male,Chennai,Tamil Nadu,Student,1781575.0,Low,2019-02-18,BR010,0.3393,0
CU00000147,Divya Rao,34,Female,Visakhapatnam,Andhra Pradesh,Self-employed,473975.0,Medium,2023-06-18,BR022,0.3039,0
CU00000148,Meera Sharma,37,Female,Kolkata,West Bengal,Salaried,367951.0,High,2019-08-28,BR006,0.2905,0
CU00000149,Priya Khan,50,Male,Visakhapatnam,Andhra Pradesh,Salaried,877098.0,Medium,2020-01-01,BR012,0.8662,0
CU00000150,Aditi Iyer,37,Male,Chennai,Tamil Nadu,Salaried,1905549.0,Very Low,2016-10-24,BR012,0.9173,0
CU00000151,Sneha Nair,71,Male,Bengaluru,Karnataka,Retired,372167.0,High,2025-12-02,BR021,0.5878,0
CU00000152,Ishaan Khan,48,Female,Kolkata,West Bengal,Professional,794300.0,Medium,2018-08-02,BR012,0.3267,0
CU00000153,Aarav Singh,41,Female,Pune,Maharashtra,Salaried,455918.0,Medium,2020-08-12,BR006,0.7608,0
CU00000154,Divya Das,30,Female,Pune,Maharashtra,Retired,621588.0,Medium,2023-12-24,BR009,0.1613,0
CU00000155,Sai Sharma,39,Female,Pune,Maharashtra,Self-employed,688529.0,Medium,2018-07-02,BR009,0.3325,0
CU00000156,Ishaan Patel,45,Male,Hyderabad,Telangana,Salaried,445247.0,Medium,2017-07-16,BR011,0.7853,0
CU00000157,Aditi Singh,26,Female,Mumbai,Maharashtra,Salaried,757896.0,Medium,2023-02-06,BR002,0.8702,1
CU00000158,Aarav Das,41,Male,Mumbai,Maharashtra,Salaried,509192.0,Medium,2017-08-21,BR005,0.7244,0
CU00000159,Priya Khan,37,Female,Visakhapatnam,Andhra Pradesh,Salaried,421997.0,Medium,2017-05-24,BR011,0.3805,0
CU00000160,Arjun Rao,45,Female,Pune,Maharashtra,Salaried,656442.0,Medium,2023-07-22,BR001,0.3163,0
CU00000161,Aarav Patel,53,Female,Visakhapatnam,Andhra Pradesh,Student,679496.0,Medium,2025-11-21,BR015,0.5644,0
CU00000162,Arjun Patel,46,Male,Delhi,Delhi,Student,912885.0,Low,2024-10-25,BR010,0.5178,0
CU00000163,Meera Das,42,Female,Chennai,Tamil Nadu,Salaried,512135.0,Medium,2019-06-30,BR014,0.6676,0
CU00000164,Kavya Iyer,62,Female,Hyderabad,Telangana,Salaried,466632.0,Medium,2018-05-12,BR011,0.5348,0
CU00000165,Kavya Singh,36,Female,Chennai,Tamil Nadu,Salaried,819560.0,Medium,2025-07-10,BR011,0.7394,0
CU00000166,Aditi Rao,34,Female,Delhi,Delhi,Retired,679385.0,Medium,2019-11-15,BR011,0.6615,0
CU00000167,Aarav Khan,27,Male,Mumbai,Maharashtra,Retired,895578.0,Medium,2023-02-07,BR005,0.7383,0
CU00000168,Priya Iyer,38,Female,Chennai,Tamil Nadu,Retired,877705.0,Medium,2023-11-15,BR005,0.8049,0
CU00000169,Sai Iyer,44,Male,Pune,Maharashtra,Self-employed,180000.0,High,2025-12-06,BR010,0.2712,0
CU00000170,Sneha Sharma,45,Male,Mumbai,Maharashtra,Self-employed,686200.0,Medium,2018-11-10,BR019,0.4203,1
CU00000171,Ishaan Nair,42,Female,Kolkata,West Bengal,Salaried,230897.0,High,2025-06-24,BR004,0.7271,0
CU00000172,Nikhil Reddy,26,Female,Pune,Maharashtra,Retired,257563.0,High,2018-12-10,BR005,0.7422,0
CU00000173,Aditi Nair,35,Male,Chennai,Tamil Nadu,Salaried,551852.0,Medium,2017-10-28,BR019,0.9681,0
CU00000174,Nikhil Singh,41,Female,Delhi,Delhi,Student,1392591.0,Low,2022-01-28,BR019,0.2429,0
CU00000175,Aditi Singh,50,Male,Delhi,Delhi,Salaried,587202.0,Medium,2022-10-20,BR010,0.8222,0
CU00000176,Rahul Reddy,45,Female,Bengaluru,Karnataka,Self-employed,563943.0,Medium,2021-01-12,BR004,0.483,0
CU00000177,Divya Das,56,Male,Mumbai,Maharashtra,Self-employed,3488816.0,Very Low,2021-05-06,BR004,0.8968,0
CU00000178,Aarav Singh,36,Female,Bengaluru,Karnataka,Salaried,304456.0,High,2017-10-14,BR001,0.7973,0
CU00000179,Sneha Gupta,29,Female,Kolkata,West Bengal,Salaried,322314.0,High,2019-07-24,BR006,0.2622,0
CU00000180,Aditi Das,29,Male,Mumbai,Maharashtra,Professional,675844.0,Medium,2025-12-20,BR020,0.4594,0
CU00000181,Aditi Patel,26,Female,Pune,Maharashtra,Self-employed,1229102.0,Low,2020-08-07,BR011,0.3886,0
CU00000182,Divya Reddy,28,Female,Delhi,Delhi,Salaried,620245.0,Medium,2025-01-17,BR017,0.6848,0
CU00000183,Aditi Rao,53,Male,Pune,Maharashtra,Salaried,760415.0,Medium,2019-11-03,BR019,0.4637,0
CU00000184,Rahul Gupta,50,Female,Pune,Maharashtra,Salaried,1298390.0,Low,2024-07-03,BR010,0.4879,0
CU00000185,Ishaan Khan,23,Female,Pune,Maharashtra,Retired,678609.0,Medium,2017-10-16,BR021,0.8305,0
CU00000186,Ishaan Sharma,18,Female,Mumbai,Maharashtra,Self-employed,1563165.0,Low,2020-08-06,BR006,0.3938,0
CU00000187,Sneha Singh,46,Female,Delhi,Delhi,Salaried,664068.0,Medium,2024-10-27,BR021,0.7292,0
CU00000188,Sai Gupta,45,Female,Hyderabad,Telangana,Salaried,1073215.0,Low,2018-01-11,BR004,0.5397,0
CU00000189,Rahul Iyer,48,Female,Chennai,Tamil Nadu,Self-employed,271590.0,High,2020-11-19,BR019,0.6412,0
CU00000190,Aditi Das,23,Female,Visakhapatnam,Andhra Pradesh,Student,535648.0,Medium,2025-03-25,BR008,0.5698,0
CU00000191,Sai Singh,46,Male,Delhi,Delhi,Student,1230217.0,Low,2019-11-26,BR004,0.3648,0
CU00000192,Ishaan Rao,34,Male,Visakhapatnam,Andhra Pradesh,Salaried,557433.0,Medium,2023-05-17,BR023,0.7694,1
CU00000193,Rahul Reddy,25,Male,Hyderabad,Telangana,Salaried,398707.0,High,2020-06-03,BR018,0.4327,0
CU00000194,Aarav Nair,44,Female,Mumbai,Maharashtra,Self-employed,1342129.0,Low,2022-12-03,BR002,0.2233,0
CU00000195,Ishaan Reddy,40,Female,Mumbai,Maharashtra,Salaried,1026251.0,Low,2016-10-19,BR014,0.219,0
CU00000196,Rahul Sharma,43,Female,Chennai,Tamil Nadu,Self-employed,186908.0,High,2017-09-27,BR003,0.122,0
CU00000197,Sneha Sharma,49,Male,Kolkata,West Bengal,Self-employed,2156750.0,Very Low,2024-06-05,BR012,0.657,0
CU00000198,Aarav Das,30,Female,Hyderabad,Telangana,Self-employed,624164.0,Medium,2020-11-15,BR021,0.7612,0
CU00000199,Nikhil Gupta,37,Male,Hyderabad,Telangana,Self-employed,716638.0,Medium,2019-12-05,BR022,0.3979,1
CU00000200,Sai Singh,43,Male,Pune,Maharashtra,Retired,567015.0,Medium,2023-05-23,BR008,0.5792,0
CU00000201,Priya Reddy,41,Male,Hyderabad,Telangana,Salaried,929044.0,Low,2017-08-10,BR019,0.5682,0
CU00000202,Arjun Reddy,41,Female,Kolkata,West Bengal,Retired,812294.0,Medium,2020-09-25,BR010,0.3939,0
CU00000203,Sai Iyer,40,Female,Visakhapatnam,Andhra Pradesh,Salaried,634794.0,Medium,2020-11-12,BR017,0.812,0
CU00000204,Rahul Khan,30,Female,Chennai,Tamil Nadu,Salaried,759173.0,Medium,2021-07-02,BR021,0.6614,0
CU00000205,Ishaan Das,18,Male,Bengaluru,Karnataka,Salaried,923983.0,Low,2018-09-04,BR012,0.5134,0
CU00000206,Divya Singh,32,Male,Mumbai,Maharashtra,Student,1144918.0,Low,2018-03-29,BR011,0.8382,0
CU00000207,Arjun Singh,40,Male,Visakhapatnam,Andhra Pradesh,Salaried,234392.0,High,2021-10-26,BR014,0.5243,0
CU00000208,Aarav Nair,43,Female,Visakhapatnam,Andhra Pradesh,Self-employed,553405.0,Medium,2022-12-04,BR005,0.4604,0
CU00000209,Arjun Rao,34,Male,Mumbai,Maharashtra,Self-employed,1311914.0,Low,2016-10-12,BR019,0.8253,0
CU00000210,Kavya Reddy,67,Female,Chennai,Tamil Nadu,Salaried,830234.0,Medium,2026-03-22,BR002,0.5909,0
CU00000211,Sneha Reddy,28,Female,Hyderabad,Telangana,Salaried,718397.0,Medium,2020-03-07,BR017,0.7033,0
CU00000212,Aarav Reddy,27,Female,Kolkata,West Bengal,Salaried,575170.0,Medium,2019-02-10,BR004,0.4104,0
CU00000213,Ishaan Patel,25,Male,Visakhapatnam,Andhra Pradesh,Salaried,363250.0,High,2018-06-08,BR024,0.8386,1
CU00000214,Priya Iyer,41,Male,Kolkata,West Bengal,Salaried,1457768.0,Low,2019-11-09,BR023,0.6098,0
CU00000215,Ishaan Rao,48,Male,Kolkata,West Bengal,Retired,554232.0,Medium,2021-04-30,BR005,0.9513,0
CU00000216,Nikhil Patel,29,Female,Bengaluru,Karnataka,Student,762575.0,Medium,2023-04-03,BR023,0.4249,0
CU00000217,Rahul Gupta,39,Male,Pune,Maharashtra,Self-employed,384890.0,High,2017-07-17,BR023,0.1382,0
CU00000218,Rahul Khan,44,Male,Mumbai,Maharashtra,Self-employed,408597.0,Medium,2019-05-08,BR001,0.5433,0
CU00000219,Priya Singh,44,Male,Bengaluru,Karnataka,Professional,627526.0,Medium,2018-10-15,BR014,0.7933,0
CU00000220,Aditi Gupta,34,Male,Hyderabad,Telangana,Salaried,1378103.0,Low,2017-01-23,BR016,0.0768,0
CU00000221,Kavya Rao,35,Male,Pune,Maharashtra,Salaried,327646.0,High,2019-05-17,BR014,0.6505,0
CU00000222,Kavya Khan,18,Female,Chennai,Tamil Nadu,Self-employed,289838.0,High,2026-06-18,BR004,0.4673,0
CU00000223,Aditi Das,51,Male,Kolkata,West Bengal,Professional,512339.0,Medium,2017-10-01,BR024,0.6421,0
CU00000224,Kavya Das,20,Male,Kolkata,West Bengal,Salaried,730633.0,Medium,2021-05-03,BR019,0.6328,0
CU00000225,Aarav Patel,53,Male,Chennai,Tamil Nadu,Salaried,1386572.0,Low,2020-08-19,BR022,0.5735,0
CU00000226,Kavya Gupta,24,Male,Mumbai,Maharashtra,Salaried,1169096.0,Low,2026-06-24,BR016,0.4872,0
CU00000227,Aditi Gupta,36,Male,Chennai,Tamil Nadu,Salaried,1231703.0,Low,2016-10-16,BR024,0.5234,0
CU00000228,Kavya Iyer,65,Female,Hyderabad,Telangana,Student,398044.0,High,2020-08-26,BR003,0.7441,0
CU00000229,Ishaan Gupta,39,Male,Mumbai,Maharashtra,Student,592954.0,Medium,2017-12-06,BR022,0.5733,0
CU00000230,Aarav Sharma,34,Male,Mumbai,Maharashtra,Retired,1352327.0,Low,2026-05-06,BR012,0.59,0
CU00000231,Nikhil Das,26,Male,Delhi,Delhi,Self-employed,688823.0,Medium,2022-11-22,BR014,0.1704,0
CU00000232,Sneha Singh,46,Female,Hyderabad,Telangana,Self-employed,536419.0,Medium,2021-12-12,BR006,0.763,0
CU00000233,Meera Reddy,41,Male,Hyderabad,Telangana,Salaried,392932.0,High,2016-10-24,BR021,0.5204,0
CU00000234,Aditi Sharma,18,Female,Bengaluru,Karnataka,Self-employed,276400.0,High,2019-08-11,BR010,0.5593,0
CU00000235,Priya Das,68,Female,Visakhapatnam,Andhra Pradesh,Self-employed,1096446.0,Low,2021-09-20,BR004,0.3316,0
CU00000236,Divya Khan,37,Female,Chennai,Tamil Nadu,Self-employed,317458.0,High,2020-12-28,BR001,0.9076,0
CU00000237,Aarav Rao,40,Male,Chennai,Tamil Nadu,Salaried,777961.0,Medium,2019-06-20,BR017,0.6016,0
CU00000238,Divya Nair,38,Male,Chennai,Tamil Nadu,Professional,2170767.0,Very Low,2023-07-06,BR022,0.8409,0
CU00000239,Kavya Iyer,34,Male,Delhi,Delhi,Salaried,405308.0,Medium,2019-01-02,BR013,0.8853,0
CU00000240,Aarav Sharma,50,Female,Hyderabad,Telangana,Self-employed,347576.0,High,2019-01-27,BR008,0.7725,1
CU00000241,Meera Nair,45,Female,Bengaluru,Karnataka,Student,1365334.0,Low,2024-11-25,BR001,0.4808,0
CU00000242,Sneha Nair,44,Male,Kolkata,West Bengal,Salaried,195489.0,High,2019-08-15,BR010,0.7741,1
CU00000243,Meera Singh,40,Male,Bengaluru,Karnataka,Salaried,640265.0,Medium,2026-05-18,BR021,0.1567,0
CU00000244,Nikhil Singh,53,Female,Visakhapatnam,Andhra Pradesh,Professional,493955.0,Medium,2024-02-24,BR006,0.8854,0
CU00000245,Ishaan Patel,52,Male,Mumbai,Maharashtra,Salaried,754225.0,Medium,2022-06-05,BR005,0.5426,0
CU00000246,Kavya Gupta,48,Female,Hyderabad,Telangana,Salaried,897676.0,Medium,2026-03-11,BR004,0.7515,0
CU00000247,Aarav Khan,35,Male,Kolkata,West Bengal,Self-employed,1018411.0,Low,2025-10-06,BR024,0.4559,0
CU00000248,Nikhil Patel,50,Male,Visakhapatnam,Andhra Pradesh,Self-employed,311070.0,High,2024-07-12,BR004,0.4948,0
CU00000249,Divya Patel,29,Male,Visakhapatnam,Andhra Pradesh,Self-employed,1013962.0,Low,2020-06-16,BR015,0.7419,0
CU00000250,Rahul Sharma,35,Male,Mumbai,Maharashtra,Salaried,835196.0,Medium,2018-11-15,BR024,0.781,0
CU00000251,Kavya Rao,54,Female,Delhi,Delhi,Salaried,392180.0,High,2025-12-25,BR022,0.801,0
CU00000252,Rahul Nair,37,Female,Chennai,Tamil Nadu,Salaried,1806330.0,Very Low,2020-03-12,BR007,0.819,0
CU00000253,Sneha Patel,19,Female,Bengaluru,Karnataka,Self-employed,355644.0,High,2020-04-08,BR018,0.7782,0
CU00000254,Aditi Gupta,53,Female,Hyderabad,Telangana,Professional,369599.0,High,2017-07-13,BR007,0.5844,0
CU00000255,Aditi Khan,42,Male,Visakhapatnam,Andhra Pradesh,Professional,607991.0,Medium,2023-10-07,BR016,0.5923,0
CU00000256,Divya Sharma,31,Male,Chennai,Tamil Nadu,Student,1293824.0,Low,2024-06-08,BR002,0.4592,0
CU00000257,Divya Singh,38,Male,Mumbai,Maharashtra,Retired,986560.0,Low,2021-06-26,BR014,0.4164,0
CU00000258,Rahul Das,35,Female,Hyderabad,Telangana,Salaried,922054.0,Low,2024-06-22,BR012,0.4188,0
CU00000259,Meera Singh,48,Female,Mumbai,Maharashtra,Salaried,312585.0,High,2025-02-14,BR002,0.6509,0
CU00000260,Divya Das,65,Male,Visakhapatnam,Andhra Pradesh,Professional,745394.0,Medium,2020-10-25,BR017,0.4263,0
CU00000261,Aarav Sharma,54,Female,Pune,Maharashtra,Self-employed,1749922.0,Low,2022-05-17,BR004,0.5687,0
CU00000262,Nikhil Khan,49,Male,Visakhapatnam,Andhra Pradesh,Professional,2150396.0,Very Low,2025-10-31,BR014,0.6618,0
CU00000263,Arjun Patel,34,Female,Visakhapatnam,Andhra Pradesh,Retired,1257070.0,Low,2020-04-18,BR013,0.5439,0
CU00000264,Meera Gupta,20,Male,Hyderabad,Telangana,Salaried,1537658.0,Low,2024-01-14,BR024,0.5281,0
CU00000265,Priya Rao,21,Male,Delhi,Delhi,Self-employed,599624.0,Medium,2023-11-03,BR007,0.7962,1
CU00000266,Sneha Das,27,Female,Pune,Maharashtra,Salaried,721678.0,Medium,2018-01-21,BR016,0.2173,0
CU00000267,Ishaan Rao,58,Male,Pune,Maharashtra,Salaried,397898.0,High,2019-07-19,BR013,0.987,0
CU00000268,Divya Sharma,35,Female,Kolkata,West Bengal,Self-employed,824396.0,Medium,2018-11-17,BR012,0.8204,0
CU00000269,Nikhil Singh,43,Male,Visakhapatnam,Andhra Pradesh,Self-employed,305162.0,High,2017-03-16,BR004,0.5658,0
CU00000270,Rahul Das,32,Female,Bengaluru,Karnataka,Self-employed,1849018.0,Very Low,2025-08-02,BR012,0.2483,0
CU00000271,Divya Sharma,29,Male,Kolkata,West Bengal,Self-employed,3890211.0,Very Low,2018-04-12,BR014,0.9594,0
CU00000272,Sai Khan,31,Female,Chennai,Tamil Nadu,Salaried,618423.0,Medium,2019-12-29,BR008,0.27,0
CU00000273,Sai Singh,49,Female,Kolkata,West Bengal,Salaried,1961815.0,Very Low,2020-07-22,BR007,0.6752,0
CU00000274,Aarav Sharma,25,Male,Visakhapatnam,Andhra Pradesh,Salaried,969407.0,Low,2017-12-08,BR007,0.8228,0
CU00000275,Kavya Reddy,36,Male,Mumbai,Maharashtra,Salaried,913937.0,Low,2020-02-19,BR024,0.2183,0
CU00000276,Kavya Reddy,23,Male,Delhi,Delhi,Salaried,393852.0,High,2023-05-29,BR013,0.7581,0
CU00000277,Ishaan Singh,38,Male,Kolkata,West Bengal,Salaried,411627.0,Medium,2025-04-01,BR004,0.7972,0
CU00000278,Nikhil Singh,48,Female,Chennai,Tamil Nadu,Salaried,1346310.0,Low,2020-05-17,BR008,0.715,0
CU00000279,Kavya Das,31,Female,Kolkata,West Bengal,Salaried,355024.0,High,2018-01-25,BR014,0.4454,0
CU00000280,Rahul Reddy,48,Male,Pune,Maharashtra,Salaried,1279276.0,Low,2019-01-26,BR011,0.7592,0
CU00000281,Kavya Singh,54,Female,Hyderabad,Telangana,Professional,180000.0,High,2021-06-14,BR023,0.9429,0
CU00000282,Sneha Sharma,34,Female,Hyderabad,Telangana,Professional,812791.0,Medium,2016-09-13,BR022,0.7733,0
CU00000283,Aditi Sharma,43,Female,Chennai,Tamil Nadu,Professional,1503912.0,Low,2016-11-15,BR021,0.8128,1
CU00000284,Aditi Rao,37,Male,Mumbai,Maharashtra,Salaried,1203595.0,Low,2026-06-23,BR012,0.7492,0
CU00000285,Rahul Patel,48,Female,Visakhapatnam,Andhra Pradesh,Salaried,749039.0,Medium,2026-02-28,BR001,0.4944,0
CU00000286,Divya Das,46,Female,Bengaluru,Karnataka,Salaried,1100475.0,Low,2023-10-01,BR019,0.6978,0
CU00000287,Divya Khan,39,Male,Kolkata,West Bengal,Student,685835.0,Medium,2021-05-03,BR022,0.8114,0
CU00000288,Priya Sharma,42,Male,Bengaluru,Karnataka,Retired,763579.0,Medium,2020-06-23,BR008,0.8255,0
CU00000289,Kavya Rao,25,Male,Visakhapatnam,Andhra Pradesh,Self-employed,910933.0,Low,2017-07-05,BR005,0.6078,0
CU00000290,Sai Singh,46,Female,Bengaluru,Karnataka,Salaried,3052365.0,Very Low,2018-11-21,BR010,0.5896,0
CU00000291,Sai Patel,42,Male,Delhi,Delhi,Salaried,1299262.0,Low,2020-12-10,BR019,0.5346,0
CU00000292,Sai Rao,49,Male,Pune,Maharashtra,Professional,2619413.0,Very Low,2022-03-31,BR010,0.1897,1
CU00000293,Divya Gupta,35,Female,Hyderabad,Telangana,Self-employed,2203229.0,Very Low,2022-11-25,BR023,0.5534,0
CU00000294,Nikhil Rao,44,Male,Chennai,Tamil Nadu,Professional,332898.0,High,2024-02-27,BR010,0.89,1
CU00000295,Kavya Nair,57,Female,Bengaluru,Karnataka,Self-employed,524423.0,Medium,2017-01-06,BR006,0.3443,0
CU00000296,Arjun Khan,34,Female,Delhi,Delhi,Self-employed,1475043.0,Low,2022-12-31,BR008,0.7034,0
CU00000297,Aarav Sharma,39,Male,Kolkata,West Bengal,Student,1055697.0,Low,2020-07-03,BR024,0.9919,0
CU00000298,Priya Iyer,25,Male,Pune,Maharashtra,Salaried,1025645.0,Low,2019-06-02,BR021,0.7855,0
CU00000299,Divya Gupta,35,Male,Hyderabad,Telangana,Self-employed,1708430.0,Low,2017-02-07,BR015,0.6495,0
CU00000300,Priya Khan,49,Female,Delhi,Delhi,Self-employed,910105.0,Low,2023-11-29,BR015,0.2892,0
CU00000301,Divya Das,35,Male,Pune,Maharashtra,Salaried,604229.0,Medium,2023-09-11,BR014,0.497,0
CU00000302,Sneha Nair,22,Female,Bengaluru,Karnataka,Student,1022732.0,Low,2023-06-09,BR011,0.562,0
CU00000303,Sneha Rao,52,Female,Delhi,Delhi,Salaried,471792.0,Medium,2019-11-03,BR023,0.2604,0
CU00000304,Sai Sharma,42,Female,Pune,Maharashtra,Self-employed,316289.0,High,2018-06-17,BR015,0.2394,1
CU00000305,Nikhil Gupta,18,Female,Kolkata,West Bengal,Self-employed,553427.0,Medium,2023-11-30,BR004,0.6144,0
CU00000306,Nikhil Khan,35,Female,Mumbai,Maharashtra,Student,1305660.0,Low,2019-02-17,BR021,0.4296,0
CU00000307,Kavya Khan,30,Female,Bengaluru,Karnataka,Self-employed,650108.0,Medium,2016-12-18,BR022,0.742,0
CU00000308,Kavya Sharma,19,Female,Visakhapatnam,Andhra Pradesh,Salaried,1281252.0,Low,2023-08-18,BR018,0.8102,0
CU00000309,Priya Iyer,26,Male,Kolkata,West Bengal,Professional,1474937.0,Low,2021-12-18,BR010,0.7159,1
CU00000310,Rahul Iyer,49,Male,Kolkata,West Bengal,Salaried,941675.0,Low,2025-12-17,BR015,0.4583,0
CU00000311,Ishaan Nair,50,Male,Bengaluru,Karnataka,Self-employed,847587.0,Medium,2020-10-19,BR017,0.7814,0
CU00000312,Nikhil Iyer,45,Male,Chennai,Tamil Nadu,Salaried,692091.0,Medium,2024-08-17,BR001,0.5329,0
CU00000313,Aditi Iyer,28,Male,Pune,Maharashtra,Self-employed,729429.0,Medium,2025-10-27,BR011,0.8334,0
CU00000314,Sai Sharma,32,Female,Delhi,Delhi,Salaried,1316743.0,Low,2019-01-29,BR007,0.269,0
CU00000315,Priya Gupta,32,Female,Chennai,Tamil Nadu,Professional,262319.0,High,2025-06-23,BR010,0.7481,0
CU00000316,Ishaan Nair,51,Female,Bengaluru,Karnataka,Salaried,809941.0,Medium,2024-04-06,BR007,0.5216,0
CU00000317,Priya Rao,30,Male,Chennai,Tamil Nadu,Salaried,1433533.0,Low,2021-08-28,BR014,0.6066,0
CU00000318,Aarav Nair,65,Male,Kolkata,West Bengal,Salaried,937959.0,Low,2022-10-06,BR015,0.9759,0
CU00000319,Sai Reddy,34,Male,Mumbai,Maharashtra,Self-employed,513788.0,Medium,2016-12-09,BR003,0.562,0
CU00000320,Meera Rao,52,Female,Visakhapatnam,Andhra Pradesh,Salaried,584081.0,Medium,2016-09-30,BR016,0.8893,0
CU00000321,Nikhil Khan,65,Male,Mumbai,Maharashtra,Student,1005783.0,Low,2020-03-26,BR019,0.5437,0
CU00000322,Meera Das,35,Male,Pune,Maharashtra,Self-employed,1001882.0,Low,2020-04-08,BR005,0.4139,0
CU00000323,Rahul Iyer,32,Female,Bengaluru,Karnataka,Salaried,1234133.0,Low,2025-07-08,BR011,0.7132,0
CU00000324,Divya Rao,46,Female,Delhi,Delhi,Salaried,616290.0,Medium,2017-03-23,BR010,0.2828,0
CU00000325,Ishaan Reddy,58,Male,Delhi,Delhi,Salaried,383426.0,High,2022-09-09,BR019,0.9146,0
CU00000326,Rahul Singh,41,Female,Mumbai,Maharashtra,Self-employed,388906.0,High,2017-06-18,BR015,0.6606,0
CU00000327,Sai Singh,40,Female,Mumbai,Maharashtra,Retired,649555.0,Medium,2023-02-25,BR006,0.7056,0
CU00000328,Aarav Gupta,42,Male,Chennai,Tamil Nadu,Salaried,346267.0,High,2024-04-23,BR005,0.7101,1
CU00000329,Meera Singh,21,Male,Kolkata,West Bengal,Salaried,1361100.0,Low,2018-05-14,BR012,0.7067,0
CU00000330,Sneha Gupta,64,Female,Chennai,Tamil Nadu,Professional,631773.0,Medium,2023-03-09,BR014,0.5094,0
CU00000331,Kavya Sharma,28,Male,Delhi,Delhi,Salaried,620079.0,Medium,2020-02-16,BR002,0.4778,0
CU00000332,Rahul Nair,58,Female,Hyderabad,Telangana,Salaried,1392231.0,Low,2019-09-05,BR020,0.0941,0
CU00000333,Kavya Sharma,18,Female,Chennai,Tamil Nadu,Student,433518.0,Medium,2019-11-19,BR008,0.7326,0
CU00000334,Divya Rao,45,Female,Pune,Maharashtra,Student,1096269.0,Low,2017-07-05,BR016,0.0993,0
CU00000335,Aarav Singh,51,Male,Bengaluru,Karnataka,Self-employed,2222197.0,Very Low,2023-02-07,BR004,0.6782,0
CU00000336,Sai Sharma,58,Male,Chennai,Tamil Nadu,Professional,489736.0,Medium,2020-03-24,BR008,0.4239,0
CU00000337,Aarav Sharma,28,Male,Pune,Maharashtra,Retired,741273.0,Medium,2024-01-24,BR011,0.791,0
CU00000338,Aditi Patel,45,Female,Delhi,Delhi,Salaried,555118.0,Medium,2016-09-12,BR007,0.365,0
CU00000339,Sai Reddy,45,Male,Mumbai,Maharashtra,Salaried,860185.0,Medium,2025-11-20,BR001,0.519,0
CU00000340,Kavya Das,59,Female,Kolkata,West Bengal,Salaried,1168085.0,Low,2020-10-05,BR015,0.6079,0
CU00000341,Sai Singh,41,Male,Pune,Maharashtra,Salaried,1085292.0,Low,2018-04-01,BR019,0.8528,0
CU00000342,Ishaan Rao,34,Male,Chennai,Tamil Nadu,Retired,1743804.0,Low,2021-09-13,BR012,0.2764,1
CU00000343,Rahul Sharma,27,Male,Bengaluru,Karnataka,Professional,609930.0,Medium,2019-07-03,BR023,0.508,1
CU00000344,Sneha Khan,26,Female,Visakhapatnam,Andhra Pradesh,Retired,1062854.0,Low,2024-02-07,BR024,0.452,0
CU00000345,Aarav Khan,20,Male,Delhi,Delhi,Salaried,795175.0,Medium,2023-11-24,BR021,0.5691,0
CU00000346,Arjun Sharma,39,Female,Pune,Maharashtra,Self-employed,946946.0,Low,2022-07-05,BR024,0.6729,1
CU00000347,Aarav Nair,54,Female,Kolkata,West Bengal,Salaried,441885.0,Medium,2017-04-20,BR017,0.8585,0
CU00000348,Aditi Reddy,35,Male,Pune,Maharashtra,Salaried,1074953.0,Low,2018-08-23,BR016,0.854,0
CU00000349,Sneha Patel,40,Male,Hyderabad,Telangana,Salaried,837235.0,Medium,2024-02-11,BR011,0.3309,0
CU00000350,Sneha Rao,64,Male,Chennai,Tamil Nadu,Salaried,570304.0,Medium,2019-04-06,BR004,0.7928,1
CU00000351,Divya Iyer,32,Male,Bengaluru,Karnataka,Student,298849.0,High,2023-07-25,BR002,0.3611,0
CU00000352,Divya Singh,52,Female,Delhi,Delhi,Salaried,376125.0,High,2018-06-21,BR011,0.9379,0
CU00000353,Kavya Sharma,39,Female,Hyderabad,Telangana,Salaried,1479107.0,Low,2023-04-27,BR006,0.4876,0
CU00000354,Ishaan Singh,52,Female,Pune,Maharashtra,Student,781682.0,Medium,2022-04-01,BR012,0.3095,0
CU00000355,Aditi Das,51,Female,Kolkata,West Bengal,Self-employed,1120989.0,Low,2023-07-21,BR008,0.8023,0
CU00000356,Sai Gupta,27,Male,Hyderabad,Telangana,Salaried,700427.0,Medium,2017-01-06,BR017,0.76,0
CU00000357,Ishaan Nair,35,Male,Hyderabad,Telangana,Self-employed,451146.0,Medium,2025-06-27,BR020,0.3478,0
CU00000358,Meera Reddy,52,Male,Mumbai,Maharashtra,Retired,649375.0,Medium,2018-03-19,BR015,0.9019,1
CU00000359,Sneha Singh,53,Male,Hyderabad,Telangana,Salaried,1129797.0,Low,2025-07-05,BR016,0.7772,0
CU00000360,Sai Gupta,42,Male,Bengaluru,Karnataka,Self-employed,439230.0,Medium,2026-02-09,BR008,0.2295,0
CU00000361,Meera Rao,27,Female,Bengaluru,Karnataka,Retired,1107245.0,Low,2021-04-16,BR016,0.8962,0
CU00000362,Aditi Sharma,34,Female,Pune,Maharashtra,Student,368968.0,High,2023-12-15,BR006,0.879,0
CU00000363,Aditi Patel,46,Male,Visakhapatnam,Andhra Pradesh,Salaried,788202.0,Medium,2025-04-26,BR018,0.603,0
CU00000364,Rahul Gupta,41,Male,Pune,Maharashtra,Professional,520661.0,Medium,2020-03-23,BR011,0.7544,0
CU00000365,Nikhil Gupta,38,Male,Chennai,Tamil Nadu,Salaried,457392.0,Medium,2021-06-24,BR002,0.8436,1
CU00000366,Nikhil Das,41,Male,Pune,Maharashtra,Salaried,356320.0,High,2018-03-28,BR008,0.1622,0
CU00000367,Aditi Iyer,74,Male,Hyderabad,Telangana,Self-employed,976549.0,Low,2021-09-06,BR014,0.8947,0
CU00000368,Kavya Das,34,Male,Hyderabad,Telangana,Self-employed,270501.0,High,2021-09-17,BR012,0.5793,0
CU00000369,Nikhil Iyer,35,Female,Chennai,Tamil Nadu,Self-employed,1432158.0,Low,2019-04-03,BR016,0.4559,0
CU00000370,Nikhil Gupta,28,Male,Bengaluru,Karnataka,Salaried,387456.0,High,2023-08-20,BR008,0.8073,0
CU00000371,Aarav Sharma,18,Male,Kolkata,West Bengal,Salaried,282649.0,High,2017-01-02,BR004,0.8887,0
CU00000372,Rahul Das,39,Female,Chennai,Tamil Nadu,Student,990185.0,Low,2025-01-24,BR014,0.3309,0
CU00000373,Rahul Reddy,27,Female,Kolkata,West Bengal,Salaried,473719.0,Medium,2021-05-05,BR012,0.5481,0
CU00000374,Aarav Khan,22,Non-binary,Visakhapatnam,Andhra Pradesh,Self-employed,293473.0,High,2018-04-10,BR017,0.2802,0
CU00000375,Sneha Rao,58,Male,Delhi,Delhi,Student,183747.0,High,2023-01-28,BR024,0.723,0
CU00000376,Arjun Das,30,Male,Visakhapatnam,Andhra Pradesh,Salaried,591424.0,Medium,2017-03-05,BR024,0.5469,0
CU00000377,Kavya Iyer,39,Male,Mumbai,Maharashtra,Retired,372547.0,High,2021-10-07,BR023,0.6435,0
CU00000378,Ishaan Nair,42,Male,Mumbai,Maharashtra,Professional,222354.0,High,2024-11-03,BR017,0.3917,0
CU00000379,Arjun Khan,37,Female,Hyderabad,Telangana,Salaried,1713904.0,Low,2018-10-20,BR007,0.792,0
CU00000380,Meera Khan,34,Male,Delhi,Delhi,Retired,216855.0,High,2021-08-31,BR024,0.7423,0
CU00000381,Kavya Reddy,61,Male,Pune,Maharashtra,Professional,649652.0,Medium,2020-08-12,BR014,0.591,0
CU00000382,Nikhil Sharma,28,Female,Pune,Maharashtra,Salaried,742387.0,Medium,2017-05-20,BR016,0.7162,0
CU00000383,Rahul Singh,26,Male,Visakhapatnam,Andhra Pradesh,Student,1196979.0,Low,2022-08-26,BR006,0.6645,0
CU00000384,Arjun Das,18,Male,Hyderabad,Telangana,Self-employed,2084883.0,Very Low,2024-06-06,BR021,0.9051,0
CU00000385,Nikhil Patel,34,Male,Pune,Maharashtra,Student,717150.0,Medium,2022-11-17,BR005,0.4289,0
CU00000386,Aditi Gupta,37,Male,Pune,Maharashtra,Self-employed,457124.0,Medium,2020-06-11,BR010,0.4286,0
CU00000387,Sai Gupta,53,Male,Bengaluru,Karnataka,Salaried,415895.0,Medium,2018-05-11,BR012,0.6906,0
CU00000388,Aditi Reddy,42,Female,Bengaluru,Karnataka,Salaried,1260098.0,Low,2024-02-08,BR023,0.6406,0
CU00000389,Kavya Iyer,35,Female,Pune,Maharashtra,Professional,642267.0,Medium,2025-04-10,BR010,0.8413,0
CU00000390,Aarav Reddy,33,Female,Pune,Maharashtra,Salaried,963493.0,Low,2025-09-06,BR005,0.8079,0
CU00000391,Meera Khan,34,Female,Delhi,Delhi,Salaried,1547319.0,Low,2019-10-04,BR014,0.3587,0
CU00000392,Sneha Gupta,34,Male,Kolkata,West Bengal,Salaried,1048489.0,Low,2016-12-15,BR019,0.9051,1
CU00000393,Ishaan Khan,29,Male,Kolkata,West Bengal,Salaried,729599.0,Medium,2023-06-19,BR016,0.6774,0
CU00000394,Arjun Rao,42,Male,Pune,Maharashtra,Salaried,180000.0,High,2016-11-15,BR009,0.8726,0
CU00000395,Arjun Reddy,50,Male,Kolkata,West Bengal,Salaried,1259814.0,Low,2025-10-06,BR024,0.8423,0
CU00000396,Meera Sharma,29,Male,Chennai,Tamil Nadu,Salaried,907018.0,Low,2018-06-07,BR004,0.5478,0
CU00000397,Sai Sharma,31,Female,Hyderabad,Telangana,Professional,670088.0,Medium,2022-12-20,BR003,0.5881,0
CU00000398,Ishaan Iyer,56,Male,Kolkata,West Bengal,Salaried,1341899.0,Low,2021-04-23,BR007,0.6704,0
CU00000399,Meera Rao,44,Male,Chennai,Tamil Nadu,Self-employed,757366.0,Medium,2024-12-19,BR016,0.9035,0
CU00000400,Kavya Reddy,35,Female,Hyderabad,Telangana,Self-employed,1151707.0,Low,2023-04-20,BR014,0.6002,1
CU00000401,Priya Patel,41,Male,Pune,Maharashtra,Professional,716242.0,Medium,2021-02-26,BR005,0.386,0
CU00000402,Rahul Nair,49,Male,Visakhapatnam,Andhra Pradesh,Salaried,1211020.0,Low,2021-11-08,BR011,0.8359,0
CU00000403,Divya Sharma,18,Male,Hyderabad,Telangana,Student,650304.0,Medium,2026-01-03,BR019,0.3891,0
CU00000404,Arjun Iyer,48,Male,Kolkata,West Bengal,Self-employed,355320.0,High,2024-02-12,BR008,0.357,1
CU00000405,Nikhil Singh,53,Male,Delhi,Delhi,Salaried,1300781.0,Low,2017-05-12,BR013,0.7075,0
CU00000406,Divya Rao,36,Female,Mumbai,Maharashtra,Salaried,456525.0,Medium,2018-12-27,BR011,0.1976,0
CU00000407,Ishaan Sharma,57,Male,Kolkata,West Bengal,Professional,396085.0,High,2023-07-23,BR009,0.4076,0
CU00000408,Divya Nair,34,Male,Mumbai,Maharashtra,Retired,455611.0,Medium,2018-09-09,BR003,0.5215,0
CU00000409,Arjun Iyer,36,Male,Hyderabad,Telangana,Professional,1006649.0,Low,2020-06-10,BR006,0.6827,0
CU00000410,Aarav Iyer,18,Male,Bengaluru,Karnataka,Salaried,467858.0,Medium,2022-07-24,BR012,0.8197,0
CU00000411,Arjun Khan,35,Male,Pune,Maharashtra,Professional,351125.0,High,2022-10-27,BR014,0.4045,0
CU00000412,Rahul Gupta,51,Male,Pune,Maharashtra,Salaried,326196.0,High,2021-12-26,BR002,0.8326,0
CU00000413,Divya Das,59,Female,Visakhapatnam,Andhra Pradesh,Salaried,1377903.0,Low,2018-06-27,BR011,0.7265,0
CU00000414,Kavya Iyer,52,Male,Delhi,Delhi,Salaried,543304.0,Medium,2023-12-12,BR014,0.9475,0
CU00000415,Kavya Reddy,54,Female,Mumbai,Maharashtra,Salaried,565124.0,Medium,2021-07-19,BR018,0.9314,0
CU00000416,Sai Das,39,Female,Visakhapatnam,Andhra Pradesh,Self-employed,575105.0,Medium,2021-05-09,BR006,0.3987,0
CU00000417,Nikhil Reddy,68,Male,Mumbai,Maharashtra,Salaried,1160070.0,Low,2022-08-30,BR017,0.6736,0
CU00000418,Divya Patel,40,Female,Bengaluru,Karnataka,Professional,475778.0,Medium,2022-11-07,BR018,0.5543,0
CU00000419,Nikhil Patel,26,Male,Bengaluru,Karnataka,Professional,946489.0,Low,2020-02-25,BR017,0.822,0
CU00000420,Aarav Das,60,Male,Hyderabad,Telangana,Professional,1595603.0,Low,2021-06-23,BR016,0.6721,0
CU00000421,Meera Sharma,25,Male,Kolkata,West Bengal,Self-employed,1093619.0,Low,2017-07-12,BR013,0.1495,0
CU00000422,Rahul Gupta,18,Female,Bengaluru,Karnataka,Salaried,738694.0,Medium,2023-08-18,BR011,0.9042,0
CU00000423,Kavya Iyer,52,Female,Visakhapatnam,Andhra Pradesh,Self-employed,1073275.0,Low,2022-03-11,BR023,0.7922,0
CU00000424,Sai Rao,35,Male,Chennai,Tamil Nadu,Salaried,473314.0,Medium,2025-06-13,BR013,0.4726,0
CU00000425,Aditi Iyer,42,Female,Pune,Maharashtra,Salaried,481675.0,Medium,2024-10-15,BR019,0.5801,0
CU00000426,Sneha Rao,50,Male,Mumbai,Maharashtra,Salaried,2021456.0,Very Low,2017-11-18,BR014,0.3053,0
CU00000427,Sneha Sharma,18,Female,Delhi,Delhi,Student,548356.0,Medium,2022-06-15,BR023,0.0674,0
CU00000428,Nikhil Patel,35,Male,Visakhapatnam,Andhra Pradesh,Salaried,958755.0,Low,2025-03-13,BR023,0.583,1
CU00000429,Aditi Das,25,Male,Bengaluru,Karnataka,Salaried,790492.0,Medium,2024-01-21,BR017,0.8744,0
CU00000430,Divya Rao,52,Male,Visakhapatnam,Andhra Pradesh,Retired,1106422.0,Low,2021-07-05,BR018,0.8616,0
CU00000431,Rahul Sharma,33,Male,Hyderabad,Telangana,Salaried,1596497.0,Low,2025-05-13,BR010,0.4839,0
CU00000432,Arjun Rao,35,Female,Pune,Maharashtra,Salaried,693283.0,Medium,2024-06-26,BR011,0.3474,0
CU00000433,Sai Patel,36,Male,Kolkata,West Bengal,Self-employed,758378.0,Medium,2021-07-04,BR015,0.5109,0
CU00000434,Divya Gupta,27,Male,Hyderabad,Telangana,Salaried,652856.0,Medium,2022-11-25,BR015,0.0817,0
CU00000435,Priya Sharma,36,Female,Pune,Maharashtra,Salaried,838775.0,Medium,2026-02-10,BR018,0.8839,0
CU00000436,Nikhil Sharma,18,Female,Delhi,Delhi,Salaried,645565.0,Medium,2017-10-15,BR014,0.8616,0
CU00000437,Priya Nair,37,Male,Chennai,Tamil Nadu,Student,1969017.0,Very Low,2021-02-15,BR024,0.575,0
CU00000438,Rahul Iyer,18,Male,Hyderabad,Telangana,Self-employed,440547.0,Medium,2022-09-20,BR021,0.4168,0
CU00000439,Kavya Gupta,30,Male,Delhi,Delhi,Salaried,821451.0,Medium,2017-03-10,BR014,0.1525,0
CU00000440,Arjun Nair,41,Female,Delhi,Delhi,Professional,476392.0,Medium,2020-10-11,BR022,0.8801,0
CU00000441,Aarav Gupta,25,Male,Pune,Maharashtra,Self-employed,695439.0,Medium,2019-02-24,BR001,0.4012,0
CU00000442,Sai Das,43,Female,Pune,Maharashtra,Self-employed,451070.0,Medium,2017-11-07,BR013,0.831,0
CU00000443,Arjun Das,35,Female,Kolkata,West Bengal,Salaried,729435.0,Medium,2020-12-11,BR019,0.5062,0
CU00000444,Meera Patel,26,Male,Mumbai,Maharashtra,Salaried,287451.0,High,2026-04-27,BR022,0.5248,1
CU00000445,Aarav Nair,48,Female,Chennai,Tamil Nadu,Salaried,536110.0,Medium,2022-07-24,BR010,0.4377,0
CU00000446,Arjun Gupta,38,Female,Hyderabad,Telangana,Salaried,436287.0,Medium,2018-09-20,BR015,0.5721,0
CU00000447,Rahul Iyer,35,Male,Delhi,Delhi,Self-employed,471698.0,Medium,2018-05-18,BR024,0.5268,0
CU00000448,Kavya Patel,60,Male,Chennai,Tamil Nadu,Salaried,941140.0,Low,2023-07-27,BR010,0.5236,0
CU00000449,Nikhil Sharma,57,Male,Visakhapatnam,Andhra Pradesh,Self-employed,972817.0,Low,2019-10-20,BR019,0.4057,0
CU00000450,Ishaan Singh,30,Male,Visakhapatnam,Andhra Pradesh,Salaried,686504.0,Medium,2018-04-19,BR018,0.4079,0
CU00000451,Nikhil Nair,45,Male,Pune,Maharashtra,Salaried,844415.0,Medium,2018-05-17,BR001,0.4317,0
CU00000452,Rahul Das,59,Female,Delhi,Delhi,Salaried,656268.0,Medium,2022-01-11,BR004,0.6167,0
CU00000453,Nikhil Reddy,24,Male,Hyderabad,Telangana,Self-employed,537442.0,Medium,2022-01-29,BR015,0.6305,0
CU00000454,Arjun Singh,65,Female,Pune,Maharashtra,Professional,1900164.0,Very Low,2024-01-03,BR022,0.7519,0
CU00000455,Kavya Patel,35,Male,Visakhapatnam,Andhra Pradesh,Self-employed,577852.0,Medium,2018-07-18,BR020,0.7138,0
CU00000456,Sneha Khan,35,Male,Delhi,Delhi,Self-employed,388284.0,High,2018-11-22,BR012,0.7894,0
CU00000457,Kavya Rao,43,Male,Visakhapatnam,Andhra Pradesh,Salaried,459992.0,Medium,2024-12-13,BR013,0.6693,0
CU00000458,Aarav Gupta,43,Male,Hyderabad,Telangana,Salaried,968537.0,Low,2024-09-01,BR003,0.9485,0
CU00000459,Meera Das,51,Male,Mumbai,Maharashtra,Salaried,391104.0,High,2018-10-14,BR012,0.6108,0
CU00000460,Priya Nair,49,Female,Mumbai,Maharashtra,Self-employed,665629.0,Medium,2024-10-13,BR003,0.4771,0
CU00000461,Meera Nair,41,Female,Hyderabad,Telangana,Self-employed,418315.0,Medium,2025-11-11,BR010,0.3267,0
CU00000462,Nikhil Reddy,41,Male,Delhi,Delhi,Salaried,405888.0,Medium,2019-12-05,BR005,0.8168,0
CU00000463,Meera Iyer,25,Male,Delhi,Delhi,Salaried,347306.0,High,2024-08-20,BR007,0.4034,0
CU00000464,Aditi Sharma,31,Male,Hyderabad,Telangana,Salaried,724271.0,Medium,2025-03-18,BR010,0.8319,0
CU00000465,Aditi Rao,18,Female,Kolkata,West Bengal,Self-employed,931766.0,Low,2023-05-14,BR006,0.885,0
CU00000466,Sai Reddy,41,Male,Bengaluru,Karnataka,Salaried,449226.0,Medium,2017-08-18,BR013,0.9022,0
CU00000467,Nikhil Reddy,72,Male,Chennai,Tamil Nadu,Salaried,518897.0,Medium,2022-10-12,BR018,0.2945,0
CU00000468,Rahul Gupta,53,Female,Pune,Maharashtra,Salaried,517852.0,Medium,2023-05-12,BR014,0.5785,0
CU00000469,Divya Das,41,Male,Delhi,Delhi,Salaried,1844981.0,Very Low,2023-07-26,BR018,0.1686,0
CU00000470,Sneha Rao,28,Male,Bengaluru,Karnataka,Self-employed,1296633.0,Low,2020-05-07,BR004,0.5892,0
CU00000471,Aditi Sharma,26,Female,Delhi,Delhi,Salaried,450041.0,Medium,2023-10-12,BR002,0.4338,0
CU00000472,Rahul Rao,39,Male,Chennai,Tamil Nadu,Self-employed,388448.0,High,2025-01-26,BR008,0.3265,0
CU00000473,Priya Patel,55,Female,Bengaluru,Karnataka,Professional,485412.0,Medium,2019-07-30,BR018,0.1417,0
CU00000474,Arjun Iyer,58,Female,Delhi,Delhi,Professional,902316.0,Low,2020-07-19,BR020,0.6936,0
CU00000475,Sai Nair,40,Female,Delhi,Delhi,Salaried,1049165.0,Low,2020-11-01,BR010,0.6436,0
CU00000476,Divya Rao,32,Male,Bengaluru,Karnataka,Salaried,1901287.0,Very Low,2019-09-01,BR016,0.4599,0
CU00000477,Ishaan Iyer,33,Female,Kolkata,West Bengal,Retired,427477.0,Medium,2025-11-03,BR024,0.6518,0
CU00000478,Kavya Nair,34,Male,Visakhapatnam,Andhra Pradesh,Salaried,325350.0,High,2020-10-30,BR018,0.8346,0
CU00000479,Aditi Gupta,51,Female,Delhi,Delhi,Self-employed,466089.0,Medium,2023-08-26,BR008,0.7403,0
CU00000480,Priya Gupta,48,Male,Visakhapatnam,Andhra Pradesh,Salaried,848873.0,Medium,2021-03-23,BR011,0.803,0
CU00000481,Arjun Khan,37,Female,Visakhapatnam,Andhra Pradesh,Salaried,548562.0,Medium,2025-07-07,BR018,0.4356,0
CU00000482,Sneha Gupta,30,Male,Hyderabad,Telangana,Professional,331734.0,High,2021-03-21,BR001,0.4008,0
CU00000483,Priya Nair,36,Female,Mumbai,Maharashtra,Professional,457824.0,Medium,2025-12-05,BR017,0.6179,0
CU00000484,Divya Gupta,39,Male,Visakhapatnam,Andhra Pradesh,Professional,560543.0,Medium,2022-10-14,BR012,0.455,0
CU00000485,Nikhil Nair,18,Male,Chennai,Tamil Nadu,Professional,589468.0,Medium,2022-05-09,BR009,0.5545,0
CU00000486,Nikhil Singh,36,Female,Chennai,Tamil Nadu,Salaried,1155086.0,Low,2018-11-28,BR007,0.6395,0
CU00000487,Meera Iyer,38,Male,Mumbai,Maharashtra,Salaried,871821.0,Medium,2023-03-13,BR007,0.7146,0
CU00000488,Aarav Sharma,37,Male,Mumbai,Maharashtra,Salaried,358962.0,High,2017-10-04,BR023,0.4768,0
CU00000489,Kavya Sharma,46,Male,Hyderabad,Telangana,Salaried,278538.0,High,2024-09-09,BR003,0.6559,0
CU00000490,Kavya Das,48,Male,Mumbai,Maharashtra,Salaried,1259471.0,Low,2019-06-18,BR023,0.2987,0
CU00000491,Aarav Reddy,22,Female,Delhi,Delhi,Self-employed,2470474.0,Very Low,2022-11-11,BR017,0.9247,0
CU00000492,Arjun Das,58,Male,Kolkata,West Bengal,Professional,247233.0,High,2020-06-25,BR021,0.6438,0
CU00000493,Sai Sharma,66,Male,Bengaluru,Karnataka,Professional,1750199.0,Low,2023-05-16,BR011,0.7365,0
CU00000494,Kavya Khan,38,Female,Hyderabad,Telangana,Student,371966.0,High,2022-05-23,BR006,0.5664,0
CU00000495,Rahul Patel,37,Female,Bengaluru,Karnataka,Salaried,180000.0,High,2022-03-29,BR006,0.5581,0
CU00000496,Divya Reddy,28,Male,Chennai,Tamil Nadu,Self-employed,506716.0,Medium,2024-05-09,BR018,0.8193,0
CU00000497,Aarav Das,21,Female,Pune,Maharashtra,Professional,816971.0,Medium,2017-04-08,BR007,0.2915,0
CU00000498,Rahul Sharma,33,Female,Pune,Maharashtra,Salaried,759897.0,Medium,2018-09-01,BR012,0.6813,0
CU00000499,Kavya Khan,32,Female,Pune,Maharashtra,Student,520003.0,Medium,2024-05-10,BR014,0.6207,1
CU00000500,Nikhil Singh,46,Female,Delhi,Delhi,Self-employed,584102.0,Medium,2018-11-20,BR011,0.5795,0
CU00000501,Divya Patel,37,Male,Hyderabad,Telangana,Self-employed,493794.0,Medium,2023-11-09,BR011,0.6976,0
CU00000502,Rahul Singh,48,Male,Pune,Maharashtra,Self-employed,940261.0,Low,2020-07-14,BR018,0.4524,0
CU00000503,Sai Sharma,52,Female,Delhi,Delhi,Salaried,743450.0,Medium,2023-11-01,BR008,0.5174,0
CU00000504,Sneha Iyer,23,Male,Kolkata,West Bengal,Salaried,932611.0,Low,2021-05-06,BR006,0.6308,0
CU00000505,Kavya Reddy,21,Male,Bengaluru,Karnataka,Self-employed,1940756.0,Very Low,2019-09-19,BR010,0.4612,0
CU00000506,Sai Reddy,29,Female,Kolkata,West Bengal,Self-employed,1170279.0,Low,2026-02-19,BR003,0.5105,0
CU00000507,Kavya Gupta,25,Female,Hyderabad,Telangana,Professional,738978.0,Medium,2020-10-19,BR014,0.2538,0
CU00000508,Kavya Das,18,Male,Chennai,Tamil Nadu,Student,273076.0,High,2019-09-26,BR012,0.6986,0
CU00000509,Priya Patel,40,Female,Bengaluru,Karnataka,Salaried,1069349.0,Low,2023-08-19,BR002,0.4473,0
CU00000510,Sai Rao,18,Female,Mumbai,Maharashtra,Salaried,1212693.0,Low,2018-11-06,BR024,0.8629,1
CU00000511,Divya Singh,39,Male,Chennai,Tamil Nadu,Self-employed,316842.0,High,2024-08-24,BR022,0.4063,0
CU00000512,Ishaan Singh,35,Male,Pune,Maharashtra,Salaried,292878.0,High,2021-05-31,BR024,0.7714,1
CU00000513,Divya Das,60,Male,Delhi,Delhi,Salaried,872166.0,Medium,2017-10-29,BR003,0.9625,0
CU00000514,Rahul Rao,18,Female,Chennai,Tamil Nadu,Student,968700.0,Low,2019-05-10,BR023,0.8209,0
CU00000515,Sai Gupta,39,Male,Pune,Maharashtra,Salaried,387683.0,High,2025-07-31,BR014,0.5566,0
CU00000516,Rahul Rao,19,Male,Hyderabad,Telangana,Salaried,696393.0,Medium,2026-06-12,BR003,0.5947,0
CU00000517,Kavya Reddy,29,Female,Visakhapatnam,Andhra Pradesh,Salaried,1358494.0,Low,2025-05-16,BR009,0.313,0
CU00000518,Aarav Reddy,32,Female,Kolkata,West Bengal,Salaried,1270412.0,Low,2020-11-17,BR023,0.6038,0
CU00000519,Meera Reddy,39,Male,Delhi,Delhi,Salaried,506997.0,Medium,2019-11-03,BR009,0.3522,0
CU00000520,Kavya Reddy,44,Female,Mumbai,Maharashtra,Self-employed,391396.0,High,2020-05-10,BR018,0.5093,0
CU00000521,Aditi Gupta,48,Female,Pune,Maharashtra,Retired,531301.0,Medium,2025-12-08,BR006,0.2439,0
CU00000522,Kavya Das,45,Male,Visakhapatnam,Andhra Pradesh,Salaried,331988.0,High,2018-12-19,BR021,0.3454,0
CU00000523,Kavya Rao,48,Female,Bengaluru,Karnataka,Student,454813.0,Medium,2022-06-21,BR008,0.5926,0
CU00000524,Ishaan Patel,33,Male,Mumbai,Maharashtra,Salaried,720671.0,Medium,2026-04-07,BR005,0.4459,0
CU00000525,Sneha Sharma,44,Male,Mumbai,Maharashtra,Self-employed,686966.0,Medium,2020-07-31,BR010,0.8245,0
CU00000526,Rahul Reddy,33,Male,Bengaluru,Karnataka,Salaried,2420841.0,Very Low,2019-09-26,BR004,0.811,0
CU00000527,Sai Das,43,Female,Chennai,Tamil Nadu,Salaried,877912.0,Medium,2025-04-29,BR012,0.8851,0
CU00000528,Rahul Das,18,Female,Kolkata,West Bengal,Professional,3453922.0,Very Low,2017-06-17,BR016,0.2404,0
CU00000529,Priya Das,24,Female,Delhi,Delhi,Salaried,180000.0,High,2020-09-27,BR022,0.608,0
CU00000530,Aditi Singh,44,Male,Visakhapatnam,Andhra Pradesh,Salaried,539320.0,Medium,2019-07-17,BR018,0.6567,0
CU00000531,Kavya Gupta,55,Male,Kolkata,West Bengal,Salaried,813008.0,Medium,2020-09-24,BR003,0.9103,0
CU00000532,Aditi Nair,52,Male,Bengaluru,Karnataka,Professional,1517231.0,Low,2020-05-27,BR016,0.6412,0
CU00000533,Arjun Sharma,36,Male,Bengaluru,Karnataka,Self-employed,1355748.0,Low,2024-08-07,BR012,0.4706,0
CU00000534,Meera Reddy,55,Female,Delhi,Delhi,Salaried,1235291.0,Low,2018-03-16,BR023,0.5744,0
CU00000535,Aarav Gupta,39,Male,Chennai,Tamil Nadu,Student,615754.0,Medium,2022-10-24,BR006,0.5649,0
CU00000536,Sneha Iyer,26,Male,Chennai,Tamil Nadu,Professional,829958.0,Medium,2025-04-15,BR005,0.2667,0
CU00000537,Meera Iyer,45,Male,Chennai,Tamil Nadu,Salaried,1311322.0,Low,2017-12-17,BR012,0.8206,0
CU00000538,Aditi Iyer,48,Male,Kolkata,West Bengal,Self-employed,1894556.0,Very Low,2022-09-06,BR011,0.8001,0
CU00000539,Aarav Iyer,19,Male,Chennai,Tamil Nadu,Self-employed,499726.0,Medium,2025-02-24,BR004,0.6927,0
CU00000540,Aarav Reddy,31,Female,Delhi,Delhi,Salaried,662077.0,Medium,2017-02-17,BR013,0.3697,0
CU00000541,Aditi Sharma,58,Male,Delhi,Delhi,Student,1088306.0,Low,2019-12-16,BR005,0.5908,0
CU00000542,Rahul Reddy,46,Female,Mumbai,Maharashtra,Professional,289986.0,High,2018-07-07,BR024,0.3555,1
CU00000543,Kavya Nair,35,Female,Hyderabad,Telangana,Salaried,1235412.0,Low,2023-03-18,BR009,0.5052,0
CU00000544,Nikhil Das,24,Male,Visakhapatnam,Andhra Pradesh,Salaried,1892972.0,Very Low,2024-04-22,BR022,0.9233,0
CU00000545,Aarav Das,31,Male,Hyderabad,Telangana,Salaried,634344.0,Medium,2025-03-18,BR014,0.4368,0
CU00000546,Ishaan Nair,78,Male,Mumbai,Maharashtra,Self-employed,1792797.0,Low,2021-04-24,BR024,0.6589,0
CU00000547,Arjun Iyer,46,Male,Delhi,Delhi,Self-employed,1177896.0,Low,2022-11-12,BR010,0.6128,0
CU00000548,Sai Khan,39,Female,Bengaluru,Karnataka,Salaried,783600.0,Medium,2021-07-29,BR012,0.5984,0
CU00000549,Aditi Sharma,35,Male,Chennai,Tamil Nadu,Self-employed,1185598.0,Low,2020-01-10,BR023,0.3206,0
CU00000550,Divya Reddy,42,Female,Kolkata,West Bengal,Salaried,354987.0,High,2021-10-06,BR006,0.8186,0
CU00000551,Sai Iyer,23,Female,Bengaluru,Karnataka,Professional,416024.0,Medium,2026-06-19,BR010,0.1754,0
CU00000552,Meera Rao,18,Female,Delhi,Delhi,Salaried,1090429.0,Low,2026-06-09,BR001,0.6865,0
CU00000553,Kavya Nair,42,Male,Mumbai,Maharashtra,Self-employed,330541.0,High,2019-07-04,BR008,0.7477,0
CU00000554,Meera Khan,44,Female,Chennai,Tamil Nadu,Self-employed,1158962.0,Low,2025-04-11,BR022,0.4009,0
CU00000555,Sneha Khan,20,Male,Visakhapatnam,Andhra Pradesh,Professional,517678.0,Medium,2020-09-22,BR018,0.1377,0
CU00000556,Aditi Rao,28,Female,Kolkata,West Bengal,Salaried,425976.0,Medium,2017-05-29,BR011,0.4708,0
CU00000557,Meera Singh,29,Female,Visakhapatnam,Andhra Pradesh,Salaried,650393.0,Medium,2019-09-05,BR012,0.5515,0
CU00000558,Divya Iyer,35,Female,Delhi,Delhi,Professional,1313585.0,Low,2026-04-14,BR009,0.9113,0
CU00000559,Rahul Iyer,39,Male,Kolkata,West Bengal,Salaried,962203.0,Low,2022-10-23,BR008,0.8134,0
CU00000560,Nikhil Patel,18,Male,Mumbai,Maharashtra,Professional,696981.0,Medium,2018-08-11,BR001,0.7967,0
CU00000561,Priya Das,30,Female,Visakhapatnam,Andhra Pradesh,Student,1101269.0,Low,2022-10-23,BR015,0.6691,0
CU00000562,Priya Gupta,41,Female,Chennai,Tamil Nadu,Self-employed,1273197.0,Low,2019-07-10,BR023,0.937,0
CU00000563,Sai Iyer,31,Female,Chennai,Tamil Nadu,Professional,1498150.0,Low,2019-04-18,BR016,0.3077,0
CU00000564,Arjun Patel,37,Female,Visakhapatnam,Andhra Pradesh,Professional,609663.0,Medium,2024-01-31,BR015,0.8348,0
CU00000565,Arjun Nair,22,Female,Pune,Maharashtra,Salaried,1215465.0,Low,2019-07-09,BR004,0.8654,0
CU00000566,Sai Sharma,22,Male,Mumbai,Maharashtra,Salaried,643803.0,Medium,2020-11-28,BR012,0.6783,0
CU00000567,Sai Patel,47,Female,Mumbai,Maharashtra,Salaried,1567048.0,Low,2023-06-17,BR017,0.6518,0
CU00000568,Meera Sharma,18,Female,Delhi,Delhi,Salaried,408784.0,Medium,2021-09-19,BR020,0.4154,1
CU00000569,Aarav Singh,38,Male,Pune,Maharashtra,Self-employed,1198861.0,Low,2025-10-25,BR021,0.4401,0
CU00000570,Sneha Nair,32,Male,Bengaluru,Karnataka,Professional,656485.0,Medium,2019-12-20,BR013,0.8755,0
CU00000571,Sai Nair,24,Male,Chennai,Tamil Nadu,Self-employed,485269.0,Medium,2021-07-28,BR002,0.1141,1
CU00000572,Ishaan Reddy,28,Male,Chennai,Tamil Nadu,Professional,911287.0,Low,2024-02-09,BR003,0.8334,0
CU00000573,Aarav Rao,36,Male,Hyderabad,Telangana,Salaried,335457.0,High,2026-01-07,BR021,0.8461,1
CU00000574,Sai Sharma,54,Male,Pune,Maharashtra,Professional,739560.0,Medium,2025-07-21,BR006,0.8124,0
CU00000575,Aarav Iyer,43,Female,Bengaluru,Karnataka,Salaried,725538.0,Medium,2017-03-13,BR017,0.9185,0
CU00000576,Nikhil Iyer,48,Male,Bengaluru,Karnataka,Student,640984.0,Medium,2020-02-25,BR010,0.7818,0
CU00000577,Nikhil Singh,23,Female,Pune,Maharashtra,Professional,467991.0,Medium,2025-11-02,BR011,0.7788,0
CU00000578,Kavya Iyer,28,Non-binary,Bengaluru,Karnataka,Professional,292853.0,High,2025-10-13,BR021,0.4036,0
CU00000579,Meera Iyer,18,Male,Hyderabad,Telangana,Retired,884304.0,Medium,2022-06-20,BR005,0.8548,0
CU00000580,Sai Sharma,47,Female,Delhi,Delhi,Self-employed,572873.0,Medium,2021-02-24,BR015,0.5668,0
CU00000581,Nikhil Das,42,Male,Hyderabad,Telangana,Retired,978505.0,Low,2017-01-30,BR017,0.8663,0
CU00000582,Sneha Gupta,30,Female,Visakhapatnam,Andhra Pradesh,Salaried,467439.0,Medium,2019-10-23,BR016,0.7004,0
CU00000583,Kavya Iyer,53,Female,Visakhapatnam,Andhra Pradesh,Self-employed,382489.0,High,2024-05-19,BR006,0.2952,0
CU00000584,Divya Patel,34,Male,Bengaluru,Karnataka,Professional,1545402.0,Low,2019-07-16,BR007,0.7338,0
CU00000585,Aditi Patel,55,Female,Hyderabad,Telangana,Salaried,638831.0,Medium,2019-05-11,BR023,0.7904,0
CU00000586,Nikhil Gupta,64,Male,Visakhapatnam,Andhra Pradesh,Self-employed,715107.0,Medium,2026-04-07,BR011,0.4062,0
CU00000587,Arjun Khan,29,Male,Visakhapatnam,Andhra Pradesh,Professional,251393.0,High,2022-08-05,BR018,0.0573,1
CU00000588,Ishaan Singh,34,Male,Visakhapatnam,Andhra Pradesh,Self-employed,865756.0,Medium,2022-05-12,BR003,0.1612,0
CU00000589,Ishaan Khan,31,Male,Chennai,Tamil Nadu,Self-employed,693706.0,Medium,2018-11-12,BR018,0.6565,0
CU00000590,Ishaan Gupta,46,Male,Kolkata,West Bengal,Salaried,371526.0,High,2018-09-21,BR014,0.4186,0
CU00000591,Rahul Iyer,40,Male,Pune,Maharashtra,Self-employed,455643.0,Medium,2022-12-15,BR004,0.5265,0
CU00000592,Arjun Das,25,Female,Visakhapatnam,Andhra Pradesh,Self-employed,1307417.0,Low,2025-07-24,BR006,0.8298,0
CU00000593,Rahul Das,38,Female,Mumbai,Maharashtra,Retired,479481.0,Medium,2026-01-31,BR017,0.5471,0
CU00000594,Kavya Sharma,60,Female,Mumbai,Maharashtra,Student,1172192.0,Low,2021-02-23,BR022,0.471,0
CU00000595,Sai Iyer,38,Male,Pune,Maharashtra,Salaried,971399.0,Low,2021-02-15,BR006,0.8069,0
CU00000596,Rahul Khan,35,Female,Visakhapatnam,Andhra Pradesh,Salaried,1080278.0,Low,2017-02-05,BR021,0.6179,0
CU00000597,Kavya Reddy,39,Female,Pune,Maharashtra,Self-employed,324955.0,High,2018-12-04,BR003,0.4254,0
CU00000598,Kavya Singh,46,Male,Chennai,Tamil Nadu,Salaried,775067.0,Medium,2022-10-26,BR012,0.5355,0
CU00000599,Aarav Khan,46,Female,Visakhapatnam,Andhra Pradesh,Student,547833.0,Medium,2017-04-25,BR021,0.9772,0
CU00000600,Aditi Gupta,30,Female,Kolkata,West Bengal,Salaried,1847553.0,Very Low,2024-09-26,BR009,0.8582,0
CU00000601,Ishaan Sharma,50,Male,Delhi,Delhi,Self-employed,377810.0,High,2022-07-22,BR016,0.6258,0
CU00000602,Rahul Sharma,59,Female,Kolkata,West Bengal,Salaried,775963.0,Medium,2019-01-24,BR001,0.9471,0
CU00000603,Sai Nair,48,Female,Delhi,Delhi,Professional,1346750.0,Low,2018-04-10,BR007,0.6963,0
CU00000604,Kavya Gupta,48,Female,Delhi,Delhi,Professional,594651.0,Medium,2016-09-18,BR009,0.7641,0
CU00000605,Sai Iyer,50,Female,Delhi,Delhi,Salaried,414858.0,Medium,2018-02-11,BR017,0.5661,1
CU00000606,Aarav Nair,28,Male,Kolkata,West Bengal,Salaried,2209016.0,Very Low,2021-06-15,BR002,0.2877,0
CU00000607,Sai Nair,41,Female,Visakhapatnam,Andhra Pradesh,Salaried,487199.0,Medium,2024-06-29,BR019,0.468,0
CU00000608,Nikhil Rao,20,Female,Pune,Maharashtra,Retired,664825.0,Medium,2018-05-24,BR021,0.6637,0
CU00000609,Aarav Patel,43,Male,Delhi,Delhi,Student,616297.0,Medium,2022-03-08,BR003,0.5725,0
CU00000610,Nikhil Das,44,Female,Visakhapatnam,Andhra Pradesh,Salaried,254667.0,High,2023-07-07,BR006,0.2279,0
CU00000611,Rahul Singh,32,Female,Chennai,Tamil Nadu,Salaried,1074826.0,Low,2022-04-24,BR020,0.1488,0
CU00000612,Priya Reddy,54,Female,Hyderabad,Telangana,Salaried,961365.0,Low,2016-09-08,BR014,0.5248,0
CU00000613,Rahul Patel,42,Female,Kolkata,West Bengal,Salaried,340628.0,High,2022-04-13,BR007,0.8236,0
CU00000614,Rahul Reddy,30,Male,Visakhapatnam,Andhra Pradesh,Self-employed,1239018.0,Low,2021-09-19,BR005,0.5083,0
CU00000615,Kavya Iyer,40,Male,Kolkata,West Bengal,Student,453754.0,Medium,2019-12-16,BR018,0.4897,0
CU00000616,Meera Patel,18,Male,Visakhapatnam,Andhra Pradesh,Salaried,775302.0,Medium,2024-08-16,BR001,0.6128,0
CU00000617,Nikhil Singh,29,Female,Bengaluru,Karnataka,Student,446453.0,Medium,2021-04-15,BR018,0.4971,0
CU00000618,Ishaan Nair,31,Female,Bengaluru,Karnataka,Salaried,484472.0,Medium,2017-02-22,BR006,0.4078,0
CU00000619,Nikhil Reddy,38,Male,Chennai,Tamil Nadu,Salaried,539521.0,Medium,2022-10-01,BR008,0.6729,0
CU00000620,Nikhil Sharma,18,Female,Hyderabad,Telangana,Self-employed,295550.0,High,2021-08-17,BR019,0.7122,0
CU00000621,Aarav Khan,45,Female,Pune,Maharashtra,Salaried,744704.0,Medium,2024-05-17,BR021,0.5571,0
CU00000622,Kavya Rao,43,Male,Chennai,Tamil Nadu,Salaried,506343.0,Medium,2017-05-05,BR021,0.607,0
CU00000623,Divya Das,33,Female,Hyderabad,Telangana,Salaried,374755.0,High,2025-11-28,BR020,0.781,1
CU00000624,Kavya Rao,61,Male,Pune,Maharashtra,Salaried,437244.0,Medium,2018-06-01,BR022,0.1993,1
CU00000625,Nikhil Singh,39,Male,Visakhapatnam,Andhra Pradesh,Retired,569328.0,Medium,2024-10-07,BR024,0.6045,0
CU00000626,Aditi Singh,38,Male,Chennai,Tamil Nadu,Retired,648284.0,Medium,2022-04-11,BR009,0.8863,0
CU00000627,Rahul Nair,52,Male,Bengaluru,Karnataka,Salaried,517710.0,Medium,2025-12-03,BR012,0.3628,0
CU00000628,Sneha Reddy,52,Female,Visakhapatnam,Andhra Pradesh,Self-employed,342273.0,High,2025-09-02,BR020,0.1062,0
CU00000629,Rahul Das,34,Male,Mumbai,Maharashtra,Salaried,370170.0,High,2021-08-13,BR002,0.7628,0
CU00000630,Rahul Reddy,52,Female,Visakhapatnam,Andhra Pradesh,Salaried,469048.0,Medium,2020-08-27,BR010,0.954,0
CU00000631,Nikhil Khan,43,Male,Kolkata,West Bengal,Self-employed,671733.0,Medium,2024-08-18,BR006,0.9215,0
CU00000632,Priya Iyer,35,Male,Visakhapatnam,Andhra Pradesh,Student,421824.0,Medium,2016-12-27,BR005,0.632,0
CU00000633,Arjun Khan,20,Female,Kolkata,West Bengal,Salaried,649331.0,Medium,2018-05-16,BR017,0.6014,0
CU00000634,Priya Sharma,49,Male,Pune,Maharashtra,Salaried,566185.0,Medium,2025-08-07,BR022,0.5743,0
CU00000635,Rahul Nair,36,Female,Delhi,Delhi,Salaried,471443.0,Medium,2018-10-18,BR008,0.5655,0
CU00000636,Kavya Iyer,30,Male,Delhi,Delhi,Salaried,320907.0,High,2020-11-05,BR007,0.2039,0
CU00000637,Kavya Rao,31,Male,Mumbai,Maharashtra,Salaried,761966.0,Medium,2025-01-26,BR021,0.4676,0
CU00000638,Nikhil Rao,44,Female,Chennai,Tamil Nadu,Self-employed,617843.0,Medium,2021-12-29,BR014,0.7224,0
CU00000639,Ishaan Iyer,28,Female,Bengaluru,Karnataka,Salaried,838616.0,Medium,2019-01-17,BR006,0.7044,0
CU00000640,Priya Rao,47,Male,Delhi,Delhi,Self-employed,2201066.0,Very Low,2019-11-10,BR020,0.3958,0
CU00000641,Sai Nair,18,Female,Chennai,Tamil Nadu,Self-employed,655622.0,Medium,2016-09-18,BR009,0.719,0
CU00000642,Nikhil Patel,27,Male,Kolkata,West Bengal,Salaried,1469559.0,Low,2026-04-15,BR021,0.6125,1
CU00000643,Nikhil Gupta,57,Male,Kolkata,West Bengal,Professional,1325383.0,Low,2017-05-13,BR017,0.7664,0
CU00000644,Rahul Gupta,28,Female,Hyderabad,Telangana,Professional,892753.0,Medium,2020-03-25,BR010,0.8284,0
CU00000645,Divya Iyer,24,Female,Chennai,Tamil Nadu,Self-employed,180000.0,High,2024-05-04,BR019,0.5289,1
CU00000646,Meera Iyer,48,Male,Chennai,Tamil Nadu,Self-employed,2451515.0,Very Low,2021-11-27,BR013,0.7371,0
CU00000647,Sneha Iyer,18,Female,Bengaluru,Karnataka,Professional,927969.0,Low,2019-04-30,BR023,0.8708,0
CU00000648,Arjun Sharma,40,Female,Kolkata,West Bengal,Retired,628933.0,Medium,2019-05-23,BR024,0.8573,0
CU00000649,Kavya Rao,50,Male,Mumbai,Maharashtra,Salaried,1743620.0,Low,2018-10-10,BR006,0.337,0
CU00000650,Nikhil Das,47,Male,Bengaluru,Karnataka,Professional,1236417.0,Low,2022-01-22,BR001,0.408,0
CU00000651,Ishaan Das,37,Female,Delhi,Delhi,Self-employed,733836.0,Medium,2022-01-28,BR008,0.7329,0
CU00000652,Nikhil Rao,62,Female,Visakhapatnam,Andhra Pradesh,Salaried,1616064.0,Low,2025-02-03,BR003,0.6528,0
CU00000653,Priya Das,40,Male,Visakhapatnam,Andhra Pradesh,Salaried,822755.0,Medium,2016-10-21,BR006,0.7386,0
CU00000654,Aarav Das,46,Female,Mumbai,Maharashtra,Salaried,927662.0,Low,2023-11-01,BR016,0.7007,0
CU00000655,Ishaan Sharma,32,Female,Hyderabad,Telangana,Student,618424.0,Medium,2022-06-05,BR006,0.3646,0
CU00000656,Rahul Sharma,24,Male,Hyderabad,Telangana,Salaried,538580.0,Medium,2018-04-18,BR004,0.4929,0
CU00000657,Rahul Sharma,52,Female,Mumbai,Maharashtra,Salaried,464591.0,Medium,2018-04-20,BR012,0.886,1
CU00000658,Rahul Sharma,36,Male,Bengaluru,Karnataka,Self-employed,770927.0,Medium,2022-02-08,BR019,0.3965,0
CU00000659,Ishaan Patel,34,Female,Mumbai,Maharashtra,Salaried,617796.0,Medium,2022-06-14,BR022,0.7951,0
CU00000660,Priya Rao,18,Female,Chennai,Tamil Nadu,Salaried,585121.0,Medium,2024-07-28,BR018,0.149,0
CU00000661,Aditi Nair,26,Female,Hyderabad,Telangana,Salaried,795296.0,Medium,2024-12-29,BR017,0.9516,0
CU00000662,Priya Gupta,35,Male,Hyderabad,Telangana,Salaried,562242.0,Medium,2025-04-22,BR007,0.7987,0
CU00000663,Aarav Singh,35,Male,Visakhapatnam,Andhra Pradesh,Retired,654607.0,Medium,2024-03-23,BR014,0.782,0
CU00000664,Aditi Khan,35,Female,Visakhapatnam,Andhra Pradesh,Student,690447.0,Medium,2022-07-20,BR007,0.8173,0
CU00000665,Rahul Gupta,56,Male,Visakhapatnam,Andhra Pradesh,Salaried,572654.0,Medium,2025-08-09,BR003,0.7203,0
CU00000666,Kavya Das,34,Female,Chennai,Tamil Nadu,Salaried,461425.0,Medium,2017-08-21,BR007,0.5929,0
CU00000667,Ishaan Sharma,44,Female,Bengaluru,Karnataka,Self-employed,526721.0,Medium,2019-07-09,BR002,0.8362,0
CU00000668,Nikhil Iyer,38,Female,Mumbai,Maharashtra,Salaried,401228.0,Medium,2022-05-31,BR021,0.4129,0
CU00000669,Aditi Das,47,Male,Kolkata,West Bengal,Salaried,483300.0,Medium,2018-12-31,BR011,0.842,0
CU00000670,Kavya Reddy,46,Male,Chennai,Tamil Nadu,Professional,798107.0,Medium,2019-05-23,BR002,0.2591,0
CU00000671,Aditi Khan,38,Male,Bengaluru,Karnataka,Salaried,956848.0,Low,2020-05-15,BR016,0.5905,0
CU00000672,Priya Gupta,41,Male,Bengaluru,Karnataka,Retired,257798.0,High,2025-07-23,BR009,0.3769,0
CU00000673,Nikhil Sharma,44,Male,Pune,Maharashtra,Salaried,191957.0,High,2020-02-10,BR013,0.6872,0
CU00000674,Aditi Gupta,25,Female,Hyderabad,Telangana,Salaried,406309.0,Medium,2022-08-26,BR001,0.3294,0
CU00000675,Divya Patel,66,Female,Kolkata,West Bengal,Student,1358298.0,Low,2023-10-27,BR003,0.564,0
CU00000676,Sneha Nair,58,Male,Bengaluru,Karnataka,Salaried,450773.0,Medium,2025-09-30,BR007,0.9324,0
CU00000677,Ishaan Singh,27,Male,Bengaluru,Karnataka,Self-employed,412128.0,Medium,2016-10-13,BR005,0.75,0
CU00000678,Meera Singh,30,Female,Kolkata,West Bengal,Salaried,791862.0,Medium,2017-05-05,BR017,0.2281,0
CU00000679,Arjun Gupta,60,Male,Delhi,Delhi,Salaried,489527.0,Medium,2020-11-27,BR004,0.3567,0
CU00000680,Priya Nair,49,Non-binary,Kolkata,West Bengal,Salaried,476006.0,Medium,2025-06-04,BR010,0.646,0
CU00000681,Sneha Khan,52,Male,Chennai,Tamil Nadu,Salaried,650934.0,Medium,2021-10-31,BR007,0.9071,0
CU00000682,Aditi Patel,30,Female,Visakhapatnam,Andhra Pradesh,Self-employed,1646455.0,Low,2021-11-16,BR020,0.8094,0
CU00000683,Rahul Reddy,54,Male,Chennai,Tamil Nadu,Salaried,952261.0,Low,2018-02-26,BR015,0.178,0
CU00000684,Sneha Khan,54,Female,Visakhapatnam,Andhra Pradesh,Salaried,2613117.0,Very Low,2024-07-24,BR016,0.6832,0
CU00000685,Aditi Rao,45,Female,Kolkata,West Bengal,Salaried,2428278.0,Very Low,2024-07-21,BR011,0.8076,0
CU00000686,Ishaan Patel,21,Male,Kolkata,West Bengal,Salaried,232660.0,High,2022-07-04,BR017,0.876,0
CU00000687,Priya Das,30,Female,Bengaluru,Karnataka,Salaried,213534.0,High,2018-10-01,BR019,0.6236,0
CU00000688,Meera Nair,42,Male,Kolkata,West Bengal,Self-employed,665834.0,Medium,2019-08-15,BR014,0.8529,0
CU00000689,Sneha Nair,53,Male,Delhi,Delhi,Professional,778892.0,Medium,2021-05-15,BR022,0.8777,0
CU00000690,Aarav Reddy,38,Female,Delhi,Delhi,Salaried,617786.0,Medium,2017-03-05,BR022,0.748,0
CU00000691,Divya Nair,37,Female,Chennai,Tamil Nadu,Salaried,943234.0,Low,2024-10-09,BR008,0.2609,0
CU00000692,Rahul Das,36,Male,Delhi,Delhi,Salaried,1510135.0,Low,2023-12-19,BR019,0.6551,0
CU00000693,Aditi Reddy,28,Female,Mumbai,Maharashtra,Self-employed,481817.0,Medium,2021-11-27,BR021,0.5923,1
CU00000694,Priya Das,31,Female,Pune,Maharashtra,Salaried,299386.0,High,2018-06-25,BR005,0.9413,0
CU00000695,Priya Iyer,41,Male,Hyderabad,Telangana,Self-employed,1849453.0,Very Low,2023-10-13,BR020,0.8713,0
CU00000696,Ishaan Rao,35,Female,Chennai,Tamil Nadu,Retired,613678.0,Medium,2018-01-27,BR014,0.5495,0
CU00000697,Divya Sharma,34,Female,Pune,Maharashtra,Salaried,446542.0,Medium,2021-01-17,BR010,0.7324,0
CU00000698,Ishaan Khan,52,Female,Chennai,Tamil Nadu,Self-employed,756377.0,Medium,2019-09-26,BR013,0.6213,0
CU00000699,Meera Singh,40,Female,Delhi,Delhi,Salaried,630163.0,Medium,2023-07-23,BR017,0.8128,0
CU00000700,Ishaan Gupta,27,Female,Visakhapatnam,Andhra Pradesh,Salaried,216467.0,High,2025-01-01,BR009,0.456,0
CU00000701,Kavya Reddy,33,Male,Bengaluru,Karnataka,Self-employed,955441.0,Low,2024-11-30,BR002,0.8401,1
CU00000702,Rahul Gupta,66,Female,Delhi,Delhi,Salaried,1649034.0,Low,2020-01-10,BR017,0.4224,0
CU00000703,Aditi Patel,44,Female,Visakhapatnam,Andhra Pradesh,Self-employed,514267.0,Medium,2022-04-18,BR003,0.6378,0
CU00000704,Nikhil Das,32,Male,Bengaluru,Karnataka,Retired,415713.0,Medium,2023-06-10,BR015,0.8418,0
CU00000705,Priya Patel,25,Male,Delhi,Delhi,Salaried,495808.0,Medium,2024-12-30,BR001,0.2973,0
CU00000706,Nikhil Iyer,34,Male,Chennai,Tamil Nadu,Salaried,496353.0,Medium,2020-10-14,BR016,0.5776,0
CU00000707,Aarav Singh,22,Female,Kolkata,West Bengal,Salaried,1794820.0,Low,2020-02-04,BR005,0.2194,0
CU00000708,Kavya Sharma,46,Female,Bengaluru,Karnataka,Self-employed,431972.0,Medium,2026-05-21,BR018,0.8012,0
CU00000709,Arjun Rao,37,Female,Kolkata,West Bengal,Salaried,574498.0,Medium,2017-08-11,BR021,0.4594,0
CU00000710,Priya Singh,41,Female,Mumbai,Maharashtra,Salaried,1035798.0,Low,2018-06-22,BR020,0.818,0
CU00000711,Kavya Gupta,41,Male,Mumbai,Maharashtra,Student,806765.0,Medium,2024-07-03,BR024,0.5567,0
CU00000712,Aditi Rao,42,Male,Bengaluru,Karnataka,Retired,464325.0,Medium,2019-03-08,BR023,0.4947,0
CU00000713,Nikhil Singh,34,Female,Kolkata,West Bengal,Salaried,521497.0,Medium,2020-03-19,BR021,0.7718,0
CU00000714,Ishaan Das,42,Female,Kolkata,West Bengal,Salaried,975720.0,Low,2023-09-28,BR006,0.8005,1
CU00000715,Ishaan Singh,45,Female,Delhi,Delhi,Salaried,351593.0,High,2022-02-20,BR006,0.1311,0
CU00000716,Divya Singh,23,Female,Visakhapatnam,Andhra Pradesh,Salaried,285524.0,High,2017-06-22,BR022,0.2549,0
CU00000717,Sneha Nair,22,Male,Visakhapatnam,Andhra Pradesh,Self-employed,1038575.0,Low,2018-03-01,BR007,0.6952,0
CU00000718,Meera Singh,32,Male,Delhi,Delhi,Salaried,498985.0,Medium,2022-11-28,BR014,0.8037,0
CU00000719,Rahul Reddy,57,Female,Visakhapatnam,Andhra Pradesh,Salaried,413678.0,Medium,2017-02-18,BR024,0.6898,0
CU00000720,Sneha Gupta,41,Female,Mumbai,Maharashtra,Professional,457659.0,Medium,2026-02-12,BR011,0.9432,0
CU00000721,Aarav Nair,28,Female,Kolkata,West Bengal,Salaried,714737.0,Medium,2018-12-04,BR022,0.5087,0
CU00000722,Priya Nair,71,Male,Visakhapatnam,Andhra Pradesh,Self-employed,1026286.0,Low,2025-06-02,BR002,0.406,0
CU00000723,Nikhil Reddy,45,Female,Chennai,Tamil Nadu,Salaried,1255044.0,Low,2018-04-14,BR015,0.8146,0
CU00000724,Ishaan Rao,31,Female,Mumbai,Maharashtra,Salaried,225119.0,High,2021-11-29,BR019,0.6502,0
CU00000725,Nikhil Singh,45,Female,Delhi,Delhi,Salaried,980987.0,Low,2024-04-22,BR015,0.5395,0
CU00000726,Sneha Patel,25,Male,Hyderabad,Telangana,Salaried,1180612.0,Low,2017-10-10,BR017,0.3428,0
CU00000727,Meera Gupta,41,Female,Kolkata,West Bengal,Self-employed,1816678.0,Very Low,2026-04-08,BR012,0.7144,0
CU00000728,Nikhil Singh,47,Male,Mumbai,Maharashtra,Salaried,730655.0,Medium,2024-04-08,BR002,0.6648,0
CU00000729,Rahul Singh,38,Female,Kolkata,West Bengal,Retired,214866.0,High,2024-02-21,BR021,0.768,0
CU00000730,Ishaan Nair,50,Female,Pune,Maharashtra,Retired,642220.0,Medium,2025-06-14,BR004,0.9121,0
CU00000731,Ishaan Rao,20,Male,Bengaluru,Karnataka,Retired,1523078.0,Low,2023-09-22,BR002,0.8168,0
CU00000732,Meera Nair,50,Male,Chennai,Tamil Nadu,Salaried,594630.0,Medium,2019-01-30,BR009,0.5217,0
CU00000733,Ishaan Nair,39,Female,Chennai,Tamil Nadu,Self-employed,1263771.0,Low,2021-09-25,BR007,0.2588,0
CU00000734,Sneha Singh,46,Male,Kolkata,West Bengal,Salaried,842796.0,Medium,2019-03-30,BR012,0.4479,0
CU00000735,Rahul Singh,38,Female,Bengaluru,Karnataka,Salaried,633532.0,Medium,2023-11-14,BR006,0.9003,0
CU00000736,Rahul Iyer,42,Female,Pune,Maharashtra,Professional,842797.0,Medium,2018-05-11,BR016,0.7528,0
CU00000737,Ishaan Nair,33,Male,Mumbai,Maharashtra,Salaried,1696721.0,Low,2020-06-08,BR024,0.6913,0
CU00000738,Kavya Khan,37,Male,Pune,Maharashtra,Salaried,585362.0,Medium,2023-02-19,BR012,0.719,0
CU00000739,Meera Gupta,35,Female,Delhi,Delhi,Self-employed,350471.0,High,2017-05-06,BR023,0.1515,0
CU00000740,Divya Das,39,Female,Delhi,Delhi,Salaried,1001584.0,Low,2020-01-12,BR007,0.6041,0
CU00000741,Divya Das,33,Male,Hyderabad,Telangana,Salaried,1092412.0,Low,2016-10-15,BR010,0.6979,0
CU00000742,Sai Rao,32,Female,Pune,Maharashtra,Salaried,574981.0,Medium,2025-04-20,BR003,0.6177,0
CU00000743,Sai Sharma,51,Male,Visakhapatnam,Andhra Pradesh,Self-employed,1470977.0,Low,2023-11-05,BR011,0.6898,0
CU00000744,Ishaan Reddy,57,Male,Pune,Maharashtra,Salaried,608842.0,Medium,2021-01-22,BR023,0.3497,0
CU00000745,Sneha Nair,43,Female,Pune,Maharashtra,Salaried,1435020.0,Low,2023-07-03,BR023,0.2208,0
CU00000746,Rahul Khan,44,Female,Mumbai,Maharashtra,Student,1597696.0,Low,2026-05-18,BR010,0.9247,0
CU00000747,Sai Singh,45,Male,Chennai,Tamil Nadu,Salaried,1469392.0,Low,2020-01-26,BR007,0.4428,0
CU00000748,Aditi Iyer,20,Female,Visakhapatnam,Andhra Pradesh,Salaried,820775.0,Medium,2024-06-07,BR012,0.8129,0
CU00000749,Kavya Singh,71,Female,Mumbai,Maharashtra,Salaried,2133701.0,Very Low,2020-09-14,BR014,0.8288,0
CU00000750,Nikhil Singh,35,Female,Pune,Maharashtra,Student,428520.0,Medium,2018-06-05,BR004,0.6972,0
CU00000751,Divya Rao,22,Male,Bengaluru,Karnataka,Self-employed,1092573.0,Low,2018-09-22,BR009,0.3628,1
CU00000752,Rahul Iyer,34,Female,Bengaluru,Karnataka,Self-employed,1211931.0,Low,2019-01-21,BR023,0.5728,0
CU00000753,Arjun Reddy,44,Female,Mumbai,Maharashtra,Salaried,2696631.0,Very Low,2018-07-30,BR009,0.7765,0
CU00000754,Rahul Gupta,33,Male,Chennai,Tamil Nadu,Professional,2850252.0,Very Low,2023-04-01,BR004,0.5536,0
CU00000755,Meera Sharma,36,Male,Chennai,Tamil Nadu,Salaried,1317968.0,Low,2020-03-08,BR008,0.2094,0
CU00000756,Sai Patel,23,Female,Pune,Maharashtra,Salaried,445539.0,Medium,2021-02-15,BR018,0.4943,0
CU00000757,Arjun Gupta,32,Male,Visakhapatnam,Andhra Pradesh,Professional,996222.0,Low,2025-07-10,BR011,0.8432,1
CU00000758,Aarav Rao,36,Male,Kolkata,West Bengal,Self-employed,1281397.0,Low,2018-06-15,BR003,0.7518,0
CU00000759,Kavya Iyer,47,Male,Mumbai,Maharashtra,Salaried,534634.0,Medium,2024-12-06,BR005,0.8848,0
CU00000760,Priya Khan,32,Male,Hyderabad,Telangana,Salaried,1198751.0,Low,2024-12-18,BR009,0.5625,0
CU00000761,Aditi Nair,41,Male,Visakhapatnam,Andhra Pradesh,Salaried,1111912.0,Low,2020-03-01,BR021,0.2533,0
CU00000762,Rahul Sharma,37,Male,Pune,Maharashtra,Professional,470484.0,Medium,2018-02-23,BR002,0.2225,0
CU00000763,Sneha Rao,38,Male,Pune,Maharashtra,Salaried,998445.0,Low,2023-12-10,BR019,0.79,0
CU00000764,Ishaan Khan,59,Female,Chennai,Tamil Nadu,Salaried,625432.0,Medium,2017-09-12,BR016,0.8185,0
CU00000765,Sneha Sharma,44,Male,Delhi,Delhi,Salaried,1006228.0,Low,2025-09-25,BR024,0.9101,0
CU00000766,Priya Rao,36,Male,Kolkata,West Bengal,Salaried,1207161.0,Low,2022-03-11,BR012,0.639,0
CU00000767,Ishaan Reddy,36,Female,Chennai,Tamil Nadu,Salaried,1399452.0,Low,2022-07-24,BR010,0.5099,0
CU00000768,Rahul Singh,18,Male,Chennai,Tamil Nadu,Professional,1044660.0,Low,2023-06-28,BR004,0.5929,0
CU00000769,Divya Gupta,49,Non-binary,Pune,Maharashtra,Salaried,427492.0,Medium,2025-07-31,BR012,0.7081,0
CU00000770,Sneha Sharma,36,Male,Mumbai,Maharashtra,Self-employed,1383597.0,Low,2019-12-13,BR014,0.9603,0
CU00000771,Nikhil Reddy,35,Male,Delhi,Delhi,Salaried,488522.0,Medium,2025-08-23,BR005,0.4635,0
CU00000772,Arjun Singh,42,Male,Kolkata,West Bengal,Salaried,1162508.0,Low,2021-05-27,BR022,0.7322,0
CU00000773,Sai Iyer,44,Male,Mumbai,Maharashtra,Salaried,1128868.0,Low,2025-04-27,BR002,0.3857,0
CU00000774,Priya Das,50,Female,Kolkata,West Bengal,Salaried,886611.0,Medium,2018-12-25,BR023,0.7665,0
CU00000775,Meera Das,37,Male,Visakhapatnam,Andhra Pradesh,Salaried,506563.0,Medium,2021-06-02,BR003,0.3247,0
CU00000776,Rahul Nair,35,Female,Bengaluru,Karnataka,Student,516855.0,Medium,2021-11-22,BR007,0.7625,0
CU00000777,Aarav Das,49,Female,Chennai,Tamil Nadu,Retired,780157.0,Medium,2025-03-05,BR009,0.4787,0
CU00000778,Aditi Rao,57,Female,Pune,Maharashtra,Retired,754472.0,Medium,2026-05-11,BR015,0.6611,0
CU00000779,Nikhil Iyer,19,Female,Visakhapatnam,Andhra Pradesh,Salaried,1125186.0,Low,2025-11-25,BR021,0.3648,0
CU00000780,Priya Khan,48,Non-binary,Delhi,Delhi,Salaried,546262.0,Medium,2025-10-11,BR010,0.0354,1
CU00000781,Sneha Das,56,Female,Pune,Maharashtra,Salaried,909924.0,Low,2020-10-26,BR014,0.3098,0
CU00000782,Rahul Khan,27,Male,Visakhapatnam,Andhra Pradesh,Salaried,604900.0,Medium,2021-03-10,BR010,0.1183,0
CU00000783,Meera Rao,26,Male,Visakhapatnam,Andhra Pradesh,Professional,1703387.0,Low,2023-03-25,BR004,0.4148,0
CU00000784,Ishaan Nair,39,Female,Bengaluru,Karnataka,Professional,932222.0,Low,2019-11-18,BR013,0.8981,0
CU00000785,Divya Sharma,26,Female,Pune,Maharashtra,Self-employed,680223.0,Medium,2019-04-19,BR007,0.693,0
CU00000786,Nikhil Das,20,Female,Delhi,Delhi,Salaried,777613.0,Medium,2023-06-04,BR012,0.5034,0
CU00000787,Priya Iyer,37,Female,Pune,Maharashtra,Salaried,932771.0,Low,2017-09-20,BR011,0.6374,0
CU00000788,Rahul Patel,20,Male,Hyderabad,Telangana,Self-employed,351558.0,High,2025-04-11,BR010,0.4978,0
CU00000789,Meera Singh,44,Male,Chennai,Tamil Nadu,Self-employed,421917.0,Medium,2024-02-11,BR004,0.7499,0
CU00000790,Ishaan Das,52,Male,Delhi,Delhi,Salaried,667791.0,Medium,2022-02-09,BR023,0.5573,0
CU00000791,Ishaan Khan,37,Female,Delhi,Delhi,Salaried,310094.0,High,2017-09-14,BR022,0.7702,0
CU00000792,Sai Reddy,39,Male,Mumbai,Maharashtra,Retired,1053882.0,Low,2025-09-05,BR011,0.3845,0
CU00000793,Nikhil Sharma,21,Female,Hyderabad,Telangana,Self-employed,617259.0,Medium,2020-11-01,BR017,0.3561,0
CU00000794,Aditi Singh,37,Female,Visakhapatnam,Andhra Pradesh,Professional,533085.0,Medium,2019-11-30,BR019,0.9852,1
CU00000795,Kavya Sharma,47,Male,Delhi,Delhi,Retired,453199.0,Medium,2016-12-04,BR008,0.7884,1
CU00000796,Rahul Sharma,32,Female,Chennai,Tamil Nadu,Student,1195553.0,Low,2021-09-28,BR019,0.3999,1
CU00000797,Meera Gupta,50,Male,Visakhapatnam,Andhra Pradesh,Professional,748649.0,Medium,2022-05-31,BR001,0.8834,0
CU00000798,Kavya Gupta,25,Female,Kolkata,West Bengal,Salaried,1425154.0,Low,2020-12-14,BR021,0.7611,0
CU00000799,Sai Patel,19,Male,Delhi,Delhi,Salaried,729570.0,Medium,2020-10-21,BR011,0.3197,0
CU00000800,Ishaan Iyer,29,Male,Hyderabad,Telangana,Salaried,988832.0,Low,2017-09-02,BR011,0.617,0
CU00000801,Rahul Reddy,48,Female,Pune,Maharashtra,Student,283947.0,High,2022-09-06,BR004,0.2235,0
CU00000802,Divya Iyer,24,Female,Kolkata,West Bengal,Salaried,574441.0,Medium,2023-05-16,BR010,0.7166,0
CU00000803,Priya Sharma,32,Female,Mumbai,Maharashtra,Self-employed,498823.0,Medium,2018-04-22,BR009,0.3117,0
CU00000804,Divya Singh,41,Male,Mumbai,Maharashtra,Self-employed,680242.0,Medium,2025-01-16,BR018,0.4106,1
CU00000805,Arjun Sharma,27,Female,Bengaluru,Karnataka,Professional,820056.0,Medium,2020-08-20,BR007,0.9382,0
CU00000806,Sneha Das,33,Male,Kolkata,West Bengal,Student,449777.0,Medium,2025-12-13,BR003,0.5929,0
CU00000807,Priya Khan,50,Male,Mumbai,Maharashtra,Professional,1971455.0,Very Low,2018-12-17,BR019,0.3171,0
CU00000808,Sai Gupta,25,Female,Hyderabad,Telangana,Self-employed,1290354.0,Low,2023-12-19,BR010,0.7779,0
CU00000809,Meera Khan,42,Male,Pune,Maharashtra,Professional,180000.0,High,2019-01-03,BR005,0.9629,0
CU00000810,Divya Iyer,47,Female,Pune,Maharashtra,Salaried,771379.0,Medium,2020-01-30,BR016,0.8108,0
CU00000811,Priya Khan,62,Male,Hyderabad,Telangana,Student,735265.0,Medium,2023-04-14,BR017,0.3819,0
CU00000812,Nikhil Iyer,31,Female,Bengaluru,Karnataka,Salaried,538919.0,Medium,2021-04-13,BR005,0.5305,0
CU00000813,Aarav Gupta,30,Male,Chennai,Tamil Nadu,Salaried,652880.0,Medium,2021-08-05,BR002,0.3754,0
CU00000814,Divya Iyer,49,Male,Bengaluru,Karnataka,Self-employed,295599.0,High,2021-01-03,BR001,0.1448,0
CU00000815,Rahul Nair,39,Female,Kolkata,West Bengal,Salaried,758176.0,Medium,2020-06-24,BR008,0.5315,0
CU00000816,Meera Iyer,38,Male,Mumbai,Maharashtra,Professional,1159051.0,Low,2016-12-26,BR018,0.775,0
CU00000817,Nikhil Gupta,28,Male,Delhi,Delhi,Retired,1748426.0,Low,2019-01-17,BR006,0.7776,0
CU00000818,Meera Sharma,42,Female,Kolkata,West Bengal,Self-employed,684001.0,Medium,2022-04-28,BR003,0.6752,0
CU00000819,Nikhil Reddy,18,Female,Kolkata,West Bengal,Salaried,1103973.0,Low,2018-04-22,BR001,0.5841,0
CU00000820,Meera Khan,35,Female,Pune,Maharashtra,Student,878409.0,Medium,2020-11-04,BR003,0.8352,0
CU00000821,Aarav Sharma,51,Male,Mumbai,Maharashtra,Professional,367141.0,High,2017-07-08,BR011,0.5281,0
CU00000822,Aarav Gupta,52,Female,Delhi,Delhi,Student,478093.0,Medium,2020-09-09,BR015,0.8261,0
CU00000823,Kavya Reddy,53,Female,Visakhapatnam,Andhra Pradesh,Salaried,1314922.0,Low,2019-02-21,BR011,0.5135,0
CU00000824,Kavya Sharma,47,Male,Delhi,Delhi,Self-employed,2219988.0,Very Low,2019-01-15,BR002,0.7405,0
CU00000825,Sneha Gupta,44,Female,Hyderabad,Telangana,Retired,1762932.0,Low,2026-05-31,BR009,0.9678,0
CU00000826,Aditi Nair,35,Male,Chennai,Tamil Nadu,Salaried,840122.0,Medium,2021-12-16,BR003,0.714,0
CU00000827,Aarav Iyer,40,Male,Mumbai,Maharashtra,Salaried,184329.0,High,2020-11-25,BR003,0.9023,0
CU00000828,Priya Iyer,22,Male,Delhi,Delhi,Salaried,610091.0,Medium,2025-03-16,BR005,0.6794,0
CU00000829,Ishaan Reddy,57,Female,Visakhapatnam,Andhra Pradesh,Salaried,983616.0,Low,2023-05-23,BR003,0.1322,0
CU00000830,Divya Sharma,42,Female,Delhi,Delhi,Salaried,1104791.0,Low,2016-12-08,BR021,0.8314,0
CU00000831,Sneha Reddy,18,Male,Delhi,Delhi,Salaried,354716.0,High,2023-11-30,BR017,0.948,0
CU00000832,Ishaan Gupta,32,Male,Chennai,Tamil Nadu,Student,344642.0,High,2017-10-13,BR009,0.7552,0
CU00000833,Arjun Singh,48,Male,Kolkata,West Bengal,Self-employed,1030154.0,Low,2024-03-19,BR016,0.4309,0
CU00000834,Sneha Singh,55,Female,Bengaluru,Karnataka,Salaried,609935.0,Medium,2020-09-03,BR018,0.7484,0
CU00000835,Arjun Rao,41,Male,Delhi,Delhi,Professional,352335.0,High,2020-12-14,BR002,0.4605,0
CU00000836,Ishaan Nair,48,Female,Mumbai,Maharashtra,Professional,669931.0,Medium,2024-03-19,BR006,0.7715,0
CU00000837,Sneha Nair,51,Male,Hyderabad,Telangana,Salaried,617266.0,Medium,2026-05-31,BR024,0.7321,0
CU00000838,Priya Sharma,33,Female,Mumbai,Maharashtra,Salaried,988223.0,Low,2023-09-26,BR012,0.7116,0
CU00000839,Meera Rao,59,Female,Hyderabad,Telangana,Salaried,521945.0,Medium,2018-11-10,BR020,0.6287,0
CU00000840,Divya Sharma,35,Female,Pune,Maharashtra,Salaried,1794687.0,Low,2020-10-11,BR010,0.9044,0
CU00000841,Aditi Gupta,45,Male,Pune,Maharashtra,Retired,1914077.0,Very Low,2017-12-20,BR005,0.461,0
CU00000842,Sai Nair,26,Female,Visakhapatnam,Andhra Pradesh,Self-employed,1821843.0,Very Low,2024-08-31,BR021,0.1068,1
CU00000843,Arjun Singh,19,Female,Pune,Maharashtra,Salaried,1264218.0,Low,2016-10-02,BR015,0.4614,0
CU00000844,Divya Iyer,24,Female,Bengaluru,Karnataka,Professional,852512.0,Medium,2018-08-31,BR018,0.7133,0
CU00000845,Aditi Rao,25,Female,Hyderabad,Telangana,Self-employed,1106933.0,Low,2019-08-06,BR005,0.3083,0
CU00000846,Priya Singh,35,Female,Pune,Maharashtra,Salaried,1292803.0,Low,2020-11-11,BR018,0.6473,0
CU00000847,Sneha Iyer,39,Female,Pune,Maharashtra,Salaried,616232.0,Medium,2024-12-21,BR001,0.812,0
CU00000848,Nikhil Patel,24,Male,Mumbai,Maharashtra,Self-employed,445135.0,Medium,2024-09-01,BR024,0.688,0
CU00000849,Kavya Das,43,Male,Bengaluru,Karnataka,Retired,282526.0,High,2017-10-13,BR004,0.6168,0
CU00000850,Arjun Rao,46,Male,Bengaluru,Karnataka,Salaried,746648.0,Medium,2020-09-29,BR018,0.5789,0
CU00000851,Priya Reddy,42,Male,Delhi,Delhi,Salaried,1043804.0,Low,2024-03-15,BR018,0.4433,1
CU00000852,Sneha Rao,41,Female,Delhi,Delhi,Salaried,1467079.0,Low,2022-07-06,BR023,0.9431,0
CU00000853,Nikhil Khan,51,Female,Delhi,Delhi,Salaried,1421513.0,Low,2018-10-08,BR001,0.7463,0
CU00000854,Sneha Khan,47,Male,Chennai,Tamil Nadu,Salaried,848175.0,Medium,2017-06-20,BR016,0.497,0
CU00000855,Nikhil Patel,23,Male,Chennai,Tamil Nadu,Self-employed,595374.0,Medium,2026-02-17,BR018,0.4493,0
CU00000856,Sneha Reddy,24,Female,Pune,Maharashtra,Retired,275803.0,High,2016-12-20,BR015,0.1312,0
CU00000857,Divya Sharma,55,Female,Kolkata,West Bengal,Self-employed,1106321.0,Low,2021-05-09,BR010,0.6119,0
CU00000858,Sneha Rao,41,Male,Bengaluru,Karnataka,Professional,451004.0,Medium,2018-02-26,BR017,0.5601,0
CU00000859,Sneha Patel,38,Male,Mumbai,Maharashtra,Professional,273191.0,High,2022-11-01,BR006,0.4249,1
CU00000860,Divya Das,33,Female,Mumbai,Maharashtra,Self-employed,236797.0,High,2026-05-10,BR014,0.922,0
CU00000861,Sai Khan,47,Male,Delhi,Delhi,Salaried,1410305.0,Low,2024-11-06,BR023,0.7782,0
CU00000862,Arjun Iyer,34,Female,Visakhapatnam,Andhra Pradesh,Salaried,880998.0,Medium,2017-09-15,BR015,0.5211,0
CU00000863,Aditi Iyer,51,Female,Mumbai,Maharashtra,Salaried,1746824.0,Low,2024-09-10,BR015,0.5248,0
CU00000864,Meera Reddy,42,Male,Delhi,Delhi,Student,1098228.0,Low,2021-08-13,BR006,0.455,0
CU00000865,Priya Das,36,Male,Kolkata,West Bengal,Salaried,493634.0,Medium,2021-08-28,BR009,0.8015,0
CU00000866,Arjun Khan,32,Female,Visakhapatnam,Andhra Pradesh,Professional,551834.0,Medium,2023-07-25,BR011,0.6851,1
CU00000867,Priya Gupta,34,Female,Mumbai,Maharashtra,Self-employed,674615.0,Medium,2019-09-12,BR009,0.889,0
CU00000868,Nikhil Patel,58,Male,Hyderabad,Telangana,Professional,328539.0,High,2019-10-02,BR007,0.6481,0
CU00000869,Rahul Das,21,Male,Bengaluru,Karnataka,Retired,396777.0,High,2020-05-23,BR004,0.5175,0
CU00000870,Nikhil Nair,24,Female,Kolkata,West Bengal,Professional,944850.0,Low,2024-12-04,BR011,0.6969,0
CU00000871,Rahul Rao,34,Male,Delhi,Delhi,Salaried,1587703.0,Low,2019-09-01,BR024,0.8003,0
CU00000872,Ishaan Patel,21,Female,Mumbai,Maharashtra,Professional,402735.0,Medium,2022-03-04,BR021,0.3827,0
CU00000873,Sai Sharma,50,Female,Chennai,Tamil Nadu,Student,1239234.0,Low,2022-02-09,BR015,0.2983,0
CU00000874,Rahul Gupta,32,Female,Delhi,Delhi,Salaried,356904.0,High,2025-03-23,BR016,0.779,0
CU00000875,Nikhil Rao,50,Female,Bengaluru,Karnataka,Salaried,521165.0,Medium,2024-02-06,BR009,0.2873,0
CU00000876,Sai Gupta,36,Female,Visakhapatnam,Andhra Pradesh,Salaried,405095.0,Medium,2020-09-07,BR006,0.1299,0
CU00000877,Priya Khan,35,Male,Mumbai,Maharashtra,Salaried,1141279.0,Low,2024-10-08,BR014,0.4508,0
CU00000878,Nikhil Singh,41,Male,Pune,Maharashtra,Student,1367153.0,Low,2025-10-16,BR006,0.617,0
CU00000879,Kavya Rao,18,Male,Bengaluru,Karnataka,Self-employed,1093543.0,Low,2019-09-23,BR017,0.3012,0
CU00000880,Sai Iyer,50,Male,Pune,Maharashtra,Salaried,852247.0,Medium,2022-04-19,BR002,0.3561,0
CU00000881,Nikhil Rao,21,Male,Delhi,Delhi,Self-employed,427705.0,Medium,2021-10-16,BR002,0.6877,0
CU00000882,Sneha Iyer,54,Male,Mumbai,Maharashtra,Salaried,1414612.0,Low,2025-04-19,BR014,0.456,0
CU00000883,Sneha Reddy,53,Female,Visakhapatnam,Andhra Pradesh,Self-employed,768602.0,Medium,2021-06-15,BR001,0.231,0
CU00000884,Nikhil Singh,27,Female,Kolkata,West Bengal,Self-employed,1491218.0,Low,2021-12-18,BR007,0.7815,0
CU00000885,Meera Iyer,56,Male,Bengaluru,Karnataka,Self-employed,303425.0,High,2018-01-18,BR013,0.8265,0
CU00000886,Divya Rao,18,Male,Visakhapatnam,Andhra Pradesh,Self-employed,2685209.0,Very Low,2024-01-02,BR010,0.6086,0
CU00000887,Nikhil Nair,48,Male,Visakhapatnam,Andhra Pradesh,Retired,511265.0,Medium,2022-12-01,BR011,0.7093,0
CU00000888,Aarav Sharma,40,Male,Mumbai,Maharashtra,Salaried,180000.0,High,2021-11-23,BR024,0.5037,1
CU00000889,Arjun Patel,49,Female,Kolkata,West Bengal,Salaried,549935.0,Medium,2023-03-27,BR014,0.786,0
CU00000890,Kavya Singh,39,Female,Pune,Maharashtra,Salaried,806856.0,Medium,2024-12-20,BR002,0.6641,0
CU00000891,Aarav Khan,24,Male,Bengaluru,Karnataka,Self-employed,1408630.0,Low,2019-05-27,BR013,0.8777,0
CU00000892,Rahul Reddy,46,Female,Pune,Maharashtra,Self-employed,696818.0,Medium,2024-04-04,BR014,0.4994,0
CU00000893,Nikhil Nair,29,Female,Visakhapatnam,Andhra Pradesh,Self-employed,1402645.0,Low,2019-05-13,BR001,0.5312,0
CU00000894,Divya Singh,35,Male,Hyderabad,Telangana,Salaried,922088.0,Low,2017-03-26,BR015,0.4369,0
CU00000895,Kavya Iyer,31,Female,Bengaluru,Karnataka,Retired,1075541.0,Low,2019-07-04,BR009,0.8318,0
CU00000896,Arjun Rao,37,Female,Bengaluru,Karnataka,Salaried,1068267.0,Low,2019-11-13,BR002,0.2026,1
CU00000897,Ishaan Nair,26,Female,Delhi,Delhi,Self-employed,3064926.0,Very Low,2018-06-05,BR012,0.3898,0
CU00000898,Aditi Rao,30,Male,Delhi,Delhi,Salaried,636334.0,Medium,2019-07-25,BR016,0.2068,1
CU00000899,Aarav Reddy,42,Male,Chennai,Tamil Nadu,Salaried,519857.0,Medium,2025-01-22,BR018,0.6,0
CU00000900,Nikhil Das,50,Male,Hyderabad,Telangana,Self-employed,414115.0,Medium,2023-08-29,BR003,0.6267,0
CU00000901,Arjun Patel,26,Female,Chennai,Tamil Nadu,Salaried,264449.0,High,2023-07-13,BR012,0.6818,1
CU00000902,Divya Nair,51,Male,Delhi,Delhi,Salaried,262262.0,High,2022-08-08,BR002,0.3802,0
CU00000903,Nikhil Das,39,Female,Pune,Maharashtra,Retired,709838.0,Medium,2023-08-18,BR021,0.8474,0
CU00000904,Arjun Sharma,31,Female,Kolkata,West Bengal,Salaried,996269.0,Low,2021-07-26,BR020,0.7715,0
CU00000905,Sneha Gupta,26,Male,Mumbai,Maharashtra,Professional,935752.0,Low,2021-02-20,BR004,0.665,0
CU00000906,Sneha Iyer,38,Female,Visakhapatnam,Andhra Pradesh,Professional,360384.0,High,2019-03-11,BR007,0.4776,0
CU00000907,Ishaan Rao,58,Female,Kolkata,West Bengal,Salaried,435490.0,Medium,2023-03-17,BR005,0.2248,0
CU00000908,Sai Rao,35,Male,Bengaluru,Karnataka,Salaried,806298.0,Medium,2022-07-27,BR003,0.585,0
CU00000909,Aditi Das,43,Male,Pune,Maharashtra,Salaried,343833.0,High,2023-03-04,BR009,0.5016,0
CU00000910,Arjun Sharma,33,Male,Delhi,Delhi,Professional,563161.0,Medium,2024-05-16,BR015,0.2799,0
CU00000911,Sai Gupta,31,Male,Kolkata,West Bengal,Salaried,863662.0,Medium,2018-05-22,BR017,0.909,0
CU00000912,Rahul Khan,32,Male,Bengaluru,Karnataka,Retired,860233.0,Medium,2023-08-06,BR006,0.9615,0
CU00000913,Kavya Singh,40,Female,Delhi,Delhi,Salaried,1383620.0,Low,2024-11-25,BR009,0.4318,0
CU00000914,Sai Das,41,Male,Bengaluru,Karnataka,Self-employed,738748.0,Medium,2019-11-15,BR004,0.3595,0
CU00000915,Meera Reddy,40,Female,Chennai,Tamil Nadu,Self-employed,899404.0,Medium,2023-02-08,BR016,0.3009,0
CU00000916,Meera Iyer,34,Male,Hyderabad,Telangana,Professional,1258043.0,Low,2026-05-21,BR021,0.4218,0
CU00000917,Sneha Gupta,36,Female,Bengaluru,Karnataka,Salaried,685779.0,Medium,2017-03-04,BR010,0.1428,0
CU00000918,Nikhil Sharma,32,Male,Delhi,Delhi,Self-employed,1174182.0,Low,2021-11-30,BR019,0.6067,0
CU00000919,Aarav Iyer,32,Female,Mumbai,Maharashtra,Salaried,2483372.0,Very Low,2022-08-26,BR022,0.8194,0
CU00000920,Sneha Reddy,28,Male,Delhi,Delhi,Salaried,798176.0,Medium,2024-10-29,BR022,0.6028,0
CU00000921,Nikhil Khan,36,Male,Delhi,Delhi,Self-employed,640167.0,Medium,2017-06-18,BR010,0.8699,0
CU00000922,Rahul Sharma,30,Female,Pune,Maharashtra,Retired,810127.0,Medium,2016-10-10,BR016,0.5817,0
CU00000923,Priya Iyer,41,Female,Mumbai,Maharashtra,Self-employed,318374.0,High,2023-02-28,BR003,0.7513,0
CU00000924,Aarav Khan,37,Male,Chennai,Tamil Nadu,Self-employed,464005.0,Medium,2021-09-26,BR007,0.6533,0
CU00000925,Kavya Nair,35,Female,Delhi,Delhi,Salaried,1185473.0,Low,2019-02-02,BR009,0.4572,0
CU00000926,Kavya Khan,31,Non-binary,Visakhapatnam,Andhra Pradesh,Salaried,691166.0,Medium,2017-02-05,BR011,0.4395,0
CU00000927,Aditi Patel,35,Male,Pune,Maharashtra,Salaried,1062362.0,Low,2019-08-23,BR004,0.8693,0
CU00000928,Aarav Gupta,27,Female,Chennai,Tamil Nadu,Professional,536276.0,Medium,2026-02-24,BR024,0.9588,0
CU00000929,Sai Singh,36,Female,Hyderabad,Telangana,Self-employed,663075.0,Medium,2017-06-02,BR009,0.7416,0
CU00000930,Ishaan Gupta,37,Female,Pune,Maharashtra,Salaried,324271.0,High,2026-01-11,BR014,0.5762,0
CU00000931,Sai Singh,38,Male,Hyderabad,Telangana,Self-employed,371441.0,High,2022-11-16,BR021,0.9027,0
CU00000932,Meera Khan,18,Male,Kolkata,West Bengal,Salaried,691986.0,Medium,2024-05-03,BR003,0.4346,0
CU00000933,Sai Singh,22,Male,Hyderabad,Telangana,Salaried,534379.0,Medium,2023-02-03,BR023,0.7509,0
CU00000934,Rahul Sharma,58,Female,Visakhapatnam,Andhra Pradesh,Self-employed,663459.0,Medium,2024-10-02,BR013,0.8193,0
CU00000935,Ishaan Singh,36,Male,Kolkata,West Bengal,Self-employed,734119.0,Medium,2025-01-09,BR018,0.7196,0
CU00000936,Sai Khan,36,Male,Pune,Maharashtra,Salaried,506777.0,Medium,2024-12-10,BR011,0.704,0
CU00000937,Aarav Khan,48,Male,Visakhapatnam,Andhra Pradesh,Professional,2354410.0,Very Low,2023-05-08,BR019,0.2618,0
CU00000938,Arjun Das,29,Male,Mumbai,Maharashtra,Salaried,587057.0,Medium,2022-04-08,BR017,0.881,0
CU00000939,Meera Das,22,Female,Visakhapatnam,Andhra Pradesh,Salaried,1814437.0,Very Low,2020-09-08,BR004,0.5975,0
CU00000940,Meera Rao,47,Female,Delhi,Delhi,Student,771453.0,Medium,2021-09-10,BR012,0.426,0
CU00000941,Ishaan Das,40,Female,Bengaluru,Karnataka,Self-employed,180000.0,High,2026-06-04,BR002,0.7653,1
CU00000942,Ishaan Rao,39,Male,Kolkata,West Bengal,Self-employed,277341.0,High,2022-10-18,BR010,0.2671,0
CU00000943,Sneha Singh,53,Female,Mumbai,Maharashtra,Salaried,1153623.0,Low,2024-11-05,BR003,0.4834,0
CU00000944,Divya Khan,41,Female,Pune,Maharashtra,Self-employed,677354.0,Medium,2021-10-09,BR015,0.5805,0
CU00000945,Meera Iyer,47,Female,Chennai,Tamil Nadu,Salaried,266167.0,High,2021-11-29,BR014,0.6311,0
CU00000946,Aarav Patel,21,Female,Chennai,Tamil Nadu,Salaried,640137.0,Medium,2024-10-10,BR001,0.8292,0
CU00000947,Priya Sharma,25,Male,Bengaluru,Karnataka,Salaried,364344.0,High,2024-09-23,BR002,0.748,0
CU00000948,Nikhil Singh,26,Male,Mumbai,Maharashtra,Salaried,956579.0,Low,2020-06-29,BR009,0.5765,0
CU00000949,Aditi Singh,39,Male,Delhi,Delhi,Salaried,623588.0,Medium,2018-03-17,BR013,0.7175,0
CU00000950,Sneha Reddy,32,Male,Pune,Maharashtra,Salaried,385004.0,High,2022-10-14,BR004,0.1623,0
CU00000951,Ishaan Gupta,52,Female,Bengaluru,Karnataka,Salaried,399302.0,High,2025-07-06,BR023,0.4354,0
CU00000952,Meera Khan,50,Male,Hyderabad,Telangana,Salaried,521649.0,Medium,2024-01-21,BR006,0.5652,0
CU00000953,Aditi Khan,33,Female,Delhi,Delhi,Self-employed,2698815.0,Very Low,2021-05-03,BR003,0.4729,0
CU00000954,Sneha Nair,29,Female,Hyderabad,Telangana,Salaried,1365045.0,Low,2024-09-25,BR023,0.3833,0
CU00000955,Meera Patel,32,Female,Hyderabad,Telangana,Salaried,477841.0,Medium,2023-11-08,BR020,0.8731,0
CU00000956,Ishaan Iyer,40,Male,Hyderabad,Telangana,Salaried,873140.0,Medium,2025-10-13,BR024,0.512,0
CU00000957,Divya Sharma,33,Male,Mumbai,Maharashtra,Salaried,548081.0,Medium,2020-10-10,BR007,0.5245,0
CU00000958,Aarav Gupta,36,Male,Kolkata,West Bengal,Salaried,483928.0,Medium,2017-02-25,BR019,0.3486,0
CU00000959,Nikhil Iyer,34,Female,Pune,Maharashtra,Salaried,783391.0,Medium,2017-08-20,BR008,0.8479,0
CU00000960,Divya Iyer,48,Female,Bengaluru,Karnataka,Professional,437314.0,Medium,2019-03-10,BR024,0.2117,0
CU00000961,Aarav Gupta,41,Female,Hyderabad,Telangana,Self-employed,832720.0,Medium,2019-10-30,BR003,0.637,0
CU00000962,Meera Nair,41,Male,Visakhapatnam,Andhra Pradesh,Salaried,368044.0,High,2025-09-27,BR008,0.9355,0
CU00000963,Nikhil Khan,37,Female,Visakhapatnam,Andhra Pradesh,Salaried,324738.0,High,2020-01-12,BR004,0.1701,0
CU00000964,Sneha Khan,39,Male,Chennai,Tamil Nadu,Retired,278819.0,High,2022-04-18,BR020,0.8478,0
CU00000965,Aarav Khan,48,Male,Delhi,Delhi,Salaried,1276129.0,Low,2018-03-23,BR013,0.8722,0
CU00000966,Divya Singh,24,Male,Kolkata,West Bengal,Professional,1050295.0,Low,2020-04-23,BR015,0.6496,0
CU00000967,Ishaan Patel,37,Female,Chennai,Tamil Nadu,Salaried,1870794.0,Very Low,2023-02-07,BR009,0.51,0
CU00000968,Priya Khan,27,Female,Pune,Maharashtra,Self-employed,423980.0,Medium,2018-12-03,BR004,0.7682,0
CU00000969,Sneha Iyer,41,Male,Bengaluru,Karnataka,Salaried,1514808.0,Low,2018-09-24,BR022,0.3898,0
CU00000970,Arjun Das,41,Male,Mumbai,Maharashtra,Self-employed,569734.0,Medium,2021-04-12,BR012,0.5114,0
CU00000971,Sneha Iyer,33,Male,Pune,Maharashtra,Salaried,1555746.0,Low,2017-06-16,BR001,0.6068,0
CU00000972,Sneha Rao,40,Male,Kolkata,West Bengal,Professional,582592.0,Medium,2017-03-05,BR020,0.5552,0
CU00000973,Nikhil Singh,35,Male,Mumbai,Maharashtra,Professional,486843.0,Medium,2017-06-09,BR006,0.3925,0
CU00000974,Divya Das,18,Male,Visakhapatnam,Andhra Pradesh,Salaried,787456.0,Medium,2025-08-04,BR019,0.4509,0
CU00000975,Arjun Sharma,37,Female,Hyderabad,Telangana,Salaried,923385.0,Low,2021-06-10,BR005,0.4666,0
CU00000976,Aarav Sharma,42,Female,Hyderabad,Telangana,Salaried,535868.0,Medium,2016-10-05,BR014,0.4807,0
CU00000977,Sai Das,37,Male,Delhi,Delhi,Professional,537939.0,Medium,2023-05-30,BR011,0.8628,0
CU00000978,Sai Nair,33,Female,Kolkata,West Bengal,Salaried,828608.0,Medium,2021-05-05,BR001,0.0463,0
CU00000979,Sneha Singh,63,Male,Delhi,Delhi,Salaried,1049626.0,Low,2016-11-22,BR003,0.1401,0
CU00000980,Arjun Nair,28,Female,Visakhapatnam,Andhra Pradesh,Professional,470738.0,Medium,2025-09-06,BR015,0.8272,0
CU00000981,Arjun Khan,53,Female,Delhi,Delhi,Student,1114363.0,Low,2020-09-16,BR001,0.4481,0
CU00000982,Arjun Rao,18,Female,Chennai,Tamil Nadu,Professional,790920.0,Medium,2024-09-26,BR014,0.7261,0
CU00000983,Sai Reddy,47,Male,Kolkata,West Bengal,Self-employed,558995.0,Medium,2024-10-28,BR019,0.6666,0
CU00000984,Nikhil Khan,44,Female,Visakhapatnam,Andhra Pradesh,Self-employed,270374.0,High,2026-03-27,BR013,0.873,0
CU00000985,Aditi Das,48,Male,Pune,Maharashtra,Salaried,511893.0,Medium,2023-02-05,BR009,0.7,0
CU00000986,Aditi Singh,39,Female,Kolkata,West Bengal,Self-employed,1354872.0,Low,2019-11-15,BR021,0.6566,0
CU00000987,Rahul Reddy,41,Female,Delhi,Delhi,Self-employed,1191525.0,Low,2021-07-28,BR019,0.7183,0
CU00000988,Sneha Rao,33,Male,Delhi,Delhi,Student,698250.0,Medium,2019-10-25,BR012,0.9602,0
CU00000989,Aditi Sharma,56,Female,Delhi,Delhi,Salaried,946045.0,Low,2016-12-29,BR003,0.7314,0
CU00000990,Sai Das,29,Female,Chennai,Tamil Nadu,Self-employed,1053741.0,Low,2018-02-10,BR019,0.6584,0
CU00000991,Sai Sharma,51,Male,Kolkata,West Bengal,Salaried,1217220.0,Low,2018-08-06,BR007,0.4286,0
CU00000992,Aditi Sharma,57,Male,Mumbai,Maharashtra,Self-employed,483583.0,Medium,2021-01-27,BR017,0.7811,0
CU00000993,Aditi Das,63,Male,Mumbai,Maharashtra,Self-employed,634844.0,Medium,2024-03-23,BR018,0.5801,0
CU00000994,Aditi Khan,18,Female,Delhi,Delhi,Salaried,795024.0,Medium,2025-02-13,BR024,0.557,0
CU00000995,Aditi Patel,39,Female,Chennai,Tamil Nadu,Salaried,231100.0,High,2019-11-11,BR001,0.337,0
CU00000996,Arjun Nair,70,Female,Visakhapatnam,Andhra Pradesh,Self-employed,1389199.0,Low,2017-12-28,BR004,0.805,0
CU00000997,Sai Gupta,35,Female,Mumbai,Maharashtra,Salaried,1143916.0,Low,2023-07-12,BR019,0.5971,0
CU00000998,Meera Sharma,37,Female,Chennai,Tamil Nadu,Salaried,709176.0,Medium,2024-10-24,BR018,0.8072,0
CU00000999,Divya Sharma,51,Male,Kolkata,West Bengal,Salaried,462822.0,Medium,2020-11-05,BR007,0.942,0
CU00001000,Ishaan Singh,67,Male,Hyderabad,Telangana,Self-employed,1889306.0,Very Low,2024-12-28,BR020,0.3111,0
CU00001001,Divya Rao,39,Male,Bengaluru,Karnataka,Salaried,517958.0,Medium,2019-09-07,BR003,0.7366,0
CU00001002,Aarav Sharma,43,Female,Bengaluru,Karnataka,Salaried,550069.0,Medium,2018-08-15,BR008,0.4296,0
CU00001003,Rahul Patel,51,Male,Delhi,Delhi,Salaried,527691.0,Medium,2024-05-14,BR016,0.9403,0
CU00001004,Arjun Nair,47,Male,Visakhapatnam,Andhra Pradesh,Retired,1175629.0,Low,2019-04-25,BR018,0.3568,0
CU00001005,Aditi Singh,63,Male,Mumbai,Maharashtra,Self-employed,542077.0,Medium,2019-09-24,BR015,0.7431,0
CU00001006,Nikhil Gupta,22,Female,Hyderabad,Telangana,Salaried,422314.0,Medium,2026-03-22,BR013,0.5598,0
CU00001007,Sneha Singh,34,Male,Chennai,Tamil Nadu,Self-employed,590179.0,Medium,2017-11-27,BR023,0.6912,0
CU00001008,Priya Nair,58,Female,Hyderabad,Telangana,Salaried,1591722.0,Low,2026-06-18,BR003,0.4099,0
CU00001009,Nikhil Reddy,44,Female,Hyderabad,Telangana,Student,467880.0,Medium,2018-03-20,BR018,0.4083,0
CU00001010,Ishaan Nair,37,Female,Visakhapatnam,Andhra Pradesh,Professional,1381001.0,Low,2020-04-02,BR001,0.8436,0
CU00001011,Priya Das,64,Male,Visakhapatnam,Andhra Pradesh,Salaried,558877.0,Medium,2025-12-19,BR014,0.6554,0
CU00001012,Ishaan Reddy,57,Female,Delhi,Delhi,Student,421914.0,Medium,2022-10-23,BR012,0.4193,0
CU00001013,Meera Patel,27,Female,Visakhapatnam,Andhra Pradesh,Self-employed,1346052.0,Low,2016-12-11,BR010,0.7346,0
CU00001014,Nikhil Singh,64,Male,Bengaluru,Karnataka,Self-employed,4077742.0,Very Low,2022-03-22,BR023,0.9438,0
CU00001015,Sai Nair,35,Male,Delhi,Delhi,Professional,717796.0,Medium,2021-12-26,BR011,0.6208,0
CU00001016,Kavya Gupta,52,Male,Visakhapatnam,Andhra Pradesh,Self-employed,1477111.0,Low,2024-02-22,BR003,0.9994,0
CU00001017,Meera Singh,33,Female,Mumbai,Maharashtra,Salaried,562458.0,Medium,2024-11-21,BR006,0.7994,0
CU00001018,Sneha Khan,57,Male,Bengaluru,Karnataka,Salaried,1346264.0,Low,2020-09-24,BR015,0.3903,0
CU00001019,Nikhil Sharma,45,Male,Hyderabad,Telangana,Salaried,1235271.0,Low,2022-02-21,BR015,0.7071,0
CU00001020,Kavya Sharma,67,Male,Bengaluru,Karnataka,Retired,509843.0,Medium,2021-03-15,BR016,0.9102,0
CU00001021,Sneha Iyer,36,Female,Hyderabad,Telangana,Salaried,1136306.0,Low,2016-09-26,BR014,0.4979,0
CU00001022,Kavya Patel,48,Male,Chennai,Tamil Nadu,Salaried,587811.0,Medium,2026-01-29,BR021,0.9723,0
CU00001023,Divya Nair,36,Male,Kolkata,West Bengal,Self-employed,1731132.0,Low,2026-06-16,BR021,0.9077,0
CU00001024,Sneha Patel,29,Female,Visakhapatnam,Andhra Pradesh,Salaried,395677.0,High,2018-05-07,BR001,0.7615,0
CU00001025,Arjun Das,46,Male,Visakhapatnam,Andhra Pradesh,Salaried,1332062.0,Low,2020-04-25,BR002,0.9732,0
CU00001026,Priya Rao,56,Male,Hyderabad,Telangana,Salaried,630344.0,Medium,2026-02-26,BR020,0.1245,0
CU00001027,Nikhil Patel,39,Female,Delhi,Delhi,Self-employed,568245.0,Medium,2024-09-03,BR020,0.8405,0
CU00001028,Meera Iyer,40,Male,Delhi,Delhi,Salaried,703698.0,Medium,2022-07-09,BR021,0.779,0
CU00001029,Arjun Gupta,22,Male,Hyderabad,Telangana,Student,874179.0,Medium,2022-02-14,BR017,0.6863,0
CU00001030,Ishaan Gupta,40,Male,Hyderabad,Telangana,Salaried,886869.0,Medium,2020-07-07,BR019,0.7987,0
CU00001031,Nikhil Rao,37,Male,Hyderabad,Telangana,Salaried,658044.0,Medium,2025-12-07,BR017,0.6164,0
CU00001032,Aarav Sharma,40,Female,Delhi,Delhi,Salaried,507145.0,Medium,2025-05-25,BR012,0.8712,0
CU00001033,Aditi Das,35,Male,Bengaluru,Karnataka,Retired,753612.0,Medium,2024-10-21,BR008,0.6182,1
CU00001034,Sneha Das,31,Female,Mumbai,Maharashtra,Salaried,290782.0,High,2017-11-16,BR002,0.5792,0
CU00001035,Priya Nair,42,Male,Mumbai,Maharashtra,Self-employed,403018.0,Medium,2026-02-02,BR016,0.5599,0
CU00001036,Meera Iyer,36,Male,Pune,Maharashtra,Salaried,900120.0,Low,2021-12-18,BR024,0.9206,0
CU00001037,Nikhil Singh,46,Male,Chennai,Tamil Nadu,Retired,1864969.0,Very Low,2023-08-11,BR011,0.329,0
CU00001038,Kavya Singh,49,Male,Kolkata,West Bengal,Salaried,471677.0,Medium,2018-08-29,BR024,0.8051,0
CU00001039,Sneha Rao,46,Male,Chennai,Tamil Nadu,Salaried,180000.0,High,2019-04-14,BR012,0.6193,0
CU00001040,Arjun Khan,32,Male,Visakhapatnam,Andhra Pradesh,Salaried,666674.0,Medium,2023-07-19,BR015,0.6329,0
CU00001041,Divya Khan,27,Male,Hyderabad,Telangana,Salaried,508255.0,Medium,2019-06-09,BR008,0.6254,0
CU00001042,Aarav Gupta,43,Female,Kolkata,West Bengal,Salaried,964630.0,Low,2026-01-16,BR017,0.5367,0
CU00001043,Rahul Reddy,33,Female,Mumbai,Maharashtra,Salaried,1253003.0,Low,2023-12-05,BR020,0.5363,0
CU00001044,Arjun Singh,52,Male,Mumbai,Maharashtra,Salaried,1123306.0,Low,2020-09-01,BR023,0.6056,0
CU00001045,Sneha Patel,51,Female,Chennai,Tamil Nadu,Professional,731523.0,Medium,2025-05-18,BR004,0.3406,0
CU00001046,Kavya Patel,44,Female,Visakhapatnam,Andhra Pradesh,Student,968145.0,Low,2023-08-30,BR024,0.7376,0
CU00001047,Sneha Gupta,55,Male,Pune,Maharashtra,Self-employed,2038240.0,Very Low,2020-06-01,BR020,0.6408,0
CU00001048,Ishaan Reddy,18,Female,Bengaluru,Karnataka,Retired,399081.0,High,2021-05-08,BR018,0.6716,0
CU00001049,Sneha Nair,36,Male,Visakhapatnam,Andhra Pradesh,Self-employed,2945500.0,Very Low,2018-12-22,BR018,0.4802,0
CU00001050,Priya Patel,48,Male,Delhi,Delhi,Salaried,896781.0,Medium,2023-10-12,BR011,0.6917,0
CU00001051,Kavya Nair,54,Female,Visakhapatnam,Andhra Pradesh,Retired,589196.0,Medium,2021-03-03,BR013,0.918,1
CU00001052,Rahul Gupta,43,Male,Chennai,Tamil Nadu,Salaried,1065850.0,Low,2024-06-27,BR022,0.4459,0
CU00001053,Divya Reddy,32,Male,Chennai,Tamil Nadu,Salaried,975233.0,Low,2024-08-15,BR019,0.6183,1
CU00001054,Aditi Rao,39,Male,Mumbai,Maharashtra,Salaried,573908.0,Medium,2025-07-15,BR021,0.6024,0
CU00001055,Rahul Rao,18,Female,Hyderabad,Telangana,Self-employed,577323.0,Medium,2025-12-10,BR021,0.4036,0
CU00001056,Arjun Reddy,56,Male,Bengaluru,Karnataka,Salaried,2346896.0,Very Low,2020-10-05,BR011,0.7712,0
CU00001057,Aditi Iyer,68,Female,Mumbai,Maharashtra,Salaried,487866.0,Medium,2025-06-04,BR021,0.59,0
CU00001058,Aditi Rao,56,Female,Visakhapatnam,Andhra Pradesh,Self-employed,923575.0,Low,2017-03-09,BR002,0.7786,0
CU00001059,Nikhil Sharma,40,Male,Hyderabad,Telangana,Professional,759829.0,Medium,2022-10-24,BR008,0.5864,0
CU00001060,Meera Gupta,25,Female,Hyderabad,Telangana,Self-employed,728097.0,Medium,2019-02-02,BR020,0.366,0
CU00001061,Ishaan Rao,26,Female,Kolkata,West Bengal,Retired,1123681.0,Low,2024-12-13,BR006,0.2348,0
CU00001062,Nikhil Patel,43,Female,Pune,Maharashtra,Self-employed,712401.0,Medium,2019-09-05,BR021,0.7812,0
CU00001063,Aarav Reddy,28,Female,Delhi,Delhi,Salaried,320945.0,High,2025-05-26,BR005,0.8188,0
CU00001064,Sai Das,47,Female,Bengaluru,Karnataka,Salaried,866529.0,Medium,2020-11-22,BR014,0.4766,0
CU00001065,Priya Patel,52,Male,Mumbai,Maharashtra,Self-employed,1190535.0,Low,2018-03-03,BR016,0.311,0
CU00001066,Meera Khan,40,Female,Chennai,Tamil Nadu,Salaried,2058366.0,Very Low,2022-10-01,BR014,0.4979,0
CU00001067,Meera Das,39,Female,Visakhapatnam,Andhra Pradesh,Professional,1243104.0,Low,2026-03-16,BR002,0.5779,0
CU00001068,Ishaan Gupta,33,Male,Mumbai,Maharashtra,Salaried,946102.0,Low,2016-10-20,BR014,0.2924,0
CU00001069,Aarav Reddy,45,Male,Visakhapatnam,Andhra Pradesh,Self-employed,569608.0,Medium,2017-02-27,BR005,0.5822,0
CU00001070,Rahul Iyer,32,Female,Mumbai,Maharashtra,Salaried,971359.0,Low,2016-10-12,BR009,0.4989,0
CU00001071,Nikhil Nair,40,Male,Delhi,Delhi,Salaried,1625760.0,Low,2018-08-31,BR017,0.6362,0
CU00001072,Sneha Gupta,32,Female,Bengaluru,Karnataka,Self-employed,623031.0,Medium,2020-03-14,BR023,0.7814,0
CU00001073,Sneha Nair,40,Male,Chennai,Tamil Nadu,Salaried,651535.0,Medium,2024-01-13,BR009,0.844,0
CU00001074,Sneha Rao,58,Non-binary,Pune,Maharashtra,Salaried,582116.0,Medium,2020-12-04,BR008,0.9095,0
CU00001075,Divya Rao,44,Male,Chennai,Tamil Nadu,Professional,434602.0,Medium,2021-08-06,BR001,0.8728,0
CU00001076,Rahul Patel,28,Male,Visakhapatnam,Andhra Pradesh,Professional,886372.0,Medium,2024-02-23,BR003,0.8663,0
CU00001077,Divya Das,29,Male,Delhi,Delhi,Professional,615540.0,Medium,2019-09-29,BR019,0.6561,0
CU00001078,Sneha Reddy,43,Female,Kolkata,West Bengal,Salaried,601688.0,Medium,2026-03-01,BR005,0.6537,0
CU00001079,Aditi Patel,50,Male,Visakhapatnam,Andhra Pradesh,Retired,194846.0,High,2023-01-11,BR007,0.5604,0
CU00001080,Aarav Khan,20,Male,Delhi,Delhi,Salaried,728567.0,Medium,2023-07-29,BR023,0.7683,0
CU00001081,Arjun Rao,36,Female,Visakhapatnam,Andhra Pradesh,Retired,666305.0,Medium,2023-10-25,BR023,0.401,0
CU00001082,Sai Nair,38,Male,Mumbai,Maharashtra,Professional,622672.0,Medium,2020-03-19,BR020,0.4433,0
CU00001083,Aarav Singh,51,Male,Mumbai,Maharashtra,Salaried,958067.0,Low,2018-10-09,BR002,0.2183,0
CU00001084,Sneha Reddy,31,Male,Hyderabad,Telangana,Retired,382328.0,High,2022-02-12,BR020,0.625,0
CU00001085,Aditi Sharma,41,Female,Pune,Maharashtra,Salaried,685856.0,Medium,2019-03-29,BR007,0.741,0
CU00001086,Priya Khan,18,Male,Bengaluru,Karnataka,Salaried,1169016.0,Low,2020-11-26,BR003,0.7514,0
CU00001087,Kavya Iyer,28,Male,Visakhapatnam,Andhra Pradesh,Retired,766475.0,Medium,2021-09-29,BR004,0.4142,0
CU00001088,Sneha Rao,48,Male,Kolkata,West Bengal,Salaried,296819.0,High,2022-08-12,BR008,0.6832,0
CU00001089,Sneha Singh,23,Female,Chennai,Tamil Nadu,Self-employed,515924.0,Medium,2020-07-26,BR019,0.6356,0
CU00001090,Priya Das,24,Male,Mumbai,Maharashtra,Professional,1356915.0,Low,2023-09-14,BR010,0.217,0
CU00001091,Rahul Das,38,Female,Mumbai,Maharashtra,Salaried,1123590.0,Low,2024-09-25,BR010,0.5102,0
CU00001092,Ishaan Patel,32,Male,Pune,Maharashtra,Salaried,468232.0,Medium,2025-01-13,BR009,0.5443,0
CU00001093,Rahul Reddy,30,Male,Kolkata,West Bengal,Self-employed,366059.0,High,2022-08-14,BR012,0.8412,0
CU00001094,Priya Patel,57,Male,Pune,Maharashtra,Salaried,570883.0,Medium,2017-11-01,BR001,0.9513,0
CU00001095,Rahul Singh,49,Male,Kolkata,West Bengal,Salaried,1750984.0,Low,2020-11-05,BR001,0.8225,0
CU00001096,Ishaan Iyer,53,Female,Kolkata,West Bengal,Professional,374356.0,High,2017-08-10,BR009,0.8869,1
CU00001097,Sneha Singh,35,Female,Visakhapatnam,Andhra Pradesh,Salaried,687922.0,Medium,2019-07-28,BR020,0.6646,0
CU00001098,Priya Khan,37,Female,Mumbai,Maharashtra,Professional,449411.0,Medium,2021-07-28,BR008,0.3736,1
CU00001099,Ishaan Singh,18,Male,Chennai,Tamil Nadu,Self-employed,385591.0,High,2017-05-24,BR023,0.4849,0
CU00001100,Aarav Singh,58,Male,Pune,Maharashtra,Salaried,792276.0,Medium,2021-10-14,BR003,0.3129,0
CU00001101,Aditi Patel,47,Female,Visakhapatnam,Andhra Pradesh,Professional,3223746.0,Very Low,2024-06-23,BR002,0.3627,0
CU00001102,Aditi Das,47,Male,Chennai,Tamil Nadu,Retired,573526.0,Medium,2023-07-05,BR008,0.8193,0
CU00001103,Meera Nair,54,Male,Kolkata,West Bengal,Salaried,877979.0,Medium,2023-08-22,BR022,0.7372,0
CU00001104,Arjun Gupta,49,Female,Delhi,Delhi,Professional,361447.0,High,2024-11-22,BR012,0.7815,0
CU00001105,Aditi Singh,39,Male,Chennai,Tamil Nadu,Salaried,367836.0,High,2018-11-26,BR022,0.794,0
CU00001106,Sai Nair,42,Female,Chennai,Tamil Nadu,Salaried,749381.0,Medium,2022-07-10,BR016,0.3066,0
CU00001107,Aarav Rao,20,Male,Chennai,Tamil Nadu,Self-employed,420830.0,Medium,2019-10-26,BR013,0.6787,0
CU00001108,Divya Reddy,25,Female,Kolkata,West Bengal,Professional,1678635.0,Low,2024-01-06,BR010,0.5552,0
CU00001109,Meera Singh,50,Male,Kolkata,West Bengal,Salaried,348608.0,High,2026-05-26,BR010,0.623,0
CU00001110,Priya Das,20,Non-binary,Pune,Maharashtra,Salaried,471414.0,Medium,2022-07-17,BR001,0.9275,0
CU00001111,Sneha Sharma,68,Female,Pune,Maharashtra,Salaried,1136627.0,Low,2016-12-23,BR014,0.5837,0
CU00001112,Ishaan Rao,43,Male,Visakhapatnam,Andhra Pradesh,Professional,265604.0,High,2017-05-29,BR023,0.2364,0
CU00001113,Nikhil Singh,49,Female,Chennai,Tamil Nadu,Retired,237622.0,High,2020-03-24,BR012,0.8009,0
CU00001114,Divya Reddy,39,Female,Hyderabad,Telangana,Self-employed,1215457.0,Low,2025-03-16,BR017,0.5986,0
CU00001115,Ishaan Singh,45,Male,Delhi,Delhi,Salaried,212595.0,High,2020-03-18,BR014,0.3341,0
CU00001116,Aarav Patel,43,Male,Pune,Maharashtra,Student,1081152.0,Low,2017-11-10,BR013,0.2516,0
CU00001117,Aarav Nair,34,Male,Delhi,Delhi,Professional,286755.0,High,2020-04-16,BR002,0.6654,0
CU00001118,Sneha Singh,39,Male,Visakhapatnam,Andhra Pradesh,Salaried,597069.0,Medium,2018-02-21,BR021,0.7459,0
CU00001119,Priya Patel,45,Female,Delhi,Delhi,Self-employed,1122488.0,Low,2019-10-07,BR009,0.8839,0
CU00001120,Divya Reddy,47,Male,Chennai,Tamil Nadu,Retired,720653.0,Medium,2019-02-07,BR005,0.7283,0
CU00001121,Nikhil Iyer,29,Male,Kolkata,West Bengal,Salaried,592279.0,Medium,2017-08-16,BR001,0.6837,0
CU00001122,Sai Reddy,53,Female,Delhi,Delhi,Salaried,1348221.0,Low,2021-02-12,BR005,0.3039,0
CU00001123,Arjun Nair,38,Female,Visakhapatnam,Andhra Pradesh,Professional,417593.0,Medium,2017-10-31,BR016,0.9424,0
CU00001124,Meera Sharma,41,Female,Kolkata,West Bengal,Self-employed,429959.0,Medium,2019-04-20,BR018,0.5236,0
CU00001125,Ishaan Singh,38,Male,Mumbai,Maharashtra,Self-employed,848903.0,Medium,2018-01-21,BR024,0.6949,0
CU00001126,Meera Gupta,41,Male,Delhi,Delhi,Salaried,582367.0,Medium,2025-09-13,BR023,0.829,0
CU00001127,Kavya Gupta,27,Female,Chennai,Tamil Nadu,Self-employed,1138710.0,Low,2024-12-05,BR009,0.6833,0
CU00001128,Aditi Singh,41,Female,Delhi,Delhi,Professional,1837346.0,Very Low,2022-11-03,BR024,0.4958,0
CU00001129,Rahul Singh,26,Male,Bengaluru,Karnataka,Student,693196.0,Medium,2017-08-01,BR004,0.4781,0
CU00001130,Arjun Khan,46,Female,Delhi,Delhi,Salaried,1008548.0,Low,2018-05-12,BR019,0.9506,0
CU00001131,Rahul Iyer,42,Male,Bengaluru,Karnataka,Salaried,537374.0,Medium,2020-10-21,BR021,0.7142,0
CU00001132,Divya Gupta,36,Female,Delhi,Delhi,Retired,780672.0,Medium,2021-10-31,BR014,0.3966,0
CU00001133,Ishaan Patel,43,Male,Visakhapatnam,Andhra Pradesh,Professional,424535.0,Medium,2023-10-10,BR003,0.5211,0
CU00001134,Arjun Nair,55,Female,Visakhapatnam,Andhra Pradesh,Self-employed,2081795.0,Very Low,2025-02-06,BR021,0.3354,0
CU00001135,Sai Patel,37,Male,Delhi,Delhi,Salaried,869068.0,Medium,2021-10-02,BR020,0.551,0
CU00001136,Sneha Singh,41,Male,Hyderabad,Telangana,Salaried,590503.0,Medium,2024-09-25,BR012,0.0896,0
CU00001137,Aditi Gupta,46,Male,Bengaluru,Karnataka,Self-employed,301823.0,High,2026-05-05,BR011,0.5755,0
CU00001138,Divya Singh,18,Male,Delhi,Delhi,Salaried,303572.0,High,2021-11-29,BR010,0.7496,0
CU00001139,Divya Iyer,50,Female,Kolkata,West Bengal,Salaried,1195368.0,Low,2019-04-25,BR001,0.5038,0
CU00001140,Meera Sharma,43,Female,Chennai,Tamil Nadu,Student,576954.0,Medium,2024-12-05,BR022,0.7139,0
CU00001141,Aditi Patel,30,Male,Delhi,Delhi,Salaried,1287932.0,Low,2023-09-30,BR010,0.5946,0
CU00001142,Rahul Das,55,Male,Bengaluru,Karnataka,Salaried,546721.0,Medium,2017-09-18,BR011,0.6583,0
CU00001143,Sneha Patel,40,Female,Visakhapatnam,Andhra Pradesh,Student,284565.0,High,2016-11-24,BR016,0.2118,1
CU00001144,Priya Reddy,27,Male,Mumbai,Maharashtra,Salaried,2030355.0,Very Low,2021-12-17,BR010,0.4662,0
CU00001145,Arjun Reddy,52,Female,Bengaluru,Karnataka,Salaried,911229.0,Low,2025-12-13,BR008,0.2923,0
CU00001146,Aarav Iyer,58,Female,Chennai,Tamil Nadu,Salaried,1091398.0,Low,2026-01-22,BR013,0.7563,0
CU00001147,Sneha Rao,68,Female,Pune,Maharashtra,Professional,241491.0,High,2019-05-16,BR023,0.6294,0
CU00001148,Arjun Nair,31,Female,Delhi,Delhi,Salaried,1919142.0,Very Low,2024-08-06,BR001,0.5026,0
CU00001149,Aarav Reddy,19,Male,Visakhapatnam,Andhra Pradesh,Self-employed,1004348.0,Low,2023-10-17,BR005,0.6345,0
CU00001150,Rahul Gupta,46,Female,Mumbai,Maharashtra,Retired,584409.0,Medium,2017-04-01,BR015,0.7362,0
CU00001151,Arjun Sharma,45,Male,Mumbai,Maharashtra,Salaried,397102.0,High,2024-08-14,BR003,0.407,0
CU00001152,Arjun Khan,40,Female,Delhi,Delhi,Professional,487621.0,Medium,2022-07-22,BR001,0.5857,0
CU00001153,Aditi Sharma,40,Female,Delhi,Delhi,Professional,519128.0,Medium,2017-05-19,BR023,0.8065,0
CU00001154,Nikhil Khan,24,Male,Mumbai,Maharashtra,Salaried,580058.0,Medium,2024-05-29,BR016,0.775,0
CU00001155,Aarav Patel,40,Female,Mumbai,Maharashtra,Retired,737466.0,Medium,2024-09-05,BR008,0.5242,1
CU00001156,Aarav Iyer,32,Male,Mumbai,Maharashtra,Salaried,220127.0,High,2019-10-10,BR003,0.3557,0
CU00001157,Nikhil Gupta,18,Male,Delhi,Delhi,Salaried,1103179.0,Low,2021-12-08,BR011,0.7869,0
CU00001158,Kavya Khan,46,Female,Visakhapatnam,Andhra Pradesh,Self-employed,518874.0,Medium,2023-07-19,BR009,0.892,0
CU00001159,Priya Iyer,42,Male,Pune,Maharashtra,Salaried,662401.0,Medium,2023-04-16,BR009,0.8499,0
CU00001160,Meera Iyer,37,Male,Hyderabad,Telangana,Salaried,1137260.0,Low,2026-02-27,BR018,0.331,0
CU00001161,Aarav Nair,30,Male,Hyderabad,Telangana,Self-employed,402353.0,Medium,2019-12-16,BR012,0.2729,0
CU00001162,Meera Rao,18,Female,Bengaluru,Karnataka,Self-employed,500001.0,Medium,2023-03-14,BR012,0.8401,0
CU00001163,Sai Das,63,Female,Pune,Maharashtra,Retired,244923.0,High,2021-11-29,BR019,0.5545,0
CU00001164,Priya Reddy,31,Female,Visakhapatnam,Andhra Pradesh,Salaried,1457824.0,Low,2017-10-12,BR006,0.954,0
CU00001165,Priya Nair,40,Female,Visakhapatnam,Andhra Pradesh,Salaried,529278.0,Medium,2025-11-02,BR008,0.4567,0
CU00001166,Arjun Singh,39,Female,Delhi,Delhi,Salaried,378856.0,High,2026-01-23,BR020,0.6044,0
CU00001167,Sai Sharma,18,Female,Hyderabad,Telangana,Retired,362596.0,High,2024-03-24,BR024,0.3737,0
CU00001168,Kavya Nair,54,Female,Kolkata,West Bengal,Professional,1829946.0,Very Low,2019-04-01,BR017,0.8201,0
CU00001169,Sai Patel,39,Female,Visakhapatnam,Andhra Pradesh,Self-employed,7500000.0,Very Low,2023-12-27,BR006,0.5081,0
CU00001170,Meera Khan,35,Female,Delhi,Delhi,Salaried,1922213.0,Very Low,2021-01-08,BR005,0.6218,1
CU00001171,Priya Das,45,Female,Bengaluru,Karnataka,Self-employed,891732.0,Medium,2025-11-07,BR017,0.4617,0
CU00001172,Arjun Reddy,42,Female,Bengaluru,Karnataka,Self-employed,406641.0,Medium,2018-07-17,BR021,0.9078,0
CU00001173,Arjun Sharma,35,Female,Hyderabad,Telangana,Student,1080414.0,Low,2025-06-24,BR018,0.2339,0
CU00001174,Arjun Gupta,34,Female,Pune,Maharashtra,Self-employed,842407.0,Medium,2021-03-11,BR008,0.3946,0
CU00001175,Meera Khan,38,Female,Visakhapatnam,Andhra Pradesh,Salaried,454183.0,Medium,2023-07-30,BR023,0.7404,0
CU00001176,Priya Patel,40,Male,Pune,Maharashtra,Retired,923905.0,Low,2019-07-09,BR001,0.6292,0
CU00001177,Divya Reddy,34,Female,Delhi,Delhi,Salaried,1903121.0,Very Low,2021-12-03,BR005,0.5517,0
CU00001178,Ishaan Nair,26,Female,Delhi,Delhi,Salaried,1141634.0,Low,2023-02-11,BR007,0.2246,0
CU00001179,Kavya Patel,49,Male,Hyderabad,Telangana,Professional,421520.0,Medium,2023-12-25,BR011,0.6146,0
CU00001180,Aarav Iyer,54,Female,Pune,Maharashtra,Salaried,1876040.0,Very Low,2024-07-29,BR010,0.8647,0
CU00001181,Aarav Singh,43,Female,Mumbai,Maharashtra,Salaried,1962925.0,Very Low,2025-02-07,BR001,0.667,0
CU00001182,Sai Patel,39,Female,Chennai,Tamil Nadu,Professional,837211.0,Medium,2020-02-20,BR004,0.2032,0
CU00001183,Rahul Khan,36,Male,Delhi,Delhi,Self-employed,1486988.0,Low,2018-03-15,BR008,0.3975,0
CU00001184,Aarav Khan,53,Male,Hyderabad,Telangana,Salaried,498038.0,Medium,2023-01-20,BR003,0.8975,0
CU00001185,Divya Khan,26,Female,Bengaluru,Karnataka,Professional,464922.0,Medium,2017-08-16,BR022,0.8588,0
CU00001186,Aarav Iyer,64,Female,Bengaluru,Karnataka,Retired,849761.0,Medium,2022-07-22,BR023,0.7907,0
CU00001187,Aditi Rao,43,Female,Bengaluru,Karnataka,Professional,1266092.0,Low,2018-10-07,BR020,0.68,0
CU00001188,Priya Nair,56,Male,Pune,Maharashtra,Salaried,535576.0,Medium,2020-09-28,BR023,0.4733,0
CU00001189,Meera Patel,34,Male,Hyderabad,Telangana,Salaried,888951.0,Medium,2019-12-14,BR017,0.4032,0
CU00001190,Divya Gupta,18,Female,Hyderabad,Telangana,Salaried,980335.0,Low,2025-09-26,BR020,0.502,0
CU00001191,Ishaan Gupta,63,Female,Chennai,Tamil Nadu,Salaried,772753.0,Medium,2025-12-01,BR022,0.6033,0
CU00001192,Nikhil Gupta,31,Male,Kolkata,West Bengal,Self-employed,758018.0,Medium,2019-07-12,BR011,0.638,0
CU00001193,Nikhil Khan,59,Male,Pune,Maharashtra,Salaried,1936282.0,Very Low,2018-11-05,BR019,0.3413,0
CU00001194,Aarav Das,37,Female,Pune,Maharashtra,Self-employed,913809.0,Low,2017-06-02,BR023,0.4183,0
CU00001195,Sai Nair,29,Female,Mumbai,Maharashtra,Self-employed,229349.0,High,2023-12-18,BR012,0.6167,1
CU00001196,Sneha Nair,19,Male,Bengaluru,Karnataka,Professional,266396.0,High,2020-07-23,BR009,0.7237,1
CU00001197,Divya Rao,60,Male,Pune,Maharashtra,Salaried,1292166.0,Low,2017-02-19,BR020,0.3939,0
CU00001198,Meera Das,18,Female,Kolkata,West Bengal,Retired,860633.0,Medium,2022-04-23,BR011,0.7238,0
CU00001199,Ishaan Nair,23,Non-binary,Delhi,Delhi,Student,391400.0,High,2019-04-13,BR006,0.6742,0
CU00001200,Aditi Das,31,Female,Kolkata,West Bengal,Professional,2173675.0,Very Low,2023-03-25,BR024,0.9356,0
CU00001201,Divya Das,35,Female,Bengaluru,Karnataka,Retired,1425919.0,Low,2021-08-14,BR021,0.4968,0
CU00001202,Aditi Iyer,36,Male,Hyderabad,Telangana,Student,697862.0,Medium,2017-04-01,BR007,0.7649,0
CU00001203,Divya Das,65,Male,Bengaluru,Karnataka,Salaried,818059.0,Medium,2022-04-22,BR024,0.8322,0
CU00001204,Ishaan Reddy,39,Female,Hyderabad,Telangana,Professional,1247037.0,Low,2018-05-20,BR009,0.7959,0
CU00001205,Aarav Iyer,58,Male,Hyderabad,Telangana,Salaried,1164809.0,Low,2026-02-17,BR003,0.4775,0
CU00001206,Kavya Das,36,Male,Chennai,Tamil Nadu,Salaried,369736.0,High,2025-03-12,BR023,0.8439,0
CU00001207,Ishaan Gupta,20,Male,Pune,Maharashtra,Salaried,771838.0,Medium,2020-01-24,BR010,0.7971,0
CU00001208,Meera Rao,39,Male,Pune,Maharashtra,Student,1099755.0,Low,2022-01-28,BR011,0.7086,0
CU00001209,Ishaan Patel,57,Male,Hyderabad,Telangana,Salaried,521561.0,Medium,2019-03-03,BR003,0.7114,0
CU00001210,Sai Khan,20,Female,Kolkata,West Bengal,Self-employed,394520.0,High,2022-08-08,BR017,0.6194,0
CU00001211,Ishaan Patel,33,Female,Hyderabad,Telangana,Salaried,708943.0,Medium,2021-08-06,BR011,0.744,0
CU00001212,Arjun Gupta,18,Female,Visakhapatnam,Andhra Pradesh,Salaried,1226675.0,Low,2020-10-21,BR019,0.2985,0
CU00001213,Arjun Iyer,31,Male,Bengaluru,Karnataka,Self-employed,815668.0,Medium,2017-02-19,BR012,0.452,0
CU00001214,Divya Khan,41,Female,Hyderabad,Telangana,Professional,277692.0,High,2019-09-12,BR024,0.6773,0
CU00001215,Sneha Reddy,52,Female,Pune,Maharashtra,Salaried,1965574.0,Very Low,2020-10-12,BR024,0.704,0
CU00001216,Kavya Singh,50,Male,Mumbai,Maharashtra,Retired,522932.0,Medium,2023-09-16,BR014,0.4882,1
CU00001217,Meera Khan,35,Male,Bengaluru,Karnataka,Self-employed,900635.0,Low,2025-12-24,BR007,0.5069,0
CU00001218,Rahul Patel,52,Female,Hyderabad,Telangana,Salaried,257781.0,High,2025-12-17,BR018,0.8449,0
CU00001219,Sai Das,49,Female,Delhi,Delhi,Salaried,815874.0,Medium,2023-12-26,BR002,0.8767,0
CU00001220,Sai Khan,38,Male,Delhi,Delhi,Professional,1221918.0,Low,2021-12-04,BR007,0.1303,0
CU00001221,Aditi Gupta,20,Male,Hyderabad,Telangana,Student,571768.0,Medium,2021-12-29,BR010,0.4014,0
CU00001222,Sai Sharma,44,Male,Delhi,Delhi,Professional,408109.0,Medium,2026-05-06,BR002,0.5509,0
CU00001223,Arjun Gupta,51,Female,Hyderabad,Telangana,Retired,1123917.0,Low,2023-05-25,BR010,0.5261,0
CU00001224,Ishaan Iyer,44,Female,Mumbai,Maharashtra,Salaried,2029740.0,Very Low,2023-06-22,BR017,0.3395,0
CU00001225,Kavya Rao,37,Male,Bengaluru,Karnataka,Self-employed,386372.0,High,2020-03-10,BR011,0.4111,0
CU00001226,Kavya Iyer,49,Female,Chennai,Tamil Nadu,Student,244162.0,High,2020-09-13,BR009,0.8881,0
CU00001227,Ishaan Gupta,47,Male,Delhi,Delhi,Salaried,619378.0,Medium,2023-10-28,BR018,0.8435,0
CU00001228,Priya Nair,28,Female,Chennai,Tamil Nadu,Professional,476716.0,Medium,2025-04-13,BR022,0.4784,1
CU00001229,Priya Khan,48,Female,Pune,Maharashtra,Professional,801931.0,Medium,2020-02-29,BR005,0.7398,0
CU00001230,Rahul Patel,34,Female,Kolkata,West Bengal,Salaried,866911.0,Medium,2017-04-08,BR022,0.317,0
CU00001231,Kavya Rao,38,Female,Kolkata,West Bengal,Self-employed,305998.0,High,2017-09-19,BR008,0.8265,0
CU00001232,Ishaan Khan,51,Female,Chennai,Tamil Nadu,Retired,460485.0,Medium,2019-10-24,BR018,0.6766,0
CU00001233,Aarav Rao,47,Male,Chennai,Tamil Nadu,Self-employed,833517.0,Medium,2023-11-01,BR014,0.6354,0
CU00001234,Meera Gupta,27,Male,Delhi,Delhi,Professional,1880107.0,Very Low,2019-02-12,BR009,0.9032,0
CU00001235,Nikhil Singh,35,Female,Visakhapatnam,Andhra Pradesh,Self-employed,498417.0,Medium,2020-11-04,BR004,0.6127,0
CU00001236,Aarav Gupta,50,Female,Visakhapatnam,Andhra Pradesh,Professional,1355395.0,Low,2025-02-28,BR020,0.65,0
CU00001237,Divya Rao,35,Female,Mumbai,Maharashtra,Salaried,624867.0,Medium,2021-04-24,BR007,0.7752,0
CU00001238,Arjun Sharma,18,Female,Kolkata,West Bengal,Salaried,1172703.0,Low,2025-11-28,BR021,0.7222,0
CU00001239,Sai Nair,33,Female,Chennai,Tamil Nadu,Retired,1028053.0,Low,2022-01-30,BR016,0.537,0
CU00001240,Divya Khan,35,Male,Bengaluru,Karnataka,Professional,424651.0,Medium,2021-03-03,BR021,0.2672,0
CU00001241,Divya Patel,40,Male,Delhi,Delhi,Self-employed,3116716.0,Very Low,2025-02-20,BR010,0.4424,0
CU00001242,Rahul Rao,67,Female,Kolkata,West Bengal,Salaried,691896.0,Medium,2021-08-21,BR003,0.8804,0
CU00001243,Rahul Reddy,34,Female,Hyderabad,Telangana,Student,817361.0,Medium,2018-09-11,BR007,0.8405,0
CU00001244,Nikhil Das,27,Female,Pune,Maharashtra,Salaried,259550.0,High,2020-05-14,BR005,0.6915,0
CU00001245,Divya Sharma,29,Female,Chennai,Tamil Nadu,Self-employed,272236.0,High,2021-05-13,BR023,0.7837,0
CU00001246,Divya Khan,37,Female,Bengaluru,Karnataka,Professional,527088.0,Medium,2020-09-19,BR011,0.9021,0
CU00001247,Aditi Khan,18,Male,Bengaluru,Karnataka,Professional,1502934.0,Low,2026-03-22,BR013,0.7966,1
CU00001248,Nikhil Iyer,29,Male,Kolkata,West Bengal,Salaried,1138858.0,Low,2019-03-23,BR006,0.6566,0
CU00001249,Ishaan Gupta,39,Female,Bengaluru,Karnataka,Self-employed,516119.0,Medium,2025-03-31,BR012,0.8296,0
CU00001250,Sneha Gupta,18,Male,Chennai,Tamil Nadu,Professional,786383.0,Medium,2018-11-01,BR002,0.9392,0
CU00001251,Rahul Singh,41,Male,Kolkata,West Bengal,Salaried,926230.0,Low,2019-05-22,BR024,0.5759,0
CU00001252,Priya Nair,44,Male,Kolkata,West Bengal,Professional,282055.0,High,2020-07-05,BR007,0.6703,0
CU00001253,Aditi Khan,48,Male,Mumbai,Maharashtra,Retired,789325.0,Medium,2023-11-15,BR007,0.5707,0
CU00001254,Aarav Nair,23,Male,Delhi,Delhi,Retired,1161574.0,Low,2017-12-10,BR006,0.6773,0
CU00001255,Sai Singh,57,Male,Visakhapatnam,Andhra Pradesh,Salaried,1747683.0,Low,2025-10-22,BR010,0.2537,0
CU00001256,Sai Singh,38,Female,Delhi,Delhi,Salaried,535724.0,Medium,2022-03-17,BR015,0.7532,0
CU00001257,Kavya Patel,53,Female,Visakhapatnam,Andhra Pradesh,Self-employed,1038238.0,Low,2023-12-28,BR004,0.2801,0
CU00001258,Nikhil Iyer,56,Female,Visakhapatnam,Andhra Pradesh,Salaried,922872.0,Low,2019-12-22,BR016,0.5055,0
CU00001259,Sai Gupta,46,Female,Delhi,Delhi,Self-employed,903700.0,Low,2018-01-11,BR023,0.6536,0
CU00001260,Nikhil Iyer,61,Male,Delhi,Delhi,Salaried,1273048.0,Low,2025-03-05,BR023,0.215,0
CU00001261,Aditi Iyer,20,Male,Kolkata,West Bengal,Self-employed,412388.0,Medium,2025-04-29,BR013,0.8302,0
CU00001262,Arjun Iyer,33,Female,Visakhapatnam,Andhra Pradesh,Salaried,265318.0,High,2024-01-08,BR007,0.1208,0
CU00001263,Arjun Gupta,58,Male,Mumbai,Maharashtra,Self-employed,1720126.0,Low,2020-05-15,BR008,0.386,0
CU00001264,Rahul Singh,31,Male,Pune,Maharashtra,Salaried,1219176.0,Low,2023-01-19,BR010,0.4162,0
CU00001265,Ishaan Patel,63,Female,Delhi,Delhi,Self-employed,571643.0,Medium,2018-12-29,BR003,0.6115,0
CU00001266,Sai Khan,43,Female,Chennai,Tamil Nadu,Self-employed,537437.0,Medium,2019-06-24,BR017,0.4778,0
CU00001267,Sai Khan,49,Male,Hyderabad,Telangana,Professional,471075.0,Medium,2022-05-16,BR001,0.7672,0
CU00001268,Divya Reddy,19,Male,Bengaluru,Karnataka,Self-employed,786795.0,Medium,2020-06-27,BR003,0.5824,0
CU00001269,Ishaan Sharma,36,Male,Bengaluru,Karnataka,Student,248122.0,High,2019-02-12,BR014,0.8862,0
CU00001270,Sneha Rao,26,Male,Mumbai,Maharashtra,Retired,1475385.0,Low,2026-02-04,BR020,0.8025,0
CU00001271,Arjun Patel,20,Female,Visakhapatnam,Andhra Pradesh,Salaried,349325.0,High,2024-08-07,BR015,0.7338,1
CU00001272,Meera Rao,43,Male,Kolkata,West Bengal,Salaried,851701.0,Medium,2022-06-07,BR013,0.8265,0
CU00001273,Kavya Rao,44,Female,Kolkata,West Bengal,Salaried,564064.0,Medium,2018-04-18,BR008,0.301,0
CU00001274,Aditi Nair,18,Female,Mumbai,Maharashtra,Salaried,567788.0,Medium,2023-12-19,BR005,0.2784,0
CU00001275,Aarav Patel,66,Female,Pune,Maharashtra,Salaried,1149737.0,Low,2024-01-22,BR007,0.8013,0
CU00001276,Rahul Khan,38,Female,Pune,Maharashtra,Self-employed,542424.0,Medium,2018-01-14,BR011,0.4063,0
CU00001277,Ishaan Reddy,34,Male,Kolkata,West Bengal,Retired,765310.0,Medium,2026-04-06,BR004,0.3139,0
CU00001278,Aarav Reddy,34,Male,Delhi,Delhi,Salaried,591384.0,Medium,2018-01-05,BR003,0.3807,0
CU00001279,Kavya Rao,30,Male,Bengaluru,Karnataka,Self-employed,468378.0,Medium,2018-11-18,BR015,0.8928,0
CU00001280,Arjun Gupta,30,Male,Kolkata,West Bengal,Salaried,641960.0,Medium,2024-11-24,BR006,0.7722,0
CU00001281,Sai Gupta,35,Female,Mumbai,Maharashtra,Salaried,939036.0,Low,2017-06-14,BR018,0.6014,0
CU00001282,Meera Rao,47,Male,Delhi,Delhi,Salaried,654836.0,Medium,2022-01-04,BR001,0.3231,0
CU00001283,Kavya Patel,31,Male,Bengaluru,Karnataka,Student,267435.0,High,2024-05-07,BR001,0.4106,0
CU00001284,Divya Iyer,38,Female,Chennai,Tamil Nadu,Salaried,646297.0,Medium,2024-02-29,BR017,0.8508,0
CU00001285,Ishaan Khan,36,Male,Visakhapatnam,Andhra Pradesh,Self-employed,1245364.0,Low,2021-03-28,BR023,0.3511,0
CU00001286,Kavya Patel,51,Female,Delhi,Delhi,Salaried,793879.0,Medium,2017-01-24,BR009,0.5178,0
CU00001287,Nikhil Gupta,67,Female,Mumbai,Maharashtra,Professional,611627.0,Medium,2019-02-13,BR005,0.514,0
CU00001288,Nikhil Sharma,20,Male,Kolkata,West Bengal,Retired,1322496.0,Low,2025-02-09,BR008,0.9183,0
CU00001289,Nikhil Nair,51,Female,Chennai,Tamil Nadu,Salaried,1222301.0,Low,2023-03-09,BR008,0.5597,0
CU00001290,Divya Nair,42,Male,Delhi,Delhi,Professional,937355.0,Low,2017-08-14,BR021,0.5775,0
CU00001291,Nikhil Patel,49,Female,Visakhapatnam,Andhra Pradesh,Salaried,1037206.0,Low,2022-08-13,BR013,0.6694,0
CU00001292,Divya Patel,28,Female,Pune,Maharashtra,Salaried,580444.0,Medium,2022-10-01,BR007,0.8358,0
CU00001293,Aditi Iyer,42,Female,Bengaluru,Karnataka,Salaried,844887.0,Medium,2017-08-04,BR006,0.6566,0
CU00001294,Aditi Patel,29,Male,Hyderabad,Telangana,Salaried,784836.0,Medium,2025-02-05,BR001,0.6872,1
CU00001295,Arjun Rao,70,Female,Visakhapatnam,Andhra Pradesh,Salaried,672128.0,Medium,2020-03-16,BR023,0.3812,0
CU00001296,Aarav Sharma,32,Male,Hyderabad,Telangana,Self-employed,2219334.0,Very Low,2022-10-22,BR008,0.1746,1
CU00001297,Aditi Singh,36,Male,Chennai,Tamil Nadu,Salaried,785974.0,Medium,2017-02-05,BR002,0.8205,0
CU00001298,Ishaan Reddy,18,Male,Mumbai,Maharashtra,Retired,360543.0,High,2017-05-09,BR019,0.3168,0
CU00001299,Kavya Rao,42,Female,Chennai,Tamil Nadu,Self-employed,1062867.0,Low,2025-03-28,BR016,0.1913,0
CU00001300,Nikhil Sharma,29,Male,Visakhapatnam,Andhra Pradesh,Self-employed,560485.0,Medium,2021-07-09,BR006,0.4766,0
CU00001301,Kavya Gupta,63,Female,Delhi,Delhi,Student,594595.0,Medium,2022-09-16,BR012,0.69,0
CU00001302,Rahul Nair,23,Male,Mumbai,Maharashtra,Salaried,553281.0,Medium,2023-04-04,BR016,0.4194,0
CU00001303,Ishaan Khan,59,Male,Chennai,Tamil Nadu,Salaried,1257248.0,Low,2022-06-02,BR020,0.5015,0
CU00001304,Divya Reddy,33,Female,Bengaluru,Karnataka,Retired,1003203.0,Low,2026-01-10,BR019,0.7321,0
CU00001305,Ishaan Iyer,42,Male,Chennai,Tamil Nadu,Salaried,548640.0,Medium,2018-05-22,BR016,0.7198,0
CU00001306,Meera Rao,18,Male,Delhi,Delhi,Self-employed,707486.0,Medium,2021-04-20,BR013,0.5111,0
CU00001307,Ishaan Singh,51,Male,Chennai,Tamil Nadu,Salaried,1434991.0,Low,2021-07-17,BR004,0.632,0
CU00001308,Divya Gupta,52,Male,Kolkata,West Bengal,Retired,897758.0,Medium,2020-11-23,BR018,0.9381,0
CU00001309,Arjun Iyer,52,Female,Mumbai,Maharashtra,Salaried,397889.0,High,2023-03-16,BR003,0.9234,0
CU00001310,Kavya Iyer,37,Male,Bengaluru,Karnataka,Salaried,338963.0,High,2022-12-06,BR018,0.3327,0
CU00001311,Aditi Patel,37,Male,Delhi,Delhi,Student,797418.0,Medium,2022-11-01,BR014,0.1877,0
CU00001312,Sai Singh,47,Female,Kolkata,West Bengal,Self-employed,655127.0,Medium,2019-12-26,BR015,0.3649,0
CU00001313,Priya Das,35,Male,Kolkata,West Bengal,Professional,769460.0,Medium,2024-01-23,BR017,0.3106,0
CU00001314,Kavya Rao,30,Female,Bengaluru,Karnataka,Salaried,1817378.0,Very Low,2025-11-06,BR010,0.5963,0
CU00001315,Arjun Patel,41,Female,Bengaluru,Karnataka,Salaried,1447589.0,Low,2026-03-20,BR003,0.7881,0
CU00001316,Priya Rao,38,Male,Kolkata,West Bengal,Salaried,646343.0,Medium,2025-04-28,BR006,0.7414,0
CU00001317,Sneha Iyer,42,Male,Bengaluru,Karnataka,Salaried,2551857.0,Very Low,2025-01-26,BR006,0.6755,0
CU00001318,Ishaan Nair,20,Male,Pune,Maharashtra,Retired,1624091.0,Low,2026-04-29,BR001,0.9819,0
CU00001319,Aditi Singh,38,Female,Visakhapatnam,Andhra Pradesh,Self-employed,2036974.0,Very Low,2023-10-09,BR010,0.6977,1
CU00001320,Divya Nair,43,Male,Delhi,Delhi,Salaried,882191.0,Medium,2021-01-16,BR010,0.3603,0
CU00001321,Ishaan Iyer,37,Male,Kolkata,West Bengal,Salaried,1163209.0,Low,2019-02-16,BR021,0.5495,1
CU00001322,Arjun Reddy,31,Male,Chennai,Tamil Nadu,Salaried,892635.0,Medium,2024-01-06,BR023,0.9548,0
CU00001323,Meera Nair,36,Male,Bengaluru,Karnataka,Salaried,572802.0,Medium,2018-11-27,BR020,0.7015,0
CU00001324,Sai Nair,37,Male,Visakhapatnam,Andhra Pradesh,Self-employed,680810.0,Medium,2024-03-27,BR012,0.4125,0
CU00001325,Divya Gupta,28,Female,Kolkata,West Bengal,Salaried,651603.0,Medium,2023-07-12,BR014,0.5899,0
CU00001326,Meera Singh,49,Male,Chennai,Tamil Nadu,Self-employed,631594.0,Medium,2020-02-29,BR004,0.8613,0
CU00001327,Priya Das,18,Male,Chennai,Tamil Nadu,Self-employed,551381.0,Medium,2022-04-26,BR020,0.6755,0
CU00001328,Rahul Singh,37,Male,Hyderabad,Telangana,Salaried,969271.0,Low,2017-03-24,BR017,0.1429,0
CU00001329,Meera Das,33,Male,Delhi,Delhi,Salaried,1224240.0,Low,2017-09-28,BR001,0.5525,0
CU00001330,Rahul Nair,54,Female,Kolkata,West Bengal,Professional,2667843.0,Very Low,2023-04-02,BR022,0.7103,0
CU00001331,Kavya Rao,64,Female,Hyderabad,Telangana,Self-employed,1267756.0,Low,2022-02-06,BR015,0.8187,0
CU00001332,Nikhil Khan,45,Male,Hyderabad,Telangana,Self-employed,615070.0,Medium,2025-02-23,BR019,0.7588,0
CU00001333,Divya Iyer,49,Female,Mumbai,Maharashtra,Salaried,717880.0,Medium,2017-03-13,BR020,0.4562,0
CU00001334,Aarav Rao,28,Female,Hyderabad,Telangana,Retired,804586.0,Medium,2025-04-23,BR015,0.2622,0
CU00001335,Arjun Singh,38,Male,Visakhapatnam,Andhra Pradesh,Student,938810.0,Low,2026-02-20,BR021,0.3358,0
CU00001336,Aditi Khan,30,Female,Mumbai,Maharashtra,Salaried,949670.0,Low,2021-05-03,BR013,0.5384,0
CU00001337,Arjun Reddy,34,Male,Pune,Maharashtra,Professional,421050.0,Medium,2017-07-20,BR014,0.4377,0
CU00001338,Meera Rao,37,Non-binary,Chennai,Tamil Nadu,Salaried,740092.0,Medium,2016-10-28,BR019,0.3296,0
CU00001339,Rahul Khan,37,Female,Bengaluru,Karnataka,Salaried,733011.0,Medium,2020-03-30,BR012,0.878,0
CU00001340,Divya Das,22,Female,Mumbai,Maharashtra,Salaried,1908037.0,Very Low,2017-02-09,BR011,0.3743,0
CU00001341,Priya Patel,29,Male,Bengaluru,Karnataka,Student,1253686.0,Low,2020-02-03,BR010,0.3887,0
CU00001342,Sai Khan,43,Male,Chennai,Tamil Nadu,Student,1095046.0,Low,2017-10-21,BR004,0.6356,0
CU00001343,Priya Singh,50,Male,Hyderabad,Telangana,Self-employed,709178.0,Medium,2023-03-05,BR022,0.6261,0
CU00001344,Nikhil Das,57,Male,Bengaluru,Karnataka,Salaried,482225.0,Medium,2023-03-15,BR021,0.7538,0
CU00001345,Rahul Reddy,48,Female,Hyderabad,Telangana,Retired,594665.0,Medium,2021-02-10,BR010,0.7844,0
CU00001346,Divya Rao,60,Female,Mumbai,Maharashtra,Professional,486232.0,Medium,2022-07-12,BR009,0.1116,0
CU00001347,Nikhil Rao,30,Female,Bengaluru,Karnataka,Salaried,985283.0,Low,2022-01-26,BR006,0.4328,0
CU00001348,Sneha Iyer,30,Male,Chennai,Tamil Nadu,Salaried,385044.0,High,2017-04-13,BR013,0.5006,0
CU00001349,Divya Patel,41,Female,Pune,Maharashtra,Professional,1771825.0,Low,2019-10-18,BR012,0.3367,0
CU00001350,Priya Patel,34,Male,Delhi,Delhi,Salaried,544896.0,Medium,2020-02-06,BR004,0.2995,0
CU00001351,Priya Gupta,38,Female,Delhi,Delhi,Salaried,1261840.0,Low,2020-11-22,BR002,0.4627,0
CU00001352,Rahul Nair,39,Male,Hyderabad,Telangana,Salaried,420922.0,Medium,2023-02-12,BR024,0.7327,0
CU00001353,Aarav Gupta,40,Male,Kolkata,West Bengal,Salaried,622977.0,Medium,2023-06-04,BR023,0.7777,0
CU00001354,Nikhil Iyer,42,Male,Kolkata,West Bengal,Professional,612339.0,Medium,2017-07-07,BR008,0.3574,0
CU00001355,Nikhil Reddy,61,Male,Hyderabad,Telangana,Professional,1467765.0,Low,2023-10-28,BR023,0.5216,0
CU00001356,Sai Singh,64,Male,Chennai,Tamil Nadu,Salaried,931121.0,Low,2020-05-30,BR011,0.7555,0
CU00001357,Meera Patel,55,Female,Chennai,Tamil Nadu,Self-employed,620381.0,Medium,2025-04-02,BR011,0.5108,0
CU00001358,Meera Singh,41,Female,Mumbai,Maharashtra,Retired,1256660.0,Low,2022-06-25,BR003,0.3044,0
CU00001359,Arjun Gupta,39,Male,Kolkata,West Bengal,Salaried,505483.0,Medium,2021-06-22,BR017,0.1726,0
CU00001360,Kavya Khan,55,Male,Hyderabad,Telangana,Salaried,422570.0,Medium,2024-11-10,BR024,0.7365,0
CU00001361,Aarav Patel,39,Female,Visakhapatnam,Andhra Pradesh,Self-employed,944309.0,Low,2025-04-29,BR011,0.5814,0
CU00001362,Nikhil Sharma,51,Male,Pune,Maharashtra,Salaried,391835.0,High,2025-06-27,BR014,0.4735,0
CU00001363,Divya Nair,18,Female,Visakhapatnam,Andhra Pradesh,Professional,693716.0,Medium,2024-06-28,BR010,0.4506,0
CU00001364,Kavya Rao,31,Female,Visakhapatnam,Andhra Pradesh,Retired,1574960.0,Low,2020-08-05,BR018,0.2376,1
CU00001365,Sneha Gupta,34,Female,Pune,Maharashtra,Salaried,1646969.0,Low,2023-06-03,BR022,0.3621,0
CU00001366,Divya Singh,26,Female,Delhi,Delhi,Student,576268.0,Medium,2019-10-25,BR008,0.2305,0
CU00001367,Arjun Reddy,36,Male,Kolkata,West Bengal,Salaried,508580.0,Medium,2021-11-29,BR015,0.5922,1
CU00001368,Sai Das,42,Female,Visakhapatnam,Andhra Pradesh,Retired,450700.0,Medium,2023-11-05,BR008,0.5549,0
CU00001369,Rahul Das,38,Male,Chennai,Tamil Nadu,Student,411740.0,Medium,2022-09-10,BR021,0.6781,0
CU00001370,Nikhil Das,24,Female,Visakhapatnam,Andhra Pradesh,Salaried,1316069.0,Low,2021-05-16,BR006,0.1979,0
CU00001371,Sai Singh,20,Male,Visakhapatnam,Andhra Pradesh,Salaried,282726.0,High,2022-08-22,BR014,0.4031,0
CU00001372,Divya Das,27,Female,Delhi,Delhi,Professional,1075882.0,Low,2018-03-10,BR021,0.3658,0
CU00001373,Nikhil Sharma,40,Female,Visakhapatnam,Andhra Pradesh,Salaried,489145.0,Medium,2019-03-25,BR011,0.7472,0
CU00001374,Meera Iyer,33,Female,Hyderabad,Telangana,Salaried,508824.0,Medium,2017-12-10,BR024,0.9675,0
CU00001375,Sneha Gupta,53,Male,Chennai,Tamil Nadu,Professional,691082.0,Medium,2024-05-06,BR021,0.537,0
CU00001376,Kavya Khan,40,Female,Pune,Maharashtra,Salaried,2224475.0,Very Low,2024-07-21,BR004,0.3071,0
CU00001377,Aditi Nair,34,Female,Hyderabad,Telangana,Salaried,1181396.0,Low,2019-08-09,BR020,0.7178,0
CU00001378,Sai Nair,29,Female,Chennai,Tamil Nadu,Salaried,362803.0,High,2017-02-25,BR019,0.573,0
CU00001379,Meera Nair,31,Male,Mumbai,Maharashtra,Self-employed,369252.0,High,2023-10-13,BR014,0.6349,0
CU00001380,Arjun Reddy,37,Female,Chennai,Tamil Nadu,Retired,858015.0,Medium,2018-09-13,BR006,0.3469,0
CU00001381,Arjun Das,32,Male,Mumbai,Maharashtra,Salaried,784613.0,Medium,2018-08-14,BR005,0.9157,0
CU00001382,Priya Khan,46,Male,Hyderabad,Telangana,Salaried,348051.0,High,2022-07-18,BR017,0.4409,0
CU00001383,Meera Sharma,29,Male,Kolkata,West Bengal,Salaried,299761.0,High,2024-10-11,BR017,0.516,0
CU00001384,Kavya Singh,58,Female,Pune,Maharashtra,Salaried,889342.0,Medium,2017-03-30,BR005,0.7362,0
CU00001385,Sai Reddy,35,Female,Visakhapatnam,Andhra Pradesh,Salaried,535322.0,Medium,2018-02-28,BR022,0.5499,0
CU00001386,Sai Khan,44,Male,Pune,Maharashtra,Salaried,186701.0,High,2021-10-26,BR011,0.8376,0
CU00001387,Priya Nair,27,Male,Chennai,Tamil Nadu,Self-employed,547491.0,Medium,2020-07-22,BR011,0.5238,0
CU00001388,Priya Sharma,51,Female,Kolkata,West Bengal,Salaried,539380.0,Medium,2025-01-13,BR015,0.2375,0
CU00001389,Sneha Singh,34,Male,Delhi,Delhi,Self-employed,1705568.0,Low,2026-04-07,BR005,0.8378,0
CU00001390,Arjun Singh,36,Male,Chennai,Tamil Nadu,Self-employed,817653.0,Medium,2018-03-08,BR007,0.7997,0
CU00001391,Kavya Patel,57,Male,Visakhapatnam,Andhra Pradesh,Self-employed,268050.0,High,2025-01-18,BR014,0.2685,1
CU00001392,Sai Reddy,38,Male,Bengaluru,Karnataka,Salaried,526981.0,Medium,2025-06-13,BR014,0.4773,0
CU00001393,Ishaan Patel,34,Male,Visakhapatnam,Andhra Pradesh,Self-employed,2330299.0,Very Low,2022-01-24,BR020,0.5993,0
CU00001394,Priya Nair,34,Male,Kolkata,West Bengal,Salaried,431735.0,Medium,2026-04-25,BR024,0.5513,0
CU00001395,Divya Nair,44,Male,Pune,Maharashtra,Salaried,1248988.0,Low,2018-06-05,BR010,0.9557,1
CU00001396,Nikhil Patel,35,Male,Mumbai,Maharashtra,Salaried,1609446.0,Low,2019-04-11,BR022,0.6428,0
CU00001397,Divya Patel,48,Male,Hyderabad,Telangana,Professional,462399.0,Medium,2020-07-15,BR006,0.8064,0
CU00001398,Aarav Singh,36,Female,Visakhapatnam,Andhra Pradesh,Professional,399458.0,High,2019-10-17,BR006,0.7425,0
CU00001399,Sai Iyer,40,Male,Pune,Maharashtra,Salaried,180000.0,High,2022-11-04,BR008,0.478,0
CU00001400,Ishaan Khan,41,Male,Hyderabad,Telangana,Retired,564857.0,Medium,2023-01-31,BR003,0.1941,0
CU00001401,Meera Reddy,18,Female,Visakhapatnam,Andhra Pradesh,Salaried,550817.0,Medium,2026-05-01,BR020,0.497,0
CU00001402,Divya Singh,32,Male,Pune,Maharashtra,Self-employed,626329.0,Medium,2024-06-29,BR020,0.5474,0
CU00001403,Kavya Khan,46,Female,Visakhapatnam,Andhra Pradesh,Professional,2805054.0,Very Low,2017-05-12,BR011,0.656,0
CU00001404,Priya Khan,32,Female,Mumbai,Maharashtra,Professional,882522.0,Medium,2025-07-12,BR021,0.2223,0
CU00001405,Priya Gupta,24,Female,Chennai,Tamil Nadu,Professional,663885.0,Medium,2023-02-24,BR017,0.825,0
CU00001406,Priya Reddy,47,Male,Visakhapatnam,Andhra Pradesh,Salaried,209539.0,High,2018-09-07,BR007,0.6585,0
CU00001407,Rahul Rao,45,Male,Chennai,Tamil Nadu,Professional,1168906.0,Low,2024-04-27,BR003,0.5428,0
CU00001408,Arjun Gupta,39,Male,Pune,Maharashtra,Salaried,791423.0,Medium,2020-06-11,BR003,0.6333,0
CU00001409,Rahul Khan,59,Female,Kolkata,West Bengal,Self-employed,467142.0,Medium,2021-04-23,BR007,0.7813,0
CU00001410,Sneha Singh,42,Male,Kolkata,West Bengal,Professional,309641.0,High,2018-12-28,BR013,0.5887,0
CU00001411,Divya Reddy,51,Male,Delhi,Delhi,Salaried,520638.0,Medium,2022-05-11,BR005,0.5937,0
CU00001412,Rahul Iyer,38,Female,Bengaluru,Karnataka,Self-employed,653327.0,Medium,2025-08-02,BR007,0.6933,0
CU00001413,Sneha Sharma,19,Female,Mumbai,Maharashtra,Salaried,379675.0,High,2021-02-19,BR017,0.4582,0
CU00001414,Sneha Khan,49,Male,Kolkata,West Bengal,Salaried,831954.0,Medium,2022-01-08,BR005,0.8574,0
CU00001415,Aditi Nair,31,Female,Chennai,Tamil Nadu,Salaried,189609.0,High,2022-10-07,BR019,0.6254,0
CU00001416,Ishaan Das,34,Male,Kolkata,West Bengal,Professional,616397.0,Medium,2023-10-04,BR016,0.8306,0
CU00001417,Sai Nair,64,Female,Bengaluru,Karnataka,Student,482878.0,Medium,2019-10-20,BR024,0.8547,0
CU00001418,Divya Rao,28,Female,Delhi,Delhi,Salaried,316637.0,High,2017-06-10,BR002,0.3014,0
CU00001419,Sai Sharma,25,Female,Kolkata,West Bengal,Student,647383.0,Medium,2019-09-18,BR013,0.8191,0
CU00001420,Meera Gupta,39,Male,Kolkata,West Bengal,Self-employed,656244.0,Medium,2018-09-05,BR009,0.8148,0
CU00001421,Ishaan Gupta,32,Male,Bengaluru,Karnataka,Student,1078194.0,Low,2019-04-13,BR002,0.8572,0
CU00001422,Divya Singh,47,Female,Hyderabad,Telangana,Salaried,312563.0,High,2024-07-11,BR006,0.5134,0
CU00001423,Rahul Patel,45,Female,Kolkata,West Bengal,Self-employed,863898.0,Medium,2025-05-30,BR004,0.3016,0
CU00001424,Sneha Khan,48,Female,Pune,Maharashtra,Student,1693483.0,Low,2021-04-02,BR021,0.5972,0
CU00001425,Arjun Singh,33,Female,Bengaluru,Karnataka,Self-employed,684937.0,Medium,2026-02-09,BR014,0.8555,0
CU00001426,Aditi Sharma,53,Female,Mumbai,Maharashtra,Salaried,695024.0,Medium,2021-12-05,BR004,0.8068,0
CU00001427,Arjun Patel,22,Male,Hyderabad,Telangana,Retired,1363254.0,Low,2024-06-03,BR013,0.3652,0
CU00001428,Sai Patel,40,Female,Pune,Maharashtra,Self-employed,822432.0,Medium,2017-01-04,BR022,0.372,0
CU00001429,Priya Das,32,Female,Kolkata,West Bengal,Salaried,1006268.0,Low,2017-09-10,BR015,0.1558,0
CU00001430,Meera Patel,26,Female,Delhi,Delhi,Salaried,1262243.0,Low,2017-07-31,BR023,0.6591,0
CU00001431,Sneha Das,18,Female,Kolkata,West Bengal,Salaried,367056.0,High,2021-12-28,BR012,0.5623,0
CU00001432,Arjun Rao,39,Female,Chennai,Tamil Nadu,Salaried,488892.0,Medium,2021-12-08,BR003,0.9086,0
CU00001433,Divya Khan,44,Male,Visakhapatnam,Andhra Pradesh,Salaried,958984.0,Low,2016-11-03,BR020,0.6001,0
CU00001434,Rahul Khan,49,Male,Visakhapatnam,Andhra Pradesh,Salaried,841343.0,Medium,2020-03-09,BR012,0.5445,0
CU00001435,Aarav Singh,18,Female,Kolkata,West Bengal,Student,407398.0,Medium,2020-11-09,BR008,0.7808,0
CU00001436,Priya Das,40,Female,Kolkata,West Bengal,Salaried,508579.0,Medium,2020-01-03,BR022,0.2841,0
CU00001437,Arjun Rao,48,Male,Chennai,Tamil Nadu,Salaried,1222280.0,Low,2017-12-04,BR002,0.5564,0
CU00001438,Arjun Nair,66,Female,Pune,Maharashtra,Retired,535940.0,Medium,2023-09-09,BR018,0.4943,0
CU00001439,Arjun Sharma,18,Male,Chennai,Tamil Nadu,Salaried,804943.0,Medium,2018-05-20,BR012,0.7825,1
CU00001440,Arjun Rao,36,Female,Bengaluru,Karnataka,Self-employed,230193.0,High,2023-04-22,BR013,0.9336,0
CU00001441,Sai Nair,37,Female,Delhi,Delhi,Salaried,1655368.0,Low,2022-01-28,BR013,0.8245,0
CU00001442,Kavya Patel,60,Male,Mumbai,Maharashtra,Student,576119.0,Medium,2023-08-09,BR009,0.7668,0
CU00001443,Sneha Nair,64,Female,Kolkata,West Bengal,Professional,1407699.0,Low,2022-04-25,BR003,0.9718,0
CU00001444,Nikhil Khan,41,Female,Delhi,Delhi,Salaried,806553.0,Medium,2024-03-31,BR005,0.1589,0
CU00001445,Nikhil Singh,45,Female,Pune,Maharashtra,Self-employed,591893.0,Medium,2020-12-28,BR004,0.8859,0
CU00001446,Sneha Das,32,Male,Kolkata,West Bengal,Professional,1017594.0,Low,2025-08-10,BR013,0.3091,0
CU00001447,Ishaan Sharma,53,Male,Kolkata,West Bengal,Salaried,548848.0,Medium,2021-07-18,BR007,0.4353,0
CU00001448,Sneha Sharma,35,Female,Hyderabad,Telangana,Salaried,1757640.0,Low,2022-10-02,BR007,0.6579,0
CU00001449,Divya Nair,26,Male,Kolkata,West Bengal,Salaried,911838.0,Low,2017-02-16,BR012,0.1107,0
CU00001450,Sai Singh,46,Male,Delhi,Delhi,Salaried,1103519.0,Low,2023-10-25,BR010,0.7491,0
CU00001451,Arjun Iyer,23,Male,Visakhapatnam,Andhra Pradesh,Self-employed,493530.0,Medium,2018-04-07,BR005,0.8788,0
CU00001452,Nikhil Gupta,26,Female,Mumbai,Maharashtra,Salaried,422570.0,Medium,2017-06-13,BR005,0.695,0
CU00001453,Kavya Das,47,Female,Bengaluru,Karnataka,Salaried,1562506.0,Low,2024-08-03,BR024,0.6683,0
CU00001454,Rahul Singh,67,Male,Delhi,Delhi,Retired,438781.0,Medium,2018-07-23,BR002,0.6285,0
CU00001455,Priya Khan,30,Male,Pune,Maharashtra,Salaried,747523.0,Medium,2018-09-15,BR015,0.6388,0
CU00001456,Ishaan Rao,24,Female,Bengaluru,Karnataka,Salaried,869470.0,Medium,2018-05-12,BR005,0.8354,0
CU00001457,Rahul Rao,41,Female,Chennai,Tamil Nadu,Professional,551672.0,Medium,2018-08-15,BR016,0.4692,0
CU00001458,Divya Nair,35,Male,Visakhapatnam,Andhra Pradesh,Professional,1169618.0,Low,2017-03-28,BR012,0.2844,0
CU00001459,Nikhil Das,39,Male,Pune,Maharashtra,Retired,1144521.0,Low,2026-01-03,BR020,0.3922,0
CU00001460,Priya Iyer,33,Female,Hyderabad,Telangana,Salaried,1436404.0,Low,2021-04-19,BR022,0.2322,0
CU00001461,Aditi Iyer,50,Male,Mumbai,Maharashtra,Self-employed,774252.0,Medium,2018-07-10,BR011,0.5342,0
CU00001462,Priya Patel,24,Female,Chennai,Tamil Nadu,Self-employed,617696.0,Medium,2020-04-21,BR023,0.8279,0
CU00001463,Meera Rao,24,Male,Kolkata,West Bengal,Salaried,1583382.0,Low,2024-12-28,BR017,0.3969,0
CU00001464,Divya Das,29,Male,Bengaluru,Karnataka,Retired,4495650.0,Very Low,2022-09-12,BR009,0.8015,0
CU00001465,Arjun Khan,37,Male,Pune,Maharashtra,Salaried,1013823.0,Low,2020-11-10,BR005,0.3356,0
CU00001466,Meera Das,31,Male,Pune,Maharashtra,Salaried,574162.0,Medium,2023-08-30,BR012,0.5943,0
CU00001467,Arjun Das,44,Female,Chennai,Tamil Nadu,Salaried,1633669.0,Low,2019-07-04,BR002,0.6243,0
CU00001468,Rahul Singh,57,Female,Pune,Maharashtra,Salaried,1086841.0,Low,2016-12-05,BR007,0.506,0
CU00001469,Divya Das,44,Female,Pune,Maharashtra,Salaried,343975.0,High,2017-12-02,BR011,0.1466,0
CU00001470,Ishaan Iyer,18,Male,Pune,Maharashtra,Retired,459850.0,Medium,2019-04-23,BR011,0.56,0
CU00001471,Arjun Gupta,33,Male,Bengaluru,Karnataka,Salaried,783536.0,Medium,2025-11-28,BR022,0.515,0
CU00001472,Meera Das,48,Male,Mumbai,Maharashtra,Professional,1801809.0,Very Low,2024-04-10,BR013,0.7039,0
CU00001473,Ishaan Das,31,Male,Mumbai,Maharashtra,Salaried,731411.0,Medium,2024-04-15,BR022,0.8893,0
CU00001474,Rahul Gupta,44,Male,Kolkata,West Bengal,Salaried,865179.0,Medium,2025-07-26,BR022,0.8127,0
CU00001475,Divya Khan,45,Female,Kolkata,West Bengal,Salaried,402944.0,Medium,2020-10-08,BR016,0.8485,0
CU00001476,Ishaan Das,48,Male,Mumbai,Maharashtra,Salaried,670775.0,Medium,2020-06-19,BR001,0.8164,0
CU00001477,Aarav Reddy,49,Female,Bengaluru,Karnataka,Professional,1753220.0,Low,2025-03-04,BR006,0.4256,0
CU00001478,Arjun Nair,54,Male,Chennai,Tamil Nadu,Salaried,743926.0,Medium,2023-04-12,BR014,0.2866,0
CU00001479,Divya Nair,22,Male,Hyderabad,Telangana,Student,636351.0,Medium,2016-11-12,BR008,0.5658,0
CU00001480,Aarav Rao,32,Male,Mumbai,Maharashtra,Self-employed,485309.0,Medium,2017-11-13,BR018,0.3445,0
CU00001481,Priya Das,35,Female,Chennai,Tamil Nadu,Professional,527337.0,Medium,2019-01-25,BR006,0.4799,0
CU00001482,Rahul Singh,62,Male,Hyderabad,Telangana,Salaried,3035203.0,Very Low,2020-08-20,BR021,0.8277,0
CU00001483,Sneha Reddy,24,Female,Bengaluru,Karnataka,Self-employed,2231177.0,Very Low,2021-07-24,BR021,0.7171,0
CU00001484,Nikhil Reddy,61,Male,Mumbai,Maharashtra,Salaried,596697.0,Medium,2018-02-04,BR017,0.8976,0
CU00001485,Ishaan Iyer,53,Male,Pune,Maharashtra,Student,1016173.0,Low,2023-08-26,BR007,0.6628,0
CU00001486,Sai Patel,51,Male,Pune,Maharashtra,Professional,707950.0,Medium,2024-06-06,BR010,0.8463,0
CU00001487,Rahul Patel,42,Male,Visakhapatnam,Andhra Pradesh,Self-employed,470939.0,Medium,2026-04-04,BR013,0.5662,0
CU00001488,Sai Patel,30,Male,Kolkata,West Bengal,Salaried,641063.0,Medium,2026-06-12,BR013,0.869,0
CU00001489,Arjun Rao,47,Female,Kolkata,West Bengal,Self-employed,428370.0,Medium,2021-06-02,BR008,0.6125,0
CU00001490,Ishaan Patel,43,Male,Bengaluru,Karnataka,Student,593646.0,Medium,2024-09-07,BR006,0.418,0
CU00001491,Meera Das,59,Male,Bengaluru,Karnataka,Professional,775207.0,Medium,2018-12-24,BR015,0.7413,0
CU00001492,Sai Nair,55,Male,Kolkata,West Bengal,Salaried,354352.0,High,2026-06-02,BR011,0.1753,0
CU00001493,Sneha Nair,40,Female,Bengaluru,Karnataka,Salaried,986697.0,Low,2022-11-09,BR019,0.3403,1
CU00001494,Sneha Sharma,38,Male,Bengaluru,Karnataka,Salaried,668819.0,Medium,2025-09-02,BR018,0.3682,0
CU00001495,Nikhil Nair,45,Male,Bengaluru,Karnataka,Professional,425359.0,Medium,2019-11-05,BR003,0.9475,0
CU00001496,Priya Das,28,Male,Kolkata,West Bengal,Student,685399.0,Medium,2018-02-04,BR013,0.5734,0
CU00001497,Aarav Nair,56,Male,Visakhapatnam,Andhra Pradesh,Self-employed,787422.0,Medium,2016-11-12,BR023,0.7946,1
CU00001498,Rahul Reddy,32,Female,Delhi,Delhi,Retired,2251294.0,Very Low,2024-11-17,BR022,0.6806,0
CU00001499,Sai Singh,50,Female,Bengaluru,Karnataka,Self-employed,776978.0,Medium,2026-01-30,BR024,0.6622,0
CU00001500,Aditi Reddy,55,Male,Pune,Maharashtra,Salaried,465693.0,Medium,2025-03-05,BR016,0.2578,0
CU00001501,Kavya Singh,39,Female,Hyderabad,Telangana,Self-employed,703709.0,Medium,2023-09-15,BR017,0.671,1
CU00001502,Ishaan Singh,31,Male,Kolkata,West Bengal,Salaried,1034311.0,Low,2024-01-30,BR019,0.2958,0
CU00001503,Nikhil Khan,35,Male,Visakhapatnam,Andhra Pradesh,Salaried,1270702.0,Low,2019-02-09,BR016,0.4459,0
CU00001504,Meera Das,33,Female,Bengaluru,Karnataka,Student,536190.0,Medium,2018-07-18,BR001,0.8982,0
CU00001505,Rahul Gupta,53,Female,Bengaluru,Karnataka,Salaried,964359.0,Low,2018-08-27,BR020,0.7271,0
CU00001506,Sneha Sharma,38,Female,Mumbai,Maharashtra,Self-employed,1536840.0,Low,2021-08-09,BR001,0.9086,0
CU00001507,Sneha Patel,35,Female,Mumbai,Maharashtra,Student,479428.0,Medium,2023-04-05,BR003,0.3797,0
CU00001508,Meera Khan,36,Male,Mumbai,Maharashtra,Self-employed,1764827.0,Low,2016-10-21,BR004,0.4729,0
CU00001509,Meera Khan,44,Female,Kolkata,West Bengal,Self-employed,327347.0,High,2025-01-02,BR016,0.8198,0
CU00001510,Arjun Iyer,60,Female,Mumbai,Maharashtra,Self-employed,960472.0,Low,2022-06-25,BR023,0.706,0
CU00001511,Kavya Das,31,Female,Delhi,Delhi,Professional,1199679.0,Low,2022-02-12,BR006,0.6818,0
CU00001512,Meera Gupta,40,Female,Hyderabad,Telangana,Self-employed,2543334.0,Very Low,2026-05-27,BR012,0.4586,0
CU00001513,Aditi Sharma,41,Male,Delhi,Delhi,Professional,799375.0,Medium,2020-02-01,BR012,0.9665,0
CU00001514,Sai Singh,42,Female,Pune,Maharashtra,Retired,262788.0,High,2019-05-14,BR015,0.6538,0
CU00001515,Aarav Das,30,Male,Hyderabad,Telangana,Salaried,1411363.0,Low,2024-01-05,BR020,0.4338,0
CU00001516,Aarav Patel,34,Female,Bengaluru,Karnataka,Self-employed,433617.0,Medium,2016-10-10,BR015,0.8243,0
CU00001517,Aditi Rao,19,Female,Bengaluru,Karnataka,Student,647532.0,Medium,2018-01-30,BR003,0.8918,0
CU00001518,Arjun Rao,43,Male,Bengaluru,Karnataka,Salaried,938372.0,Low,2024-11-29,BR005,0.3806,0
CU00001519,Sai Reddy,45,Male,Chennai,Tamil Nadu,Student,449307.0,Medium,2023-04-23,BR022,0.3178,0
CU00001520,Priya Reddy,28,Female,Chennai,Tamil Nadu,Salaried,1452160.0,Low,2022-10-20,BR019,0.6679,0
CU00001521,Divya Das,58,Male,Bengaluru,Karnataka,Salaried,608090.0,Medium,2020-10-29,BR018,0.9489,0
CU00001522,Ishaan Sharma,46,Male,Chennai,Tamil Nadu,Professional,543337.0,Medium,2021-03-23,BR008,0.2195,0
CU00001523,Ishaan Rao,57,Female,Kolkata,West Bengal,Professional,869596.0,Medium,2022-09-16,BR023,0.7216,0
CU00001524,Meera Nair,30,Female,Hyderabad,Telangana,Self-employed,966949.0,Low,2022-05-03,BR009,0.7365,0
CU00001525,Nikhil Khan,47,Male,Delhi,Delhi,Self-employed,1115930.0,Low,2026-04-23,BR011,0.455,0
CU00001526,Rahul Khan,34,Female,Chennai,Tamil Nadu,Salaried,953340.0,Low,2026-01-30,BR019,0.8077,0
CU00001527,Aditi Khan,49,Male,Bengaluru,Karnataka,Self-employed,372509.0,High,2023-05-31,BR022,0.2823,0
CU00001528,Rahul Reddy,38,Female,Mumbai,Maharashtra,Student,1130968.0,Low,2021-09-02,BR003,0.1792,0
CU00001529,Meera Iyer,26,Male,Pune,Maharashtra,Retired,918187.0,Low,2017-09-02,BR012,0.3393,0
CU00001530,Sneha Rao,41,Female,Hyderabad,Telangana,Self-employed,557041.0,Medium,2021-03-04,BR022,0.495,0
CU00001531,Ishaan Gupta,51,Female,Visakhapatnam,Andhra Pradesh,Salaried,366638.0,High,2017-05-19,BR004,0.4325,0
CU00001532,Aarav Singh,36,Female,Kolkata,West Bengal,Salaried,360394.0,High,2023-03-26,BR016,0.5945,0
CU00001533,Sneha Gupta,46,Female,Delhi,Delhi,Self-employed,1234068.0,Low,2020-01-04,BR004,0.8454,0
CU00001534,Rahul Gupta,35,Female,Mumbai,Maharashtra,Retired,424452.0,Medium,2022-01-24,BR018,0.509,0
CU00001535,Meera Nair,53,Male,Delhi,Delhi,Salaried,672015.0,Medium,2024-11-25,BR024,0.7694,0
CU00001536,Divya Iyer,50,Female,Bengaluru,Karnataka,Professional,1944631.0,Very Low,2020-10-17,BR004,0.3383,0
CU00001537,Divya Gupta,36,Female,Chennai,Tamil Nadu,Self-employed,376147.0,High,2023-01-23,BR023,0.73,1
CU00001538,Divya Rao,44,Female,Mumbai,Maharashtra,Student,568693.0,Medium,2021-10-26,BR010,0.3685,0
CU00001539,Aarav Das,40,Female,Hyderabad,Telangana,Salaried,540382.0,Medium,2021-08-31,BR019,0.3956,0
CU00001540,Arjun Das,37,Male,Hyderabad,Telangana,Professional,481873.0,Medium,2021-07-03,BR002,0.6744,0
CU00001541,Nikhil Patel,43,Female,Bengaluru,Karnataka,Salaried,1566870.0,Low,2020-03-26,BR016,0.6492,0
CU00001542,Aditi Nair,43,Male,Pune,Maharashtra,Retired,2643241.0,Very Low,2026-02-01,BR022,0.6434,0
CU00001543,Rahul Das,35,Male,Visakhapatnam,Andhra Pradesh,Self-employed,785319.0,Medium,2018-06-17,BR020,0.4122,0
CU00001544,Aarav Patel,27,Female,Pune,Maharashtra,Salaried,735937.0,Medium,2022-02-21,BR021,0.6174,0
CU00001545,Sai Nair,46,Female,Mumbai,Maharashtra,Self-employed,1771934.0,Low,2017-11-04,BR011,0.1895,0
CU00001546,Aarav Sharma,47,Female,Pune,Maharashtra,Salaried,719603.0,Medium,2024-10-11,BR022,0.8026,0
CU00001547,Priya Gupta,38,Female,Chennai,Tamil Nadu,Retired,574444.0,Medium,2024-09-21,BR022,0.7545,0
CU00001548,Arjun Singh,38,Female,Kolkata,West Bengal,Self-employed,789978.0,Medium,2024-03-04,BR022,0.5584,0
CU00001549,Divya Nair,20,Male,Pune,Maharashtra,Student,829791.0,Medium,2019-06-27,BR015,0.3417,0
CU00001550,Sai Nair,40,Male,Hyderabad,Telangana,Professional,688372.0,Medium,2019-02-13,BR012,0.4136,0
CU00001551,Divya Sharma,24,Male,Chennai,Tamil Nadu,Self-employed,1225895.0,Low,2023-05-03,BR020,0.3263,0
CU00001552,Nikhil Nair,32,Male,Hyderabad,Telangana,Self-employed,2654802.0,Very Low,2019-02-02,BR006,0.9663,0
CU00001553,Ishaan Nair,35,Male,Delhi,Delhi,Self-employed,920638.0,Low,2018-02-04,BR005,0.7894,0
CU00001554,Meera Rao,31,Male,Kolkata,West Bengal,Professional,305916.0,High,2022-07-12,BR018,0.5621,0
CU00001555,Priya Khan,45,Female,Mumbai,Maharashtra,Salaried,729187.0,Medium,2022-03-11,BR021,0.6097,0
CU00001556,Nikhil Patel,51,Male,Mumbai,Maharashtra,Retired,723174.0,Medium,2025-04-02,BR012,0.5692,0
CU00001557,Kavya Khan,30,Female,Bengaluru,Karnataka,Salaried,1190670.0,Low,2025-07-10,BR019,0.1584,0
CU00001558,Priya Singh,32,Female,Delhi,Delhi,Salaried,1087692.0,Low,2026-01-29,BR005,0.7415,0
CU00001559,Kavya Sharma,39,Female,Kolkata,West Bengal,Professional,540034.0,Medium,2025-05-11,BR017,0.9111,0
CU00001560,Arjun Gupta,58,Female,Chennai,Tamil Nadu,Salaried,571627.0,Medium,2020-07-11,BR004,0.6897,1
CU00001561,Sneha Patel,44,Male,Visakhapatnam,Andhra Pradesh,Salaried,723777.0,Medium,2024-03-26,BR023,0.5859,0
CU00001562,Aarav Singh,32,Female,Pune,Maharashtra,Salaried,740414.0,Medium,2024-05-17,BR008,0.6515,0
CU00001563,Rahul Patel,46,Male,Mumbai,Maharashtra,Salaried,680704.0,Medium,2021-07-12,BR007,0.2001,0
CU00001564,Kavya Sharma,40,Male,Hyderabad,Telangana,Salaried,890692.0,Medium,2025-05-29,BR012,0.8263,0
CU00001565,Aarav Reddy,41,Male,Kolkata,West Bengal,Salaried,817885.0,Medium,2024-01-07,BR019,0.7319,0
CU00001566,Aditi Sharma,25,Female,Kolkata,West Bengal,Salaried,704809.0,Medium,2025-07-31,BR015,0.3254,0
CU00001567,Aarav Das,32,Male,Kolkata,West Bengal,Self-employed,2896354.0,Very Low,2018-07-10,BR004,0.2685,0
CU00001568,Priya Nair,47,Female,Hyderabad,Telangana,Salaried,459516.0,Medium,2017-04-17,BR020,0.6308,0
CU00001569,Aarav Nair,28,Male,Chennai,Tamil Nadu,Retired,1106250.0,Low,2022-07-10,BR024,0.8984,0
CU00001570,Ishaan Reddy,42,Female,Chennai,Tamil Nadu,Salaried,292774.0,High,2017-09-25,BR015,0.9173,0
CU00001571,Nikhil Iyer,18,Male,Hyderabad,Telangana,Salaried,450678.0,Medium,2020-07-31,BR019,0.5543,0
CU00001572,Kavya Khan,29,Non-binary,Visakhapatnam,Andhra Pradesh,Professional,536080.0,Medium,2018-09-17,BR010,0.3976,0
CU00001573,Nikhil Rao,29,Female,Visakhapatnam,Andhra Pradesh,Self-employed,1274366.0,Low,2025-10-27,BR019,0.4543,0
CU00001574,Ishaan Sharma,41,Female,Chennai,Tamil Nadu,Self-employed,616623.0,Medium,2024-03-29,BR019,0.1023,1
CU00001575,Priya Rao,41,Male,Visakhapatnam,Andhra Pradesh,Professional,323850.0,High,2020-11-23,BR005,0.3228,0
CU00001576,Sneha Sharma,52,Male,Kolkata,West Bengal,Retired,251697.0,High,2025-10-16,BR015,0.5531,0
CU00001577,Divya Das,29,Female,Bengaluru,Karnataka,Self-employed,2388797.0,Very Low,2025-12-17,BR020,0.6857,0
CU00001578,Arjun Nair,53,Female,Bengaluru,Karnataka,Self-employed,817668.0,Medium,2017-07-12,BR013,0.9367,0
CU00001579,Aarav Khan,27,Female,Hyderabad,Telangana,Professional,244027.0,High,2017-10-01,BR008,0.4453,0
CU00001580,Sneha Iyer,44,Female,Delhi,Delhi,Professional,338718.0,High,2017-08-14,BR006,0.5421,0
CU00001581,Ishaan Khan,41,Male,Mumbai,Maharashtra,Self-employed,677463.0,Medium,2019-09-16,BR020,0.7919,0
CU00001582,Arjun Reddy,40,Male,Delhi,Delhi,Salaried,420548.0,Medium,2020-08-22,BR020,0.4052,1
CU00001583,Nikhil Singh,44,Male,Chennai,Tamil Nadu,Professional,366341.0,High,2022-08-18,BR023,0.5592,0
CU00001584,Aditi Rao,46,Female,Pune,Maharashtra,Salaried,578727.0,Medium,2019-09-19,BR005,0.6388,0
CU00001585,Sneha Singh,50,Female,Visakhapatnam,Andhra Pradesh,Student,332625.0,High,2021-03-21,BR019,0.2124,0
CU00001586,Kavya Patel,41,Male,Visakhapatnam,Andhra Pradesh,Salaried,1428461.0,Low,2024-05-13,BR020,0.2117,0
CU00001587,Kavya Patel,35,Male,Delhi,Delhi,Professional,626989.0,Medium,2018-07-23,BR015,0.505,0
CU00001588,Arjun Singh,32,Female,Visakhapatnam,Andhra Pradesh,Salaried,625525.0,Medium,2023-02-27,BR024,0.6279,0
CU00001589,Sneha Nair,28,Female,Hyderabad,Telangana,Salaried,1136032.0,Low,2021-04-25,BR013,0.6506,0
CU00001590,Nikhil Reddy,50,Female,Visakhapatnam,Andhra Pradesh,Retired,534524.0,Medium,2018-04-04,BR016,0.7617,0
CU00001591,Aarav Das,35,Female,Chennai,Tamil Nadu,Salaried,516661.0,Medium,2019-04-29,BR015,0.2112,1
CU00001592,Arjun Rao,30,Female,Hyderabad,Telangana,Retired,288413.0,High,2025-04-24,BR007,0.3361,0
CU00001593,Aarav Reddy,56,Female,Bengaluru,Karnataka,Salaried,724747.0,Medium,2023-08-24,BR024,0.7002,0
CU00001594,Arjun Reddy,41,Male,Delhi,Delhi,Salaried,770897.0,Medium,2023-01-14,BR019,0.3722,0
CU00001595,Ishaan Iyer,47,Male,Visakhapatnam,Andhra Pradesh,Salaried,737270.0,Medium,2023-09-26,BR024,0.8597,0
CU00001596,Priya Rao,29,Female,Mumbai,Maharashtra,Self-employed,1283185.0,Low,2020-05-15,BR016,0.344,0
CU00001597,Aarav Sharma,34,Male,Chennai,Tamil Nadu,Professional,1623352.0,Low,2024-09-08,BR005,0.6301,0
CU00001598,Nikhil Patel,37,Female,Pune,Maharashtra,Salaried,1121516.0,Low,2024-09-19,BR007,0.3277,0
CU00001599,Meera Reddy,44,Male,Bengaluru,Karnataka,Salaried,984630.0,Low,2025-03-25,BR020,0.7675,0
CU00001600,Kavya Rao,27,Male,Pune,Maharashtra,Self-employed,846093.0,Medium,2018-10-30,BR018,0.2351,1
CU00001601,Meera Patel,51,Male,Chennai,Tamil Nadu,Salaried,522961.0,Medium,2022-07-06,BR007,0.7112,0
CU00001602,Arjun Singh,26,Male,Mumbai,Maharashtra,Professional,660474.0,Medium,2017-06-27,BR004,0.6623,0
CU00001603,Nikhil Khan,27,Female,Hyderabad,Telangana,Self-employed,842885.0,Medium,2018-12-10,BR020,0.4873,0
CU00001604,Rahul Khan,41,Male,Chennai,Tamil Nadu,Salaried,614321.0,Medium,2022-04-01,BR011,0.6728,0
CU00001605,Nikhil Nair,44,Female,Chennai,Tamil Nadu,Retired,2267338.0,Very Low,2023-05-05,BR005,0.7604,0
CU00001606,Meera Gupta,42,Female,Kolkata,West Bengal,Self-employed,1588432.0,Low,2021-03-09,BR013,0.807,0
CU00001607,Ishaan Reddy,51,Male,Pune,Maharashtra,Salaried,1277560.0,Low,2025-12-12,BR014,0.7841,0
CU00001608,Sai Iyer,24,Female,Visakhapatnam,Andhra Pradesh,Salaried,1092359.0,Low,2024-09-12,BR007,0.3952,1
CU00001609,Priya Sharma,19,Female,Mumbai,Maharashtra,Self-employed,1227672.0,Low,2017-04-23,BR024,0.4169,0
CU00001610,Arjun Nair,20,Female,Mumbai,Maharashtra,Professional,273247.0,High,2022-12-19,BR014,0.7573,0
CU00001611,Arjun Patel,49,Male,Hyderabad,Telangana,Salaried,788984.0,Medium,2018-04-01,BR022,0.5328,0
CU00001612,Meera Gupta,44,Male,Delhi,Delhi,Self-employed,1332507.0,Low,2019-10-26,BR012,0.0923,0
CU00001613,Aarav Gupta,49,Female,Pune,Maharashtra,Professional,1374925.0,Low,2024-09-18,BR011,0.8475,0
CU00001614,Sai Nair,49,Male,Mumbai,Maharashtra,Student,1121174.0,Low,2024-08-08,BR017,0.7531,0
CU00001615,Arjun Khan,29,Male,Chennai,Tamil Nadu,Salaried,519390.0,Medium,2021-10-25,BR002,0.7795,0
CU00001616,Rahul Khan,44,Female,Mumbai,Maharashtra,Self-employed,594848.0,Medium,2018-11-29,BR008,0.7951,0
CU00001617,Rahul Nair,18,Female,Chennai,Tamil Nadu,Salaried,1088924.0,Low,2018-06-28,BR009,0.3032,0
CU00001618,Divya Sharma,44,Female,Pune,Maharashtra,Salaried,366897.0,High,2019-09-25,BR012,0.5983,0
CU00001619,Ishaan Singh,55,Male,Kolkata,West Bengal,Salaried,970041.0,Low,2023-03-08,BR023,0.8438,0
CU00001620,Aarav Iyer,41,Male,Mumbai,Maharashtra,Salaried,667915.0,Medium,2019-03-29,BR004,0.5238,0
CU00001621,Meera Sharma,40,Male,Kolkata,West Bengal,Salaried,584596.0,Medium,2026-06-25,BR024,0.5873,0
CU00001622,Aditi Singh,42,Male,Delhi,Delhi,Retired,617249.0,Medium,2022-07-05,BR014,0.6074,0
CU00001623,Rahul Sharma,45,Male,Visakhapatnam,Andhra Pradesh,Professional,839023.0,Medium,2019-10-01,BR013,0.7551,0
CU00001624,Nikhil Sharma,38,Male,Delhi,Delhi,Professional,605845.0,Medium,2022-04-05,BR014,0.1182,0
CU00001625,Aditi Iyer,28,Male,Chennai,Tamil Nadu,Salaried,331401.0,High,2023-10-31,BR019,0.3138,0
CU00001626,Sai Khan,51,Female,Hyderabad,Telangana,Professional,484831.0,Medium,2018-04-04,BR004,0.3658,0
CU00001627,Kavya Patel,47,Male,Visakhapatnam,Andhra Pradesh,Salaried,974989.0,Low,2022-03-18,BR006,0.8376,0
CU00001628,Divya Sharma,32,Male,Visakhapatnam,Andhra Pradesh,Professional,419529.0,Medium,2017-08-07,BR017,0.4594,0
CU00001629,Aarav Reddy,18,Female,Delhi,Delhi,Salaried,528036.0,Medium,2026-01-17,BR019,0.3321,0
CU00001630,Sneha Singh,51,Male,Bengaluru,Karnataka,Salaried,808137.0,Medium,2025-03-14,BR020,0.2034,0
CU00001631,Nikhil Nair,27,Male,Kolkata,West Bengal,Self-employed,1340666.0,Low,2019-03-05,BR008,0.5104,0
CU00001632,Kavya Gupta,23,Male,Bengaluru,Karnataka,Self-employed,440676.0,Medium,2018-10-11,BR020,0.4367,0
CU00001633,Ishaan Sharma,30,Female,Mumbai,Maharashtra,Salaried,2450800.0,Very Low,2024-12-21,BR018,0.4725,0
CU00001634,Priya Gupta,52,Female,Chennai,Tamil Nadu,Salaried,490486.0,Medium,2023-10-29,BR022,0.5715,0
CU00001635,Arjun Gupta,39,Male,Bengaluru,Karnataka,Self-employed,681324.0,Medium,2017-05-21,BR017,0.4831,0
CU00001636,Divya Rao,41,Female,Visakhapatnam,Andhra Pradesh,Self-employed,613402.0,Medium,2025-01-11,BR004,0.6479,0
CU00001637,Aarav Sharma,40,Male,Mumbai,Maharashtra,Salaried,712185.0,Medium,2025-04-01,BR010,0.5638,0
CU00001638,Sneha Patel,18,Female,Kolkata,West Bengal,Salaried,593403.0,Medium,2023-05-22,BR006,0.8004,0
CU00001639,Aditi Das,37,Female,Visakhapatnam,Andhra Pradesh,Self-employed,589937.0,Medium,2023-02-15,BR024,0.4622,0
CU00001640,Aditi Singh,53,Female,Kolkata,West Bengal,Retired,1406591.0,Low,2019-12-22,BR002,0.8183,0
CU00001641,Priya Rao,48,Male,Pune,Maharashtra,Self-employed,1268072.0,Low,2023-03-07,BR001,0.9783,0
CU00001642,Nikhil Patel,69,Female,Hyderabad,Telangana,Salaried,1316446.0,Low,2020-11-17,BR023,0.7064,0
CU00001643,Ishaan Iyer,33,Female,Delhi,Delhi,Self-employed,505221.0,Medium,2017-12-02,BR007,0.9674,0
CU00001644,Aditi Nair,52,Female,Pune,Maharashtra,Salaried,559338.0,Medium,2024-02-10,BR007,0.8036,0
CU00001645,Aditi Sharma,44,Male,Kolkata,West Bengal,Professional,340592.0,High,2020-05-06,BR011,0.8929,0
CU00001646,Sai Patel,57,Female,Bengaluru,Karnataka,Retired,216969.0,High,2018-12-25,BR012,0.5076,0
CU00001647,Aarav Rao,32,Male,Mumbai,Maharashtra,Professional,798871.0,Medium,2021-08-15,BR014,0.8051,0
CU00001648,Divya Nair,51,Male,Delhi,Delhi,Student,488703.0,Medium,2020-04-15,BR022,0.4864,0
CU00001649,Sneha Sharma,44,Female,Bengaluru,Karnataka,Salaried,483247.0,Medium,2017-10-19,BR009,0.563,0
CU00001650,Ishaan Singh,39,Female,Mumbai,Maharashtra,Professional,239569.0,High,2018-10-06,BR010,0.4205,0
CU00001651,Sai Rao,36,Male,Hyderabad,Telangana,Salaried,713245.0,Medium,2021-10-16,BR011,0.9134,0
CU00001652,Kavya Reddy,47,Female,Delhi,Delhi,Retired,219137.0,High,2023-11-15,BR015,0.3086,0
CU00001653,Rahul Khan,39,Male,Visakhapatnam,Andhra Pradesh,Salaried,475679.0,Medium,2017-08-21,BR003,0.7221,0
CU00001654,Priya Gupta,26,Male,Delhi,Delhi,Retired,427027.0,Medium,2022-10-08,BR007,0.4302,0
CU00001655,Kavya Singh,18,Female,Kolkata,West Bengal,Salaried,477516.0,Medium,2020-07-20,BR017,0.3754,0
CU00001656,Priya Sharma,53,Male,Delhi,Delhi,Salaried,344544.0,High,2020-10-10,BR005,0.2305,0
CU00001657,Rahul Das,31,Female,Hyderabad,Telangana,Salaried,566287.0,Medium,2017-01-16,BR003,0.4881,0
CU00001658,Divya Sharma,24,Female,Bengaluru,Karnataka,Salaried,743128.0,Medium,2017-07-02,BR010,0.4892,0
CU00001659,Priya Singh,39,Male,Delhi,Delhi,Salaried,1743104.0,Low,2024-12-29,BR023,0.5649,0
CU00001660,Kavya Rao,30,Male,Visakhapatnam,Andhra Pradesh,Professional,846458.0,Medium,2018-09-19,BR007,0.9864,0
CU00001661,Aarav Rao,30,Female,Bengaluru,Karnataka,Student,347488.0,High,2020-05-15,BR022,0.0765,0
CU00001662,Meera Singh,41,Male,Pune,Maharashtra,Salaried,732337.0,Medium,2020-05-20,BR018,0.7618,0
CU00001663,Divya Rao,34,Male,Delhi,Delhi,Salaried,1086860.0,Low,2020-10-11,BR002,0.3218,0
CU00001664,Meera Rao,27,Male,Pune,Maharashtra,Self-employed,750803.0,Medium,2020-07-21,BR019,0.2738,0
CU00001665,Aditi Rao,47,Male,Pune,Maharashtra,Salaried,764368.0,Medium,2019-11-25,BR021,0.7123,0
CU00001666,Sai Das,37,Male,Visakhapatnam,Andhra Pradesh,Professional,834161.0,Medium,2024-09-16,BR024,0.3535,0
CU00001667,Rahul Sharma,41,Male,Kolkata,West Bengal,Professional,328251.0,High,2025-09-10,BR015,0.7284,1
CU00001668,Nikhil Gupta,34,Male,Visakhapatnam,Andhra Pradesh,Retired,459460.0,Medium,2023-12-20,BR014,0.6145,0
CU00001669,Ishaan Rao,50,Male,Kolkata,West Bengal,Self-employed,1175692.0,Low,2019-09-06,BR012,0.2422,0
CU00001670,Aarav Sharma,28,Female,Visakhapatnam,Andhra Pradesh,Salaried,445530.0,Medium,2017-01-18,BR019,0.6757,0
CU00001671,Priya Nair,18,Male,Delhi,Delhi,Salaried,949876.0,Low,2019-01-12,BR006,0.3734,0
CU00001672,Sneha Das,39,Female,Hyderabad,Telangana,Salaried,986248.0,Low,2018-07-13,BR017,0.2987,0
CU00001673,Divya Khan,35,Female,Mumbai,Maharashtra,Salaried,1021250.0,Low,2020-12-18,BR018,0.7695,0
CU00001674,Aditi Singh,45,Male,Kolkata,West Bengal,Self-employed,447856.0,Medium,2020-09-17,BR017,0.4588,0
CU00001675,Nikhil Singh,35,Female,Hyderabad,Telangana,Professional,252746.0,High,2020-12-19,BR013,0.5204,0
CU00001676,Divya Iyer,25,Male,Chennai,Tamil Nadu,Salaried,881770.0,Medium,2024-12-29,BR007,0.7892,0
CU00001677,Rahul Das,54,Male,Hyderabad,Telangana,Self-employed,1126923.0,Low,2019-11-20,BR014,0.9338,0
CU00001678,Arjun Nair,20,Male,Delhi,Delhi,Salaried,1250701.0,Low,2022-11-11,BR020,0.3905,0
CU00001679,Priya Sharma,51,Male,Chennai,Tamil Nadu,Professional,683015.0,Medium,2019-01-18,BR020,0.8699,0
CU00001680,Divya Reddy,37,Female,Hyderabad,Telangana,Salaried,1683040.0,Low,2022-09-28,BR015,0.6024,0
CU00001681,Ishaan Patel,32,Female,Delhi,Delhi,Retired,297304.0,High,2020-11-14,BR012,0.3242,0
CU00001682,Kavya Khan,25,Male,Pune,Maharashtra,Retired,762522.0,Medium,2022-09-09,BR020,0.7909,0
CU00001683,Kavya Nair,59,Male,Visakhapatnam,Andhra Pradesh,Self-employed,391593.0,High,2023-07-27,BR018,0.7397,0
CU00001684,Aarav Iyer,42,Female,Pune,Maharashtra,Professional,438896.0,Medium,2018-11-26,BR006,0.486,0
CU00001685,Divya Khan,50,Male,Mumbai,Maharashtra,Student,544408.0,Medium,2023-04-04,BR014,0.8038,0
CU00001686,Ishaan Rao,46,Male,Visakhapatnam,Andhra Pradesh,Professional,858218.0,Medium,2024-03-09,BR024,0.8658,0
CU00001687,Aditi Patel,23,Male,Mumbai,Maharashtra,Salaried,521057.0,Medium,2023-03-11,BR006,0.8262,0
CU00001688,Meera Iyer,38,Male,Chennai,Tamil Nadu,Salaried,1344938.0,Low,2023-12-26,BR017,0.5295,0
CU00001689,Priya Sharma,62,Female,Bengaluru,Karnataka,Professional,1835485.0,Very Low,2019-10-20,BR009,0.9476,0
CU00001690,Priya Iyer,37,Female,Pune,Maharashtra,Self-employed,1184283.0,Low,2025-08-13,BR022,0.5992,0
CU00001691,Kavya Das,33,Male,Chennai,Tamil Nadu,Salaried,1404049.0,Low,2024-12-30,BR006,0.6926,0
CU00001692,Nikhil Das,42,Male,Visakhapatnam,Andhra Pradesh,Self-employed,847689.0,Medium,2019-01-06,BR022,0.5741,0
CU00001693,Rahul Gupta,55,Female,Kolkata,West Bengal,Self-employed,467626.0,Medium,2023-02-01,BR009,0.3972,0
CU00001694,Sai Khan,31,Female,Chennai,Tamil Nadu,Salaried,1321329.0,Low,2023-01-28,BR002,0.9237,0
CU00001695,Ishaan Sharma,18,Female,Bengaluru,Karnataka,Salaried,685474.0,Medium,2017-12-12,BR003,0.4741,0
CU00001696,Aditi Sharma,48,Female,Delhi,Delhi,Student,634611.0,Medium,2024-01-31,BR015,0.5712,0
CU00001697,Nikhil Sharma,59,Male,Delhi,Delhi,Self-employed,486358.0,Medium,2017-01-26,BR003,0.7391,0
CU00001698,Meera Nair,24,Female,Delhi,Delhi,Salaried,3260136.0,Very Low,2025-06-17,BR023,0.8552,0
CU00001699,Sneha Nair,53,Female,Mumbai,Maharashtra,Salaried,650311.0,Medium,2024-11-28,BR021,0.8066,0
CU00001700,Aditi Iyer,32,Female,Kolkata,West Bengal,Retired,2610732.0,Very Low,2021-04-03,BR010,0.5097,1
CU00001701,Ishaan Sharma,29,Female,Chennai,Tamil Nadu,Student,1392860.0,Low,2024-06-01,BR021,0.9014,0
CU00001702,Sneha Das,31,Female,Visakhapatnam,Andhra Pradesh,Professional,1132730.0,Low,2022-03-28,BR001,0.5622,0
CU00001703,Priya Khan,29,Female,Hyderabad,Telangana,Professional,478644.0,Medium,2025-01-03,BR015,0.33,1
CU00001704,Rahul Nair,42,Female,Hyderabad,Telangana,Salaried,545055.0,Medium,2022-04-28,BR011,0.368,0
CU00001705,Rahul Patel,30,Male,Visakhapatnam,Andhra Pradesh,Salaried,540649.0,Medium,2018-08-05,BR002,0.8239,0
CU00001706,Meera Rao,35,Male,Kolkata,West Bengal,Self-employed,1271330.0,Low,2022-04-09,BR006,0.6257,0
CU00001707,Sai Gupta,51,Male,Chennai,Tamil Nadu,Salaried,1189037.0,Low,2024-11-30,BR020,0.2264,0
CU00001708,Kavya Khan,46,Male,Pune,Maharashtra,Salaried,400705.0,Medium,2026-05-27,BR022,0.8387,0
CU00001709,Divya Singh,45,Male,Hyderabad,Telangana,Self-employed,657131.0,Medium,2022-01-05,BR018,0.9017,0
CU00001710,Nikhil Khan,34,Male,Hyderabad,Telangana,Retired,1925316.0,Very Low,2026-06-20,BR003,0.7971,0
CU00001711,Kavya Reddy,48,Female,Pune,Maharashtra,Professional,594381.0,Medium,2023-11-20,BR018,0.3116,0
CU00001712,Ishaan Nair,35,Female,Mumbai,Maharashtra,Self-employed,293894.0,High,2024-03-06,BR020,0.0876,0
CU00001713,Priya Rao,54,Male,Bengaluru,Karnataka,Salaried,336503.0,High,2019-11-02,BR007,0.7107,0
CU00001714,Aditi Patel,59,Male,Hyderabad,Telangana,Salaried,642181.0,Medium,2021-11-11,BR018,0.6308,0
CU00001715,Kavya Gupta,38,Female,Bengaluru,Karnataka,Salaried,2260803.0,Very Low,2026-05-01,BR023,0.5567,0
CU00001716,Priya Khan,34,Female,Visakhapatnam,Andhra Pradesh,Professional,1327145.0,Low,2022-11-07,BR005,0.8457,0
CU00001717,Arjun Iyer,32,Female,Hyderabad,Telangana,Salaried,1495030.0,Low,2022-06-18,BR001,0.1391,0
CU00001718,Rahul Khan,29,Male,Delhi,Delhi,Professional,1262336.0,Low,2023-09-21,BR013,0.8487,0
CU00001719,Meera Sharma,25,Male,Visakhapatnam,Andhra Pradesh,Salaried,686560.0,Medium,2021-02-15,BR002,0.864,0
CU00001720,Sai Rao,27,Female,Chennai,Tamil Nadu,Self-employed,491484.0,Medium,2022-05-18,BR017,0.2778,0
CU00001721,Meera Sharma,41,Female,Hyderabad,Telangana,Professional,572066.0,Medium,2023-10-20,BR003,0.4014,0
CU00001722,Aarav Gupta,39,Male,Visakhapatnam,Andhra Pradesh,Salaried,518185.0,Medium,2019-11-02,BR011,0.7627,0
CU00001723,Aditi Khan,52,Female,Mumbai,Maharashtra,Salaried,1770204.0,Low,2018-06-26,BR001,0.6461,0
CU00001724,Rahul Nair,21,Male,Chennai,Tamil Nadu,Retired,425166.0,Medium,2020-08-17,BR016,0.6248,0
CU00001725,Priya Khan,33,Female,Hyderabad,Telangana,Professional,883161.0,Medium,2021-08-05,BR012,0.6704,0
CU00001726,Arjun Gupta,59,Female,Visakhapatnam,Andhra Pradesh,Professional,708678.0,Medium,2022-11-06,BR017,0.6628,0
CU00001727,Meera Khan,50,Male,Chennai,Tamil Nadu,Self-employed,1062301.0,Low,2025-10-09,BR019,0.611,0
CU00001728,Priya Khan,32,Female,Kolkata,West Bengal,Retired,1358237.0,Low,2023-07-17,BR023,0.5339,0
CU00001729,Kavya Patel,45,Male,Hyderabad,Telangana,Self-employed,1024770.0,Low,2020-02-15,BR009,0.7381,0
CU00001730,Aarav Das,32,Female,Chennai,Tamil Nadu,Retired,1882773.0,Very Low,2017-11-25,BR008,0.3603,0
CU00001731,Sai Das,38,Non-binary,Bengaluru,Karnataka,Salaried,474605.0,Medium,2022-09-07,BR012,0.8998,0
CU00001732,Meera Singh,44,Male,Mumbai,Maharashtra,Salaried,264264.0,High,2024-06-14,BR005,0.9308,0
CU00001733,Sai Khan,36,Female,Chennai,Tamil Nadu,Self-employed,581736.0,Medium,2025-11-08,BR002,0.233,0
CU00001734,Kavya Das,37,Male,Visakhapatnam,Andhra Pradesh,Student,314151.0,High,2017-01-19,BR009,0.1773,0
CU00001735,Aarav Singh,28,Male,Bengaluru,Karnataka,Self-employed,710096.0,Medium,2020-06-25,BR015,0.8557,0
CU00001736,Ishaan Patel,33,Male,Mumbai,Maharashtra,Self-employed,2162630.0,Very Low,2019-06-20,BR001,0.6658,0
CU00001737,Arjun Reddy,19,Male,Chennai,Tamil Nadu,Self-employed,337103.0,High,2023-08-20,BR005,0.2168,0
CU00001738,Rahul Rao,56,Male,Delhi,Delhi,Professional,899124.0,Medium,2023-12-31,BR022,0.579,0
CU00001739,Kavya Gupta,21,Male,Hyderabad,Telangana,Salaried,516940.0,Medium,2020-08-27,BR001,0.4761,0
CU00001740,Kavya Das,18,Male,Kolkata,West Bengal,Self-employed,984084.0,Low,2026-05-29,BR019,0.7495,0
CU00001741,Arjun Rao,60,Male,Pune,Maharashtra,Salaried,180000.0,High,2017-01-13,BR022,0.559,0
CU00001742,Priya Reddy,46,Male,Hyderabad,Telangana,Salaried,453016.0,Medium,2026-02-03,BR019,0.7311,1
CU00001743,Ishaan Reddy,57,Female,Delhi,Delhi,Self-employed,1465200.0,Low,2018-12-15,BR005,0.5577,0
CU00001744,Sneha Singh,39,Male,Hyderabad,Telangana,Salaried,402946.0,Medium,2022-04-16,BR002,0.3135,0
CU00001745,Meera Patel,37,Male,Hyderabad,Telangana,Salaried,671613.0,Medium,2019-09-24,BR013,0.6106,0
CU00001746,Ishaan Patel,21,Male,Visakhapatnam,Andhra Pradesh,Student,1285174.0,Low,2019-02-22,BR017,0.6942,0
CU00001747,Nikhil Das,26,Female,Visakhapatnam,Andhra Pradesh,Retired,781374.0,Medium,2019-10-15,BR012,0.4314,0
CU00001748,Kavya Iyer,34,Male,Kolkata,West Bengal,Self-employed,1378825.0,Low,2017-11-26,BR006,0.9447,0
CU00001749,Arjun Iyer,38,Male,Kolkata,West Bengal,Retired,655677.0,Medium,2020-01-01,BR010,0.9743,0
CU00001750,Priya Khan,29,Male,Mumbai,Maharashtra,Salaried,1012302.0,Low,2018-03-11,BR019,0.5243,0
CU00001751,Arjun Nair,30,Female,Mumbai,Maharashtra,Retired,685464.0,Medium,2020-07-29,BR004,0.7941,0
CU00001752,Meera Rao,39,Female,Pune,Maharashtra,Professional,478452.0,Medium,2017-07-03,BR004,0.8189,0
CU00001753,Priya Khan,48,Male,Visakhapatnam,Andhra Pradesh,Salaried,328315.0,High,2017-04-28,BR009,0.9727,0
CU00001754,Divya Patel,54,Female,Kolkata,West Bengal,Self-employed,274412.0,High,2023-10-02,BR022,0.2658,0
CU00001755,Nikhil Patel,51,Female,Mumbai,Maharashtra,Salaried,632196.0,Medium,2023-02-17,BR011,0.704,0
CU00001756,Divya Reddy,45,Female,Delhi,Delhi,Self-employed,1331249.0,Low,2020-06-29,BR001,0.4169,0
CU00001757,Rahul Reddy,30,Female,Hyderabad,Telangana,Salaried,416959.0,Medium,2024-07-18,BR009,0.3771,0
CU00001758,Ishaan Das,44,Female,Visakhapatnam,Andhra Pradesh,Salaried,906616.0,Low,2025-08-31,BR008,0.7786,0
CU00001759,Sai Patel,29,Female,Pune,Maharashtra,Self-employed,857096.0,Medium,2024-08-17,BR004,0.9545,0
CU00001760,Rahul Patel,52,Male,Kolkata,West Bengal,Salaried,1355243.0,Low,2019-11-19,BR007,0.4357,0
CU00001761,Aditi Patel,49,Female,Hyderabad,Telangana,Salaried,1323047.0,Low,2018-08-28,BR016,0.5515,0
CU00001762,Ishaan Sharma,18,Male,Pune,Maharashtra,Salaried,751951.0,Medium,2022-01-31,BR011,0.182,0
CU00001763,Meera Sharma,64,Female,Visakhapatnam,Andhra Pradesh,Student,412010.0,Medium,2017-09-06,BR003,0.6615,0
CU00001764,Rahul Reddy,39,Male,Hyderabad,Telangana,Salaried,245611.0,High,2024-03-04,BR008,0.7161,0
CU00001765,Meera Rao,28,Female,Delhi,Delhi,Professional,375070.0,High,2017-03-16,BR006,0.5804,0
CU00001766,Divya Sharma,48,Female,Bengaluru,Karnataka,Self-employed,865916.0,Medium,2023-01-10,BR017,0.9565,0
CU00001767,Arjun Nair,39,Male,Delhi,Delhi,Salaried,389742.0,High,2017-04-24,BR004,0.4595,0
CU00001768,Priya Das,32,Female,Kolkata,West Bengal,Professional,680031.0,Medium,2025-11-27,BR010,0.6304,1
CU00001769,Meera Singh,47,Male,Bengaluru,Karnataka,Self-employed,1241870.0,Low,2026-04-28,BR022,0.5381,0
CU00001770,Sneha Rao,38,Male,Chennai,Tamil Nadu,Self-employed,543078.0,Medium,2017-10-09,BR009,0.6692,0
CU00001771,Priya Singh,29,Female,Mumbai,Maharashtra,Self-employed,447636.0,Medium,2023-09-02,BR007,0.5519,0
CU00001772,Rahul Patel,41,Male,Hyderabad,Telangana,Student,1081143.0,Low,2021-02-05,BR023,0.4274,1
CU00001773,Divya Rao,48,Male,Mumbai,Maharashtra,Salaried,308484.0,High,2026-04-15,BR008,0.8354,0
CU00001774,Kavya Das,43,Male,Hyderabad,Telangana,Student,755660.0,Medium,2025-09-20,BR009,0.6315,0
CU00001775,Meera Das,36,Male,Kolkata,West Bengal,Salaried,2067231.0,Very Low,2022-07-20,BR003,0.4892,0
CU00001776,Sai Das,58,Male,Kolkata,West Bengal,Student,640047.0,Medium,2020-03-20,BR005,0.3661,0
CU00001777,Rahul Rao,28,Male,Mumbai,Maharashtra,Salaried,723739.0,Medium,2021-02-14,BR011,0.2168,0
CU00001778,Sai Khan,47,Female,Bengaluru,Karnataka,Salaried,449994.0,Medium,2021-04-24,BR006,0.577,0
CU00001779,Rahul Khan,48,Female,Visakhapatnam,Andhra Pradesh,Salaried,510755.0,Medium,2016-12-27,BR007,0.7908,0
CU00001780,Ishaan Singh,55,Female,Visakhapatnam,Andhra Pradesh,Salaried,1359984.0,Low,2024-12-26,BR016,0.2056,0
CU00001781,Ishaan Nair,21,Female,Hyderabad,Telangana,Self-employed,769140.0,Medium,2021-10-10,BR016,0.4226,0
CU00001782,Divya Rao,42,Male,Kolkata,West Bengal,Self-employed,1131872.0,Low,2024-06-25,BR018,0.75,0
CU00001783,Aditi Nair,18,Female,Pune,Maharashtra,Salaried,582159.0,Medium,2018-07-13,BR010,0.2892,0
CU00001784,Aditi Iyer,22,Male,Bengaluru,Karnataka,Professional,492717.0,Medium,2019-07-13,BR013,0.1246,0
CU00001785,Arjun Nair,36,Male,Delhi,Delhi,Self-employed,408393.0,Medium,2020-04-23,BR023,0.5906,0
CU00001786,Priya Iyer,26,Female,Mumbai,Maharashtra,Self-employed,503250.0,Medium,2019-07-13,BR010,0.448,0
CU00001787,Rahul Khan,58,Male,Visakhapatnam,Andhra Pradesh,Self-employed,893029.0,Medium,2020-12-13,BR018,0.6162,1
CU00001788,Nikhil Gupta,42,Male,Kolkata,West Bengal,Salaried,625058.0,Medium,2019-11-09,BR017,0.9107,0
CU00001789,Sai Nair,43,Male,Mumbai,Maharashtra,Professional,1882740.0,Very Low,2025-06-01,BR016,0.4064,0
CU00001790,Priya Das,47,Female,Bengaluru,Karnataka,Self-employed,437902.0,Medium,2021-08-31,BR011,0.7661,0
CU00001791,Aarav Gupta,31,Female,Visakhapatnam,Andhra Pradesh,Salaried,714894.0,Medium,2020-12-06,BR005,0.758,0
CU00001792,Aditi Nair,18,Female,Bengaluru,Karnataka,Self-employed,1337732.0,Low,2021-03-31,BR019,0.6149,0
CU00001793,Ishaan Sharma,45,Female,Bengaluru,Karnataka,Salaried,391125.0,High,2025-01-21,BR004,0.3388,0
CU00001794,Aarav Das,36,Female,Chennai,Tamil Nadu,Student,380179.0,High,2024-08-15,BR005,0.9084,0
CU00001795,Meera Gupta,41,Female,Hyderabad,Telangana,Retired,3494369.0,Very Low,2017-12-05,BR002,0.8825,0
CU00001796,Aarav Sharma,18,Female,Pune,Maharashtra,Retired,547830.0,Medium,2022-11-12,BR004,0.7777,0
CU00001797,Priya Rao,38,Female,Delhi,Delhi,Student,651614.0,Medium,2021-03-16,BR019,0.4312,0
CU00001798,Nikhil Nair,66,Female,Hyderabad,Telangana,Salaried,456112.0,Medium,2021-07-03,BR019,0.4705,0
CU00001799,Kavya Sharma,73,Female,Mumbai,Maharashtra,Student,1006070.0,Low,2024-04-14,BR013,0.8301,0
CU00001800,Meera Khan,44,Male,Visakhapatnam,Andhra Pradesh,Salaried,946271.0,Low,2020-07-25,BR018,0.6872,0
CU00001801,Priya Rao,46,Male,Mumbai,Maharashtra,Retired,666730.0,Medium,2022-02-16,BR024,0.4253,0
CU00001802,Ishaan Khan,25,Male,Visakhapatnam,Andhra Pradesh,Professional,1310404.0,Low,2022-11-28,BR022,0.1533,0
CU00001803,Meera Patel,37,Female,Delhi,Delhi,Self-employed,470813.0,Medium,2026-06-15,BR008,0.1759,0
CU00001804,Divya Gupta,26,Female,Kolkata,West Bengal,Salaried,253988.0,High,2023-11-09,BR015,0.6805,0
CU00001805,Aditi Gupta,33,Female,Hyderabad,Telangana,Salaried,835612.0,Medium,2024-09-07,BR014,0.5874,0
CU00001806,Sneha Reddy,38,Female,Hyderabad,Telangana,Salaried,826111.0,Medium,2026-01-08,BR006,0.6596,0
CU00001807,Nikhil Singh,32,Female,Hyderabad,Telangana,Self-employed,841843.0,Medium,2025-04-21,BR010,0.4951,0
CU00001808,Aarav Nair,39,Male,Mumbai,Maharashtra,Student,993098.0,Low,2025-11-28,BR024,0.6093,0
CU00001809,Rahul Nair,41,Female,Pune,Maharashtra,Self-employed,911225.0,Low,2021-03-24,BR020,0.5491,0
CU00001810,Aarav Gupta,30,Female,Pune,Maharashtra,Professional,1434126.0,Low,2023-02-15,BR020,0.1829,1
CU00001811,Meera Nair,42,Female,Mumbai,Maharashtra,Salaried,803438.0,Medium,2026-01-10,BR015,0.895,0
CU00001812,Ishaan Nair,18,Male,Delhi,Delhi,Student,212265.0,High,2024-05-02,BR004,0.3891,0
CU00001813,Nikhil Das,40,Male,Delhi,Delhi,Salaried,326790.0,High,2020-04-18,BR018,0.8335,1
CU00001814,Sneha Iyer,60,Male,Hyderabad,Telangana,Salaried,749753.0,Medium,2021-04-14,BR021,0.9154,0
CU00001815,Kavya Rao,50,Female,Pune,Maharashtra,Salaried,513079.0,Medium,2021-02-01,BR004,0.3587,0
CU00001816,Nikhil Rao,47,Male,Pune,Maharashtra,Salaried,1089522.0,Low,2017-09-06,BR020,0.286,0
CU00001817,Ishaan Khan,35,Male,Kolkata,West Bengal,Self-employed,191609.0,High,2016-12-28,BR017,0.4746,1
CU00001818,Nikhil Reddy,55,Female,Kolkata,West Bengal,Salaried,804399.0,Medium,2017-09-03,BR003,0.7501,0
CU00001819,Meera Rao,49,Male,Delhi,Delhi,Retired,641398.0,Medium,2025-02-06,BR014,0.3253,0
CU00001820,Aditi Gupta,41,Male,Chennai,Tamil Nadu,Salaried,1435739.0,Low,2024-05-24,BR015,0.6659,0
CU00001821,Kavya Iyer,41,Male,Mumbai,Maharashtra,Salaried,2656325.0,Very Low,2019-11-08,BR021,0.4809,0
CU00001822,Sai Khan,39,Male,Visakhapatnam,Andhra Pradesh,Professional,660629.0,Medium,2020-12-24,BR018,0.8925,0
CU00001823,Aarav Reddy,26,Female,Kolkata,West Bengal,Salaried,638617.0,Medium,2021-01-28,BR005,0.7884,0
CU00001824,Aarav Rao,42,Female,Mumbai,Maharashtra,Retired,1543312.0,Low,2024-02-12,BR009,0.757,0
CU00001825,Sai Iyer,47,Female,Chennai,Tamil Nadu,Salaried,861831.0,Medium,2023-03-15,BR001,0.6226,0
CU00001826,Sneha Reddy,48,Male,Pune,Maharashtra,Self-employed,245619.0,High,2026-03-02,BR006,0.8181,0
CU00001827,Meera Reddy,37,Male,Visakhapatnam,Andhra Pradesh,Salaried,684423.0,Medium,2019-11-14,BR004,0.2461,0
CU00001828,Sneha Iyer,50,Male,Mumbai,Maharashtra,Salaried,502580.0,Medium,2026-02-13,BR008,0.1314,0
CU00001829,Rahul Singh,38,Male,Bengaluru,Karnataka,Professional,241516.0,High,2023-10-29,BR004,0.7902,0
CU00001830,Aditi Gupta,43,Female,Mumbai,Maharashtra,Professional,800822.0,Medium,2021-01-31,BR023,0.6502,0
CU00001831,Rahul Gupta,30,Male,Pune,Maharashtra,Salaried,1218456.0,Low,2018-07-29,BR016,0.8014,0
CU00001832,Divya Khan,26,Female,Mumbai,Maharashtra,Student,276743.0,High,2025-10-17,BR005,0.8255,0
CU00001833,Priya Sharma,20,Female,Pune,Maharashtra,Student,684294.0,Medium,2020-04-17,BR007,0.4752,0
CU00001834,Aarav Gupta,21,Male,Delhi,Delhi,Salaried,721199.0,Medium,2017-07-13,BR024,0.489,1
CU00001835,Aditi Khan,58,Female,Chennai,Tamil Nadu,Salaried,1716299.0,Low,2025-12-02,BR021,0.7726,0
CU00001836,Ishaan Sharma,31,Male,Bengaluru,Karnataka,Salaried,934613.0,Low,2018-05-09,BR013,0.4088,0
CU00001837,Arjun Rao,63,Male,Bengaluru,Karnataka,Salaried,440875.0,Medium,2020-08-06,BR024,0.4122,0
CU00001838,Rahul Das,52,Female,Kolkata,West Bengal,Retired,1205917.0,Low,2016-11-23,BR012,0.146,1
CU00001839,Arjun Sharma,47,Male,Visakhapatnam,Andhra Pradesh,Salaried,693950.0,Medium,2024-01-19,BR007,0.575,0
CU00001840,Rahul Reddy,39,Female,Kolkata,West Bengal,Self-employed,1922703.0,Very Low,2023-02-21,BR005,0.3872,0
CU00001841,Sneha Khan,31,Male,Visakhapatnam,Andhra Pradesh,Self-employed,510858.0,Medium,2018-12-07,BR002,0.5232,0
CU00001842,Meera Khan,28,Female,Pune,Maharashtra,Salaried,328347.0,High,2020-04-26,BR002,0.8045,0
CU00001843,Sneha Reddy,32,Female,Pune,Maharashtra,Salaried,430130.0,Medium,2016-12-26,BR020,0.521,0
CU00001844,Sneha Reddy,39,Female,Hyderabad,Telangana,Retired,859611.0,Medium,2024-07-03,BR011,0.6019,0
CU00001845,Priya Sharma,21,Male,Visakhapatnam,Andhra Pradesh,Salaried,1192837.0,Low,2022-02-25,BR005,0.9874,0
CU00001846,Aarav Rao,30,Male,Chennai,Tamil Nadu,Retired,1175320.0,Low,2024-11-07,BR008,0.8388,0
CU00001847,Kavya Khan,25,Male,Chennai,Tamil Nadu,Salaried,801071.0,Medium,2025-04-06,BR020,0.7715,0
CU00001848,Sneha Das,39,Female,Hyderabad,Telangana,Student,865343.0,Medium,2026-02-04,BR024,0.3184,0
CU00001849,Kavya Reddy,30,Female,Kolkata,West Bengal,Salaried,512483.0,Medium,2019-03-01,BR005,0.6429,0
CU00001850,Kavya Singh,33,Female,Hyderabad,Telangana,Salaried,328317.0,High,2025-12-01,BR018,0.5763,0
CU00001851,Ishaan Iyer,34,Male,Mumbai,Maharashtra,Student,819807.0,Medium,2017-06-09,BR022,0.6386,0
CU00001852,Aarav Singh,32,Male,Delhi,Delhi,Salaried,1303898.0,Low,2023-04-16,BR005,0.4874,0
CU00001853,Sai Khan,48,Male,Mumbai,Maharashtra,Salaried,760224.0,Medium,2022-05-12,BR012,0.7863,0
CU00001854,Nikhil Iyer,36,Female,Visakhapatnam,Andhra Pradesh,Salaried,1541896.0,Low,2021-04-03,BR015,0.7202,0
CU00001855,Divya Iyer,23,Female,Bengaluru,Karnataka,Salaried,193150.0,High,2025-05-14,BR009,0.5873,0
CU00001856,Nikhil Patel,37,Female,Hyderabad,Telangana,Salaried,689637.0,Medium,2025-10-14,BR001,0.1494,1
CU00001857,Arjun Nair,32,Male,Pune,Maharashtra,Professional,1252974.0,Low,2019-05-26,BR008,0.8554,0
CU00001858,Kavya Reddy,45,Male,Mumbai,Maharashtra,Salaried,597496.0,Medium,2021-05-15,BR007,0.7632,0
CU00001859,Rahul Rao,26,Female,Delhi,Delhi,Salaried,726192.0,Medium,2016-12-04,BR011,0.6781,0
CU00001860,Meera Gupta,57,Male,Mumbai,Maharashtra,Salaried,1276369.0,Low,2017-09-20,BR022,0.1291,1
CU00001861,Kavya Sharma,52,Female,Kolkata,West Bengal,Salaried,1036653.0,Low,2022-04-27,BR022,0.8037,0
CU00001862,Divya Das,37,Male,Visakhapatnam,Andhra Pradesh,Salaried,263506.0,High,2023-04-15,BR006,0.8056,0
CU00001863,Kavya Sharma,29,Male,Hyderabad,Telangana,Self-employed,414947.0,Medium,2023-06-01,BR023,0.9179,0
CU00001864,Nikhil Iyer,48,Female,Hyderabad,Telangana,Salaried,591745.0,Medium,2024-06-15,BR002,0.665,0
CU00001865,Aditi Gupta,47,Female,Chennai,Tamil Nadu,Salaried,658622.0,Medium,2024-02-05,BR019,0.9142,0
CU00001866,Sneha Nair,34,Female,Pune,Maharashtra,Salaried,1020693.0,Low,2018-05-29,BR012,0.7777,0
CU00001867,Meera Sharma,37,Female,Hyderabad,Telangana,Salaried,1208851.0,Low,2026-02-08,BR003,0.6013,0
CU00001868,Sai Iyer,47,Non-binary,Visakhapatnam,Andhra Pradesh,Salaried,1736408.0,Low,2017-07-05,BR008,0.8187,0
CU00001869,Priya Sharma,33,Female,Delhi,Delhi,Retired,856233.0,Medium,2022-12-14,BR003,0.7347,1
CU00001870,Arjun Sharma,55,Male,Kolkata,West Bengal,Salaried,1679556.0,Low,2019-11-14,BR019,0.3924,0
CU00001871,Aarav Sharma,31,Female,Kolkata,West Bengal,Salaried,770780.0,Medium,2020-06-18,BR004,0.3148,0
CU00001872,Priya Das,57,Male,Chennai,Tamil Nadu,Salaried,279984.0,High,2019-08-03,BR022,0.2987,0
CU00001873,Divya Singh,46,Male,Chennai,Tamil Nadu,Professional,688004.0,Medium,2020-02-21,BR022,0.7911,0
CU00001874,Ishaan Das,33,Female,Delhi,Delhi,Salaried,650914.0,Medium,2019-08-13,BR008,0.5949,0
CU00001875,Rahul Iyer,28,Female,Chennai,Tamil Nadu,Self-employed,650992.0,Medium,2022-08-13,BR022,0.6123,0
CU00001876,Rahul Reddy,28,Male,Kolkata,West Bengal,Salaried,749953.0,Medium,2025-06-01,BR008,0.3746,0
CU00001877,Ishaan Singh,47,Male,Mumbai,Maharashtra,Self-employed,1370538.0,Low,2023-07-15,BR009,0.5217,0
CU00001878,Nikhil Sharma,49,Male,Hyderabad,Telangana,Salaried,503206.0,Medium,2026-04-07,BR019,0.2876,0
CU00001879,Aarav Nair,34,Female,Delhi,Delhi,Salaried,343179.0,High,2023-07-21,BR017,0.748,0
CU00001880,Kavya Singh,40,Male,Pune,Maharashtra,Salaried,2932286.0,Very Low,2018-12-02,BR017,0.4157,0
CU00001881,Sneha Khan,29,Female,Chennai,Tamil Nadu,Salaried,1153188.0,Low,2025-07-24,BR021,0.4465,0
CU00001882,Sneha Patel,29,Female,Bengaluru,Karnataka,Self-employed,799779.0,Medium,2025-04-05,BR003,0.2869,0
CU00001883,Divya Das,34,Female,Hyderabad,Telangana,Self-employed,358988.0,High,2025-03-07,BR011,0.6445,0
CU00001884,Rahul Sharma,35,Male,Pune,Maharashtra,Salaried,233799.0,High,2023-12-28,BR008,0.3174,0
CU00001885,Aarav Khan,26,Male,Chennai,Tamil Nadu,Salaried,563753.0,Medium,2017-09-25,BR017,0.5363,1
CU00001886,Divya Sharma,36,Male,Chennai,Tamil Nadu,Self-employed,1922188.0,Very Low,2021-06-24,BR007,0.6584,0
CU00001887,Arjun Das,30,Male,Hyderabad,Telangana,Salaried,180000.0,High,2016-09-29,BR002,0.4269,0
CU00001888,Nikhil Singh,46,Male,Visakhapatnam,Andhra Pradesh,Self-employed,1186566.0,Low,2021-04-29,BR007,0.5669,0
CU00001889,Priya Gupta,47,Female,Pune,Maharashtra,Professional,796380.0,Medium,2024-02-19,BR017,0.8106,0
CU00001890,Meera Rao,37,Female,Pune,Maharashtra,Salaried,816533.0,Medium,2020-01-21,BR004,0.4102,0
CU00001891,Rahul Sharma,36,Female,Kolkata,West Bengal,Self-employed,679716.0,Medium,2017-08-27,BR006,0.3704,0
CU00001892,Meera Khan,43,Female,Visakhapatnam,Andhra Pradesh,Retired,2284265.0,Very Low,2020-12-02,BR013,0.422,0
CU00001893,Rahul Iyer,53,Male,Mumbai,Maharashtra,Salaried,791607.0,Medium,2018-09-12,BR006,0.8231,0
CU00001894,Sneha Khan,22,Male,Chennai,Tamil Nadu,Self-employed,554229.0,Medium,2024-11-22,BR024,0.8845,0
CU00001895,Rahul Sharma,38,Male,Mumbai,Maharashtra,Self-employed,452286.0,Medium,2022-01-18,BR011,0.8078,0
CU00001896,Kavya Sharma,18,Male,Kolkata,West Bengal,Self-employed,640583.0,Medium,2021-09-03,BR022,0.7106,0
CU00001897,Nikhil Nair,33,Female,Delhi,Delhi,Professional,272220.0,High,2024-07-08,BR002,0.5742,1
CU00001898,Rahul Patel,42,Male,Pune,Maharashtra,Professional,1002521.0,Low,2023-06-18,BR013,0.7753,0
CU00001899,Nikhil Iyer,26,Male,Chennai,Tamil Nadu,Salaried,785106.0,Medium,2016-11-08,BR012,0.8842,0
CU00001900,Sai Singh,31,Female,Hyderabad,Telangana,Self-employed,300162.0,High,2023-01-14,BR008,0.2456,0
CU00001901,Priya Gupta,26,Male,Kolkata,West Bengal,Self-employed,346615.0,High,2024-02-26,BR007,0.4351,1
CU00001902,Nikhil Das,51,Female,Kolkata,West Bengal,Student,968186.0,Low,2017-06-22,BR023,0.9334,0
CU00001903,Priya Rao,24,Female,Visakhapatnam,Andhra Pradesh,Salaried,796188.0,Medium,2025-07-19,BR021,0.6685,0
CU00001904,Sai Rao,30,Male,Pune,Maharashtra,Self-employed,1203620.0,Low,2018-01-25,BR001,0.1515,0
CU00001905,Arjun Khan,29,Female,Chennai,Tamil Nadu,Professional,947217.0,Low,2022-05-19,BR016,0.5052,0
CU00001906,Divya Reddy,35,Male,Visakhapatnam,Andhra Pradesh,Professional,618945.0,Medium,2024-09-26,BR023,0.8868,0
CU00001907,Priya Gupta,40,Male,Delhi,Delhi,Salaried,765750.0,Medium,2020-05-02,BR024,0.7555,0
CU00001908,Nikhil Iyer,22,Male,Hyderabad,Telangana,Self-employed,605447.0,Medium,2017-01-31,BR013,0.7888,0
CU00001909,Aditi Das,41,Male,Bengaluru,Karnataka,Retired,856027.0,Medium,2025-07-10,BR011,0.7977,0
CU00001910,Arjun Iyer,59,Female,Kolkata,West Bengal,Student,416870.0,Medium,2023-11-29,BR022,0.3087,0
CU00001911,Rahul Iyer,44,Male,Chennai,Tamil Nadu,Self-employed,776240.0,Medium,2020-12-18,BR021,0.4864,0
CU00001912,Aarav Sharma,42,Male,Bengaluru,Karnataka,Salaried,379833.0,High,2024-06-26,BR009,0.7364,0
CU00001913,Sai Reddy,48,Female,Bengaluru,Karnataka,Salaried,651138.0,Medium,2018-11-25,BR007,0.4446,0
CU00001914,Aarav Sharma,30,Male,Visakhapatnam,Andhra Pradesh,Salaried,500294.0,Medium,2020-06-11,BR005,0.6161,0
CU00001915,Sai Khan,33,Male,Mumbai,Maharashtra,Salaried,187131.0,High,2021-09-18,BR013,0.7383,0
CU00001916,Priya Sharma,18,Male,Hyderabad,Telangana,Professional,475340.0,Medium,2021-12-30,BR017,0.7774,0
CU00001917,Sai Iyer,46,Female,Visakhapatnam,Andhra Pradesh,Salaried,516921.0,Medium,2025-04-13,BR016,0.659,0
CU00001918,Aarav Rao,20,Female,Bengaluru,Karnataka,Salaried,1260773.0,Low,2023-09-16,BR015,0.5783,0
CU00001919,Arjun Singh,27,Male,Hyderabad,Telangana,Self-employed,561441.0,Medium,2024-08-19,BR001,0.4306,0
CU00001920,Divya Gupta,38,Male,Pune,Maharashtra,Self-employed,490637.0,Medium,2023-08-24,BR002,0.6382,0
CU00001921,Divya Singh,48,Male,Delhi,Delhi,Salaried,366499.0,High,2025-07-18,BR002,0.5891,0
CU00001922,Divya Patel,39,Female,Chennai,Tamil Nadu,Retired,1798755.0,Low,2025-07-23,BR019,0.4156,0
CU00001923,Priya Nair,18,Male,Hyderabad,Telangana,Retired,508323.0,Medium,2025-03-23,BR016,0.537,0
CU00001924,Priya Gupta,40,Male,Delhi,Delhi,Retired,1411926.0,Low,2018-08-28,BR023,0.4807,0
CU00001925,Kavya Nair,61,Male,Mumbai,Maharashtra,Student,1497225.0,Low,2019-07-06,BR010,0.6615,0
CU00001926,Aarav Singh,43,Female,Visakhapatnam,Andhra Pradesh,Self-employed,457411.0,Medium,2024-12-22,BR020,0.582,0
CU00001927,Arjun Khan,44,Male,Mumbai,Maharashtra,Professional,383940.0,High,2018-01-05,BR001,0.6441,0
CU00001928,Arjun Das,35,Female,Hyderabad,Telangana,Salaried,598345.0,Medium,2019-04-18,BR023,0.871,0
CU00001929,Divya Sharma,43,Male,Visakhapatnam,Andhra Pradesh,Self-employed,479687.0,Medium,2023-05-19,BR003,0.5518,0
CU00001930,Divya Rao,47,Female,Delhi,Delhi,Salaried,746093.0,Medium,2022-10-11,BR003,0.888,0
CU00001931,Rahul Nair,27,Non-binary,Kolkata,West Bengal,Salaried,829809.0,Medium,2023-09-18,BR001,0.6006,0
CU00001932,Rahul Iyer,22,Male,Kolkata,West Bengal,Salaried,420844.0,Medium,2019-01-17,BR002,0.3657,0
CU00001933,Divya Patel,38,Female,Pune,Maharashtra,Professional,879614.0,Medium,2020-09-17,BR020,0.5077,0
CU00001934,Nikhil Das,41,Male,Visakhapatnam,Andhra Pradesh,Retired,611210.0,Medium,2020-03-03,BR006,0.8773,1
CU00001935,Meera Das,42,Male,Kolkata,West Bengal,Self-employed,217282.0,High,2023-09-22,BR014,0.1411,1
CU00001936,Ishaan Singh,37,Female,Hyderabad,Telangana,Salaried,658111.0,Medium,2025-03-15,BR002,0.199,0
CU00001937,Rahul Singh,55,Male,Pune,Maharashtra,Professional,2369843.0,Very Low,2020-06-30,BR011,0.5209,0
CU00001938,Divya Sharma,40,Male,Hyderabad,Telangana,Self-employed,477929.0,Medium,2019-11-28,BR017,0.6495,0
CU00001939,Rahul Sharma,43,Female,Pune,Maharashtra,Salaried,868304.0,Medium,2019-03-25,BR017,0.4876,0
CU00001940,Divya Khan,38,Male,Pune,Maharashtra,Professional,250577.0,High,2024-03-13,BR010,0.2853,0
CU00001941,Meera Gupta,40,Female,Visakhapatnam,Andhra Pradesh,Salaried,1363639.0,Low,2025-11-19,BR013,0.2749,0
CU00001942,Sai Patel,34,Male,Chennai,Tamil Nadu,Salaried,732473.0,Medium,2021-01-30,BR009,0.5164,0
CU00001943,Sneha Reddy,48,Female,Bengaluru,Karnataka,Professional,780519.0,Medium,2023-09-16,BR010,0.7324,0
CU00001944,Kavya Nair,36,Male,Visakhapatnam,Andhra Pradesh,Self-employed,1969270.0,Very Low,2025-08-06,BR015,0.428,0
CU00001945,Priya Nair,38,Male,Chennai,Tamil Nadu,Retired,380117.0,High,2021-12-27,BR016,0.3191,0
CU00001946,Rahul Gupta,43,Male,Kolkata,West Bengal,Salaried,292861.0,High,2026-01-27,BR014,0.6803,0
CU00001947,Meera Patel,49,Female,Pune,Maharashtra,Student,628233.0,Medium,2020-12-24,BR012,0.6532,0
CU00001948,Arjun Iyer,64,Female,Kolkata,West Bengal,Salaried,709647.0,Medium,2018-09-20,BR016,0.6208,0
CU00001949,Rahul Khan,25,Female,Visakhapatnam,Andhra Pradesh,Salaried,888733.0,Medium,2019-01-12,BR016,0.5623,0
CU00001950,Rahul Das,38,Male,Hyderabad,Telangana,Self-employed,446945.0,Medium,2022-05-05,BR023,0.7918,0
CU00001951,Aarav Das,66,Male,Chennai,Tamil Nadu,Student,342792.0,High,2020-02-21,BR021,0.6346,0
CU00001952,Nikhil Reddy,52,Male,Bengaluru,Karnataka,Salaried,784436.0,Medium,2020-11-15,BR009,0.7771,0
CU00001953,Ishaan Nair,25,Male,Kolkata,West Bengal,Salaried,312291.0,High,2022-08-16,BR015,0.7634,0
CU00001954,Nikhil Reddy,46,Female,Hyderabad,Telangana,Salaried,528153.0,Medium,2022-11-27,BR017,0.8726,0
CU00001955,Nikhil Das,42,Female,Delhi,Delhi,Salaried,575988.0,Medium,2020-06-08,BR014,0.8044,0
CU00001956,Priya Nair,57,Female,Pune,Maharashtra,Self-employed,414631.0,Medium,2022-03-06,BR013,0.7114,0
CU00001957,Sneha Khan,28,Female,Delhi,Delhi,Student,650759.0,Medium,2025-10-06,BR020,0.6431,0
CU00001958,Arjun Singh,34,Male,Chennai,Tamil Nadu,Salaried,418315.0,Medium,2021-04-19,BR016,0.6316,0
CU00001959,Aarav Sharma,39,Female,Hyderabad,Telangana,Self-employed,1293332.0,Low,2022-12-27,BR002,0.5805,0
CU00001960,Meera Rao,36,Female,Hyderabad,Telangana,Student,292676.0,High,2021-08-27,BR017,0.3972,0
CU00001961,Divya Khan,43,Male,Kolkata,West Bengal,Salaried,366811.0,High,2025-04-20,BR003,0.6351,0
CU00001962,Kavya Das,18,Male,Chennai,Tamil Nadu,Retired,1885081.0,Very Low,2022-07-21,BR012,0.4311,0
CU00001963,Divya Gupta,23,Female,Pune,Maharashtra,Salaried,671798.0,Medium,2020-05-14,BR012,0.6451,0
CU00001964,Nikhil Nair,42,Male,Bengaluru,Karnataka,Student,292657.0,High,2023-04-02,BR024,0.582,0
CU00001965,Meera Iyer,45,Male,Visakhapatnam,Andhra Pradesh,Retired,710099.0,Medium,2021-09-19,BR001,0.8488,0
CU00001966,Kavya Gupta,45,Male,Pune,Maharashtra,Self-employed,951709.0,Low,2020-03-22,BR020,0.4272,0
CU00001967,Arjun Khan,53,Male,Bengaluru,Karnataka,Salaried,492295.0,Medium,2024-07-21,BR011,0.1604,0
CU00001968,Meera Das,29,Female,Hyderabad,Telangana,Salaried,2468754.0,Very Low,2020-01-04,BR005,0.3836,0
CU00001969,Ishaan Nair,32,Female,Mumbai,Maharashtra,Self-employed,613996.0,Medium,2017-03-14,BR009,0.456,0
CU00001970,Arjun Das,35,Female,Visakhapatnam,Andhra Pradesh,Salaried,493600.0,Medium,2019-04-01,BR022,0.764,0
CU00001971,Meera Reddy,37,Male,Pune,Maharashtra,Professional,209377.0,High,2025-01-27,BR021,0.5561,0
CU00001972,Ishaan Iyer,36,Male,Chennai,Tamil Nadu,Self-employed,233036.0,High,2023-06-14,BR007,0.3624,0
CU00001973,Aarav Patel,55,Male,Hyderabad,Telangana,Self-employed,602533.0,Medium,2025-10-28,BR002,0.4509,0
CU00001974,Sai Patel,56,Male,Bengaluru,Karnataka,Salaried,2355125.0,Very Low,2023-05-03,BR020,0.9128,0
CU00001975,Kavya Rao,36,Female,Kolkata,West Bengal,Salaried,694278.0,Medium,2021-03-20,BR014,0.4595,0
CU00001976,Rahul Rao,42,Male,Mumbai,Maharashtra,Professional,602823.0,Medium,2024-06-10,BR002,0.9055,0
CU00001977,Meera Iyer,60,Male,Hyderabad,Telangana,Salaried,586611.0,Medium,2024-10-07,BR001,0.9696,0
CU00001978,Nikhil Khan,42,Male,Delhi,Delhi,Salaried,933758.0,Low,2019-08-13,BR013,0.8212,0
CU00001979,Sai Patel,35,Male,Chennai,Tamil Nadu,Salaried,392935.0,High,2025-06-25,BR007,0.7674,0
CU00001980,Divya Reddy,43,Female,Hyderabad,Telangana,Professional,400859.0,Medium,2024-05-10,BR019,0.6883,0
CU00001981,Aarav Rao,24,Male,Delhi,Delhi,Self-employed,795053.0,Medium,2026-06-29,BR003,0.9526,0
CU00001982,Ishaan Rao,36,Female,Visakhapatnam,Andhra Pradesh,Self-employed,778273.0,Medium,2024-12-13,BR017,0.453,0
CU00001983,Aarav Gupta,51,Male,Pune,Maharashtra,Salaried,433955.0,Medium,2017-02-13,BR024,0.6503,0
CU00001984,Ishaan Singh,50,Male,Bengaluru,Karnataka,Salaried,216931.0,High,2017-10-01,BR011,0.7548,1
CU00001985,Meera Rao,56,Female,Kolkata,West Bengal,Salaried,445258.0,Medium,2026-02-27,BR010,0.5237,0
CU00001986,Aditi Iyer,30,Male,Bengaluru,Karnataka,Salaried,2259937.0,Very Low,2025-01-03,BR001,0.6679,0
CU00001987,Kavya Khan,31,Female,Bengaluru,Karnataka,Salaried,540751.0,Medium,2021-12-21,BR017,0.3341,0
CU00001988,Nikhil Khan,40,Male,Bengaluru,Karnataka,Salaried,1095029.0,Low,2024-05-19,BR008,0.4775,0
CU00001989,Aditi Das,39,Male,Visakhapatnam,Andhra Pradesh,Salaried,281798.0,High,2023-11-24,BR020,0.7367,0
CU00001990,Priya Das,59,Male,Hyderabad,Telangana,Student,197460.0,High,2026-01-10,BR018,0.5356,0
CU00001991,Sai Patel,21,Female,Hyderabad,Telangana,Salaried,914791.0,Low,2025-03-19,BR015,0.5785,0
CU00001992,Divya Patel,50,Female,Chennai,Tamil Nadu,Salaried,573534.0,Medium,2022-06-16,BR011,0.0787,0
CU00001993,Aditi Das,54,Male,Delhi,Delhi,Salaried,1407553.0,Low,2021-08-01,BR010,0.9061,0
CU00001994,Divya Sharma,28,Female,Hyderabad,Telangana,Salaried,708242.0,Medium,2021-04-08,BR017,0.646,0
CU00001995,Aarav Rao,50,Male,Hyderabad,Telangana,Retired,1728298.0,Low,2023-07-05,BR009,0.7997,0
CU00001996,Priya Sharma,48,Male,Mumbai,Maharashtra,Retired,821451.0,Medium,2020-02-03,BR015,0.7786,0
CU00001997,Aarav Reddy,33,Male,Hyderabad,Telangana,Professional,954606.0,Low,2019-05-23,BR019,0.4869,0
CU00001998,Kavya Sharma,49,Male,Mumbai,Maharashtra,Retired,450215.0,Medium,2022-03-12,BR002,0.6256,0
CU00001999,Nikhil Sharma,38,Female,Kolkata,West Bengal,Salaried,699156.0,Medium,2017-05-06,BR021,0.603,0
CU00002000,Rahul Gupta,64,Male,Visakhapatnam,Andhra Pradesh,Salaried,486201.0,Medium,2020-07-21,BR018,0.1862,0
CU00002001,Aarav Sharma,44,Male,Visakhapatnam,Andhra Pradesh,Salaried,498394.0,Medium,2020-03-16,BR013,0.151,0
CU00002002,Ishaan Khan,33,Female,Visakhapatnam,Andhra Pradesh,Salaried,1833670.0,Very Low,2021-06-30,BR010,0.3125,0
CU00002003,Arjun Khan,42,Male,Delhi,Delhi,Student,864819.0,Medium,2018-10-27,BR003,0.5969,0
CU00002004,Arjun Singh,55,Female,Visakhapatnam,Andhra Pradesh,Salaried,698120.0,Medium,2022-11-17,BR012,0.8082,0
CU00002005,Meera Reddy,39,Male,Hyderabad,Telangana,Salaried,312885.0,High,2021-03-07,BR009,0.6619,0
CU00002006,Priya Reddy,55,Female,Chennai,Tamil Nadu,Self-employed,593220.0,Medium,2018-03-23,BR009,0.771,0
CU00002007,Sai Singh,32,Male,Visakhapatnam,Andhra Pradesh,Retired,981735.0,Low,2024-02-26,BR012,0.7789,0
CU00002008,Meera Singh,47,Female,Chennai,Tamil Nadu,Salaried,575158.0,Medium,2018-09-15,BR011,0.6253,0
CU00002009,Kavya Reddy,58,Male,Mumbai,Maharashtra,Self-employed,201172.0,High,2022-04-27,BR015,0.1848,0
CU00002010,Priya Das,50,Female,Hyderabad,Telangana,Self-employed,638285.0,Medium,2022-01-19,BR019,0.8002,0
CU00002011,Divya Gupta,29,Female,Visakhapatnam,Andhra Pradesh,Salaried,279377.0,High,2020-06-02,BR024,0.4666,0
CU00002012,Nikhil Iyer,18,Male,Kolkata,West Bengal,Professional,1505775.0,Low,2019-09-27,BR022,0.4502,0
CU00002013,Priya Singh,38,Male,Visakhapatnam,Andhra Pradesh,Self-employed,861518.0,Medium,2026-01-25,BR003,0.9078,0
CU00002014,Divya Sharma,47,Male,Delhi,Delhi,Student,1556884.0,Low,2021-01-11,BR004,0.7384,0
CU00002015,Ishaan Nair,19,Female,Mumbai,Maharashtra,Salaried,775890.0,Medium,2019-06-28,BR001,0.3433,1
CU00002016,Meera Sharma,18,Female,Chennai,Tamil Nadu,Salaried,493053.0,Medium,2025-01-19,BR023,0.6636,0
CU00002017,Kavya Iyer,56,Female,Hyderabad,Telangana,Self-employed,735339.0,Medium,2021-09-16,BR017,0.9938,0
CU00002018,Arjun Sharma,51,Female,Visakhapatnam,Andhra Pradesh,Self-employed,1012116.0,Low,2025-03-23,BR014,0.1063,0
CU00002019,Ishaan Sharma,34,Male,Delhi,Delhi,Salaried,542522.0,Medium,2024-12-08,BR006,0.6552,0
CU00002020,Sai Rao,39,Female,Kolkata,West Bengal,Retired,500624.0,Medium,2023-05-11,BR009,0.5582,0
CU00002021,Aditi Iyer,50,Male,Visakhapatnam,Andhra Pradesh,Professional,1224460.0,Low,2021-11-29,BR018,0.6839,0
CU00002022,Ishaan Rao,46,Female,Kolkata,West Bengal,Student,1632735.0,Low,2017-12-04,BR022,0.2845,0
CU00002023,Sai Singh,38,Female,Pune,Maharashtra,Retired,1552394.0,Low,2025-07-27,BR019,0.8911,0
CU00002024,Sneha Rao,36,Female,Pune,Maharashtra,Salaried,1055543.0,Low,2017-07-29,BR006,0.2672,0
CU00002025,Arjun Singh,40,Female,Mumbai,Maharashtra,Student,1062594.0,Low,2021-09-20,BR013,0.3336,0
CU00002026,Aarav Reddy,51,Female,Bengaluru,Karnataka,Professional,1087207.0,Low,2022-11-10,BR018,0.1259,0
CU00002027,Aditi Gupta,34,Female,Mumbai,Maharashtra,Self-employed,679221.0,Medium,2021-05-29,BR004,0.4304,0
CU00002028,Aditi Das,30,Male,Kolkata,West Bengal,Salaried,835967.0,Medium,2021-03-08,BR020,0.6442,0
CU00002029,Ishaan Das,29,Female,Kolkata,West Bengal,Salaried,455913.0,Medium,2026-01-26,BR012,0.7654,0
CU00002030,Divya Sharma,64,Male,Mumbai,Maharashtra,Professional,1477741.0,Low,2020-07-07,BR003,0.4481,0
CU00002031,Aarav Nair,43,Female,Delhi,Delhi,Salaried,993621.0,Low,2019-03-07,BR011,0.2652,0
CU00002032,Sneha Reddy,18,Male,Visakhapatnam,Andhra Pradesh,Self-employed,509862.0,Medium,2019-09-25,BR016,0.7673,0
CU00002033,Divya Singh,37,Female,Pune,Maharashtra,Salaried,1000595.0,Low,2020-10-27,BR003,0.5982,0
CU00002034,Arjun Reddy,52,Female,Hyderabad,Telangana,Professional,1908945.0,Very Low,2023-03-30,BR020,0.5647,0
CU00002035,Sneha Singh,44,Female,Mumbai,Maharashtra,Professional,1019982.0,Low,2020-04-06,BR022,0.7683,0
CU00002036,Divya Nair,35,Male,Bengaluru,Karnataka,Retired,676153.0,Medium,2024-07-11,BR019,0.744,0
CU00002037,Priya Gupta,44,Male,Chennai,Tamil Nadu,Professional,925625.0,Low,2017-10-04,BR023,0.3517,0
CU00002038,Kavya Nair,35,Male,Kolkata,West Bengal,Professional,456102.0,Medium,2021-03-08,BR016,0.953,0
CU00002039,Aditi Das,35,Male,Kolkata,West Bengal,Student,252311.0,High,2019-07-18,BR016,0.4844,0
CU00002040,Sai Reddy,54,Male,Bengaluru,Karnataka,Self-employed,595440.0,Medium,2018-10-24,BR022,0.4143,0
CU00002041,Kavya Sharma,45,Female,Hyderabad,Telangana,Salaried,725703.0,Medium,2020-12-02,BR018,0.922,0
CU00002042,Arjun Patel,39,Male,Mumbai,Maharashtra,Salaried,1039855.0,Low,2020-03-12,BR014,0.5084,0
CU00002043,Nikhil Gupta,36,Male,Visakhapatnam,Andhra Pradesh,Self-employed,529920.0,Medium,2023-06-06,BR017,0.5696,0
CU00002044,Priya Singh,27,Female,Visakhapatnam,Andhra Pradesh,Salaried,1100570.0,Low,2022-04-06,BR024,0.6256,0
CU00002045,Kavya Khan,50,Male,Chennai,Tamil Nadu,Salaried,694614.0,Medium,2026-01-04,BR021,0.6641,0
CU00002046,Priya Patel,23,Male,Kolkata,West Bengal,Salaried,794897.0,Medium,2021-07-04,BR018,0.7069,0
CU00002047,Arjun Singh,63,Male,Bengaluru,Karnataka,Salaried,1086361.0,Low,2025-10-22,BR016,0.8464,0
CU00002048,Priya Iyer,32,Male,Bengaluru,Karnataka,Self-employed,445412.0,Medium,2023-10-18,BR017,0.4891,0
CU00002049,Aditi Reddy,37,Male,Bengaluru,Karnataka,Salaried,1170193.0,Low,2018-08-11,BR023,0.5759,0
CU00002050,Aditi Nair,46,Female,Kolkata,West Bengal,Student,187128.0,High,2023-06-28,BR003,0.7652,0
CU00002051,Kavya Iyer,37,Male,Kolkata,West Bengal,Retired,462460.0,Medium,2020-06-10,BR002,0.9041,0
CU00002052,Sneha Khan,46,Male,Hyderabad,Telangana,Student,629456.0,Medium,2017-12-20,BR019,0.695,0
CU00002053,Aditi Nair,55,Male,Bengaluru,Karnataka,Salaried,876516.0,Medium,2023-03-12,BR008,0.1504,0
CU00002054,Meera Khan,28,Female,Delhi,Delhi,Salaried,699827.0,Medium,2024-05-25,BR023,0.7844,0
CU00002055,Kavya Gupta,42,Female,Mumbai,Maharashtra,Self-employed,1576161.0,Low,2025-04-25,BR018,0.5782,0
CU00002056,Sai Rao,30,Male,Hyderabad,Telangana,Professional,510883.0,Medium,2024-08-06,BR012,0.52,0
CU00002057,Sai Rao,54,Male,Bengaluru,Karnataka,Self-employed,233083.0,High,2022-04-01,BR023,0.6245,0
CU00002058,Divya Das,46,Male,Hyderabad,Telangana,Retired,448419.0,Medium,2024-03-15,BR013,0.9914,0
CU00002059,Meera Patel,40,Female,Kolkata,West Bengal,Salaried,1938464.0,Very Low,2022-03-19,BR018,0.6027,0
CU00002060,Meera Das,35,Female,Chennai,Tamil Nadu,Salaried,463688.0,Medium,2024-11-27,BR014,0.5846,0
CU00002061,Sai Patel,34,Male,Delhi,Delhi,Student,282570.0,High,2025-06-21,BR015,0.8798,0
CU00002062,Arjun Gupta,18,Female,Delhi,Delhi,Self-employed,527840.0,Medium,2017-02-01,BR013,0.3617,0
CU00002063,Ishaan Gupta,19,Male,Chennai,Tamil Nadu,Retired,466160.0,Medium,2018-11-21,BR022,0.4997,0
CU00002064,Kavya Khan,30,Male,Visakhapatnam,Andhra Pradesh,Salaried,944214.0,Low,2018-06-14,BR001,0.7966,0
CU00002065,Aarav Khan,38,Male,Mumbai,Maharashtra,Retired,390058.0,High,2026-02-11,BR015,0.2754,0
CU00002066,Divya Sharma,42,Male,Delhi,Delhi,Retired,841398.0,Medium,2018-05-01,BR013,0.5815,0
CU00002067,Priya Khan,35,Male,Kolkata,West Bengal,Self-employed,384686.0,High,2025-04-01,BR018,0.8635,0
CU00002068,Kavya Das,43,Male,Mumbai,Maharashtra,Salaried,265166.0,High,2016-10-06,BR011,0.849,0
CU00002069,Priya Rao,32,Male,Kolkata,West Bengal,Self-employed,361445.0,High,2021-04-25,BR006,0.6119,0
CU00002070,Priya Rao,44,Female,Mumbai,Maharashtra,Salaried,588006.0,Medium,2017-02-14,BR002,0.8154,0
CU00002071,Aditi Singh,46,Male,Mumbai,Maharashtra,Self-employed,2734812.0,Very Low,2020-03-30,BR008,0.4223,0
CU00002072,Divya Iyer,52,Male,Mumbai,Maharashtra,Self-employed,449911.0,Medium,2020-04-24,BR019,0.8449,0
CU00002073,Meera Reddy,18,Female,Pune,Maharashtra,Professional,607332.0,Medium,2019-10-10,BR015,0.571,0
CU00002074,Aarav Nair,51,Non-binary,Delhi,Delhi,Retired,1187358.0,Low,2020-01-30,BR017,0.0632,0
CU00002075,Ishaan Rao,44,Male,Bengaluru,Karnataka,Self-employed,756975.0,Medium,2017-04-08,BR006,0.3939,0
CU00002076,Meera Patel,35,Male,Chennai,Tamil Nadu,Salaried,476315.0,Medium,2026-03-12,BR022,0.3781,0
CU00002077,Ishaan Iyer,40,Male,Pune,Maharashtra,Self-employed,945472.0,Low,2019-12-31,BR004,0.8645,0
CU00002078,Ishaan Iyer,37,Female,Bengaluru,Karnataka,Salaried,728945.0,Medium,2023-11-25,BR011,0.513,0
CU00002079,Aarav Das,34,Male,Mumbai,Maharashtra,Salaried,803870.0,Medium,2023-04-15,BR021,0.3693,0
CU00002080,Ishaan Nair,20,Male,Visakhapatnam,Andhra Pradesh,Professional,963897.0,Low,2024-01-08,BR022,0.8311,0
CU00002081,Ishaan Gupta,43,Female,Delhi,Delhi,Self-employed,1151752.0,Low,2022-11-10,BR003,0.8566,0
CU00002082,Priya Reddy,58,Female,Visakhapatnam,Andhra Pradesh,Salaried,574804.0,Medium,2022-05-10,BR013,0.3592,0
CU00002083,Meera Sharma,55,Male,Mumbai,Maharashtra,Professional,216425.0,High,2025-11-18,BR022,0.6981,0
CU00002084,Priya Patel,34,Female,Visakhapatnam,Andhra Pradesh,Salaried,2066397.0,Very Low,2020-02-21,BR005,0.743,0
CU00002085,Rahul Gupta,28,Male,Hyderabad,Telangana,Retired,612328.0,Medium,2016-12-07,BR021,0.6709,0
CU00002086,Rahul Nair,65,Male,Hyderabad,Telangana,Retired,2278321.0,Very Low,2017-02-08,BR024,0.7413,0
CU00002087,Arjun Nair,38,Male,Hyderabad,Telangana,Salaried,1128049.0,Low,2024-04-10,BR018,0.2025,0
CU00002088,Sai Rao,24,Male,Hyderabad,Telangana,Professional,1421609.0,Low,2021-08-11,BR016,0.6703,0
CU00002089,Aarav Khan,48,Female,Bengaluru,Karnataka,Retired,750778.0,Medium,2025-09-11,BR006,0.3957,0
CU00002090,Arjun Khan,18,Male,Pune,Maharashtra,Self-employed,474746.0,Medium,2019-04-12,BR009,0.7078,0
CU00002091,Priya Singh,37,Female,Bengaluru,Karnataka,Self-employed,877529.0,Medium,2017-09-10,BR008,0.2662,0
CU00002092,Divya Iyer,37,Female,Visakhapatnam,Andhra Pradesh,Professional,832538.0,Medium,2021-03-12,BR001,0.6851,0
CU00002093,Sneha Das,42,Female,Kolkata,West Bengal,Professional,2232294.0,Very Low,2019-11-14,BR019,0.4715,0
CU00002094,Sai Khan,30,Male,Kolkata,West Bengal,Salaried,663792.0,Medium,2017-07-26,BR011,0.6266,0
CU00002095,Arjun Iyer,41,Male,Bengaluru,Karnataka,Self-employed,570038.0,Medium,2021-12-14,BR001,0.6811,0
CU00002096,Meera Das,27,Female,Visakhapatnam,Andhra Pradesh,Salaried,1326353.0,Low,2020-06-09,BR014,0.3851,0
CU00002097,Divya Patel,27,Female,Hyderabad,Telangana,Salaried,1194938.0,Low,2025-01-13,BR002,0.7541,0
CU00002098,Divya Nair,28,Male,Pune,Maharashtra,Retired,1024231.0,Low,2021-01-30,BR002,0.8314,0
CU00002099,Rahul Nair,51,Male,Delhi,Delhi,Salaried,459814.0,Medium,2018-06-14,BR019,0.6513,0
CU00002100,Divya Iyer,44,Female,Visakhapatnam,Andhra Pradesh,Retired,425888.0,Medium,2024-03-16,BR003,0.5584,0
CU00002101,Sai Nair,35,Female,Visakhapatnam,Andhra Pradesh,Self-employed,991521.0,Low,2026-03-24,BR006,0.721,0
CU00002102,Meera Patel,76,Male,Bengaluru,Karnataka,Salaried,519694.0,Medium,2023-02-18,BR004,0.3052,0
CU00002103,Aditi Reddy,52,Male,Visakhapatnam,Andhra Pradesh,Self-employed,499709.0,Medium,2020-07-30,BR008,0.678,0
CU00002104,Priya Nair,38,Female,Pune,Maharashtra,Retired,1209458.0,Low,2018-11-03,BR024,0.7009,0
CU00002105,Divya Singh,39,Female,Pune,Maharashtra,Retired,1061681.0,Low,2026-03-16,BR013,0.7718,0
CU00002106,Sneha Patel,59,Male,Hyderabad,Telangana,Salaried,285985.0,High,2024-10-26,BR019,0.7621,0
CU00002107,Aditi Nair,25,Female,Kolkata,West Bengal,Self-employed,560551.0,Medium,2020-04-12,BR020,0.8658,0
CU00002108,Meera Nair,28,Male,Delhi,Delhi,Self-employed,302246.0,High,2020-08-07,BR018,0.5183,0
CU00002109,Aarav Khan,53,Female,Kolkata,West Bengal,Professional,849305.0,Medium,2019-08-04,BR004,0.865,0
CU00002110,Rahul Patel,38,Male,Delhi,Delhi,Salaried,557838.0,Medium,2016-12-15,BR013,0.5829,0
CU00002111,Arjun Gupta,61,Female,Pune,Maharashtra,Self-employed,988322.0,Low,2017-04-12,BR017,0.3034,0
CU00002112,Rahul Rao,33,Male,Kolkata,West Bengal,Salaried,753026.0,Medium,2022-09-03,BR018,0.535,0
CU00002113,Aditi Reddy,22,Male,Hyderabad,Telangana,Professional,757796.0,Medium,2017-04-24,BR014,0.8856,0
CU00002114,Divya Das,30,Female,Pune,Maharashtra,Professional,403511.0,Medium,2018-02-13,BR020,0.9241,0
CU00002115,Priya Khan,18,Male,Bengaluru,Karnataka,Salaried,815356.0,Medium,2018-05-24,BR005,0.5464,0
CU00002116,Aditi Khan,40,Male,Mumbai,Maharashtra,Retired,1272762.0,Low,2022-10-15,BR007,0.5292,0
CU00002117,Kavya Nair,28,Male,Hyderabad,Telangana,Self-employed,707018.0,Medium,2025-01-03,BR020,0.6231,0
CU00002118,Kavya Rao,39,Female,Visakhapatnam,Andhra Pradesh,Student,446222.0,Medium,2022-11-29,BR015,0.7883,0
CU00002119,Sai Rao,31,Male,Chennai,Tamil Nadu,Self-employed,1577380.0,Low,2025-10-24,BR001,0.4729,0
CU00002120,Aarav Gupta,24,Male,Pune,Maharashtra,Salaried,699025.0,Medium,2023-12-22,BR014,0.9813,0
CU00002121,Rahul Rao,41,Female,Bengaluru,Karnataka,Salaried,876348.0,Medium,2026-04-22,BR015,0.5678,0
CU00002122,Aditi Nair,30,Male,Bengaluru,Karnataka,Self-employed,454469.0,Medium,2019-02-28,BR001,0.6095,0
CU00002123,Aarav Das,30,Male,Visakhapatnam,Andhra Pradesh,Salaried,826620.0,Medium,2026-02-02,BR017,0.5519,0
CU00002124,Divya Nair,45,Female,Kolkata,West Bengal,Salaried,468211.0,Medium,2017-04-28,BR010,0.4828,0
CU00002125,Aarav Rao,29,Female,Mumbai,Maharashtra,Retired,1166245.0,Low,2019-12-04,BR002,0.4156,0
CU00002126,Kavya Rao,38,Male,Visakhapatnam,Andhra Pradesh,Salaried,1118129.0,Low,2021-01-07,BR018,0.8462,0
CU00002127,Divya Sharma,47,Male,Kolkata,West Bengal,Salaried,790795.0,Medium,2018-02-15,BR022,0.5176,0
CU00002128,Priya Nair,62,Male,Visakhapatnam,Andhra Pradesh,Salaried,919670.0,Low,2024-10-31,BR011,0.4387,0
CU00002129,Ishaan Gupta,51,Male,Delhi,Delhi,Student,617286.0,Medium,2021-04-28,BR020,0.6069,0
CU00002130,Nikhil Singh,31,Male,Delhi,Delhi,Professional,564080.0,Medium,2023-09-02,BR014,0.7798,0
CU00002131,Arjun Gupta,32,Female,Chennai,Tamil Nadu,Salaried,267057.0,High,2018-02-05,BR003,0.7834,0
CU00002132,Aditi Sharma,36,Male,Pune,Maharashtra,Salaried,535481.0,Medium,2019-03-10,BR007,0.7599,0
CU00002133,Sneha Khan,31,Male,Pune,Maharashtra,Self-employed,1150418.0,Low,2018-08-22,BR009,0.7621,0
CU00002134,Kavya Rao,41,Male,Delhi,Delhi,Student,836393.0,Medium,2025-04-02,BR009,0.7308,0
CU00002135,Rahul Patel,40,Female,Pune,Maharashtra,Salaried,1639587.0,Low,2019-02-22,BR002,0.6233,1
CU00002136,Ishaan Singh,29,Male,Bengaluru,Karnataka,Salaried,1314865.0,Low,2021-01-25,BR019,0.3093,0
CU00002137,Divya Patel,22,Male,Visakhapatnam,Andhra Pradesh,Self-employed,1909708.0,Very Low,2026-05-16,BR010,0.3728,0
CU00002138,Divya Das,46,Female,Kolkata,West Bengal,Retired,649054.0,Medium,2017-12-15,BR015,0.6638,0
CU00002139,Divya Das,38,Female,Pune,Maharashtra,Salaried,541013.0,Medium,2019-05-21,BR013,0.8014,0
CU00002140,Aarav Reddy,36,Female,Delhi,Delhi,Professional,948408.0,Low,2018-10-04,BR012,0.8297,0
CU00002141,Ishaan Reddy,53,Male,Hyderabad,Telangana,Self-employed,1906905.0,Very Low,2025-06-29,BR005,0.6588,0
CU00002142,Kavya Khan,37,Female,Pune,Maharashtra,Salaried,1594081.0,Low,2019-09-20,BR024,0.3814,0
CU00002143,Kavya Gupta,18,Male,Chennai,Tamil Nadu,Professional,1188964.0,Low,2021-10-04,BR014,0.8215,0
CU00002144,Divya Reddy,47,Non-binary,Hyderabad,Telangana,Salaried,1296475.0,Low,2018-07-08,BR004,0.4525,0
CU00002145,Rahul Khan,30,Male,Mumbai,Maharashtra,Professional,868863.0,Medium,2017-06-03,BR023,0.3856,0
CU00002146,Ishaan Reddy,30,Female,Bengaluru,Karnataka,Self-employed,331154.0,High,2019-12-07,BR004,0.8196,1
CU00002147,Aditi Das,53,Male,Delhi,Delhi,Salaried,2321165.0,Very Low,2024-07-16,BR004,0.5664,1
CU00002148,Nikhil Reddy,44,Male,Kolkata,West Bengal,Retired,840757.0,Medium,2023-06-28,BR005,0.2757,0
CU00002149,Aditi Khan,39,Male,Bengaluru,Karnataka,Self-employed,454864.0,Medium,2021-06-20,BR015,0.6025,0
CU00002150,Arjun Khan,41,Female,Delhi,Delhi,Student,602085.0,Medium,2023-08-16,BR012,0.7368,0
CU00002151,Priya Singh,44,Female,Bengaluru,Karnataka,Professional,1010727.0,Low,2019-10-12,BR007,0.5312,0
CU00002152,Sneha Reddy,19,Male,Visakhapatnam,Andhra Pradesh,Self-employed,329275.0,High,2017-08-29,BR010,0.3501,0
CU00002153,Nikhil Nair,41,Male,Mumbai,Maharashtra,Salaried,528252.0,Medium,2025-02-28,BR023,0.5121,0
CU00002154,Divya Patel,31,Male,Delhi,Delhi,Salaried,873678.0,Medium,2021-06-15,BR006,0.2441,0
CU00002155,Aditi Nair,21,Male,Visakhapatnam,Andhra Pradesh,Salaried,1122897.0,Low,2020-09-02,BR019,0.8197,0
CU00002156,Kavya Rao,20,Male,Kolkata,West Bengal,Student,1303792.0,Low,2016-12-01,BR006,0.6794,0
CU00002157,Aarav Das,29,Male,Bengaluru,Karnataka,Salaried,505247.0,Medium,2020-06-19,BR006,0.7379,0
CU00002158,Meera Khan,43,Male,Visakhapatnam,Andhra Pradesh,Self-employed,662685.0,Medium,2018-05-27,BR021,0.2891,0
CU00002159,Aditi Reddy,43,Non-binary,Bengaluru,Karnataka,Professional,337377.0,High,2025-11-05,BR008,0.7419,0
CU00002160,Arjun Reddy,36,Female,Chennai,Tamil Nadu,Salaried,475191.0,Medium,2021-01-10,BR002,0.9466,0
CU00002161,Priya Rao,51,Male,Delhi,Delhi,Retired,1152144.0,Low,2020-09-15,BR001,0.5742,1
CU00002162,Aditi Singh,48,Female,Delhi,Delhi,Salaried,1195927.0,Low,2020-11-03,BR007,0.2943,0
CU00002163,Ishaan Reddy,35,Male,Delhi,Delhi,Salaried,546413.0,Medium,2021-11-14,BR001,0.7,0
CU00002164,Aditi Gupta,38,Male,Mumbai,Maharashtra,Retired,661081.0,Medium,2020-10-08,BR018,0.8544,0
CU00002165,Sai Rao,36,Female,Delhi,Delhi,Self-employed,345915.0,High,2022-03-08,BR020,0.7359,0
CU00002166,Nikhil Iyer,42,Male,Visakhapatnam,Andhra Pradesh,Retired,846086.0,Medium,2017-05-30,BR007,0.5008,0
CU00002167,Aditi Sharma,39,Male,Kolkata,West Bengal,Salaried,411577.0,Medium,2023-02-21,BR023,0.7009,0
CU00002168,Arjun Sharma,29,Male,Kolkata,West Bengal,Student,1197866.0,Low,2016-12-05,BR020,0.4982,0
CU00002169,Sai Singh,18,Female,Hyderabad,Telangana,Salaried,975231.0,Low,2021-04-27,BR002,0.3785,0
CU00002170,Divya Singh,44,Male,Kolkata,West Bengal,Salaried,864343.0,Medium,2025-10-02,BR014,0.8208,0
CU00002171,Divya Rao,27,Male,Delhi,Delhi,Self-employed,1197047.0,Low,2019-01-09,BR008,0.5624,0
CU00002172,Kavya Sharma,40,Male,Pune,Maharashtra,Salaried,563414.0,Medium,2026-03-12,BR011,0.3616,0
CU00002173,Kavya Singh,50,Female,Delhi,Delhi,Self-employed,488715.0,Medium,2023-09-02,BR016,0.3017,0
CU00002174,Meera Sharma,41,Male,Hyderabad,Telangana,Self-employed,2156115.0,Very Low,2017-04-05,BR014,0.3871,0
CU00002175,Priya Rao,41,Female,Kolkata,West Bengal,Salaried,422545.0,Medium,2021-12-25,BR010,0.4952,0
CU00002176,Divya Gupta,37,Female,Pune,Maharashtra,Professional,974194.0,Low,2024-05-15,BR023,0.8581,0
CU00002177,Rahul Gupta,48,Female,Pune,Maharashtra,Professional,437723.0,Medium,2017-07-29,BR010,0.2606,0
CU00002178,Meera Iyer,62,Female,Pune,Maharashtra,Salaried,867357.0,Medium,2018-09-19,BR002,0.7751,0
CU00002179,Divya Gupta,46,Male,Pune,Maharashtra,Salaried,1218760.0,Low,2024-01-18,BR019,0.4194,0
CU00002180,Ishaan Das,64,Male,Bengaluru,Karnataka,Salaried,1093836.0,Low,2018-06-03,BR013,0.6164,0
CU00002181,Aditi Rao,43,Female,Chennai,Tamil Nadu,Salaried,362048.0,High,2025-06-26,BR011,0.72,0
CU00002182,Priya Das,35,Male,Bengaluru,Karnataka,Salaried,538448.0,Medium,2021-08-17,BR012,0.87,0
CU00002183,Kavya Iyer,22,Male,Delhi,Delhi,Salaried,408902.0,Medium,2019-02-07,BR017,0.7029,0
CU00002184,Rahul Singh,46,Female,Hyderabad,Telangana,Student,701040.0,Medium,2019-08-02,BR020,0.3904,0
CU00002185,Kavya Singh,38,Male,Kolkata,West Bengal,Salaried,461811.0,Medium,2020-11-23,BR001,0.4078,0
CU00002186,Sai Gupta,30,Female,Kolkata,West Bengal,Salaried,407687.0,Medium,2018-09-27,BR020,0.7376,0
CU00002187,Aditi Gupta,52,Male,Delhi,Delhi,Salaried,391815.0,High,2022-07-11,BR002,0.7239,0
CU00002188,Ishaan Reddy,28,Non-binary,Delhi,Delhi,Salaried,789696.0,Medium,2021-08-19,BR006,0.7082,0
CU00002189,Meera Iyer,35,Male,Mumbai,Maharashtra,Professional,909965.0,Low,2019-07-10,BR022,0.906,0
CU00002190,Aditi Khan,39,Female,Pune,Maharashtra,Salaried,438674.0,Medium,2017-07-27,BR017,0.5938,0
CU00002191,Meera Reddy,40,Male,Delhi,Delhi,Professional,710512.0,Medium,2023-05-03,BR016,0.5987,0
CU00002192,Priya Singh,18,Male,Visakhapatnam,Andhra Pradesh,Salaried,180000.0,High,2024-05-20,BR020,0.9184,0
CU00002193,Priya Das,19,Female,Bengaluru,Karnataka,Salaried,879449.0,Medium,2018-03-24,BR012,0.9652,0
CU00002194,Nikhil Gupta,48,Female,Delhi,Delhi,Professional,4112442.0,Very Low,2018-08-03,BR008,0.1981,0
CU00002195,Priya Sharma,53,Female,Bengaluru,Karnataka,Professional,1760064.0,Low,2019-01-23,BR009,0.6885,0
CU00002196,Aditi Khan,28,Female,Hyderabad,Telangana,Salaried,1833041.0,Very Low,2022-08-02,BR022,0.3902,0
CU00002197,Ishaan Nair,46,Female,Bengaluru,Karnataka,Salaried,475477.0,Medium,2023-04-24,BR016,0.4949,0
CU00002198,Nikhil Iyer,39,Female,Bengaluru,Karnataka,Salaried,1279683.0,Low,2025-12-29,BR010,0.7411,0
CU00002199,Rahul Nair,53,Female,Delhi,Delhi,Salaried,743405.0,Medium,2019-01-27,BR003,0.5047,0
CU00002200,Priya Das,19,Female,Delhi,Delhi,Salaried,1166108.0,Low,2017-10-15,BR008,0.562,0
CU00002201,Sai Das,37,Female,Chennai,Tamil Nadu,Student,1470603.0,Low,2022-08-28,BR015,0.4007,0
CU00002202,Aarav Nair,35,Female,Mumbai,Maharashtra,Salaried,447694.0,Medium,2019-03-24,BR001,0.6638,0
CU00002203,Kavya Das,44,Female,Kolkata,West Bengal,Salaried,674659.0,Medium,2023-08-16,BR011,0.441,0
CU00002204,Divya Singh,52,Male,Hyderabad,Telangana,Salaried,451307.0,Medium,2022-12-27,BR013,0.8567,1
CU00002205,Aarav Patel,42,Female,Mumbai,Maharashtra,Salaried,225895.0,High,2025-01-29,BR004,0.4566,0
CU00002206,Sai Das,51,Male,Bengaluru,Karnataka,Salaried,499350.0,Medium,2018-01-05,BR022,0.7213,0
CU00002207,Sneha Sharma,30,Male,Chennai,Tamil Nadu,Salaried,1048577.0,Low,2023-12-04,BR006,0.5589,0
CU00002208,Arjun Khan,39,Female,Visakhapatnam,Andhra Pradesh,Self-employed,909522.0,Low,2022-11-18,BR024,0.7827,0
CU00002209,Divya Reddy,45,Male,Visakhapatnam,Andhra Pradesh,Self-employed,424207.0,Medium,2019-04-07,BR020,0.718,0
CU00002210,Priya Das,64,Male,Bengaluru,Karnataka,Salaried,852692.0,Medium,2024-06-09,BR010,0.8626,0
CU00002211,Arjun Sharma,37,Female,Chennai,Tamil Nadu,Retired,878327.0,Medium,2024-06-16,BR014,0.6509,1
CU00002212,Sneha Iyer,58,Female,Delhi,Delhi,Self-employed,1205605.0,Low,2022-09-24,BR002,0.3254,0
CU00002213,Kavya Reddy,40,Male,Visakhapatnam,Andhra Pradesh,Salaried,1446671.0,Low,2017-08-28,BR009,0.6412,0
CU00002214,Aditi Das,31,Male,Mumbai,Maharashtra,Salaried,1915540.0,Very Low,2023-02-21,BR024,0.4414,0
CU00002215,Divya Sharma,32,Male,Chennai,Tamil Nadu,Self-employed,256965.0,High,2020-05-16,BR014,0.2515,0
CU00002216,Aditi Gupta,30,Male,Chennai,Tamil Nadu,Salaried,434890.0,Medium,2020-04-26,BR022,0.624,0
CU00002217,Sai Khan,42,Male,Pune,Maharashtra,Salaried,617048.0,Medium,2019-11-15,BR023,0.7932,1
CU00002218,Kavya Gupta,26,Female,Bengaluru,Karnataka,Salaried,1457414.0,Low,2021-09-24,BR019,0.6385,0
CU00002219,Rahul Nair,54,Female,Visakhapatnam,Andhra Pradesh,Salaried,983681.0,Low,2021-05-25,BR009,0.5255,0
CU00002220,Kavya Nair,58,Male,Mumbai,Maharashtra,Salaried,1033669.0,Low,2016-09-04,BR014,0.2292,1
CU00002221,Sai Gupta,44,Male,Delhi,Delhi,Self-employed,180000.0,High,2020-04-21,BR011,0.5943,0
CU00002222,Divya Gupta,50,Female,Chennai,Tamil Nadu,Salaried,1906757.0,Very Low,2025-08-18,BR023,0.3092,0
CU00002223,Aarav Singh,53,Female,Pune,Maharashtra,Salaried,679399.0,Medium,2023-05-23,BR015,0.763,0
CU00002224,Kavya Sharma,38,Male,Mumbai,Maharashtra,Salaried,936662.0,Low,2020-05-14,BR004,0.9579,0
CU00002225,Arjun Nair,50,Male,Kolkata,West Bengal,Salaried,456152.0,Medium,2018-07-10,BR014,0.3179,0
CU00002226,Kavya Gupta,55,Female,Chennai,Tamil Nadu,Salaried,494996.0,Medium,2024-06-11,BR019,0.7439,0
CU00002227,Sai Nair,36,Female,Kolkata,West Bengal,Professional,1153196.0,Low,2026-03-04,BR015,0.4715,0
CU00002228,Divya Iyer,27,Female,Bengaluru,Karnataka,Self-employed,651806.0,Medium,2025-03-01,BR019,0.5739,0
CU00002229,Nikhil Iyer,38,Female,Bengaluru,Karnataka,Self-employed,1015884.0,Low,2021-11-22,BR019,0.8173,0
CU00002230,Divya Sharma,41,Female,Pune,Maharashtra,Salaried,340458.0,High,2017-10-05,BR007,0.1913,0
CU00002231,Ishaan Iyer,19,Male,Chennai,Tamil Nadu,Self-employed,1204626.0,Low,2019-09-30,BR018,0.7766,0
CU00002232,Divya Singh,19,Male,Mumbai,Maharashtra,Professional,459334.0,Medium,2021-02-04,BR023,0.4768,0
CU00002233,Sneha Nair,45,Female,Delhi,Delhi,Self-employed,820957.0,Medium,2026-06-24,BR015,0.616,0
CU00002234,Arjun Reddy,41,Female,Bengaluru,Karnataka,Salaried,353579.0,High,2021-02-10,BR007,0.3736,0
CU00002235,Arjun Iyer,36,Female,Mumbai,Maharashtra,Student,1303800.0,Low,2018-03-26,BR012,0.6795,0
CU00002236,Sai Iyer,46,Female,Kolkata,West Bengal,Salaried,1355475.0,Low,2024-01-19,BR019,0.1954,1
CU00002237,Aarav Patel,58,Male,Chennai,Tamil Nadu,Salaried,1574250.0,Low,2018-04-15,BR004,0.7248,0
CU00002238,Arjun Khan,32,Female,Hyderabad,Telangana,Self-employed,604327.0,Medium,2025-07-18,BR009,0.6206,0
CU00002239,Nikhil Gupta,59,Female,Mumbai,Maharashtra,Salaried,789492.0,Medium,2018-03-16,BR013,0.516,0
CU00002240,Nikhil Sharma,38,Female,Hyderabad,Telangana,Self-employed,464554.0,Medium,2025-06-23,BR010,0.7567,0
CU00002241,Nikhil Singh,39,Male,Hyderabad,Telangana,Salaried,489183.0,Medium,2022-05-20,BR021,0.6787,0
CU00002242,Sneha Gupta,37,Male,Pune,Maharashtra,Retired,1116936.0,Low,2026-06-09,BR009,0.6456,0
CU00002243,Arjun Iyer,26,Female,Hyderabad,Telangana,Salaried,790542.0,Medium,2017-12-19,BR011,0.6457,0
CU00002244,Divya Sharma,48,Female,Delhi,Delhi,Salaried,423807.0,Medium,2017-07-26,BR002,0.3701,0
CU00002245,Nikhil Reddy,51,Male,Mumbai,Maharashtra,Salaried,787633.0,Medium,2026-01-10,BR017,0.6594,0
CU00002246,Divya Singh,50,Female,Kolkata,West Bengal,Salaried,760740.0,Medium,2017-03-21,BR009,0.4684,0
CU00002247,Nikhil Nair,36,Female,Hyderabad,Telangana,Salaried,566454.0,Medium,2023-02-01,BR009,0.3195,0
CU00002248,Priya Nair,43,Male,Bengaluru,Karnataka,Self-employed,736517.0,Medium,2018-05-23,BR016,0.5554,0
CU00002249,Rahul Sharma,35,Female,Visakhapatnam,Andhra Pradesh,Professional,321712.0,High,2022-12-31,BR003,0.7443,0
CU00002250,Rahul Sharma,65,Female,Bengaluru,Karnataka,Salaried,777153.0,Medium,2024-10-16,BR015,0.3861,0
CU00002251,Divya Das,30,Female,Bengaluru,Karnataka,Salaried,367627.0,High,2017-08-18,BR022,0.9405,0
CU00002252,Rahul Rao,33,Female,Kolkata,West Bengal,Salaried,555748.0,Medium,2020-03-10,BR015,0.9728,0
CU00002253,Aditi Das,68,Female,Kolkata,West Bengal,Self-employed,424827.0,Medium,2017-07-13,BR007,0.3202,1
CU00002254,Ishaan Gupta,35,Female,Visakhapatnam,Andhra Pradesh,Professional,913979.0,Low,2018-07-21,BR021,0.3953,0
CU00002255,Nikhil Patel,44,Female,Pune,Maharashtra,Self-employed,598562.0,Medium,2023-03-25,BR021,0.442,0
CU00002256,Ishaan Patel,41,Male,Mumbai,Maharashtra,Salaried,716657.0,Medium,2019-11-17,BR008,0.5707,0
CU00002257,Nikhil Khan,37,Male,Bengaluru,Karnataka,Salaried,675652.0,Medium,2021-12-17,BR009,0.4254,0
CU00002258,Sneha Nair,31,Female,Bengaluru,Karnataka,Salaried,989551.0,Low,2019-06-30,BR009,0.7977,0
CU00002259,Kavya Rao,37,Male,Mumbai,Maharashtra,Self-employed,347754.0,High,2020-09-22,BR020,0.2114,1
CU00002260,Kavya Singh,34,Female,Chennai,Tamil Nadu,Salaried,823960.0,Medium,2016-11-29,BR012,0.9055,0
CU00002261,Meera Iyer,35,Female,Delhi,Delhi,Salaried,789863.0,Medium,2019-07-31,BR002,0.9214,0
CU00002262,Arjun Khan,46,Male,Mumbai,Maharashtra,Professional,968813.0,Low,2017-05-30,BR007,0.6732,0
CU00002263,Kavya Singh,53,Male,Visakhapatnam,Andhra Pradesh,Salaried,1011109.0,Low,2018-12-16,BR001,0.7259,0
CU00002264,Nikhil Reddy,28,Female,Delhi,Delhi,Salaried,1028515.0,Low,2023-03-05,BR003,0.7672,0
CU00002265,Sneha Reddy,50,Female,Chennai,Tamil Nadu,Self-employed,1112602.0,Low,2019-07-06,BR011,0.7207,0
CU00002266,Nikhil Sharma,25,Male,Pune,Maharashtra,Salaried,470058.0,Medium,2018-07-31,BR002,0.2542,0
CU00002267,Meera Sharma,45,Male,Chennai,Tamil Nadu,Self-employed,378515.0,High,2022-12-28,BR016,0.725,0
CU00002268,Kavya Das,38,Female,Visakhapatnam,Andhra Pradesh,Self-employed,900091.0,Low,2021-02-28,BR012,0.9561,0
CU00002269,Priya Khan,38,Male,Mumbai,Maharashtra,Self-employed,928484.0,Low,2018-10-19,BR007,0.5552,0
CU00002270,Kavya Reddy,42,Female,Chennai,Tamil Nadu,Salaried,1351560.0,Low,2021-01-30,BR020,0.7914,0
CU00002271,Kavya Sharma,38,Female,Kolkata,West Bengal,Salaried,670996.0,Medium,2021-02-17,BR002,0.5201,0
CU00002272,Meera Sharma,28,Female,Chennai,Tamil Nadu,Professional,185340.0,High,2022-01-27,BR023,0.7184,0
CU00002273,Kavya Sharma,32,Male,Chennai,Tamil Nadu,Salaried,1513875.0,Low,2026-03-05,BR018,0.6918,0
CU00002274,Aditi Reddy,44,Male,Kolkata,West Bengal,Salaried,1237768.0,Low,2021-09-12,BR014,0.322,0
CU00002275,Meera Nair,30,Female,Mumbai,Maharashtra,Professional,353281.0,High,2020-02-07,BR019,0.6465,0
CU00002276,Sai Nair,47,Male,Hyderabad,Telangana,Retired,2836462.0,Very Low,2019-06-14,BR020,0.9381,0
CU00002277,Meera Reddy,34,Female,Hyderabad,Telangana,Retired,784554.0,Medium,2021-08-01,BR003,0.6401,0
CU00002278,Meera Sharma,56,Male,Pune,Maharashtra,Retired,317141.0,High,2017-02-25,BR016,0.5843,0
CU00002279,Ishaan Gupta,31,Male,Hyderabad,Telangana,Salaried,279429.0,High,2026-04-21,BR012,0.8123,0
CU00002280,Sneha Nair,29,Female,Pune,Maharashtra,Salaried,470786.0,Medium,2024-06-25,BR001,0.9449,0
CU00002281,Aditi Reddy,34,Male,Visakhapatnam,Andhra Pradesh,Salaried,1522482.0,Low,2024-09-21,BR018,0.7925,0
CU00002282,Rahul Sharma,35,Female,Hyderabad,Telangana,Salaried,2288994.0,Very Low,2023-11-19,BR017,0.3787,0
CU00002283,Aarav Rao,24,Female,Kolkata,West Bengal,Student,814695.0,Medium,2017-08-09,BR017,0.5882,0
CU00002284,Aditi Singh,54,Male,Delhi,Delhi,Self-employed,456318.0,Medium,2022-01-20,BR013,0.7373,0
CU00002285,Nikhil Patel,21,Male,Pune,Maharashtra,Self-employed,1798978.0,Low,2019-05-03,BR019,0.8809,0
CU00002286,Sai Gupta,31,Male,Chennai,Tamil Nadu,Salaried,438465.0,Medium,2020-08-14,BR006,0.5984,0
CU00002287,Aarav Singh,36,Female,Delhi,Delhi,Salaried,541699.0,Medium,2019-08-14,BR023,0.7851,0
CU00002288,Arjun Reddy,55,Male,Kolkata,West Bengal,Salaried,374266.0,High,2019-06-03,BR008,0.8149,0
CU00002289,Priya Sharma,28,Male,Kolkata,West Bengal,Retired,255503.0,High,2021-04-21,BR016,0.461,0
CU00002290,Priya Khan,25,Female,Hyderabad,Telangana,Salaried,409895.0,Medium,2023-12-27,BR010,0.5456,0
CU00002291,Priya Khan,42,Male,Pune,Maharashtra,Professional,627942.0,Medium,2024-04-01,BR016,0.883,0
CU00002292,Sneha Sharma,18,Male,Bengaluru,Karnataka,Student,446636.0,Medium,2020-06-18,BR024,0.7618,0
CU00002293,Ishaan Nair,48,Female,Visakhapatnam,Andhra Pradesh,Salaried,956210.0,Low,2026-06-25,BR021,0.6013,0
CU00002294,Aditi Nair,39,Male,Delhi,Delhi,Student,479870.0,Medium,2017-03-28,BR024,0.7691,0
CU00002295,Sneha Reddy,55,Male,Kolkata,West Bengal,Self-employed,872450.0,Medium,2025-07-01,BR024,0.6974,0
CU00002296,Rahul Singh,40,Female,Mumbai,Maharashtra,Salaried,358415.0,High,2016-09-04,BR014,0.7391,0
CU00002297,Meera Sharma,43,Male,Hyderabad,Telangana,Salaried,206949.0,High,2023-06-26,BR014,0.8469,1
CU00002298,Aditi Patel,28,Male,Chennai,Tamil Nadu,Salaried,597593.0,Medium,2022-10-28,BR008,0.552,0
CU00002299,Priya Patel,31,Male,Visakhapatnam,Andhra Pradesh,Salaried,1328568.0,Low,2016-12-03,BR007,0.8615,0
CU00002300,Arjun Khan,59,Male,Hyderabad,Telangana,Salaried,910121.0,Low,2019-04-06,BR012,0.7459,0
CU00002301,Sai Nair,49,Female,Chennai,Tamil Nadu,Salaried,1365465.0,Low,2024-10-10,BR010,0.8346,0
CU00002302,Priya Khan,42,Female,Kolkata,West Bengal,Salaried,935936.0,Low,2018-12-02,BR004,0.7543,0
CU00002303,Priya Sharma,38,Female,Mumbai,Maharashtra,Self-employed,648539.0,Medium,2024-08-15,BR004,0.443,0
CU00002304,Kavya Singh,38,Female,Pune,Maharashtra,Self-employed,790353.0,Medium,2019-08-02,BR004,0.2297,1
CU00002305,Meera Rao,39,Male,Mumbai,Maharashtra,Student,501533.0,Medium,2019-09-19,BR010,0.5686,0
CU00002306,Meera Reddy,33,Female,Visakhapatnam,Andhra Pradesh,Retired,730651.0,Medium,2017-10-27,BR022,0.409,0
CU00002307,Sneha Khan,61,Female,Delhi,Delhi,Salaried,4498225.0,Very Low,2021-06-26,BR024,0.6233,0
CU00002308,Aarav Singh,18,Female,Kolkata,West Bengal,Salaried,1364600.0,Low,2017-08-02,BR007,0.4233,0
CU00002309,Divya Nair,18,Male,Delhi,Delhi,Self-employed,4067354.0,Very Low,2016-10-23,BR015,0.726,0
CU00002310,Sai Nair,27,Female,Visakhapatnam,Andhra Pradesh,Salaried,770255.0,Medium,2016-09-24,BR003,0.3287,0
CU00002311,Meera Gupta,48,Male,Delhi,Delhi,Professional,1475472.0,Low,2022-02-14,BR022,0.8125,0
CU00002312,Meera Rao,47,Male,Visakhapatnam,Andhra Pradesh,Salaried,2168691.0,Very Low,2022-03-17,BR003,0.1376,0
CU00002313,Rahul Singh,24,Male,Visakhapatnam,Andhra Pradesh,Professional,967773.0,Low,2025-11-05,BR012,0.7136,0
CU00002314,Aarav Khan,38,Male,Bengaluru,Karnataka,Salaried,367530.0,High,2022-11-08,BR002,0.544,0
CU00002315,Rahul Reddy,36,Female,Visakhapatnam,Andhra Pradesh,Salaried,1577359.0,Low,2024-09-24,BR021,0.5645,0
CU00002316,Arjun Rao,37,Male,Chennai,Tamil Nadu,Professional,632700.0,Medium,2016-11-24,BR004,0.5046,0
CU00002317,Nikhil Khan,58,Male,Mumbai,Maharashtra,Salaried,671567.0,Medium,2019-03-13,BR012,0.6589,0
CU00002318,Aditi Khan,37,Female,Bengaluru,Karnataka,Salaried,244192.0,High,2025-02-01,BR015,0.5937,0
CU00002319,Meera Rao,46,Male,Pune,Maharashtra,Salaried,1357170.0,Low,2026-01-12,BR001,0.8022,0
CU00002320,Rahul Iyer,58,Male,Pune,Maharashtra,Salaried,1171062.0,Low,2018-10-12,BR005,0.3064,0
CU00002321,Ishaan Singh,48,Female,Chennai,Tamil Nadu,Self-employed,305057.0,High,2020-10-03,BR015,0.3705,1
CU00002322,Meera Khan,41,Male,Delhi,Delhi,Self-employed,830480.0,Medium,2019-09-12,BR023,0.3174,1
CU00002323,Aditi Reddy,34,Female,Visakhapatnam,Andhra Pradesh,Self-employed,336001.0,High,2025-12-14,BR017,0.2462,1
CU00002324,Kavya Das,48,Female,Bengaluru,Karnataka,Self-employed,929627.0,Low,2025-11-26,BR017,0.4729,0
CU00002325,Sneha Das,49,Male,Pune,Maharashtra,Salaried,1021448.0,Low,2024-11-22,BR020,0.6803,0
CU00002326,Kavya Patel,21,Female,Pune,Maharashtra,Salaried,236309.0,High,2023-11-08,BR005,0.7287,0
CU00002327,Rahul Rao,44,Male,Visakhapatnam,Andhra Pradesh,Professional,699396.0,Medium,2018-10-20,BR003,0.0849,0
CU00002328,Meera Patel,48,Female,Hyderabad,Telangana,Salaried,188949.0,High,2024-07-24,BR017,0.524,0
CU00002329,Arjun Patel,37,Female,Kolkata,West Bengal,Self-employed,631511.0,Medium,2024-07-21,BR007,0.2253,0
CU00002330,Nikhil Das,35,Male,Pune,Maharashtra,Salaried,1097082.0,Low,2018-12-22,BR021,0.3972,0
CU00002331,Priya Gupta,32,Male,Pune,Maharashtra,Salaried,964823.0,Low,2017-02-21,BR013,0.8142,0
CU00002332,Sneha Singh,40,Female,Delhi,Delhi,Student,949408.0,Low,2021-06-18,BR015,0.9028,0
CU00002333,Aditi Reddy,33,Female,Kolkata,West Bengal,Professional,903845.0,Low,2017-03-31,BR008,0.7504,0
CU00002334,Ishaan Rao,23,Female,Kolkata,West Bengal,Salaried,618699.0,Medium,2018-12-11,BR024,0.4292,0
CU00002335,Meera Singh,55,Female,Bengaluru,Karnataka,Self-employed,1050507.0,Low,2025-09-28,BR023,0.8514,0
CU00002336,Kavya Singh,43,Male,Kolkata,West Bengal,Professional,846212.0,Medium,2017-07-04,BR009,0.7669,0
CU00002337,Sai Patel,49,Female,Delhi,Delhi,Self-employed,814823.0,Medium,2019-02-12,BR005,0.2889,0
CU00002338,Rahul Iyer,55,Male,Chennai,Tamil Nadu,Salaried,604980.0,Medium,2022-09-19,BR008,0.7094,0
CU00002339,Rahul Iyer,38,Male,Hyderabad,Telangana,Student,948071.0,Low,2016-09-03,BR020,0.9534,0
CU00002340,Rahul Rao,32,Female,Pune,Maharashtra,Salaried,401834.0,Medium,2022-02-14,BR005,0.5163,0
CU00002341,Nikhil Khan,27,Female,Mumbai,Maharashtra,Salaried,288556.0,High,2025-12-18,BR002,0.7179,0
CU00002342,Aditi Singh,38,Male,Bengaluru,Karnataka,Salaried,1058887.0,Low,2023-11-17,BR024,0.2877,0
CU00002343,Rahul Gupta,35,Male,Kolkata,West Bengal,Salaried,1461634.0,Low,2017-06-25,BR023,0.4979,0
CU00002344,Nikhil Patel,41,Female,Delhi,Delhi,Salaried,395789.0,High,2019-08-09,BR016,0.9408,0
CU00002345,Ishaan Reddy,45,Male,Visakhapatnam,Andhra Pradesh,Retired,874547.0,Medium,2022-02-04,BR008,0.2534,0
CU00002346,Aarav Rao,53,Female,Delhi,Delhi,Salaried,953589.0,Low,2024-01-08,BR002,0.7705,1
CU00002347,Meera Reddy,46,Female,Pune,Maharashtra,Self-employed,1705545.0,Low,2023-01-23,BR021,0.3619,0
CU00002348,Kavya Iyer,51,Female,Pune,Maharashtra,Professional,519998.0,Medium,2022-05-29,BR018,0.6987,0
CU00002349,Kavya Das,55,Male,Kolkata,West Bengal,Self-employed,1609832.0,Low,2023-06-10,BR015,0.2741,0
CU00002350,Aditi Reddy,21,Female,Pune,Maharashtra,Salaried,2212806.0,Very Low,2024-01-26,BR002,0.8493,0
CU00002351,Rahul Das,49,Female,Pune,Maharashtra,Salaried,1303462.0,Low,2018-07-25,BR024,0.6124,0
CU00002352,Kavya Singh,40,Female,Delhi,Delhi,Professional,1128985.0,Low,2021-01-29,BR010,0.6266,0
CU00002353,Divya Singh,49,Male,Visakhapatnam,Andhra Pradesh,Salaried,1124725.0,Low,2021-05-19,BR009,0.3811,0
CU00002354,Meera Das,39,Female,Visakhapatnam,Andhra Pradesh,Salaried,2868887.0,Very Low,2017-10-14,BR005,0.5523,0
CU00002355,Kavya Sharma,36,Female,Visakhapatnam,Andhra Pradesh,Salaried,297501.0,High,2017-07-13,BR005,0.4494,0
CU00002356,Sneha Das,36,Male,Kolkata,West Bengal,Salaried,383256.0,High,2026-01-09,BR007,0.6513,0
CU00002357,Arjun Gupta,27,Male,Visakhapatnam,Andhra Pradesh,Self-employed,754532.0,Medium,2020-02-24,BR009,0.61,0
CU00002358,Sai Khan,35,Male,Hyderabad,Telangana,Salaried,387502.0,High,2026-04-20,BR006,0.9133,0
CU00002359,Sneha Singh,35,Female,Hyderabad,Telangana,Self-employed,903107.0,Low,2019-10-11,BR008,0.1662,0
CU00002360,Rahul Singh,67,Male,Visakhapatnam,Andhra Pradesh,Professional,579465.0,Medium,2017-12-08,BR008,0.8103,0
CU00002361,Aarav Nair,42,Male,Pune,Maharashtra,Salaried,901735.0,Low,2020-08-28,BR017,0.6355,0
CU00002362,Rahul Sharma,56,Female,Kolkata,West Bengal,Self-employed,738493.0,Medium,2017-03-13,BR006,0.4784,0
CU00002363,Sai Das,45,Male,Pune,Maharashtra,Self-employed,528047.0,Medium,2023-09-17,BR015,0.4895,1
CU00002364,Priya Khan,18,Male,Pune,Maharashtra,Student,478606.0,Medium,2025-05-15,BR017,0.8685,0
CU00002365,Divya Khan,26,Female,Pune,Maharashtra,Self-employed,1906598.0,Very Low,2026-04-18,BR021,0.8034,0
CU00002366,Nikhil Reddy,33,Male,Pune,Maharashtra,Salaried,860235.0,Medium,2020-08-06,BR022,0.3716,0
CU00002367,Rahul Gupta,36,Male,Bengaluru,Karnataka,Salaried,467527.0,Medium,2023-08-07,BR009,0.785,0
CU00002368,Divya Iyer,35,Female,Hyderabad,Telangana,Salaried,762878.0,Medium,2024-07-22,BR013,0.8382,0
CU00002369,Aditi Reddy,33,Female,Bengaluru,Karnataka,Retired,823664.0,Medium,2022-01-21,BR024,0.5348,0
CU00002370,Meera Reddy,30,Female,Mumbai,Maharashtra,Self-employed,265927.0,High,2019-04-23,BR009,0.8734,0
CU00002371,Rahul Das,48,Female,Hyderabad,Telangana,Self-employed,251729.0,High,2017-08-14,BR022,0.4711,0
CU00002372,Nikhil Sharma,49,Male,Visakhapatnam,Andhra Pradesh,Salaried,846052.0,Medium,2017-02-18,BR022,0.7857,0
CU00002373,Divya Rao,39,Male,Mumbai,Maharashtra,Salaried,931792.0,Low,2020-11-01,BR015,0.8644,0
CU00002374,Sai Singh,50,Female,Hyderabad,Telangana,Salaried,991684.0,Low,2023-12-05,BR021,0.4716,0
CU00002375,Nikhil Reddy,41,Male,Mumbai,Maharashtra,Salaried,607226.0,Medium,2023-03-15,BR024,0.6787,0
CU00002376,Sneha Sharma,56,Male,Hyderabad,Telangana,Retired,332632.0,High,2017-06-24,BR023,0.6654,0
CU00002377,Aarav Das,21,Male,Pune,Maharashtra,Salaried,331641.0,High,2019-03-07,BR020,0.4469,0
CU00002378,Sneha Nair,39,Male,Kolkata,West Bengal,Self-employed,562740.0,Medium,2022-06-25,BR002,0.8053,0
CU00002379,Sneha Sharma,38,Male,Delhi,Delhi,Salaried,403663.0,Medium,2024-01-09,BR009,0.8811,0
CU00002380,Aditi Nair,48,Female,Delhi,Delhi,Self-employed,498244.0,Medium,2018-07-04,BR017,0.4744,0
CU00002381,Priya Patel,39,Male,Chennai,Tamil Nadu,Self-employed,385467.0,High,2017-12-03,BR013,0.9591,0
CU00002382,Divya Reddy,18,Male,Kolkata,West Bengal,Salaried,358460.0,High,2025-01-28,BR003,0.6579,0
CU00002383,Ishaan Iyer,39,Female,Kolkata,West Bengal,Retired,1060879.0,Low,2024-01-01,BR005,0.4651,0
CU00002384,Divya Rao,25,Male,Mumbai,Maharashtra,Self-employed,618065.0,Medium,2020-01-12,BR018,0.2815,0
CU00002385,Meera Gupta,57,Female,Mumbai,Maharashtra,Salaried,1010687.0,Low,2024-07-23,BR005,0.8689,0
CU00002386,Aditi Reddy,64,Male,Hyderabad,Telangana,Professional,311353.0,High,2020-12-09,BR019,0.476,0
CU00002387,Sai Iyer,40,Male,Delhi,Delhi,Salaried,450315.0,Medium,2021-08-16,BR012,0.9607,0
CU00002388,Priya Gupta,21,Male,Visakhapatnam,Andhra Pradesh,Professional,778303.0,Medium,2021-02-07,BR003,0.7746,0
CU00002389,Aarav Singh,58,Male,Delhi,Delhi,Salaried,1134542.0,Low,2020-01-27,BR008,0.2252,0
CU00002390,Arjun Reddy,30,Female,Visakhapatnam,Andhra Pradesh,Self-employed,357756.0,High,2025-11-25,BR015,0.7807,0
CU00002391,Aarav Reddy,54,Female,Delhi,Delhi,Self-employed,713292.0,Medium,2018-09-17,BR021,0.6139,0
CU00002392,Priya Singh,22,Male,Mumbai,Maharashtra,Retired,204308.0,High,2025-10-07,BR008,0.8937,0
CU00002393,Ishaan Khan,45,Male,Mumbai,Maharashtra,Professional,698948.0,Medium,2025-11-18,BR009,0.8714,0
CU00002394,Aditi Patel,56,Female,Hyderabad,Telangana,Salaried,1070824.0,Low,2024-05-08,BR015,0.7625,0
CU00002395,Meera Khan,29,Male,Kolkata,West Bengal,Retired,411025.0,Medium,2023-09-24,BR015,0.4591,0
CU00002396,Divya Rao,47,Male,Hyderabad,Telangana,Retired,573201.0,Medium,2021-07-30,BR006,0.94,0
CU00002397,Divya Iyer,40,Male,Pune,Maharashtra,Student,1705395.0,Low,2019-12-25,BR001,0.6096,0
CU00002398,Rahul Iyer,31,Female,Pune,Maharashtra,Retired,571420.0,Medium,2018-02-25,BR020,0.3553,0
CU00002399,Divya Rao,28,Female,Bengaluru,Karnataka,Salaried,516363.0,Medium,2025-12-25,BR003,0.6282,0
CU00002400,Arjun Iyer,32,Female,Kolkata,West Bengal,Salaried,2217561.0,Very Low,2022-06-16,BR002,0.6741,0
CU00002401,Ishaan Iyer,24,Female,Mumbai,Maharashtra,Salaried,1570029.0,Low,2021-06-26,BR016,0.5074,0
CU00002402,Arjun Patel,33,Female,Mumbai,Maharashtra,Professional,1893783.0,Very Low,2024-04-11,BR010,0.7224,0
CU00002403,Aarav Patel,39,Male,Mumbai,Maharashtra,Professional,830549.0,Medium,2019-10-12,BR022,0.5553,0
CU00002404,Sai Khan,18,Female,Kolkata,West Bengal,Salaried,683097.0,Medium,2022-10-12,BR003,0.282,0
CU00002405,Rahul Singh,20,Male,Kolkata,West Bengal,Salaried,548509.0,Medium,2021-03-17,BR003,0.6554,0
CU00002406,Aditi Iyer,53,Male,Visakhapatnam,Andhra Pradesh,Self-employed,1182625.0,Low,2024-12-20,BR010,0.7901,0
CU00002407,Divya Sharma,44,Male,Visakhapatnam,Andhra Pradesh,Self-employed,1260224.0,Low,2019-08-01,BR021,0.4321,0
CU00002408,Arjun Iyer,31,Male,Hyderabad,Telangana,Retired,1486860.0,Low,2022-04-06,BR014,0.0902,0
CU00002409,Arjun Rao,69,Male,Pune,Maharashtra,Professional,1352089.0,Low,2017-07-10,BR014,0.4175,0
CU00002410,Kavya Sharma,46,Female,Kolkata,West Bengal,Salaried,631174.0,Medium,2021-02-10,BR011,0.6326,0
CU00002411,Kavya Patel,38,Female,Delhi,Delhi,Student,731541.0,Medium,2022-05-10,BR007,0.4005,0
CU00002412,Rahul Gupta,47,Female,Kolkata,West Bengal,Salaried,1247892.0,Low,2025-03-19,BR008,0.3865,0
CU00002413,Sai Singh,48,Male,Bengaluru,Karnataka,Self-employed,999810.0,Low,2020-02-02,BR019,0.7568,0
CU00002414,Divya Reddy,29,Female,Hyderabad,Telangana,Salaried,805475.0,Medium,2024-11-29,BR019,0.4487,0
CU00002415,Sai Patel,32,Female,Chennai,Tamil Nadu,Retired,705826.0,Medium,2026-06-13,BR014,0.4471,0
CU00002416,Divya Khan,32,Female,Delhi,Delhi,Self-employed,515617.0,Medium,2025-05-12,BR017,0.3147,0
CU00002417,Sai Sharma,46,Male,Bengaluru,Karnataka,Self-employed,530308.0,Medium,2020-01-01,BR015,0.5299,0
CU00002418,Rahul Gupta,37,Male,Bengaluru,Karnataka,Professional,543487.0,Medium,2022-08-29,BR013,0.8532,0
CU00002419,Rahul Singh,51,Male,Hyderabad,Telangana,Salaried,1028331.0,Low,2026-02-14,BR021,0.8124,0
CU00002420,Sai Gupta,47,Non-binary,Mumbai,Maharashtra,Salaried,180000.0,High,2017-03-13,BR004,0.8399,0
CU00002421,Divya Gupta,42,Female,Bengaluru,Karnataka,Salaried,996520.0,Low,2025-05-20,BR006,0.8047,0
CU00002422,Sai Iyer,63,Female,Kolkata,West Bengal,Self-employed,524487.0,Medium,2021-12-05,BR024,0.2516,0
CU00002423,Sai Gupta,24,Male,Chennai,Tamil Nadu,Retired,1661337.0,Low,2018-03-29,BR008,0.1748,0
CU00002424,Priya Sharma,43,Female,Visakhapatnam,Andhra Pradesh,Self-employed,675844.0,Medium,2019-02-20,BR018,0.6885,0
CU00002425,Ishaan Sharma,52,Female,Hyderabad,Telangana,Salaried,1117095.0,Low,2021-11-25,BR011,0.8131,0
CU00002426,Rahul Rao,42,Female,Kolkata,West Bengal,Salaried,342515.0,High,2022-10-02,BR014,0.4342,0
CU00002427,Ishaan Khan,34,Male,Bengaluru,Karnataka,Professional,525836.0,Medium,2024-02-02,BR022,0.7203,0
CU00002428,Priya Khan,19,Male,Visakhapatnam,Andhra Pradesh,Professional,313383.0,High,2024-01-12,BR024,0.3786,0
CU00002429,Aditi Singh,47,Female,Bengaluru,Karnataka,Salaried,1819514.0,Very Low,2022-01-09,BR022,0.5086,0
CU00002430,Meera Singh,45,Female,Bengaluru,Karnataka,Self-employed,1346649.0,Low,2016-11-25,BR009,0.842,0
CU00002431,Ishaan Rao,44,Female,Pune,Maharashtra,Salaried,191120.0,High,2018-03-28,BR021,0.0944,0
CU00002432,Arjun Rao,47,Male,Kolkata,West Bengal,Student,418615.0,Medium,2022-02-17,BR010,0.7022,0
CU00002433,Ishaan Nair,51,Female,Mumbai,Maharashtra,Self-employed,828224.0,Medium,2018-09-21,BR016,0.5242,0
CU00002434,Sai Iyer,36,Male,Kolkata,West Bengal,Salaried,879871.0,Medium,2024-08-27,BR019,0.406,0
CU00002435,Priya Sharma,18,Male,Bengaluru,Karnataka,Salaried,356970.0,High,2022-02-21,BR006,0.8109,0
CU00002436,Rahul Iyer,46,Male,Kolkata,West Bengal,Salaried,1298826.0,Low,2023-09-11,BR018,0.3207,0
CU00002437,Meera Nair,27,Male,Visakhapatnam,Andhra Pradesh,Self-employed,546118.0,Medium,2021-09-22,BR020,0.5018,0
CU00002438,Kavya Singh,24,Male,Hyderabad,Telangana,Salaried,1702111.0,Low,2018-02-17,BR009,0.6867,0
CU00002439,Aditi Iyer,33,Female,Pune,Maharashtra,Salaried,582137.0,Medium,2025-07-27,BR011,0.7943,0
CU00002440,Sneha Nair,45,Female,Mumbai,Maharashtra,Salaried,839601.0,Medium,2019-12-13,BR023,0.7193,0
CU00002441,Sneha Sharma,42,Female,Delhi,Delhi,Professional,317771.0,High,2022-01-15,BR011,0.4269,1
CU00002442,Kavya Nair,31,Male,Kolkata,West Bengal,Salaried,1012576.0,Low,2023-05-03,BR013,0.6128,0
CU00002443,Ishaan Das,22,Female,Mumbai,Maharashtra,Salaried,813764.0,Medium,2025-06-01,BR014,0.7174,0
CU00002444,Arjun Nair,36,Female,Visakhapatnam,Andhra Pradesh,Salaried,851717.0,Medium,2021-11-06,BR007,0.2401,0
CU00002445,Priya Patel,41,Female,Kolkata,West Bengal,Salaried,686569.0,Medium,2019-09-26,BR006,0.4759,0
CU00002446,Kavya Singh,44,Male,Pune,Maharashtra,Student,681234.0,Medium,2025-10-19,BR006,0.5443,0
CU00002447,Divya Nair,30,Female,Bengaluru,Karnataka,Professional,420080.0,Medium,2017-08-19,BR024,0.7437,0
CU00002448,Meera Reddy,18,Female,Pune,Maharashtra,Salaried,458323.0,Medium,2026-01-19,BR006,0.6939,0
CU00002449,Rahul Nair,49,Female,Visakhapatnam,Andhra Pradesh,Self-employed,684592.0,Medium,2017-01-01,BR003,0.612,0
CU00002450,Kavya Reddy,27,Male,Pune,Maharashtra,Self-employed,1545852.0,Low,2019-07-17,BR005,0.3533,0
CU00002451,Meera Khan,18,Male,Visakhapatnam,Andhra Pradesh,Self-employed,442941.0,Medium,2019-10-17,BR016,0.9574,0
CU00002452,Aditi Iyer,41,Male,Pune,Maharashtra,Self-employed,626413.0,Medium,2020-06-29,BR013,0.735,0
CU00002453,Aditi Patel,44,Male,Delhi,Delhi,Salaried,590996.0,Medium,2017-03-24,BR020,0.6824,0
CU00002454,Aditi Das,32,Female,Visakhapatnam,Andhra Pradesh,Salaried,238608.0,High,2021-11-21,BR011,0.5258,0
CU00002455,Aditi Sharma,47,Male,Visakhapatnam,Andhra Pradesh,Retired,180262.0,High,2023-03-17,BR022,0.4923,0
CU00002456,Rahul Sharma,36,Female,Kolkata,West Bengal,Salaried,439876.0,Medium,2024-04-30,BR013,0.361,0
CU00002457,Rahul Reddy,33,Male,Pune,Maharashtra,Retired,1310282.0,Low,2017-11-11,BR006,0.844,0
CU00002458,Rahul Iyer,33,Male,Pune,Maharashtra,Self-employed,661649.0,Medium,2024-06-15,BR015,0.8203,0
CU00002459,Sneha Khan,20,Male,Pune,Maharashtra,Salaried,589664.0,Medium,2017-10-09,BR007,0.9285,0
CU00002460,Priya Iyer,49,Female,Delhi,Delhi,Professional,478738.0,Medium,2017-06-25,BR011,0.4287,0
CU00002461,Ishaan Khan,18,Female,Pune,Maharashtra,Salaried,1726199.0,Low,2021-12-19,BR002,0.8723,0
CU00002462,Aarav Gupta,36,Male,Kolkata,West Bengal,Salaried,380733.0,High,2025-07-27,BR009,0.3832,0
CU00002463,Nikhil Khan,25,Male,Delhi,Delhi,Professional,1250715.0,Low,2018-05-28,BR003,0.4245,0
CU00002464,Meera Rao,40,Female,Kolkata,West Bengal,Salaried,955210.0,Low,2023-03-31,BR019,0.6484,0
CU00002465,Ishaan Das,42,Female,Chennai,Tamil Nadu,Self-employed,718003.0,Medium,2018-06-26,BR010,0.178,0
CU00002466,Nikhil Patel,53,Female,Chennai,Tamil Nadu,Salaried,645895.0,Medium,2023-08-23,BR010,0.1721,0
CU00002467,Meera Patel,30,Male,Bengaluru,Karnataka,Salaried,562517.0,Medium,2026-01-05,BR001,0.6,0
CU00002468,Rahul Das,44,Male,Mumbai,Maharashtra,Salaried,1006250.0,Low,2020-04-04,BR013,0.7148,0
CU00002469,Ishaan Gupta,42,Male,Mumbai,Maharashtra,Salaried,544643.0,Medium,2025-05-10,BR012,0.7136,0
CU00002470,Aarav Sharma,37,Female,Pune,Maharashtra,Salaried,1449308.0,Low,2022-12-14,BR019,0.6076,0
CU00002471,Aarav Iyer,34,Female,Bengaluru,Karnataka,Salaried,590506.0,Medium,2025-12-28,BR002,0.355,0
CU00002472,Sneha Iyer,45,Female,Visakhapatnam,Andhra Pradesh,Self-employed,992229.0,Low,2017-12-05,BR017,0.6598,0
CU00002473,Sai Nair,34,Female,Bengaluru,Karnataka,Student,912682.0,Low,2020-01-21,BR010,0.7416,0
CU00002474,Priya Singh,37,Female,Pune,Maharashtra,Self-employed,362603.0,High,2026-06-19,BR011,0.1207,0
CU00002475,Nikhil Khan,54,Female,Pune,Maharashtra,Student,1741323.0,Low,2025-07-27,BR018,0.1074,0
CU00002476,Meera Patel,33,Female,Hyderabad,Telangana,Self-employed,1424509.0,Low,2019-05-12,BR020,0.9342,0
CU00002477,Kavya Das,43,Male,Pune,Maharashtra,Retired,660033.0,Medium,2026-03-20,BR003,0.407,0
CU00002478,Sneha Gupta,28,Male,Hyderabad,Telangana,Salaried,1957343.0,Very Low,2024-12-24,BR008,0.6024,0
CU00002479,Priya Das,32,Female,Chennai,Tamil Nadu,Self-employed,902580.0,Low,2019-01-06,BR021,0.6999,0
CU00002480,Ishaan Nair,43,Female,Chennai,Tamil Nadu,Self-employed,1360984.0,Low,2017-08-12,BR002,0.7905,0
CU00002481,Ishaan Iyer,53,Male,Bengaluru,Karnataka,Self-employed,678572.0,Medium,2022-02-18,BR003,0.5181,0
CU00002482,Rahul Rao,32,Male,Pune,Maharashtra,Salaried,1022503.0,Low,2017-02-28,BR008,0.6781,0
CU00002483,Nikhil Nair,18,Female,Bengaluru,Karnataka,Salaried,985845.0,Low,2020-09-21,BR002,0.6941,0
CU00002484,Arjun Das,34,Female,Mumbai,Maharashtra,Professional,1200699.0,Low,2025-10-17,BR002,0.3214,1
CU00002485,Rahul Patel,51,Male,Hyderabad,Telangana,Salaried,1612515.0,Low,2023-09-30,BR013,0.3195,0
CU00002486,Sai Das,25,Female,Bengaluru,Karnataka,Salaried,876822.0,Medium,2022-02-14,BR009,0.3282,0
CU00002487,Arjun Patel,28,Male,Visakhapatnam,Andhra Pradesh,Salaried,541705.0,Medium,2019-08-07,BR014,0.1769,0
CU00002488,Aarav Patel,38,Male,Pune,Maharashtra,Salaried,1389002.0,Low,2023-11-28,BR023,0.643,0
CU00002489,Meera Patel,65,Male,Delhi,Delhi,Salaried,586046.0,Medium,2024-03-23,BR023,0.3718,0
CU00002490,Aditi Sharma,45,Female,Mumbai,Maharashtra,Self-employed,998009.0,Low,2020-01-29,BR023,0.6992,0
CU00002491,Arjun Sharma,42,Male,Hyderabad,Telangana,Salaried,266975.0,High,2021-04-06,BR020,0.8695,0
CU00002492,Meera Rao,28,Male,Chennai,Tamil Nadu,Salaried,549572.0,Medium,2023-11-19,BR008,0.5725,0
CU00002493,Nikhil Reddy,31,Female,Pune,Maharashtra,Self-employed,734889.0,Medium,2017-11-06,BR008,0.3661,0
CU00002494,Ishaan Nair,47,Female,Visakhapatnam,Andhra Pradesh,Professional,417131.0,Medium,2017-10-30,BR013,0.4964,0
CU00002495,Rahul Das,18,Female,Chennai,Tamil Nadu,Salaried,617729.0,Medium,2018-03-27,BR018,0.4132,0
CU00002496,Sai Sharma,50,Male,Bengaluru,Karnataka,Salaried,379701.0,High,2021-11-17,BR023,0.5807,0
CU00002497,Priya Sharma,20,Male,Chennai,Tamil Nadu,Self-employed,747645.0,Medium,2017-01-07,BR016,0.9063,0
CU00002498,Rahul Singh,20,Female,Visakhapatnam,Andhra Pradesh,Student,1197141.0,Low,2019-01-27,BR010,0.7836,0
CU00002499,Divya Nair,32,Female,Delhi,Delhi,Self-employed,411562.0,Medium,2016-10-28,BR024,0.4574,0
CU00002500,Aditi Iyer,46,Female,Pune,Maharashtra,Self-employed,2287667.0,Very Low,2023-06-16,BR011,0.5103,0
CU00002501,Rahul Das,25,Male,Hyderabad,Telangana,Salaried,1019976.0,Low,2021-05-20,BR023,0.9237,0
CU00002502,Sai Khan,52,Female,Chennai,Tamil Nadu,Retired,533424.0,Medium,2023-02-23,BR006,0.419,0
CU00002503,Aarav Singh,18,Female,Hyderabad,Telangana,Self-employed,303243.0,High,2020-05-18,BR018,0.3676,0
CU00002504,Arjun Das,55,Female,Visakhapatnam,Andhra Pradesh,Salaried,1367461.0,Low,2020-12-30,BR008,0.8002,0
CU00002505,Aditi Sharma,24,Female,Kolkata,West Bengal,Self-employed,744661.0,Medium,2016-10-20,BR020,0.238,0
CU00002506,Priya Reddy,49,Male,Visakhapatnam,Andhra Pradesh,Salaried,2621406.0,Very Low,2018-10-08,BR014,0.7584,0
CU00002507,Arjun Khan,41,Male,Mumbai,Maharashtra,Salaried,674837.0,Medium,2021-11-13,BR010,0.3983,0
CU00002508,Arjun Singh,18,Female,Kolkata,West Bengal,Salaried,1060295.0,Low,2021-09-11,BR019,0.4487,0
CU00002509,Aditi Reddy,53,Female,Mumbai,Maharashtra,Retired,936419.0,Low,2019-06-08,BR015,0.0644,0
CU00002510,Meera Sharma,18,Male,Delhi,Delhi,Salaried,553767.0,Medium,2019-04-26,BR023,0.8419,0
CU00002511,Ishaan Gupta,58,Female,Chennai,Tamil Nadu,Professional,699914.0,Medium,2017-11-25,BR019,0.9563,0
CU00002512,Aarav Rao,18,Female,Chennai,Tamil Nadu,Retired,380719.0,High,2018-03-22,BR017,0.7151,0
CU00002513,Priya Singh,53,Male,Chennai,Tamil Nadu,Salaried,951139.0,Low,2025-07-24,BR020,0.6187,0
CU00002514,Aditi Iyer,73,Male,Chennai,Tamil Nadu,Professional,2036019.0,Very Low,2016-12-24,BR008,0.6399,0
CU00002515,Sai Gupta,48,Male,Mumbai,Maharashtra,Salaried,498086.0,Medium,2018-10-10,BR024,0.7744,0
CU00002516,Aditi Khan,54,Male,Kolkata,West Bengal,Self-employed,332038.0,High,2023-05-15,BR018,0.7263,0
CU00002517,Nikhil Sharma,26,Male,Mumbai,Maharashtra,Professional,758095.0,Medium,2018-03-02,BR015,0.5509,0
CU00002518,Ishaan Reddy,41,Female,Visakhapatnam,Andhra Pradesh,Retired,281404.0,High,2023-06-05,BR009,0.2332,0
CU00002519,Rahul Reddy,22,Male,Kolkata,West Bengal,Salaried,796133.0,Medium,2026-01-08,BR001,0.4541,0
CU00002520,Ishaan Sharma,31,Male,Visakhapatnam,Andhra Pradesh,Self-employed,345664.0,High,2022-09-24,BR017,0.702,0
CU00002521,Sneha Gupta,29,Male,Visakhapatnam,Andhra Pradesh,Salaried,779022.0,Medium,2018-08-09,BR018,0.7559,0
CU00002522,Sai Nair,40,Female,Chennai,Tamil Nadu,Professional,750293.0,Medium,2019-05-11,BR016,0.52,0
CU00002523,Divya Das,49,Female,Kolkata,West Bengal,Salaried,643208.0,Medium,2024-10-15,BR016,0.3653,0
CU00002524,Kavya Iyer,38,Female,Visakhapatnam,Andhra Pradesh,Professional,255873.0,High,2020-08-03,BR020,0.4014,0
CU00002525,Aditi Gupta,37,Female,Chennai,Tamil Nadu,Student,467133.0,Medium,2019-11-23,BR010,0.571,0
CU00002526,Priya Patel,59,Male,Kolkata,West Bengal,Retired,414621.0,Medium,2017-10-05,BR004,0.8429,0
CU00002527,Kavya Reddy,30,Male,Bengaluru,Karnataka,Self-employed,1027421.0,Low,2018-03-02,BR005,0.38,0
CU00002528,Meera Khan,31,Male,Pune,Maharashtra,Salaried,1203200.0,Low,2019-03-09,BR006,0.2989,0
CU00002529,Divya Singh,71,Male,Chennai,Tamil Nadu,Student,992240.0,Low,2025-12-28,BR015,0.2327,0
CU00002530,Kavya Gupta,47,Female,Delhi,Delhi,Self-employed,264523.0,High,2024-07-06,BR020,0.3429,0
CU00002531,Priya Iyer,28,Male,Bengaluru,Karnataka,Self-employed,1102717.0,Low,2026-07-02,BR018,0.8723,0
CU00002532,Priya Khan,29,Female,Hyderabad,Telangana,Salaried,942332.0,Low,2017-09-10,BR020,0.2443,1
CU00002533,Divya Nair,37,Female,Mumbai,Maharashtra,Retired,362448.0,High,2016-10-06,BR002,0.4013,0
CU00002534,Aditi Singh,36,Male,Visakhapatnam,Andhra Pradesh,Professional,1543775.0,Low,2024-11-25,BR006,0.5356,0
CU00002535,Meera Singh,49,Female,Hyderabad,Telangana,Self-employed,362223.0,High,2024-09-16,BR019,0.2341,0
CU00002536,Priya Patel,45,Male,Chennai,Tamil Nadu,Professional,771046.0,Medium,2020-11-13,BR017,0.5634,0
CU00002537,Rahul Iyer,37,Female,Kolkata,West Bengal,Salaried,629187.0,Medium,2022-11-11,BR012,0.1981,0
CU00002538,Aarav Iyer,63,Male,Hyderabad,Telangana,Salaried,1152445.0,Low,2025-11-26,BR007,0.8167,0
CU00002539,Priya Das,30,Male,Visakhapatnam,Andhra Pradesh,Salaried,626004.0,Medium,2020-08-10,BR004,0.8375,0
CU00002540,Nikhil Patel,67,Male,Bengaluru,Karnataka,Professional,696655.0,Medium,2019-06-24,BR009,0.324,0
CU00002541,Aarav Singh,42,Female,Visakhapatnam,Andhra Pradesh,Professional,914773.0,Low,2021-09-14,BR018,0.92,0
CU00002542,Sneha Das,22,Male,Pune,Maharashtra,Self-employed,1442359.0,Low,2017-07-18,BR023,0.7448,0
CU00002543,Rahul Iyer,18,Female,Chennai,Tamil Nadu,Salaried,813109.0,Medium,2020-10-15,BR014,0.3114,0
CU00002544,Kavya Nair,46,Male,Pune,Maharashtra,Self-employed,1425789.0,Low,2019-12-21,BR018,0.6358,0
CU00002545,Priya Reddy,60,Female,Chennai,Tamil Nadu,Salaried,938125.0,Low,2025-01-05,BR002,0.4365,0
CU00002546,Nikhil Nair,69,Male,Visakhapatnam,Andhra Pradesh,Salaried,628483.0,Medium,2020-07-04,BR005,0.9303,0
CU00002547,Meera Iyer,55,Male,Mumbai,Maharashtra,Salaried,253283.0,High,2017-06-29,BR024,0.8119,0
CU00002548,Arjun Khan,25,Female,Visakhapatnam,Andhra Pradesh,Self-employed,400025.0,Medium,2026-05-28,BR018,0.8099,0
CU00002549,Kavya Gupta,18,Male,Kolkata,West Bengal,Salaried,411637.0,Medium,2016-12-11,BR024,0.4326,0
CU00002550,Aarav Patel,47,Male,Bengaluru,Karnataka,Salaried,534668.0,Medium,2022-09-02,BR021,0.348,0
CU00002551,Arjun Reddy,63,Male,Mumbai,Maharashtra,Salaried,540019.0,Medium,2019-05-28,BR022,0.6378,0
CU00002552,Aditi Patel,18,Female,Mumbai,Maharashtra,Student,937168.0,Low,2024-12-21,BR010,0.825,0
CU00002553,Priya Iyer,44,Male,Bengaluru,Karnataka,Self-employed,877754.0,Medium,2018-11-01,BR003,0.8744,0
CU00002554,Aditi Reddy,49,Female,Kolkata,West Bengal,Professional,699708.0,Medium,2023-02-18,BR019,0.8218,0
CU00002555,Nikhil Reddy,63,Male,Kolkata,West Bengal,Salaried,1048200.0,Low,2025-05-21,BR012,0.8779,0
CU00002556,Meera Singh,31,Female,Hyderabad,Telangana,Retired,274728.0,High,2018-08-06,BR019,0.5405,0
CU00002557,Sneha Gupta,25,Male,Pune,Maharashtra,Professional,413268.0,Medium,2023-02-26,BR003,0.3168,0
CU00002558,Aditi Reddy,41,Female,Delhi,Delhi,Salaried,1340337.0,Low,2018-02-16,BR021,0.418,0
CU00002559,Priya Iyer,41,Female,Hyderabad,Telangana,Salaried,509249.0,Medium,2019-09-07,BR004,0.9267,0
CU00002560,Ishaan Sharma,27,Male,Delhi,Delhi,Salaried,804592.0,Medium,2019-07-15,BR009,0.7201,0
CU00002561,Divya Nair,18,Male,Delhi,Delhi,Salaried,1011833.0,Low,2025-06-15,BR008,0.5196,0
CU00002562,Aarav Reddy,31,Female,Visakhapatnam,Andhra Pradesh,Salaried,511194.0,Medium,2022-10-08,BR014,0.7453,0
CU00002563,Nikhil Sharma,34,Female,Visakhapatnam,Andhra Pradesh,Salaried,526801.0,Medium,2019-09-03,BR018,0.4668,0
CU00002564,Arjun Singh,45,Male,Bengaluru,Karnataka,Salaried,865848.0,Medium,2023-05-16,BR020,0.6847,0
CU00002565,Aditi Sharma,20,Female,Visakhapatnam,Andhra Pradesh,Salaried,753140.0,Medium,2018-03-12,BR020,0.4868,0
CU00002566,Priya Das,34,Male,Mumbai,Maharashtra,Salaried,916332.0,Low,2025-02-21,BR018,0.3889,0
CU00002567,Rahul Patel,57,Male,Hyderabad,Telangana,Self-employed,326148.0,High,2017-11-27,BR024,0.7219,0
CU00002568,Sai Khan,42,Male,Mumbai,Maharashtra,Self-employed,890052.0,Medium,2017-05-16,BR006,0.4348,0
CU00002569,Meera Reddy,31,Male,Chennai,Tamil Nadu,Self-employed,202111.0,High,2023-04-15,BR004,0.8499,0
CU00002570,Sai Patel,41,Male,Bengaluru,Karnataka,Salaried,685108.0,Medium,2017-08-29,BR001,0.2666,0
CU00002571,Divya Nair,38,Female,Pune,Maharashtra,Self-employed,995122.0,Low,2016-09-22,BR010,0.9651,0
CU00002572,Meera Rao,46,Male,Mumbai,Maharashtra,Self-employed,1126730.0,Low,2023-08-22,BR002,0.7264,0
CU00002573,Aarav Nair,34,Male,Hyderabad,Telangana,Salaried,387194.0,High,2019-12-27,BR023,0.522,0
CU00002574,Arjun Nair,37,Female,Pune,Maharashtra,Salaried,667821.0,Medium,2024-07-17,BR011,0.4595,0
CU00002575,Aarav Gupta,31,Male,Hyderabad,Telangana,Salaried,1523525.0,Low,2024-07-11,BR012,0.3087,0
CU00002576,Rahul Sharma,39,Male,Bengaluru,Karnataka,Salaried,401808.0,Medium,2018-04-22,BR009,0.3719,0
CU00002577,Nikhil Reddy,44,Female,Chennai,Tamil Nadu,Professional,557601.0,Medium,2024-03-26,BR018,0.7593,0
CU00002578,Sai Rao,60,Male,Pune,Maharashtra,Salaried,631751.0,Medium,2022-12-26,BR006,0.7246,0
CU00002579,Kavya Sharma,23,Female,Pune,Maharashtra,Salaried,1120161.0,Low,2018-12-08,BR023,0.2546,0
CU00002580,Arjun Das,50,Female,Chennai,Tamil Nadu,Self-employed,1249385.0,Low,2020-06-05,BR016,0.6456,0
CU00002581,Kavya Gupta,36,Male,Mumbai,Maharashtra,Professional,1096079.0,Low,2023-08-19,BR010,0.7345,0
CU00002582,Kavya Sharma,18,Female,Bengaluru,Karnataka,Student,669068.0,Medium,2023-12-31,BR004,0.6883,0
CU00002583,Aarav Gupta,59,Female,Mumbai,Maharashtra,Salaried,1255337.0,Low,2023-05-01,BR015,0.715,0
CU00002584,Arjun Iyer,28,Male,Pune,Maharashtra,Salaried,539467.0,Medium,2023-10-13,BR016,0.7912,0
CU00002585,Ishaan Iyer,61,Male,Mumbai,Maharashtra,Self-employed,637597.0,Medium,2024-03-02,BR001,0.6621,0
CU00002586,Sneha Patel,38,Female,Hyderabad,Telangana,Salaried,788728.0,Medium,2025-12-15,BR005,0.7144,0
CU00002587,Ishaan Singh,34,Female,Chennai,Tamil Nadu,Self-employed,970673.0,Low,2025-03-29,BR017,0.7929,0
CU00002588,Aditi Patel,22,Female,Delhi,Delhi,Self-employed,511871.0,Medium,2021-08-09,BR022,0.5888,0
CU00002589,Aarav Iyer,48,Male,Kolkata,West Bengal,Professional,388752.0,High,2026-05-09,BR009,0.922,1
CU00002590,Divya Sharma,59,Female,Pune,Maharashtra,Salaried,180000.0,High,2025-04-12,BR018,0.1044,0
CU00002591,Priya Sharma,43,Male,Kolkata,West Bengal,Salaried,991460.0,Low,2020-09-13,BR012,0.3948,0
CU00002592,Meera Nair,25,Male,Bengaluru,Karnataka,Salaried,716461.0,Medium,2024-05-07,BR002,0.7676,0
CU00002593,Nikhil Singh,45,Male,Visakhapatnam,Andhra Pradesh,Salaried,1298234.0,Low,2020-08-09,BR003,0.7834,0
CU00002594,Rahul Nair,39,Male,Bengaluru,Karnataka,Self-employed,598580.0,Medium,2016-10-14,BR013,0.6679,0
CU00002595,Rahul Patel,43,Female,Hyderabad,Telangana,Student,951978.0,Low,2026-03-29,BR015,0.3726,0
CU00002596,Arjun Rao,18,Female,Chennai,Tamil Nadu,Self-employed,1276407.0,Low,2024-09-30,BR018,0.4023,0
CU00002597,Priya Sharma,59,Female,Delhi,Delhi,Self-employed,397588.0,High,2022-12-30,BR013,0.4923,0
CU00002598,Aditi Khan,42,Non-binary,Bengaluru,Karnataka,Professional,669674.0,Medium,2017-04-09,BR001,0.6783,0
CU00002599,Ishaan Khan,28,Male,Visakhapatnam,Andhra Pradesh,Salaried,324185.0,High,2022-10-13,BR019,0.404,0
CU00002600,Aarav Rao,52,Female,Delhi,Delhi,Professional,584233.0,Medium,2020-01-25,BR013,0.2685,0
CU00002601,Meera Das,44,Female,Pune,Maharashtra,Salaried,564193.0,Medium,2020-07-27,BR005,0.2919,0
CU00002602,Nikhil Iyer,46,Female,Hyderabad,Telangana,Professional,1652162.0,Low,2021-12-15,BR010,0.1518,0
CU00002603,Kavya Sharma,56,Female,Hyderabad,Telangana,Salaried,434921.0,Medium,2021-05-10,BR018,0.3949,0
CU00002604,Aarav Singh,51,Male,Delhi,Delhi,Salaried,512876.0,Medium,2021-07-22,BR021,0.6493,0
CU00002605,Nikhil Das,41,Male,Bengaluru,Karnataka,Salaried,413320.0,Medium,2020-04-04,BR018,0.5667,1
CU00002606,Arjun Nair,44,Male,Delhi,Delhi,Self-employed,897465.0,Medium,2020-02-27,BR022,0.8695,0
CU00002607,Meera Rao,38,Male,Mumbai,Maharashtra,Self-employed,602828.0,Medium,2021-08-26,BR020,0.3776,0
CU00002608,Aditi Iyer,41,Male,Kolkata,West Bengal,Self-employed,1648154.0,Low,2024-09-12,BR005,0.7365,0
CU00002609,Sai Iyer,26,Male,Bengaluru,Karnataka,Self-employed,480285.0,Medium,2024-04-01,BR007,0.583,0
CU00002610,Rahul Rao,44,Female,Hyderabad,Telangana,Student,721199.0,Medium,2020-12-20,BR018,0.4892,0
CU00002611,Nikhil Iyer,29,Male,Bengaluru,Karnataka,Salaried,438642.0,Medium,2017-09-02,BR019,0.8074,0
CU00002612,Meera Das,32,Female,Mumbai,Maharashtra,Self-employed,885703.0,Medium,2023-01-20,BR013,0.3316,0
CU00002613,Aarav Nair,40,Female,Bengaluru,Karnataka,Self-employed,553583.0,Medium,2020-11-01,BR023,0.4405,1
CU00002614,Meera Das,24,Male,Hyderabad,Telangana,Self-employed,627267.0,Medium,2025-02-07,BR023,0.5876,0
CU00002615,Kavya Gupta,62,Female,Visakhapatnam,Andhra Pradesh,Salaried,1614364.0,Low,2020-08-13,BR008,0.6761,0
CU00002616,Aditi Gupta,41,Female,Hyderabad,Telangana,Student,317649.0,High,2021-07-18,BR017,0.3545,0
CU00002617,Divya Reddy,34,Male,Chennai,Tamil Nadu,Student,441708.0,Medium,2025-05-14,BR001,0.8233,0
CU00002618,Nikhil Gupta,39,Male,Delhi,Delhi,Self-employed,1048500.0,Low,2026-02-28,BR012,0.5396,0
CU00002619,Arjun Das,52,Female,Chennai,Tamil Nadu,Student,898280.0,Medium,2017-06-27,BR005,0.8267,0
CU00002620,Arjun Nair,50,Female,Visakhapatnam,Andhra Pradesh,Salaried,442900.0,Medium,2022-04-24,BR018,0.6888,0
CU00002621,Priya Nair,18,Female,Pune,Maharashtra,Self-employed,180000.0,High,2022-09-10,BR014,0.4298,0
CU00002622,Sai Nair,27,Female,Bengaluru,Karnataka,Retired,693252.0,Medium,2022-03-02,BR011,0.6365,0
CU00002623,Ishaan Iyer,39,Female,Visakhapatnam,Andhra Pradesh,Salaried,653582.0,Medium,2023-12-03,BR017,0.8971,0
CU00002624,Nikhil Gupta,31,Male,Kolkata,West Bengal,Salaried,582578.0,Medium,2017-06-19,BR004,0.6524,0
CU00002625,Sai Sharma,49,Male,Chennai,Tamil Nadu,Professional,451685.0,Medium,2025-11-24,BR006,0.4975,0
CU00002626,Kavya Iyer,27,Female,Bengaluru,Karnataka,Salaried,2878157.0,Very Low,2024-09-26,BR011,0.2989,0
CU00002627,Sai Sharma,49,Female,Visakhapatnam,Andhra Pradesh,Salaried,348947.0,High,2024-04-25,BR012,0.6278,1
CU00002628,Ishaan Das,26,Female,Bengaluru,Karnataka,Salaried,1045331.0,Low,2022-05-26,BR003,0.4087,0
CU00002629,Divya Nair,45,Female,Delhi,Delhi,Retired,1019109.0,Low,2024-11-24,BR001,0.8996,0
CU00002630,Arjun Khan,35,Male,Mumbai,Maharashtra,Retired,742741.0,Medium,2020-08-07,BR014,0.7648,0
CU00002631,Divya Reddy,44,Female,Hyderabad,Telangana,Salaried,1141793.0,Low,2020-02-23,BR010,0.2729,0
CU00002632,Arjun Patel,18,Female,Mumbai,Maharashtra,Salaried,267848.0,High,2017-09-21,BR023,0.3435,0
CU00002633,Ishaan Patel,41,Male,Bengaluru,Karnataka,Salaried,501210.0,Medium,2021-09-28,BR003,0.5044,0
CU00002634,Divya Singh,18,Male,Hyderabad,Telangana,Salaried,273626.0,High,2024-08-17,BR005,0.0644,0
CU00002635,Rahul Khan,30,Female,Bengaluru,Karnataka,Salaried,586084.0,Medium,2025-02-05,BR019,0.5294,0
CU00002636,Arjun Khan,38,Non-binary,Pune,Maharashtra,Self-employed,804223.0,Medium,2020-09-10,BR009,0.8838,0
CU00002637,Aditi Reddy,40,Female,Pune,Maharashtra,Salaried,287320.0,High,2018-11-11,BR004,0.4083,0
CU00002638,Divya Rao,37,Female,Bengaluru,Karnataka,Salaried,1342825.0,Low,2022-05-20,BR015,0.8442,0
CU00002639,Divya Patel,28,Non-binary,Visakhapatnam,Andhra Pradesh,Student,302366.0,High,2021-11-05,BR006,0.4425,0
CU00002640,Sneha Gupta,48,Female,Visakhapatnam,Andhra Pradesh,Salaried,999943.0,Low,2019-07-23,BR018,0.8008,0
CU00002641,Rahul Nair,33,Male,Visakhapatnam,Andhra Pradesh,Retired,607223.0,Medium,2025-07-14,BR009,0.4908,0
CU00002642,Meera Iyer,39,Female,Bengaluru,Karnataka,Salaried,979060.0,Low,2019-07-26,BR017,0.921,0
CU00002643,Priya Sharma,26,Female,Kolkata,West Bengal,Self-employed,582909.0,Medium,2026-03-07,BR018,0.3786,0
CU00002644,Nikhil Singh,50,Male,Chennai,Tamil Nadu,Retired,1121458.0,Low,2024-03-08,BR010,0.2566,0
CU00002645,Meera Gupta,25,Male,Delhi,Delhi,Salaried,886754.0,Medium,2020-11-19,BR016,0.2182,0
CU00002646,Nikhil Gupta,34,Male,Kolkata,West Bengal,Self-employed,689639.0,Medium,2025-10-23,BR012,0.7299,0
CU00002647,Aarav Khan,42,Female,Mumbai,Maharashtra,Salaried,714072.0,Medium,2020-01-22,BR007,0.8287,1
CU00002648,Sneha Khan,45,Male,Hyderabad,Telangana,Self-employed,637902.0,Medium,2016-10-20,BR022,0.7357,0
CU00002649,Arjun Sharma,45,Female,Visakhapatnam,Andhra Pradesh,Retired,877314.0,Medium,2018-03-27,BR020,0.7506,0
CU00002650,Priya Reddy,20,Female,Bengaluru,Karnataka,Salaried,1176800.0,Low,2021-01-08,BR023,0.3955,0
CU00002651,Kavya Singh,40,Female,Chennai,Tamil Nadu,Professional,1640419.0,Low,2022-10-08,BR007,0.6775,0
CU00002652,Kavya Gupta,36,Female,Kolkata,West Bengal,Salaried,218732.0,High,2017-11-29,BR012,0.8222,0
CU00002653,Arjun Reddy,60,Male,Delhi,Delhi,Salaried,568281.0,Medium,2026-06-21,BR012,0.8475,0
CU00002654,Aarav Patel,21,Male,Bengaluru,Karnataka,Salaried,813782.0,Medium,2025-01-21,BR021,0.4568,0
CU00002655,Divya Khan,51,Female,Mumbai,Maharashtra,Self-employed,1635426.0,Low,2017-12-21,BR023,0.3894,0
CU00002656,Kavya Nair,34,Male,Hyderabad,Telangana,Salaried,228696.0,High,2018-09-02,BR013,0.527,0
CU00002657,Ishaan Gupta,55,Female,Kolkata,West Bengal,Retired,734023.0,Medium,2019-08-16,BR013,0.583,0
CU00002658,Kavya Singh,39,Female,Pune,Maharashtra,Salaried,719762.0,Medium,2022-08-23,BR019,0.3075,0
CU00002659,Priya Khan,53,Female,Bengaluru,Karnataka,Professional,323592.0,High,2022-07-14,BR007,0.8109,0
CU00002660,Sneha Sharma,54,Male,Kolkata,West Bengal,Retired,653477.0,Medium,2017-02-09,BR002,0.6874,0
CU00002661,Aarav Rao,31,Female,Kolkata,West Bengal,Professional,915764.0,Low,2023-02-01,BR021,0.4397,0
CU00002662,Nikhil Rao,53,Male,Kolkata,West Bengal,Salaried,2672814.0,Very Low,2024-07-10,BR014,0.506,0
CU00002663,Meera Gupta,46,Male,Chennai,Tamil Nadu,Salaried,788689.0,Medium,2020-12-25,BR018,0.653,0
CU00002664,Meera Gupta,55,Female,Delhi,Delhi,Professional,185051.0,High,2020-03-03,BR015,0.8032,0
CU00002665,Rahul Reddy,31,Male,Visakhapatnam,Andhra Pradesh,Salaried,431130.0,Medium,2018-12-22,BR016,0.4429,0
CU00002666,Kavya Das,28,Female,Delhi,Delhi,Self-employed,755534.0,Medium,2026-04-20,BR004,0.8199,0
CU00002667,Aditi Rao,60,Female,Pune,Maharashtra,Salaried,638461.0,Medium,2017-01-28,BR021,0.7853,0
CU00002668,Priya Sharma,42,Male,Mumbai,Maharashtra,Self-employed,532227.0,Medium,2020-02-26,BR024,0.8933,0
CU00002669,Nikhil Das,34,Female,Visakhapatnam,Andhra Pradesh,Salaried,1941633.0,Very Low,2019-01-06,BR003,0.8691,1
CU00002670,Ishaan Singh,42,Male,Mumbai,Maharashtra,Retired,948935.0,Low,2020-04-11,BR003,0.4411,1
CU00002671,Priya Rao,28,Female,Mumbai,Maharashtra,Salaried,904829.0,Low,2024-05-22,BR013,0.6542,0
CU00002672,Sneha Reddy,44,Male,Pune,Maharashtra,Self-employed,1214658.0,Low,2017-05-27,BR006,0.7305,0
CU00002673,Ishaan Das,40,Non-binary,Kolkata,West Bengal,Professional,1298818.0,Low,2024-01-04,BR021,0.4846,0
CU00002674,Kavya Khan,48,Female,Bengaluru,Karnataka,Salaried,915514.0,Low,2019-11-06,BR015,0.5237,0
CU00002675,Sneha Reddy,20,Female,Hyderabad,Telangana,Salaried,500312.0,Medium,2019-12-17,BR011,0.7089,0
CU00002676,Meera Sharma,34,Male,Bengaluru,Karnataka,Salaried,502383.0,Medium,2020-05-12,BR010,0.4474,1
CU00002677,Ishaan Sharma,41,Male,Kolkata,West Bengal,Salaried,941821.0,Low,2022-07-23,BR018,0.8746,0
CU00002678,Nikhil Reddy,35,Female,Hyderabad,Telangana,Salaried,628947.0,Medium,2022-01-21,BR023,0.8961,0
CU00002679,Priya Rao,49,Male,Chennai,Tamil Nadu,Self-employed,374846.0,High,2021-09-22,BR006,0.6057,0
CU00002680,Sai Gupta,37,Female,Kolkata,West Bengal,Retired,1173556.0,Low,2021-03-20,BR002,0.4823,0
CU00002681,Rahul Rao,25,Male,Bengaluru,Karnataka,Professional,340795.0,High,2018-11-26,BR007,0.9173,0
CU00002682,Rahul Nair,51,Female,Pune,Maharashtra,Self-employed,965376.0,Low,2019-04-26,BR012,0.7472,0
CU00002683,Ishaan Khan,37,Female,Hyderabad,Telangana,Student,663608.0,Medium,2024-04-07,BR003,0.4213,0
CU00002684,Kavya Rao,29,Female,Mumbai,Maharashtra,Self-employed,899156.0,Medium,2021-03-07,BR008,0.6097,0
CU00002685,Sai Iyer,24,Male,Delhi,Delhi,Self-employed,1380699.0,Low,2026-02-17,BR003,0.4747,0
CU00002686,Ishaan Iyer,34,Female,Mumbai,Maharashtra,Salaried,286910.0,High,2017-06-06,BR010,0.9143,0
CU00002687,Sneha Nair,39,Female,Bengaluru,Karnataka,Retired,356390.0,High,2018-06-28,BR006,0.7645,0
CU00002688,Sneha Nair,22,Male,Pune,Maharashtra,Salaried,553824.0,Medium,2017-02-10,BR012,0.5835,0
CU00002689,Rahul Nair,37,Female,Kolkata,West Bengal,Salaried,617767.0,Medium,2023-03-26,BR006,0.5371,0
CU00002690,Divya Sharma,46,Male,Bengaluru,Karnataka,Self-employed,181221.0,High,2019-03-26,BR024,0.5096,0
CU00002691,Divya Nair,43,Male,Pune,Maharashtra,Professional,699923.0,Medium,2023-11-11,BR023,0.7914,0
CU00002692,Meera Khan,58,Male,Pune,Maharashtra,Self-employed,611504.0,Medium,2018-12-05,BR014,0.8323,0
CU00002693,Kavya Gupta,51,Female,Kolkata,West Bengal,Salaried,1064501.0,Low,2018-02-27,BR024,0.3951,1
CU00002694,Meera Nair,37,Male,Pune,Maharashtra,Professional,404817.0,Medium,2023-08-14,BR021,0.7622,0
CU00002695,Aarav Reddy,33,Female,Pune,Maharashtra,Salaried,1237397.0,Low,2022-10-31,BR005,0.4267,0
CU00002696,Aditi Singh,47,Female,Pune,Maharashtra,Self-employed,473247.0,Medium,2017-07-21,BR020,0.9418,0
CU00002697,Priya Reddy,61,Female,Chennai,Tamil Nadu,Salaried,469455.0,Medium,2017-12-08,BR024,0.8419,1
CU00002698,Sneha Sharma,45,Female,Chennai,Tamil Nadu,Retired,419171.0,Medium,2026-06-14,BR009,0.8145,0
CU00002699,Aditi Gupta,39,Female,Chennai,Tamil Nadu,Self-employed,403091.0,Medium,2020-06-25,BR007,0.9441,1
CU00002700,Meera Nair,36,Female,Chennai,Tamil Nadu,Salaried,855236.0,Medium,2017-12-21,BR012,0.5228,0
CU00002701,Sneha Gupta,57,Male,Hyderabad,Telangana,Self-employed,711282.0,Medium,2016-11-18,BR017,0.6812,0
CU00002702,Divya Singh,42,Female,Delhi,Delhi,Professional,1952918.0,Very Low,2018-06-30,BR016,0.2728,0
CU00002703,Rahul Das,29,Male,Chennai,Tamil Nadu,Self-employed,686836.0,Medium,2019-12-09,BR006,0.7357,1
CU00002704,Divya Sharma,44,Male,Delhi,Delhi,Salaried,913763.0,Low,2020-08-24,BR017,0.561,0
CU00002705,Nikhil Reddy,46,Female,Mumbai,Maharashtra,Self-employed,1288272.0,Low,2021-05-14,BR015,0.291,0
CU00002706,Kavya Sharma,44,Female,Chennai,Tamil Nadu,Professional,658752.0,Medium,2018-08-16,BR003,0.4287,0
CU00002707,Priya Khan,43,Female,Bengaluru,Karnataka,Salaried,480093.0,Medium,2018-01-20,BR018,0.6764,0
CU00002708,Aarav Khan,30,Male,Kolkata,West Bengal,Salaried,191146.0,High,2025-05-20,BR019,0.844,0
CU00002709,Sai Sharma,41,Female,Hyderabad,Telangana,Salaried,600265.0,Medium,2022-08-25,BR011,0.5787,0
CU00002710,Rahul Khan,45,Female,Hyderabad,Telangana,Salaried,1244289.0,Low,2025-01-22,BR024,0.7623,0
CU00002711,Aditi Das,54,Female,Hyderabad,Telangana,Salaried,1978194.0,Very Low,2022-01-03,BR023,0.4017,0
CU00002712,Rahul Iyer,37,Female,Visakhapatnam,Andhra Pradesh,Professional,735115.0,Medium,2025-05-31,BR024,0.637,0
CU00002713,Ishaan Nair,23,Male,Delhi,Delhi,Self-employed,180000.0,High,2020-11-23,BR007,0.3162,0
CU00002714,Kavya Das,33,Female,Pune,Maharashtra,Salaried,594487.0,Medium,2020-08-05,BR021,0.4832,0
CU00002715,Ishaan Iyer,50,Female,Delhi,Delhi,Self-employed,598885.0,Medium,2024-02-08,BR010,0.5169,0
CU00002716,Nikhil Nair,33,Female,Hyderabad,Telangana,Salaried,868756.0,Medium,2018-11-15,BR023,0.2342,1
CU00002717,Ishaan Reddy,24,Male,Chennai,Tamil Nadu,Student,675806.0,Medium,2024-01-28,BR017,0.8749,0
CU00002718,Ishaan Sharma,24,Female,Chennai,Tamil Nadu,Retired,1040511.0,Low,2020-10-17,BR014,0.6357,0
CU00002719,Meera Patel,28,Male,Bengaluru,Karnataka,Salaried,928486.0,Low,2024-12-05,BR005,0.7205,0
CU00002720,Nikhil Iyer,39,Female,Pune,Maharashtra,Self-employed,248662.0,High,2023-04-18,BR013,0.5812,0
CU00002721,Aarav Khan,41,Female,Mumbai,Maharashtra,Professional,714277.0,Medium,2025-09-23,BR015,0.5064,0
CU00002722,Ishaan Reddy,56,Male,Chennai,Tamil Nadu,Self-employed,599262.0,Medium,2023-12-11,BR011,0.6236,0
CU00002723,Sai Sharma,43,Non-binary,Chennai,Tamil Nadu,Student,407866.0,Medium,2018-06-18,BR008,0.5894,0
CU00002724,Sai Gupta,18,Female,Visakhapatnam,Andhra Pradesh,Salaried,1314122.0,Low,2018-11-13,BR005,0.8201,0
CU00002725,Sneha Gupta,27,Female,Kolkata,West Bengal,Salaried,474239.0,Medium,2023-12-07,BR013,0.7517,1
CU00002726,Ishaan Gupta,42,Male,Visakhapatnam,Andhra Pradesh,Self-employed,334564.0,High,2023-05-21,BR022,0.636,0
CU00002727,Sai Reddy,49,Male,Hyderabad,Telangana,Retired,1225568.0,Low,2020-01-06,BR022,0.6862,0
CU00002728,Ishaan Singh,30,Female,Delhi,Delhi,Self-employed,1418133.0,Low,2020-03-27,BR006,0.7976,0
CU00002729,Priya Nair,30,Non-binary,Visakhapatnam,Andhra Pradesh,Salaried,250169.0,High,2024-10-17,BR001,0.2087,0
CU00002730,Aarav Nair,19,Male,Visakhapatnam,Andhra Pradesh,Self-employed,886512.0,Medium,2018-06-21,BR008,0.2687,0
CU00002731,Divya Gupta,37,Male,Chennai,Tamil Nadu,Student,1048179.0,Low,2018-09-28,BR007,0.2464,0
CU00002732,Arjun Sharma,52,Male,Bengaluru,Karnataka,Self-employed,557295.0,Medium,2022-06-03,BR005,0.946,0
CU00002733,Priya Rao,37,Female,Pune,Maharashtra,Salaried,913802.0,Low,2018-12-19,BR022,0.6719,0
CU00002734,Sneha Das,38,Male,Kolkata,West Bengal,Salaried,987296.0,Low,2017-09-30,BR008,0.8191,0
CU00002735,Rahul Patel,37,Female,Chennai,Tamil Nadu,Retired,938043.0,Low,2018-10-24,BR020,0.4411,0
CU00002736,Meera Das,23,Female,Mumbai,Maharashtra,Professional,1424202.0,Low,2018-06-14,BR018,0.483,0
CU00002737,Sneha Gupta,19,Male,Delhi,Delhi,Salaried,1611920.0,Low,2026-03-21,BR013,0.9276,0
CU00002738,Ishaan Iyer,22,Female,Delhi,Delhi,Salaried,1349964.0,Low,2017-10-11,BR017,0.217,0
CU00002739,Kavya Nair,44,Male,Kolkata,West Bengal,Student,1008497.0,Low,2018-08-31,BR018,0.9055,0
CU00002740,Priya Sharma,37,Male,Hyderabad,Telangana,Salaried,618233.0,Medium,2026-06-15,BR004,0.8425,0
CU00002741,Arjun Rao,52,Female,Pune,Maharashtra,Salaried,327532.0,High,2025-04-05,BR017,0.4588,0
CU00002742,Rahul Sharma,68,Male,Hyderabad,Telangana,Salaried,2232202.0,Very Low,2023-08-02,BR006,0.1272,0
CU00002743,Sneha Gupta,37,Female,Bengaluru,Karnataka,Self-employed,888742.0,Medium,2017-03-24,BR007,0.4966,0
CU00002744,Ishaan Das,43,Female,Delhi,Delhi,Professional,617207.0,Medium,2018-07-17,BR011,0.7438,0
CU00002745,Aarav Patel,19,Male,Chennai,Tamil Nadu,Salaried,1470771.0,Low,2021-04-03,BR019,0.7526,0
CU00002746,Sneha Sharma,20,Male,Hyderabad,Telangana,Self-employed,1790546.0,Low,2021-09-28,BR013,0.7187,0
CU00002747,Kavya Gupta,46,Female,Mumbai,Maharashtra,Salaried,509042.0,Medium,2023-08-25,BR019,0.8056,1
CU00002748,Ishaan Sharma,31,Male,Mumbai,Maharashtra,Self-employed,257391.0,High,2018-04-14,BR021,0.3551,0
CU00002749,Kavya Sharma,35,Female,Bengaluru,Karnataka,Self-employed,884577.0,Medium,2025-08-08,BR018,0.0704,1
CU00002750,Priya Das,52,Male,Mumbai,Maharashtra,Salaried,855650.0,Medium,2020-10-18,BR011,0.7074,0
CU00002751,Aarav Das,18,Female,Visakhapatnam,Andhra Pradesh,Salaried,462075.0,Medium,2025-08-13,BR003,0.4606,0
CU00002752,Kavya Iyer,46,Female,Hyderabad,Telangana,Salaried,807238.0,Medium,2022-02-28,BR005,0.2511,0
CU00002753,Sai Khan,36,Female,Mumbai,Maharashtra,Salaried,541151.0,Medium,2023-08-14,BR014,0.628,0
CU00002754,Sai Khan,24,Male,Delhi,Delhi,Retired,419383.0,Medium,2018-02-03,BR010,0.4724,0
CU00002755,Nikhil Singh,53,Male,Delhi,Delhi,Salaried,1144812.0,Low,2019-07-24,BR024,0.2522,0
CU00002756,Sai Iyer,39,Female,Bengaluru,Karnataka,Professional,2691485.0,Very Low,2025-01-06,BR001,0.7476,0
CU00002757,Ishaan Das,66,Male,Mumbai,Maharashtra,Salaried,447313.0,Medium,2021-07-09,BR020,0.8135,0
CU00002758,Priya Nair,55,Male,Hyderabad,Telangana,Self-employed,386562.0,High,2023-12-30,BR016,0.915,0
CU00002759,Priya Das,47,Female,Mumbai,Maharashtra,Salaried,805117.0,Medium,2018-08-03,BR012,0.817,0
CU00002760,Divya Iyer,40,Female,Pune,Maharashtra,Salaried,2651841.0,Very Low,2020-06-25,BR018,0.7883,0
CU00002761,Kavya Khan,51,Male,Hyderabad,Telangana,Salaried,895915.0,Medium,2021-01-10,BR008,0.8197,1
CU00002762,Sai Rao,31,Female,Bengaluru,Karnataka,Salaried,638516.0,Medium,2025-03-17,BR007,0.2716,0
CU00002763,Meera Patel,28,Female,Delhi,Delhi,Salaried,734367.0,Medium,2025-04-20,BR018,0.3571,0
CU00002764,Ishaan Singh,45,Female,Kolkata,West Bengal,Salaried,331330.0,High,2016-12-08,BR006,0.8527,0
CU00002765,Nikhil Singh,48,Male,Kolkata,West Bengal,Self-employed,1055980.0,Low,2021-08-10,BR019,0.5361,0
CU00002766,Aarav Das,40,Female,Pune,Maharashtra,Salaried,392286.0,High,2025-04-12,BR004,0.7775,0
CU00002767,Nikhil Nair,39,Female,Hyderabad,Telangana,Salaried,360955.0,High,2023-10-19,BR003,0.5301,0
CU00002768,Aditi Rao,54,Female,Bengaluru,Karnataka,Self-employed,752458.0,Medium,2021-04-24,BR006,0.3233,0
CU00002769,Sai Rao,53,Female,Visakhapatnam,Andhra Pradesh,Self-employed,859062.0,Medium,2018-07-24,BR007,0.2155,0
CU00002770,Kavya Patel,50,Male,Hyderabad,Telangana,Student,633052.0,Medium,2022-09-17,BR024,0.8146,0
CU00002771,Meera Khan,42,Male,Kolkata,West Bengal,Professional,826045.0,Medium,2022-06-12,BR009,0.8169,0
CU00002772,Rahul Khan,41,Female,Bengaluru,Karnataka,Salaried,1524751.0,Low,2020-12-08,BR022,0.5682,0
CU00002773,Rahul Singh,47,Female,Bengaluru,Karnataka,Student,1148691.0,Low,2017-05-08,BR003,0.7464,0
CU00002774,Aditi Sharma,31,Female,Bengaluru,Karnataka,Professional,717518.0,Medium,2017-12-06,BR021,0.7774,0
CU00002775,Divya Patel,46,Male,Mumbai,Maharashtra,Self-employed,928034.0,Low,2018-05-23,BR010,0.3049,0
CU00002776,Sai Gupta,34,Male,Delhi,Delhi,Professional,450020.0,Medium,2026-06-04,BR014,0.3437,0
CU00002777,Meera Patel,37,Male,Mumbai,Maharashtra,Salaried,901067.0,Low,2021-01-16,BR010,0.9193,0
CU00002778,Rahul Khan,40,Female,Visakhapatnam,Andhra Pradesh,Salaried,1574349.0,Low,2021-02-19,BR016,0.7638,0
CU00002779,Priya Iyer,25,Male,Chennai,Tamil Nadu,Self-employed,467239.0,Medium,2023-11-05,BR011,0.493,0
CU00002780,Priya Gupta,43,Female,Delhi,Delhi,Salaried,1209224.0,Low,2024-09-28,BR017,0.4385,0
CU00002781,Kavya Reddy,39,Male,Kolkata,West Bengal,Self-employed,351214.0,High,2022-09-26,BR004,0.5464,0
CU00002782,Divya Gupta,42,Female,Chennai,Tamil Nadu,Student,1644392.0,Low,2020-10-14,BR024,0.7524,0
CU00002783,Nikhil Reddy,20,Male,Hyderabad,Telangana,Retired,841594.0,Medium,2023-02-15,BR022,0.7029,0
CU00002784,Sai Gupta,32,Female,Visakhapatnam,Andhra Pradesh,Salaried,350118.0,High,2020-01-14,BR011,0.5829,0
CU00002785,Sai Patel,32,Female,Visakhapatnam,Andhra Pradesh,Salaried,890572.0,Medium,2023-09-19,BR004,0.2072,0
CU00002786,Sneha Nair,36,Male,Mumbai,Maharashtra,Salaried,557542.0,Medium,2021-08-25,BR021,0.8258,0
CU00002787,Aditi Khan,35,Female,Pune,Maharashtra,Self-employed,629278.0,Medium,2024-10-13,BR004,0.8614,0
CU00002788,Sneha Nair,38,Female,Bengaluru,Karnataka,Professional,722755.0,Medium,2019-08-21,BR006,0.6196,0
CU00002789,Meera Khan,41,Female,Delhi,Delhi,Student,635021.0,Medium,2025-07-14,BR009,0.4727,0
CU00002790,Priya Das,40,Female,Delhi,Delhi,Salaried,1163569.0,Low,2020-04-05,BR014,0.9296,0
CU00002791,Priya Rao,35,Male,Kolkata,West Bengal,Salaried,1005085.0,Low,2021-10-09,BR023,0.8316,0
CU00002792,Meera Gupta,37,Female,Chennai,Tamil Nadu,Professional,749189.0,Medium,2021-09-20,BR017,0.5701,0
CU00002793,Aditi Reddy,37,Male,Visakhapatnam,Andhra Pradesh,Professional,541930.0,Medium,2016-12-19,BR014,0.4237,0
CU00002794,Meera Rao,34,Male,Pune,Maharashtra,Self-employed,830793.0,Medium,2016-09-23,BR011,0.411,0
CU00002795,Divya Gupta,53,Male,Visakhapatnam,Andhra Pradesh,Salaried,984571.0,Low,2019-12-21,BR016,0.655,0
CU00002796,Sai Sharma,41,Female,Delhi,Delhi,Self-employed,394446.0,High,2020-04-12,BR012,0.3634,0
CU00002797,Nikhil Singh,41,Female,Visakhapatnam,Andhra Pradesh,Professional,677150.0,Medium,2021-07-31,BR022,0.8451,0
CU00002798,Sneha Reddy,58,Male,Delhi,Delhi,Salaried,522382.0,Medium,2018-06-10,BR014,0.437,0
CU00002799,Aditi Reddy,37,Female,Pune,Maharashtra,Salaried,232746.0,High,2024-11-15,BR014,0.6845,0
CU00002800,Ishaan Patel,32,Male,Visakhapatnam,Andhra Pradesh,Salaried,305402.0,High,2016-09-05,BR003,0.296,0
CU00002801,Rahul Iyer,38,Female,Pune,Maharashtra,Self-employed,1078589.0,Low,2024-06-19,BR009,0.7753,0
CU00002802,Ishaan Singh,43,Female,Kolkata,West Bengal,Salaried,340172.0,High,2021-07-06,BR007,0.8532,1
CU00002803,Sneha Gupta,33,Male,Hyderabad,Telangana,Self-employed,600518.0,Medium,2017-02-26,BR023,0.8136,0
CU00002804,Divya Das,43,Female,Hyderabad,Telangana,Self-employed,987342.0,Low,2018-10-20,BR023,0.5145,0
CU00002805,Nikhil Khan,18,Female,Bengaluru,Karnataka,Self-employed,521245.0,Medium,2023-05-07,BR015,0.6792,0
CU00002806,Meera Gupta,53,Male,Bengaluru,Karnataka,Professional,398377.0,High,2022-11-02,BR020,0.7225,0
CU00002807,Priya Reddy,22,Male,Mumbai,Maharashtra,Salaried,558697.0,Medium,2025-11-10,BR009,0.9627,0
CU00002808,Sai Singh,38,Female,Pune,Maharashtra,Salaried,857991.0,Medium,2017-10-18,BR013,0.6625,0
CU00002809,Rahul Iyer,18,Female,Delhi,Delhi,Self-employed,285576.0,High,2026-06-09,BR017,0.4521,0
CU00002810,Aarav Sharma,49,Female,Delhi,Delhi,Salaried,288790.0,High,2019-08-15,BR010,0.7368,0
CU00002811,Priya Sharma,26,Male,Bengaluru,Karnataka,Salaried,1037714.0,Low,2024-05-04,BR016,0.932,0
CU00002812,Sneha Patel,45,Male,Kolkata,West Bengal,Retired,1187781.0,Low,2019-03-13,BR020,0.4994,0
CU00002813,Sai Nair,32,Female,Bengaluru,Karnataka,Retired,269678.0,High,2017-01-06,BR010,0.3887,1
CU00002814,Rahul Das,48,Male,Pune,Maharashtra,Salaried,244299.0,High,2025-12-02,BR014,0.5959,0
CU00002815,Arjun Singh,39,Female,Delhi,Delhi,Retired,1269738.0,Low,2022-01-17,BR016,0.741,0
CU00002816,Arjun Rao,55,Male,Pune,Maharashtra,Retired,1356855.0,Low,2020-04-19,BR015,0.8744,0
CU00002817,Aditi Patel,47,Male,Visakhapatnam,Andhra Pradesh,Salaried,415593.0,Medium,2026-05-16,BR003,0.5417,0
CU00002818,Nikhil Reddy,42,Female,Chennai,Tamil Nadu,Salaried,410885.0,Medium,2022-05-03,BR024,0.5591,0
CU00002819,Aarav Khan,59,Female,Kolkata,West Bengal,Salaried,1464542.0,Low,2019-02-24,BR015,0.4968,0
CU00002820,Sneha Iyer,42,Female,Visakhapatnam,Andhra Pradesh,Salaried,928202.0,Low,2016-10-11,BR023,0.5233,0
CU00002821,Sai Iyer,39,Male,Pune,Maharashtra,Salaried,501755.0,Medium,2020-07-15,BR016,0.594,0
CU00002822,Aditi Singh,51,Male,Chennai,Tamil Nadu,Salaried,480618.0,Medium,2022-12-12,BR002,0.8216,0
CU00002823,Kavya Nair,56,Male,Delhi,Delhi,Self-employed,1068782.0,Low,2019-02-19,BR003,0.167,0
CU00002824,Rahul Singh,29,Male,Chennai,Tamil Nadu,Professional,1665060.0,Low,2021-09-15,BR006,0.4445,0
CU00002825,Meera Sharma,46,Female,Kolkata,West Bengal,Professional,1238494.0,Low,2025-04-27,BR009,0.902,0
CU00002826,Aarav Singh,52,Female,Hyderabad,Telangana,Salaried,1054778.0,Low,2020-05-31,BR017,0.6399,0
CU00002827,Sai Singh,70,Male,Pune,Maharashtra,Salaried,1583208.0,Low,2017-08-16,BR002,0.4201,0
CU00002828,Sai Gupta,28,Female,Hyderabad,Telangana,Professional,469868.0,Medium,2024-02-15,BR020,0.8604,0
CU00002829,Nikhil Patel,22,Female,Hyderabad,Telangana,Self-employed,962633.0,Low,2026-05-13,BR008,0.4335,0
CU00002830,Meera Patel,54,Female,Bengaluru,Karnataka,Salaried,593532.0,Medium,2024-12-09,BR006,0.6862,0
CU00002831,Rahul Rao,46,Female,Delhi,Delhi,Salaried,334122.0,High,2019-09-14,BR021,0.3746,0
CU00002832,Rahul Iyer,35,Female,Pune,Maharashtra,Professional,419697.0,Medium,2020-08-03,BR017,0.9062,0
CU00002833,Sai Das,28,Female,Kolkata,West Bengal,Salaried,623671.0,Medium,2025-05-05,BR015,0.4755,0
CU00002834,Kavya Reddy,39,Male,Bengaluru,Karnataka,Salaried,625500.0,Medium,2021-01-24,BR009,0.4799,0
CU00002835,Nikhil Nair,55,Male,Chennai,Tamil Nadu,Salaried,903426.0,Low,2022-07-28,BR022,0.7485,0
CU00002836,Arjun Khan,18,Female,Mumbai,Maharashtra,Self-employed,532564.0,Medium,2019-12-07,BR006,0.6899,0
CU00002837,Priya Sharma,32,Male,Hyderabad,Telangana,Salaried,450827.0,Medium,2020-12-04,BR005,0.5487,0
CU00002838,Kavya Das,60,Female,Bengaluru,Karnataka,Salaried,410048.0,Medium,2017-06-07,BR015,0.5793,0
CU00002839,Nikhil Rao,24,Male,Kolkata,West Bengal,Self-employed,646491.0,Medium,2022-07-08,BR023,0.1677,0
CU00002840,Divya Das,21,Female,Hyderabad,Telangana,Retired,994503.0,Low,2020-03-05,BR015,0.2677,0
CU00002841,Divya Patel,29,Male,Pune,Maharashtra,Salaried,1209983.0,Low,2026-01-09,BR007,0.3648,0
CU00002842,Ishaan Nair,31,Male,Delhi,Delhi,Student,1519690.0,Low,2025-08-06,BR023,0.2,0
CU00002843,Nikhil Singh,23,Female,Kolkata,West Bengal,Salaried,276803.0,High,2026-02-17,BR004,0.8163,0
CU00002844,Nikhil Gupta,19,Male,Chennai,Tamil Nadu,Self-employed,1520591.0,Low,2024-08-04,BR008,0.8194,0
CU00002845,Meera Nair,45,Female,Hyderabad,Telangana,Self-employed,1154535.0,Low,2021-01-13,BR001,0.4828,0
CU00002846,Priya Reddy,37,Male,Delhi,Delhi,Self-employed,949530.0,Low,2019-04-02,BR014,0.184,0
CU00002847,Meera Rao,34,Male,Visakhapatnam,Andhra Pradesh,Professional,638233.0,Medium,2019-03-21,BR017,0.2884,0
CU00002848,Kavya Das,38,Female,Bengaluru,Karnataka,Salaried,958966.0,Low,2025-06-29,BR004,0.2677,0
CU00002849,Divya Patel,54,Female,Visakhapatnam,Andhra Pradesh,Salaried,375824.0,High,2024-06-15,BR023,0.8556,0
CU00002850,Sneha Reddy,30,Male,Hyderabad,Telangana,Salaried,523413.0,Medium,2019-12-08,BR008,0.2358,0
CU00002851,Kavya Das,29,Female,Delhi,Delhi,Salaried,594317.0,Medium,2025-05-11,BR010,0.6994,0
CU00002852,Rahul Sharma,62,Male,Pune,Maharashtra,Salaried,426725.0,Medium,2017-04-18,BR003,0.6626,0
CU00002853,Aarav Nair,35,Male,Bengaluru,Karnataka,Retired,579173.0,Medium,2023-07-10,BR019,0.525,0
CU00002854,Rahul Reddy,29,Male,Visakhapatnam,Andhra Pradesh,Self-employed,1315946.0,Low,2021-10-09,BR020,0.2797,0
CU00002855,Priya Sharma,37,Female,Mumbai,Maharashtra,Salaried,553250.0,Medium,2017-04-12,BR024,0.766,0
CU00002856,Ishaan Iyer,61,Female,Pune,Maharashtra,Retired,666800.0,Medium,2026-03-12,BR021,0.3407,0
CU00002857,Arjun Nair,50,Male,Pune,Maharashtra,Salaried,1058161.0,Low,2025-02-03,BR009,0.5736,0
CU00002858,Nikhil Khan,44,Male,Visakhapatnam,Andhra Pradesh,Salaried,551048.0,Medium,2022-07-19,BR008,0.7389,0
CU00002859,Nikhil Nair,56,Female,Hyderabad,Telangana,Student,1048818.0,Low,2024-07-23,BR016,0.6806,0
CU00002860,Arjun Iyer,38,Female,Kolkata,West Bengal,Self-employed,491862.0,Medium,2018-04-23,BR020,0.9877,0
CU00002861,Aditi Khan,26,Female,Visakhapatnam,Andhra Pradesh,Professional,297397.0,High,2023-05-20,BR004,0.6521,0
CU00002862,Aditi Patel,56,Male,Bengaluru,Karnataka,Salaried,375620.0,High,2025-05-06,BR013,0.7943,0
CU00002863,Ishaan Reddy,38,Male,Delhi,Delhi,Salaried,1496012.0,Low,2021-09-09,BR014,0.4198,0
CU00002864,Sai Das,47,Female,Delhi,Delhi,Salaried,336516.0,High,2021-10-06,BR011,0.394,0
CU00002865,Kavya Nair,30,Female,Mumbai,Maharashtra,Salaried,1476324.0,Low,2022-10-24,BR016,0.6744,0
CU00002866,Rahul Singh,30,Male,Kolkata,West Bengal,Retired,350809.0,High,2022-02-20,BR009,0.5552,0
CU00002867,Arjun Khan,18,Male,Mumbai,Maharashtra,Self-employed,1250901.0,Low,2021-08-31,BR021,0.6646,0
CU00002868,Meera Singh,51,Female,Bengaluru,Karnataka,Salaried,1137742.0,Low,2022-02-23,BR017,0.4892,0
CU00002869,Aarav Reddy,47,Male,Kolkata,West Bengal,Professional,734254.0,Medium,2020-10-15,BR013,0.6655,0
CU00002870,Sneha Rao,39,Non-binary,Hyderabad,Telangana,Salaried,788348.0,Medium,2023-01-06,BR016,0.4622,0
CU00002871,Ishaan Singh,42,Female,Mumbai,Maharashtra,Retired,1044724.0,Low,2021-09-09,BR021,0.4125,0
CU00002872,Nikhil Singh,37,Male,Kolkata,West Bengal,Salaried,728564.0,Medium,2022-10-01,BR005,0.2637,0
CU00002873,Ishaan Singh,24,Female,Hyderabad,Telangana,Professional,540810.0,Medium,2025-08-10,BR023,0.4463,0
CU00002874,Ishaan Patel,48,Male,Bengaluru,Karnataka,Self-employed,861079.0,Medium,2016-12-11,BR021,0.7575,0
CU00002875,Rahul Patel,48,Female,Chennai,Tamil Nadu,Salaried,1156582.0,Low,2018-02-16,BR023,0.5211,0
CU00002876,Rahul Reddy,56,Male,Visakhapatnam,Andhra Pradesh,Salaried,573106.0,Medium,2017-01-18,BR003,0.959,0
CU00002877,Aditi Reddy,40,Male,Delhi,Delhi,Retired,1498073.0,Low,2018-10-17,BR022,0.8061,1
CU00002878,Priya Rao,34,Male,Bengaluru,Karnataka,Salaried,429146.0,Medium,2016-11-07,BR013,0.4779,0
CU00002879,Meera Sharma,18,Female,Visakhapatnam,Andhra Pradesh,Self-employed,612977.0,Medium,2022-01-18,BR024,0.1713,0
CU00002880,Aarav Gupta,30,Female,Hyderabad,Telangana,Student,370276.0,High,2019-11-26,BR023,0.7083,0
CU00002881,Ishaan Sharma,18,Female,Chennai,Tamil Nadu,Salaried,662463.0,Medium,2021-10-08,BR015,0.9069,0
CU00002882,Meera Sharma,33,Male,Chennai,Tamil Nadu,Salaried,1483135.0,Low,2026-01-20,BR003,0.6995,0
CU00002883,Rahul Singh,36,Male,Kolkata,West Bengal,Salaried,897268.0,Medium,2017-05-27,BR024,0.5039,0
CU00002884,Rahul Iyer,36,Male,Pune,Maharashtra,Salaried,1331208.0,Low,2017-12-31,BR001,0.4009,0
CU00002885,Arjun Rao,77,Female,Hyderabad,Telangana,Salaried,1416283.0,Low,2021-10-01,BR012,0.8199,0
CU00002886,Ishaan Sharma,35,Female,Chennai,Tamil Nadu,Salaried,1314578.0,Low,2022-06-04,BR024,0.6864,0
CU00002887,Arjun Iyer,33,Female,Kolkata,West Bengal,Salaried,696488.0,Medium,2018-12-10,BR017,0.4998,0
CU00002888,Rahul Singh,18,Female,Bengaluru,Karnataka,Professional,1189932.0,Low,2025-12-27,BR007,0.681,0
CU00002889,Aditi Nair,24,Male,Mumbai,Maharashtra,Student,664741.0,Medium,2020-01-23,BR002,0.9027,0
CU00002890,Rahul Reddy,38,Male,Hyderabad,Telangana,Salaried,702849.0,Medium,2024-01-08,BR004,0.424,0
CU00002891,Aditi Rao,27,Female,Mumbai,Maharashtra,Self-employed,1994876.0,Very Low,2025-06-12,BR012,0.5052,0
CU00002892,Rahul Reddy,19,Male,Kolkata,West Bengal,Salaried,271920.0,High,2024-01-02,BR011,0.6922,0
CU00002893,Rahul Rao,34,Male,Kolkata,West Bengal,Professional,1186444.0,Low,2017-02-17,BR001,0.5615,0
CU00002894,Aditi Rao,50,Male,Visakhapatnam,Andhra Pradesh,Professional,243606.0,High,2025-12-28,BR011,0.8503,0
CU00002895,Nikhil Reddy,33,Female,Chennai,Tamil Nadu,Retired,1158196.0,Low,2018-07-15,BR009,0.6052,0
CU00002896,Arjun Rao,36,Male,Pune,Maharashtra,Salaried,543270.0,Medium,2026-05-10,BR011,0.6485,0
CU00002897,Priya Sharma,36,Female,Hyderabad,Telangana,Retired,608872.0,Medium,2024-05-21,BR010,0.6508,0
CU00002898,Aarav Sharma,59,Male,Kolkata,West Bengal,Professional,1235559.0,Low,2021-06-19,BR008,0.5983,0
CU00002899,Nikhil Khan,25,Female,Delhi,Delhi,Salaried,1284452.0,Low,2021-07-12,BR018,0.7849,0
CU00002900,Aarav Singh,29,Male,Visakhapatnam,Andhra Pradesh,Student,1538717.0,Low,2021-06-01,BR005,0.3614,0
CU00002901,Arjun Singh,48,Female,Visakhapatnam,Andhra Pradesh,Professional,442816.0,Medium,2021-06-19,BR005,0.8212,0
CU00002902,Sai Iyer,43,Male,Kolkata,West Bengal,Student,963951.0,Low,2024-06-19,BR021,0.8794,0
CU00002903,Priya Das,47,Female,Delhi,Delhi,Retired,608993.0,Medium,2017-03-04,BR015,0.6283,0
CU00002904,Sneha Das,55,Female,Mumbai,Maharashtra,Salaried,452270.0,Medium,2022-10-31,BR018,0.6924,0
CU00002905,Ishaan Rao,40,Male,Visakhapatnam,Andhra Pradesh,Self-employed,772080.0,Medium,2019-06-12,BR014,0.531,0
CU00002906,Sneha Nair,18,Male,Pune,Maharashtra,Self-employed,616606.0,Medium,2024-04-21,BR008,0.7224,0
CU00002907,Sai Das,27,Male,Kolkata,West Bengal,Self-employed,577518.0,Medium,2026-05-18,BR018,0.2872,0
CU00002908,Kavya Das,30,Male,Delhi,Delhi,Professional,504651.0,Medium,2023-10-27,BR009,0.6608,0
CU00002909,Rahul Reddy,21,Female,Bengaluru,Karnataka,Salaried,1482548.0,Low,2019-05-25,BR003,0.5971,0
CU00002910,Divya Khan,57,Male,Bengaluru,Karnataka,Salaried,482942.0,Medium,2022-03-08,BR001,0.5911,0
CU00002911,Rahul Nair,49,Male,Delhi,Delhi,Self-employed,503816.0,Medium,2021-09-15,BR014,0.3616,0
CU00002912,Sneha Reddy,44,Male,Bengaluru,Karnataka,Salaried,837496.0,Medium,2023-03-01,BR004,0.8324,0
CU00002913,Meera Gupta,23,Male,Delhi,Delhi,Retired,337596.0,High,2022-12-10,BR016,0.51,0
CU00002914,Arjun Iyer,26,Female,Chennai,Tamil Nadu,Salaried,875278.0,Medium,2019-06-08,BR011,0.7458,0
CU00002915,Rahul Rao,45,Female,Delhi,Delhi,Salaried,1552866.0,Low,2018-04-19,BR001,0.7235,0
CU00002916,Ishaan Rao,26,Female,Pune,Maharashtra,Salaried,909070.0,Low,2020-12-21,BR009,0.8271,1
CU00002917,Divya Patel,27,Male,Delhi,Delhi,Self-employed,687607.0,Medium,2021-04-08,BR013,0.9246,0
CU00002918,Aarav Das,18,Female,Kolkata,West Bengal,Retired,528835.0,Medium,2017-07-01,BR008,0.609,0
CU00002919,Priya Iyer,36,Male,Bengaluru,Karnataka,Retired,437155.0,Medium,2025-11-26,BR023,0.8726,0
CU00002920,Meera Khan,35,Male,Mumbai,Maharashtra,Salaried,825240.0,Medium,2021-11-13,BR014,0.2931,0
CU00002921,Priya Sharma,31,Female,Hyderabad,Telangana,Self-employed,857844.0,Medium,2018-08-01,BR005,0.475,0
CU00002922,Rahul Singh,41,Male,Visakhapatnam,Andhra Pradesh,Salaried,826386.0,Medium,2016-12-03,BR017,0.23,1
CU00002923,Ishaan Iyer,44,Female,Kolkata,West Bengal,Self-employed,1608650.0,Low,2021-12-26,BR003,0.6452,0
CU00002924,Ishaan Das,50,Male,Bengaluru,Karnataka,Salaried,445879.0,Medium,2023-01-25,BR005,0.6528,0
CU00002925,Kavya Reddy,53,Male,Pune,Maharashtra,Retired,1361364.0,Low,2018-06-08,BR016,0.6121,0
CU00002926,Sneha Rao,56,Male,Pune,Maharashtra,Salaried,1010361.0,Low,2025-08-30,BR019,0.2549,0
CU00002927,Arjun Rao,53,Female,Bengaluru,Karnataka,Student,661199.0,Medium,2019-05-19,BR012,0.3611,0
CU00002928,Sai Reddy,19,Male,Chennai,Tamil Nadu,Salaried,1083665.0,Low,2019-01-27,BR012,0.26,0
CU00002929,Sneha Rao,40,Male,Hyderabad,Telangana,Self-employed,725247.0,Medium,2025-03-19,BR014,0.7473,0
CU00002930,Aditi Sharma,53,Male,Kolkata,West Bengal,Professional,948584.0,Low,2024-12-22,BR007,0.5763,0
CU00002931,Priya Nair,49,Male,Mumbai,Maharashtra,Self-employed,448757.0,Medium,2024-04-04,BR013,0.5619,0
CU00002932,Aarav Patel,38,Male,Chennai,Tamil Nadu,Salaried,2711237.0,Very Low,2017-06-24,BR017,0.2664,0
CU00002933,Arjun Khan,40,Female,Hyderabad,Telangana,Self-employed,1269337.0,Low,2025-07-09,BR021,0.9485,0
CU00002934,Sneha Reddy,41,Female,Delhi,Delhi,Salaried,307540.0,High,2021-06-22,BR019,0.734,0
CU00002935,Aditi Nair,46,Male,Bengaluru,Karnataka,Professional,949657.0,Low,2025-05-19,BR011,0.9829,0
CU00002936,Arjun Nair,52,Female,Bengaluru,Karnataka,Salaried,1379103.0,Low,2016-10-04,BR021,0.3581,0
CU00002937,Priya Rao,46,Female,Visakhapatnam,Andhra Pradesh,Salaried,341393.0,High,2023-11-16,BR011,0.4226,0
CU00002938,Nikhil Rao,33,Female,Pune,Maharashtra,Salaried,1313474.0,Low,2025-03-18,BR011,0.2535,0
CU00002939,Divya Nair,19,Female,Pune,Maharashtra,Salaried,577952.0,Medium,2023-05-08,BR020,0.6407,0
CU00002940,Ishaan Gupta,39,Non-binary,Pune,Maharashtra,Retired,795670.0,Medium,2022-05-10,BR019,0.5389,0
CU00002941,Divya Das,50,Female,Hyderabad,Telangana,Salaried,1581161.0,Low,2024-04-27,BR013,0.5968,0
CU00002942,Rahul Sharma,39,Male,Pune,Maharashtra,Salaried,471495.0,Medium,2022-01-26,BR023,0.721,0
CU00002943,Rahul Patel,32,Male,Chennai,Tamil Nadu,Salaried,1157726.0,Low,2024-03-28,BR003,0.3832,0
CU00002944,Sai Nair,40,Male,Hyderabad,Telangana,Salaried,217942.0,High,2022-12-12,BR004,0.7541,0
CU00002945,Arjun Nair,58,Male,Hyderabad,Telangana,Professional,335327.0,High,2022-02-01,BR006,0.4409,0
CU00002946,Nikhil Gupta,51,Male,Mumbai,Maharashtra,Student,1598331.0,Low,2020-01-12,BR006,0.2253,0
CU00002947,Aditi Nair,59,Female,Visakhapatnam,Andhra Pradesh,Salaried,1243479.0,Low,2024-12-22,BR004,0.7499,0
CU00002948,Aarav Sharma,37,Male,Chennai,Tamil Nadu,Professional,856182.0,Medium,2017-08-29,BR017,0.7517,0
CU00002949,Aarav Sharma,40,Male,Bengaluru,Karnataka,Student,1249677.0,Low,2023-07-18,BR014,0.6058,0
CU00002950,Kavya Patel,32,Male,Delhi,Delhi,Salaried,940924.0,Low,2019-12-31,BR008,0.495,0
CU00002951,Divya Nair,28,Female,Kolkata,West Bengal,Self-employed,1366599.0,Low,2019-01-21,BR010,0.6582,0
CU00002952,Priya Sharma,40,Female,Hyderabad,Telangana,Retired,928860.0,Low,2020-07-14,BR002,0.8215,0
CU00002953,Nikhil Rao,42,Male,Mumbai,Maharashtra,Salaried,810371.0,Medium,2021-05-26,BR021,0.8256,0
CU00002954,Divya Patel,45,Female,Visakhapatnam,Andhra Pradesh,Salaried,908873.0,Low,2024-05-16,BR007,0.9074,0
CU00002955,Nikhil Rao,43,Female,Delhi,Delhi,Self-employed,392599.0,High,2019-03-04,BR017,0.751,0
CU00002956,Sai Patel,29,Female,Chennai,Tamil Nadu,Retired,913665.0,Low,2019-01-07,BR011,0.7262,0
CU00002957,Sai Singh,48,Male,Delhi,Delhi,Self-employed,2100313.0,Very Low,2024-02-23,BR006,0.6234,0
CU00002958,Sneha Singh,68,Male,Mumbai,Maharashtra,Self-employed,718564.0,Medium,2026-03-26,BR003,0.1875,1
CU00002959,Meera Singh,40,Male,Bengaluru,Karnataka,Professional,1946523.0,Very Low,2021-08-29,BR014,0.3541,0
CU00002960,Ishaan Iyer,29,Female,Visakhapatnam,Andhra Pradesh,Retired,221409.0,High,2021-07-05,BR008,0.6791,0
CU00002961,Meera Rao,26,Male,Pune,Maharashtra,Professional,814108.0,Medium,2024-04-17,BR023,0.3575,0
CU00002962,Kavya Iyer,53,Male,Kolkata,West Bengal,Salaried,466644.0,Medium,2025-07-17,BR015,0.3002,0
CU00002963,Aarav Nair,52,Female,Bengaluru,Karnataka,Salaried,1103136.0,Low,2025-04-17,BR013,0.5908,0
CU00002964,Rahul Reddy,33,Female,Delhi,Delhi,Salaried,643470.0,Medium,2019-07-16,BR018,0.7711,0
CU00002965,Aarav Reddy,44,Male,Kolkata,West Bengal,Self-employed,1050465.0,Low,2025-11-06,BR018,0.0524,0
CU00002966,Aditi Gupta,46,Female,Delhi,Delhi,Retired,894829.0,Medium,2018-08-01,BR019,0.7687,0
CU00002967,Ishaan Khan,29,Female,Pune,Maharashtra,Self-employed,1030485.0,Low,2021-02-14,BR014,0.414,0
CU00002968,Kavya Singh,45,Female,Kolkata,West Bengal,Salaried,1248951.0,Low,2022-12-31,BR005,0.5896,0
CU00002969,Divya Iyer,54,Female,Hyderabad,Telangana,Salaried,619975.0,Medium,2018-12-10,BR011,0.3585,0
CU00002970,Sneha Das,65,Male,Mumbai,Maharashtra,Salaried,1753124.0,Low,2023-10-17,BR008,0.8244,0
CU00002971,Sneha Gupta,52,Male,Pune,Maharashtra,Salaried,337072.0,High,2020-01-28,BR013,0.4205,0
CU00002972,Aditi Sharma,22,Male,Delhi,Delhi,Professional,1681555.0,Low,2025-05-11,BR009,0.6998,1
CU00002973,Nikhil Singh,18,Male,Chennai,Tamil Nadu,Self-employed,828183.0,Medium,2021-01-22,BR002,0.541,0
CU00002974,Ishaan Sharma,40,Male,Bengaluru,Karnataka,Salaried,548271.0,Medium,2021-10-30,BR002,0.859,0
CU00002975,Nikhil Rao,40,Male,Kolkata,West Bengal,Salaried,280275.0,High,2024-04-07,BR009,0.652,0
CU00002976,Arjun Khan,29,Female,Pune,Maharashtra,Professional,813223.0,Medium,2022-03-24,BR017,0.4143,0
CU00002977,Kavya Reddy,37,Female,Bengaluru,Karnataka,Salaried,343558.0,High,2025-07-25,BR016,0.6386,0
CU00002978,Rahul Sharma,33,Female,Visakhapatnam,Andhra Pradesh,Salaried,718778.0,Medium,2023-11-04,BR004,0.253,0
CU00002979,Sai Sharma,30,Male,Mumbai,Maharashtra,Professional,180000.0,High,2026-04-10,BR009,0.5694,0
CU00002980,Ishaan Nair,23,Female,Kolkata,West Bengal,Student,655370.0,Medium,2019-05-25,BR015,0.7998,0
CU00002981,Nikhil Rao,32,Female,Hyderabad,Telangana,Professional,1326960.0,Low,2025-07-21,BR011,0.6439,1
CU00002982,Aditi Singh,18,Male,Bengaluru,Karnataka,Professional,921913.0,Low,2022-04-04,BR021,0.8854,0
CU00002983,Sai Iyer,54,Female,Chennai,Tamil Nadu,Salaried,531737.0,Medium,2021-10-28,BR005,0.365,0
CU00002984,Arjun Das,48,Male,Visakhapatnam,Andhra Pradesh,Professional,544357.0,Medium,2017-09-07,BR006,0.6774,0
CU00002985,Aditi Rao,43,Male,Delhi,Delhi,Professional,610427.0,Medium,2025-10-01,BR021,0.5823,0
CU00002986,Nikhil Das,50,Female,Mumbai,Maharashtra,Self-employed,570654.0,Medium,2024-12-28,BR005,0.9503,0
CU00002987,Aditi Nair,28,Male,Bengaluru,Karnataka,Self-employed,902113.0,Low,2020-10-21,BR005,0.5663,0
CU00002988,Nikhil Rao,54,Female,Visakhapatnam,Andhra Pradesh,Student,764471.0,Medium,2019-03-26,BR009,0.7879,0
CU00002989,Ishaan Patel,45,Female,Chennai,Tamil Nadu,Salaried,682542.0,Medium,2025-01-22,BR015,0.2864,0
CU00002990,Ishaan Singh,27,Female,Mumbai,Maharashtra,Salaried,377838.0,High,2022-05-27,BR023,0.7528,0
CU00002991,Kavya Sharma,32,Female,Pune,Maharashtra,Salaried,384567.0,High,2019-04-05,BR021,0.7802,0
CU00002992,Arjun Sharma,42,Male,Chennai,Tamil Nadu,Salaried,544333.0,Medium,2019-08-11,BR004,0.5552,0
CU00002993,Sneha Nair,34,Male,Delhi,Delhi,Salaried,216666.0,High,2019-12-30,BR001,0.3294,0
CU00002994,Sneha Das,63,Male,Hyderabad,Telangana,Retired,1786697.0,Low,2025-08-30,BR021,0.9749,0
CU00002995,Aarav Singh,47,Female,Pune,Maharashtra,Salaried,621959.0,Medium,2022-01-02,BR009,0.8207,0
CU00002996,Aarav Rao,55,Male,Pune,Maharashtra,Self-employed,783503.0,Medium,2018-08-26,BR001,0.8544,0
CU00002997,Arjun Patel,45,Male,Bengaluru,Karnataka,Salaried,770527.0,Medium,2021-08-26,BR004,0.6445,0
CU00002998,Aditi Rao,32,Female,Kolkata,West Bengal,Salaried,1019912.0,Low,2017-09-27,BR024,0.6199,0
CU00002999,Divya Iyer,49,Female,Mumbai,Maharashtra,Salaried,476539.0,Medium,2022-11-30,BR002,0.3976,0
CU00003000,Aarav Gupta,46,Male,Pune,Maharashtra,Self-employed,636563.0,Medium,2017-11-22,BR019,0.903,0
CU00003001,Sneha Rao,51,Male,Delhi,Delhi,Salaried,660868.0,Medium,2020-08-12,BR011,0.8549,0
CU00003002,Sai Iyer,28,Female,Bengaluru,Karnataka,Salaried,445155.0,Medium,2019-02-06,BR007,0.0835,0
CU00003003,Meera Singh,29,Female,Bengaluru,Karnataka,Professional,1070343.0,Low,2020-12-24,BR016,0.7566,0
CU00003004,Sai Nair,51,Male,Chennai,Tamil Nadu,Salaried,3423537.0,Very Low,2017-07-02,BR007,0.765,0
CU00003005,Aarav Das,32,Female,Chennai,Tamil Nadu,Student,1554787.0,Low,2022-02-10,BR007,0.6362,0
CU00003006,Divya Gupta,66,Female,Bengaluru,Karnataka,Salaried,847947.0,Medium,2025-11-24,BR015,0.62,0
CU00003007,Sneha Patel,53,Male,Pune,Maharashtra,Retired,367589.0,High,2018-01-03,BR005,0.6276,0
CU00003008,Nikhil Sharma,36,Female,Bengaluru,Karnataka,Salaried,720858.0,Medium,2018-10-26,BR017,0.9697,0
CU00003009,Ishaan Khan,36,Male,Hyderabad,Telangana,Salaried,486491.0,Medium,2023-06-11,BR008,0.6968,0
CU00003010,Sneha Singh,43,Male,Bengaluru,Karnataka,Salaried,727974.0,Medium,2021-05-28,BR005,0.8659,0
CU00003011,Rahul Gupta,53,Male,Visakhapatnam,Andhra Pradesh,Self-employed,439322.0,Medium,2017-06-29,BR024,0.4457,0
CU00003012,Aarav Singh,29,Male,Visakhapatnam,Andhra Pradesh,Salaried,647306.0,Medium,2023-10-31,BR016,0.4859,0
CU00003013,Ishaan Khan,41,Male,Mumbai,Maharashtra,Salaried,1451113.0,Low,2024-08-22,BR002,0.7998,0
CU00003014,Rahul Reddy,46,Male,Visakhapatnam,Andhra Pradesh,Salaried,900422.0,Low,2017-06-26,BR015,0.7049,0
CU00003015,Sai Nair,30,Female,Hyderabad,Telangana,Professional,1981845.0,Very Low,2024-08-06,BR008,0.6094,0
CU00003016,Aditi Gupta,33,Female,Visakhapatnam,Andhra Pradesh,Salaried,1785090.0,Low,2023-05-11,BR013,0.7302,0
CU00003017,Sai Reddy,43,Female,Pune,Maharashtra,Salaried,1161541.0,Low,2023-08-18,BR011,0.5805,0
CU00003018,Sai Gupta,30,Male,Visakhapatnam,Andhra Pradesh,Self-employed,804416.0,Medium,2021-10-05,BR006,0.6977,0
CU00003019,Priya Iyer,53,Male,Visakhapatnam,Andhra Pradesh,Salaried,1093566.0,Low,2022-01-20,BR006,0.5097,0
CU00003020,Ishaan Das,28,Female,Visakhapatnam,Andhra Pradesh,Salaried,1708193.0,Low,2017-08-09,BR010,0.8322,0
CU00003021,Ishaan Nair,42,Female,Mumbai,Maharashtra,Salaried,397562.0,High,2025-03-16,BR011,0.7045,0
CU00003022,Meera Rao,48,Female,Delhi,Delhi,Salaried,1284401.0,Low,2023-07-03,BR007,0.9378,0
CU00003023,Nikhil Gupta,48,Female,Hyderabad,Telangana,Self-employed,270581.0,High,2019-04-13,BR014,0.886,0
CU00003024,Arjun Patel,44,Male,Kolkata,West Bengal,Professional,619780.0,Medium,2025-04-28,BR003,0.6486,0
CU00003025,Sai Iyer,39,Male,Hyderabad,Telangana,Salaried,929028.0,Low,2017-08-02,BR023,0.6516,0
CU00003026,Divya Patel,25,Male,Visakhapatnam,Andhra Pradesh,Salaried,517650.0,Medium,2022-09-10,BR012,0.4931,0
CU00003027,Rahul Reddy,21,Male,Delhi,Delhi,Salaried,316982.0,High,2016-09-10,BR009,0.2469,0
CU00003028,Sneha Das,45,Female,Pune,Maharashtra,Salaried,891028.0,Medium,2018-04-24,BR006,0.8182,0
CU00003029,Arjun Nair,39,Male,Mumbai,Maharashtra,Salaried,603697.0,Medium,2025-07-02,BR003,0.6483,0
CU00003030,Nikhil Reddy,46,Male,Mumbai,Maharashtra,Salaried,608951.0,Medium,2025-11-05,BR024,0.4588,0
CU00003031,Rahul Sharma,38,Male,Delhi,Delhi,Self-employed,394041.0,High,2021-08-03,BR010,0.7429,0
CU00003032,Aditi Khan,31,Male,Kolkata,West Bengal,Salaried,428183.0,Medium,2023-08-13,BR016,0.4512,0
CU00003033,Priya Rao,49,Male,Pune,Maharashtra,Retired,810114.0,Medium,2023-04-30,BR015,0.8833,0
CU00003034,Sneha Rao,33,Female,Kolkata,West Bengal,Salaried,1080796.0,Low,2026-03-30,BR015,0.5227,0
CU00003035,Arjun Khan,22,Female,Visakhapatnam,Andhra Pradesh,Self-employed,546302.0,Medium,2023-07-20,BR016,0.4039,0
CU00003036,Priya Rao,42,Male,Hyderabad,Telangana,Self-employed,770621.0,Medium,2023-06-24,BR011,0.158,0
CU00003037,Aditi Singh,41,Male,Kolkata,West Bengal,Professional,2040883.0,Very Low,2025-01-05,BR009,0.5974,0
CU00003038,Aditi Gupta,44,Male,Mumbai,Maharashtra,Self-employed,1422619.0,Low,2017-12-07,BR011,0.8061,0
CU00003039,Sneha Khan,56,Male,Hyderabad,Telangana,Salaried,1427675.0,Low,2024-06-07,BR021,0.5496,0
CU00003040,Nikhil Khan,25,Female,Kolkata,West Bengal,Student,1192593.0,Low,2016-09-23,BR008,0.4059,0
CU00003041,Arjun Rao,51,Male,Pune,Maharashtra,Salaried,729637.0,Medium,2020-04-17,BR006,0.5984,0
CU00003042,Aarav Reddy,26,Female,Visakhapatnam,Andhra Pradesh,Retired,535380.0,Medium,2020-04-06,BR002,0.6984,0
CU00003043,Meera Sharma,29,Female,Mumbai,Maharashtra,Self-employed,1781067.0,Low,2020-06-20,BR024,0.1905,0
CU00003044,Sai Iyer,28,Female,Delhi,Delhi,Salaried,1043680.0,Low,2019-02-28,BR009,0.4316,0
CU00003045,Meera Iyer,53,Female,Pune,Maharashtra,Salaried,1509669.0,Low,2021-02-07,BR012,0.9583,0
CU00003046,Sneha Sharma,18,Female,Pune,Maharashtra,Salaried,434598.0,Medium,2019-12-16,BR005,0.3776,0
CU00003047,Ishaan Singh,48,Male,Visakhapatnam,Andhra Pradesh,Student,478420.0,Medium,2017-08-25,BR011,0.7016,0
CU00003048,Sneha Nair,35,Female,Visakhapatnam,Andhra Pradesh,Retired,894965.0,Medium,2019-06-14,BR007,0.7122,0
CU00003049,Aarav Nair,56,Female,Bengaluru,Karnataka,Salaried,570682.0,Medium,2018-01-16,BR005,0.8282,0
CU00003050,Priya Singh,46,Female,Bengaluru,Karnataka,Self-employed,641412.0,Medium,2022-06-12,BR010,0.8878,0
CU00003051,Nikhil Khan,46,Male,Mumbai,Maharashtra,Salaried,366149.0,High,2022-12-06,BR007,0.1264,0
CU00003052,Kavya Gupta,27,Female,Delhi,Delhi,Student,274286.0,High,2020-06-23,BR011,0.7348,0
CU00003053,Sneha Khan,40,Male,Mumbai,Maharashtra,Salaried,1039676.0,Low,2017-01-25,BR021,0.757,0
CU00003054,Ishaan Singh,25,Female,Bengaluru,Karnataka,Salaried,471150.0,Medium,2019-07-17,BR013,0.7909,0
CU00003055,Meera Nair,21,Male,Hyderabad,Telangana,Salaried,247073.0,High,2018-04-09,BR012,0.6681,0
CU00003056,Arjun Iyer,44,Male,Delhi,Delhi,Salaried,979181.0,Low,2024-10-19,BR008,0.4957,0
CU00003057,Sai Reddy,39,Female,Mumbai,Maharashtra,Retired,564946.0,Medium,2023-04-23,BR010,0.471,0
CU00003058,Rahul Rao,24,Male,Delhi,Delhi,Salaried,654257.0,Medium,2020-12-27,BR001,0.5219,0
CU00003059,Nikhil Patel,18,Female,Chennai,Tamil Nadu,Retired,806696.0,Medium,2020-07-02,BR013,0.6866,0
CU00003060,Ishaan Sharma,36,Male,Delhi,Delhi,Salaried,1506981.0,Low,2024-09-06,BR002,0.6464,0
CU00003061,Aarav Khan,45,Female,Mumbai,Maharashtra,Self-employed,1214825.0,Low,2019-11-14,BR008,0.7944,0
CU00003062,Ishaan Reddy,40,Non-binary,Chennai,Tamil Nadu,Salaried,1389555.0,Low,2021-05-14,BR015,0.9482,0
CU00003063,Sneha Iyer,48,Male,Mumbai,Maharashtra,Salaried,779840.0,Medium,2021-03-12,BR007,0.2193,0
CU00003064,Aarav Patel,56,Male,Mumbai,Maharashtra,Salaried,575196.0,Medium,2022-03-22,BR012,0.245,0
CU00003065,Nikhil Rao,47,Male,Chennai,Tamil Nadu,Salaried,853724.0,Medium,2024-01-24,BR007,0.4968,0
CU00003066,Rahul Sharma,50,Male,Visakhapatnam,Andhra Pradesh,Professional,421179.0,Medium,2019-02-10,BR019,0.6984,1
CU00003067,Kavya Nair,32,Male,Pune,Maharashtra,Self-employed,473863.0,Medium,2022-07-19,BR013,0.7679,0
CU00003068,Ishaan Gupta,18,Male,Chennai,Tamil Nadu,Professional,576445.0,Medium,2018-08-26,BR018,0.7423,0
CU00003069,Meera Nair,37,Female,Delhi,Delhi,Professional,446147.0,Medium,2016-12-21,BR013,0.8859,0
CU00003070,Aarav Nair,28,Female,Hyderabad,Telangana,Salaried,731650.0,Medium,2017-01-06,BR010,0.7341,0
CU00003071,Rahul Das,45,Male,Hyderabad,Telangana,Salaried,747153.0,Medium,2020-03-29,BR018,0.8895,0
CU00003072,Ishaan Iyer,25,Female,Delhi,Delhi,Student,817278.0,Medium,2017-10-07,BR017,0.6941,0
CU00003073,Nikhil Reddy,47,Male,Hyderabad,Telangana,Salaried,426769.0,Medium,2024-10-07,BR017,0.2102,0
CU00003074,Nikhil Patel,36,Female,Kolkata,West Bengal,Salaried,792164.0,Medium,2024-03-29,BR012,0.9185,0
CU00003075,Arjun Iyer,24,Male,Bengaluru,Karnataka,Salaried,769988.0,Medium,2023-11-21,BR015,0.9155,0
CU00003076,Rahul Patel,54,Male,Kolkata,West Bengal,Retired,3031580.0,Very Low,2019-05-16,BR021,0.7908,0
CU00003077,Priya Sharma,36,Female,Delhi,Delhi,Salaried,1895483.0,Very Low,2019-03-31,BR016,0.3027,0
CU00003078,Kavya Gupta,36,Male,Chennai,Tamil Nadu,Salaried,1017318.0,Low,2020-05-09,BR022,0.8939,0
CU00003079,Ishaan Singh,31,Male,Delhi,Delhi,Self-employed,405652.0,Medium,2023-10-21,BR008,0.4323,0
CU00003080,Meera Das,54,Female,Kolkata,West Bengal,Salaried,1949035.0,Very Low,2020-04-06,BR007,0.8294,0
CU00003081,Arjun Reddy,47,Male,Bengaluru,Karnataka,Professional,656664.0,Medium,2024-08-13,BR015,0.7311,0
CU00003082,Arjun Sharma,35,Male,Kolkata,West Bengal,Salaried,1466942.0,Low,2026-05-25,BR024,0.3969,0
CU00003083,Nikhil Nair,41,Female,Kolkata,West Bengal,Self-employed,1590245.0,Low,2023-08-29,BR016,0.6892,0
CU00003084,Aditi Das,48,Male,Chennai,Tamil Nadu,Student,986587.0,Low,2018-07-22,BR024,0.864,0
CU00003085,Rahul Patel,32,Male,Delhi,Delhi,Salaried,631385.0,Medium,2024-09-14,BR005,0.4214,0
CU00003086,Meera Das,44,Female,Kolkata,West Bengal,Salaried,530069.0,Medium,2020-03-26,BR005,0.8855,0
CU00003087,Kavya Reddy,49,Female,Delhi,Delhi,Salaried,867718.0,Medium,2020-02-04,BR009,0.8118,0
CU00003088,Priya Das,34,Male,Bengaluru,Karnataka,Self-employed,962083.0,Low,2022-12-20,BR020,0.5704,0
CU00003089,Kavya Iyer,48,Male,Kolkata,West Bengal,Self-employed,1014413.0,Low,2024-03-02,BR006,0.5668,0
CU00003090,Nikhil Das,76,Female,Kolkata,West Bengal,Self-employed,529754.0,Medium,2020-03-12,BR009,0.5186,0
CU00003091,Aarav Khan,40,Female,Bengaluru,Karnataka,Salaried,876369.0,Medium,2021-04-27,BR014,0.8146,0
CU00003092,Aarav Singh,36,Male,Visakhapatnam,Andhra Pradesh,Salaried,565046.0,Medium,2017-03-14,BR017,0.0842,0
CU00003093,Aarav Sharma,39,Female,Delhi,Delhi,Salaried,1140991.0,Low,2021-07-01,BR022,0.5944,0
CU00003094,Sai Singh,48,Female,Visakhapatnam,Andhra Pradesh,Student,258303.0,High,2024-05-22,BR016,0.3791,0
CU00003095,Divya Gupta,34,Female,Delhi,Delhi,Salaried,1151965.0,Low,2021-06-13,BR020,0.5119,0
CU00003096,Priya Singh,41,Female,Chennai,Tamil Nadu,Self-employed,800629.0,Medium,2019-08-29,BR017,0.6088,0
CU00003097,Priya Khan,37,Male,Visakhapatnam,Andhra Pradesh,Self-employed,1323239.0,Low,2025-04-19,BR009,0.7888,1
CU00003098,Meera Rao,33,Male,Kolkata,West Bengal,Salaried,450620.0,Medium,2019-07-15,BR017,0.6326,0
CU00003099,Sneha Khan,18,Female,Hyderabad,Telangana,Professional,309407.0,High,2025-08-18,BR013,0.5813,0
CU00003100,Priya Patel,37,Male,Mumbai,Maharashtra,Student,507597.0,Medium,2018-02-07,BR003,0.6707,0
CU00003101,Priya Das,25,Male,Kolkata,West Bengal,Student,634478.0,Medium,2024-09-17,BR010,0.6164,0
CU00003102,Kavya Gupta,33,Male,Visakhapatnam,Andhra Pradesh,Self-employed,1066099.0,Low,2017-05-19,BR009,0.6266,0
CU00003103,Kavya Iyer,31,Female,Pune,Maharashtra,Salaried,1184851.0,Low,2018-07-28,BR019,0.6996,0
CU00003104,Arjun Reddy,41,Female,Pune,Maharashtra,Salaried,556958.0,Medium,2017-03-27,BR018,0.2068,1
CU00003105,Rahul Rao,28,Female,Hyderabad,Telangana,Salaried,1257079.0,Low,2017-06-28,BR020,0.8849,0
CU00003106,Priya Khan,40,Female,Kolkata,West Bengal,Professional,534815.0,Medium,2025-01-18,BR018,0.4415,0
CU00003107,Aditi Rao,37,Male,Visakhapatnam,Andhra Pradesh,Salaried,878720.0,Medium,2021-09-30,BR007,0.7291,0
CU00003108,Ishaan Nair,45,Female,Hyderabad,Telangana,Salaried,720190.0,Medium,2024-05-20,BR008,0.4655,0
CU00003109,Sai Iyer,46,Female,Chennai,Tamil Nadu,Salaried,873456.0,Medium,2021-12-05,BR019,0.0297,0
CU00003110,Aarav Nair,33,Male,Bengaluru,Karnataka,Salaried,559493.0,Medium,2018-09-13,BR013,0.7515,0
CU00003111,Divya Das,40,Female,Kolkata,West Bengal,Retired,685032.0,Medium,2023-01-19,BR007,0.5937,1
CU00003112,Arjun Khan,31,Male,Delhi,Delhi,Salaried,980791.0,Low,2024-08-02,BR006,0.2622,0
CU00003113,Aditi Khan,47,Male,Kolkata,West Bengal,Professional,852069.0,Medium,2026-04-01,BR015,0.3159,0
CU00003114,Arjun Singh,50,Male,Visakhapatnam,Andhra Pradesh,Salaried,686136.0,Medium,2017-06-21,BR007,0.9677,0
CU00003115,Kavya Singh,46,Male,Chennai,Tamil Nadu,Salaried,637463.0,Medium,2024-12-13,BR024,0.6292,0
CU00003116,Sai Reddy,33,Female,Visakhapatnam,Andhra Pradesh,Retired,529757.0,Medium,2017-04-14,BR003,0.5024,0
CU00003117,Sai Reddy,50,Male,Kolkata,West Bengal,Self-employed,666918.0,Medium,2017-12-14,BR003,0.8985,0
CU00003118,Meera Singh,24,Female,Mumbai,Maharashtra,Retired,1064934.0,Low,2022-07-21,BR001,0.3883,0
CU00003119,Aditi Singh,52,Female,Visakhapatnam,Andhra Pradesh,Salaried,1034795.0,Low,2023-06-12,BR018,0.7864,0
CU00003120,Rahul Rao,39,Female,Visakhapatnam,Andhra Pradesh,Student,359746.0,High,2025-05-18,BR020,0.6146,0
CU00003121,Kavya Rao,42,Female,Delhi,Delhi,Salaried,430398.0,Medium,2019-05-15,BR002,0.5384,0
CU00003122,Sai Gupta,50,Male,Pune,Maharashtra,Retired,632727.0,Medium,2025-02-27,BR022,0.2116,0
CU00003123,Divya Gupta,34,Male,Bengaluru,Karnataka,Professional,770674.0,Medium,2017-06-18,BR003,0.2259,0
CU00003124,Nikhil Khan,53,Female,Pune,Maharashtra,Self-employed,361936.0,High,2017-09-30,BR020,0.3261,1
CU00003125,Arjun Rao,29,Female,Delhi,Delhi,Self-employed,468369.0,Medium,2023-07-07,BR011,0.3996,0
CU00003126,Nikhil Das,37,Male,Delhi,Delhi,Salaried,435143.0,Medium,2022-05-31,BR002,0.3488,0
CU00003127,Sai Gupta,30,Male,Mumbai,Maharashtra,Salaried,1177401.0,Low,2017-03-17,BR001,0.226,0
CU00003128,Arjun Sharma,39,Male,Pune,Maharashtra,Self-employed,774940.0,Medium,2018-08-29,BR018,0.4965,0
CU00003129,Priya Reddy,27,Female,Mumbai,Maharashtra,Salaried,871137.0,Medium,2019-04-14,BR009,0.8591,0
CU00003130,Sai Khan,21,Female,Chennai,Tamil Nadu,Salaried,497970.0,Medium,2022-12-23,BR008,0.5769,0
CU00003131,Sai Sharma,24,Male,Bengaluru,Karnataka,Salaried,440356.0,Medium,2024-10-18,BR023,0.6998,0
CU00003132,Sneha Nair,22,Male,Bengaluru,Karnataka,Professional,1310715.0,Low,2022-05-01,BR018,0.8412,0
CU00003133,Ishaan Patel,35,Male,Visakhapatnam,Andhra Pradesh,Retired,1064072.0,Low,2024-05-14,BR022,0.7056,0
CU00003134,Priya Gupta,24,Male,Hyderabad,Telangana,Salaried,388935.0,High,2020-01-02,BR014,0.9258,0
CU00003135,Kavya Sharma,41,Female,Hyderabad,Telangana,Professional,802667.0,Medium,2023-03-05,BR018,0.704,0
CU00003136,Aditi Khan,23,Female,Kolkata,West Bengal,Student,803781.0,Medium,2019-08-30,BR020,0.8042,0
CU00003137,Sai Iyer,33,Female,Pune,Maharashtra,Self-employed,1292296.0,Low,2018-02-08,BR004,0.5801,1
CU00003138,Aditi Nair,55,Male,Pune,Maharashtra,Salaried,1019599.0,Low,2020-12-01,BR006,0.5034,0
CU00003139,Divya Das,51,Male,Kolkata,West Bengal,Salaried,2294114.0,Very Low,2022-01-12,BR017,0.6681,0
CU00003140,Nikhil Nair,47,Male,Pune,Maharashtra,Salaried,1099759.0,Low,2018-02-11,BR013,0.3123,0
CU00003141,Nikhil Gupta,44,Male,Mumbai,Maharashtra,Professional,659085.0,Medium,2024-02-07,BR004,0.6933,0
CU00003142,Sneha Khan,33,Female,Mumbai,Maharashtra,Self-employed,1408202.0,Low,2021-08-29,BR011,0.4484,0
CU00003143,Nikhil Khan,62,Male,Visakhapatnam,Andhra Pradesh,Student,324395.0,High,2021-06-09,BR002,0.2426,0
CU00003144,Sai Nair,18,Male,Delhi,Delhi,Professional,700225.0,Medium,2025-01-01,BR006,0.3411,0
CU00003145,Priya Reddy,31,Female,Mumbai,Maharashtra,Salaried,1819113.0,Very Low,2020-09-29,BR011,0.5533,0
CU00003146,Priya Reddy,18,Female,Kolkata,West Bengal,Salaried,850423.0,Medium,2025-05-11,BR007,0.7811,0
CU00003147,Aditi Das,21,Male,Kolkata,West Bengal,Salaried,664241.0,Medium,2021-06-14,BR015,0.4233,0
CU00003148,Aarav Patel,36,Female,Chennai,Tamil Nadu,Self-employed,788836.0,Medium,2021-02-19,BR024,0.274,0
CU00003149,Arjun Nair,36,Female,Chennai,Tamil Nadu,Salaried,2682751.0,Very Low,2017-11-23,BR001,0.6308,0
CU00003150,Kavya Sharma,52,Female,Mumbai,Maharashtra,Salaried,1106030.0,Low,2026-05-07,BR002,0.5494,0
CU00003151,Sneha Singh,37,Male,Chennai,Tamil Nadu,Self-employed,599878.0,Medium,2019-09-23,BR004,0.7991,0
CU00003152,Aditi Patel,35,Female,Mumbai,Maharashtra,Salaried,787224.0,Medium,2025-09-04,BR021,0.8845,0
CU00003153,Sneha Patel,53,Female,Mumbai,Maharashtra,Self-employed,1350390.0,Low,2024-02-01,BR001,0.7653,1
CU00003154,Ishaan Rao,53,Female,Mumbai,Maharashtra,Salaried,754168.0,Medium,2023-01-08,BR012,0.6788,0
CU00003155,Rahul Reddy,47,Male,Hyderabad,Telangana,Salaried,1623458.0,Low,2020-08-14,BR003,0.5677,0
CU00003156,Kavya Khan,68,Female,Bengaluru,Karnataka,Salaried,682311.0,Medium,2026-06-03,BR021,0.097,0
CU00003157,Sneha Rao,40,Male,Delhi,Delhi,Retired,1500796.0,Low,2023-12-02,BR021,0.4916,1
CU00003158,Divya Rao,45,Male,Visakhapatnam,Andhra Pradesh,Self-employed,862278.0,Medium,2019-11-23,BR004,0.7563,0
CU00003159,Divya Das,49,Female,Mumbai,Maharashtra,Student,1114191.0,Low,2024-06-21,BR016,0.7469,0
CU00003160,Ishaan Khan,21,Female,Bengaluru,Karnataka,Student,475035.0,Medium,2019-12-21,BR013,0.5428,0
CU00003161,Arjun Singh,39,Female,Hyderabad,Telangana,Student,1058122.0,Low,2025-08-02,BR020,0.6628,0
CU00003162,Kavya Das,29,Female,Delhi,Delhi,Student,901700.0,Low,2025-08-11,BR010,0.8968,0
CU00003163,Meera Nair,18,Male,Kolkata,West Bengal,Self-employed,1577232.0,Low,2026-02-11,BR012,0.2864,0
CU00003164,Nikhil Reddy,28,Female,Pune,Maharashtra,Professional,612210.0,Medium,2018-06-20,BR010,0.7604,0
CU00003165,Aditi Singh,18,Female,Hyderabad,Telangana,Salaried,508462.0,Medium,2020-09-14,BR019,0.6,0
CU00003166,Meera Patel,18,Male,Visakhapatnam,Andhra Pradesh,Student,858003.0,Medium,2024-05-01,BR009,0.5869,0
CU00003167,Priya Reddy,18,Male,Bengaluru,Karnataka,Professional,285449.0,High,2022-06-28,BR016,0.5289,0
CU00003168,Sneha Rao,40,Male,Hyderabad,Telangana,Self-employed,494071.0,Medium,2019-04-19,BR021,0.3067,0
CU00003169,Arjun Patel,50,Male,Chennai,Tamil Nadu,Salaried,1250164.0,Low,2025-01-20,BR020,0.7365,0
CU00003170,Priya Nair,22,Male,Visakhapatnam,Andhra Pradesh,Self-employed,602137.0,Medium,2022-12-28,BR003,0.3382,0
CU00003171,Divya Rao,18,Female,Hyderabad,Telangana,Salaried,492678.0,Medium,2018-03-16,BR003,0.6242,0
CU00003172,Nikhil Reddy,57,Male,Kolkata,West Bengal,Salaried,1798486.0,Low,2024-04-12,BR008,0.576,0
CU00003173,Nikhil Patel,40,Male,Pune,Maharashtra,Self-employed,257954.0,High,2020-09-20,BR016,0.6433,0
CU00003174,Sai Reddy,21,Female,Bengaluru,Karnataka,Self-employed,2292139.0,Very Low,2024-05-10,BR020,0.6256,0
CU00003175,Divya Iyer,43,Female,Bengaluru,Karnataka,Student,567298.0,Medium,2025-09-30,BR020,0.8157,0
CU00003176,Priya Singh,48,Male,Chennai,Tamil Nadu,Student,414978.0,Medium,2022-02-22,BR001,0.7071,0
CU00003177,Sneha Singh,44,Male,Hyderabad,Telangana,Retired,734392.0,Medium,2018-06-09,BR019,0.5222,0
CU00003178,Divya Rao,60,Male,Hyderabad,Telangana,Salaried,935377.0,Low,2016-09-05,BR023,0.3486,0
CU00003179,Kavya Khan,47,Female,Visakhapatnam,Andhra Pradesh,Salaried,881877.0,Medium,2019-11-04,BR010,0.5386,0
CU00003180,Arjun Nair,44,Female,Chennai,Tamil Nadu,Salaried,316540.0,High,2024-12-28,BR024,0.7277,0
CU00003181,Sai Khan,27,Female,Visakhapatnam,Andhra Pradesh,Salaried,491719.0,Medium,2019-12-11,BR008,0.2945,0
CU00003182,Kavya Patel,45,Female,Hyderabad,Telangana,Retired,523264.0,Medium,2023-12-27,BR013,0.0971,1
CU00003183,Arjun Das,21,Female,Mumbai,Maharashtra,Salaried,1231795.0,Low,2018-04-23,BR022,0.4878,0
CU00003184,Aarav Sharma,28,Male,Bengaluru,Karnataka,Salaried,1856923.0,Very Low,2017-06-15,BR019,0.3071,0
CU00003185,Meera Nair,18,Male,Chennai,Tamil Nadu,Retired,459906.0,Medium,2020-11-02,BR009,0.2845,0
CU00003186,Kavya Khan,35,Female,Kolkata,West Bengal,Salaried,312248.0,High,2020-09-04,BR004,0.5613,0
CU00003187,Rahul Reddy,36,Male,Kolkata,West Bengal,Salaried,1398247.0,Low,2024-02-24,BR004,0.7314,1
CU00003188,Rahul Patel,54,Male,Visakhapatnam,Andhra Pradesh,Self-employed,749002.0,Medium,2026-01-08,BR005,0.7841,0
CU00003189,Meera Gupta,37,Male,Mumbai,Maharashtra,Salaried,333846.0,High,2021-06-05,BR018,0.7691,0
CU00003190,Sai Nair,30,Male,Hyderabad,Telangana,Salaried,875328.0,Medium,2023-04-05,BR012,0.4003,0
CU00003191,Priya Nair,57,Female,Chennai,Tamil Nadu,Student,594012.0,Medium,2024-11-15,BR013,0.5618,0
CU00003192,Ishaan Khan,57,Female,Chennai,Tamil Nadu,Self-employed,458085.0,Medium,2020-10-27,BR016,0.8172,0
CU00003193,Nikhil Reddy,27,Male,Bengaluru,Karnataka,Retired,783908.0,Medium,2025-03-06,BR019,0.7519,0
CU00003194,Divya Sharma,51,Male,Chennai,Tamil Nadu,Salaried,392379.0,High,2025-07-27,BR010,0.8683,0
CU00003195,Sai Reddy,37,Male,Mumbai,Maharashtra,Salaried,693629.0,Medium,2020-12-27,BR012,0.8326,0
CU00003196,Arjun Gupta,43,Female,Pune,Maharashtra,Salaried,901941.0,Low,2022-09-28,BR014,0.5589,0
CU00003197,Meera Patel,18,Female,Mumbai,Maharashtra,Student,750913.0,Medium,2023-12-16,BR021,0.4233,0
CU00003198,Sai Patel,27,Male,Pune,Maharashtra,Salaried,872246.0,Medium,2017-08-26,BR015,0.6442,0
CU00003199,Kavya Patel,50,Female,Visakhapatnam,Andhra Pradesh,Salaried,750900.0,Medium,2023-02-13,BR014,0.93,0
CU00003200,Sai Sharma,29,Male,Visakhapatnam,Andhra Pradesh,Self-employed,356500.0,High,2017-07-07,BR019,0.2817,0
CU00003201,Ishaan Khan,38,Male,Chennai,Tamil Nadu,Self-employed,1331042.0,Low,2020-01-30,BR006,0.6777,0
CU00003202,Meera Sharma,60,Male,Bengaluru,Karnataka,Retired,1079042.0,Low,2025-01-28,BR017,0.7187,0
CU00003203,Nikhil Rao,50,Male,Pune,Maharashtra,Salaried,1441116.0,Low,2022-06-13,BR018,0.6499,0
CU00003204,Nikhil Khan,58,Male,Delhi,Delhi,Salaried,207353.0,High,2022-09-18,BR001,0.4757,0
CU00003205,Sai Singh,72,Female,Kolkata,West Bengal,Student,983626.0,Low,2024-08-04,BR007,0.3004,0
CU00003206,Sneha Sharma,28,Female,Mumbai,Maharashtra,Salaried,1303473.0,Low,2022-06-16,BR024,0.7242,0
CU00003207,Nikhil Gupta,46,Male,Visakhapatnam,Andhra Pradesh,Self-employed,895713.0,Medium,2023-07-10,BR022,0.9082,0
CU00003208,Aarav Sharma,42,Male,Mumbai,Maharashtra,Professional,717543.0,Medium,2025-10-30,BR022,0.8061,0
CU00003209,Aarav Iyer,44,Male,Chennai,Tamil Nadu,Salaried,1620112.0,Low,2019-02-08,BR004,0.7852,0
CU00003210,Rahul Patel,61,Male,Hyderabad,Telangana,Self-employed,702084.0,Medium,2020-11-03,BR012,0.7411,0
CU00003211,Sneha Das,34,Female,Chennai,Tamil Nadu,Student,661752.0,Medium,2017-05-26,BR020,0.9655,0
CU00003212,Sai Nair,28,Male,Mumbai,Maharashtra,Salaried,573145.0,Medium,2018-03-23,BR003,0.7184,0
CU00003213,Aarav Iyer,57,Male,Visakhapatnam,Andhra Pradesh,Professional,482329.0,Medium,2023-08-22,BR013,0.3294,0
CU00003214,Sai Khan,42,Male,Mumbai,Maharashtra,Salaried,944233.0,Low,2023-01-13,BR012,0.2389,0
CU00003215,Aarav Nair,38,Male,Delhi,Delhi,Retired,688723.0,Medium,2017-11-07,BR008,0.8097,0
CU00003216,Rahul Khan,46,Female,Kolkata,West Bengal,Salaried,1195144.0,Low,2021-02-07,BR002,0.3805,1
CU00003217,Ishaan Sharma,38,Female,Hyderabad,Telangana,Salaried,539513.0,Medium,2017-04-02,BR018,0.9583,0
CU00003218,Sai Nair,30,Male,Chennai,Tamil Nadu,Professional,623278.0,Medium,2016-10-03,BR014,0.3083,0
CU00003219,Meera Iyer,38,Female,Chennai,Tamil Nadu,Self-employed,847529.0,Medium,2021-10-04,BR023,0.5516,0
CU00003220,Sneha Rao,33,Female,Kolkata,West Bengal,Professional,473113.0,Medium,2019-02-23,BR015,0.7414,0
CU00003221,Rahul Das,39,Male,Hyderabad,Telangana,Salaried,751518.0,Medium,2018-12-24,BR007,0.6732,0
CU00003222,Arjun Gupta,30,Male,Mumbai,Maharashtra,Salaried,560680.0,Medium,2017-12-08,BR021,0.7891,0
CU00003223,Sai Gupta,43,Male,Mumbai,Maharashtra,Professional,961675.0,Low,2025-03-14,BR004,0.5879,0
CU00003224,Divya Khan,47,Male,Hyderabad,Telangana,Self-employed,1851848.0,Very Low,2024-11-13,BR021,0.3678,0
CU00003225,Sai Sharma,25,Female,Chennai,Tamil Nadu,Salaried,1132228.0,Low,2020-09-25,BR019,0.4203,0
CU00003226,Sai Gupta,26,Female,Visakhapatnam,Andhra Pradesh,Salaried,2329517.0,Very Low,2019-08-29,BR001,0.4271,0
CU00003227,Sneha Iyer,43,Male,Pune,Maharashtra,Self-employed,375191.0,High,2020-06-03,BR002,0.5486,0
CU00003228,Ishaan Nair,52,Female,Mumbai,Maharashtra,Salaried,559324.0,Medium,2017-01-07,BR018,0.7357,0
CU00003229,Divya Khan,42,Non-binary,Kolkata,West Bengal,Self-employed,1055986.0,Low,2022-07-25,BR023,0.8422,0
CU00003230,Meera Reddy,38,Male,Kolkata,West Bengal,Professional,570364.0,Medium,2017-07-09,BR016,0.2837,0
CU00003231,Arjun Iyer,53,Female,Kolkata,West Bengal,Salaried,832357.0,Medium,2016-12-17,BR015,0.2729,0
CU00003232,Priya Singh,49,Male,Hyderabad,Telangana,Self-employed,768448.0,Medium,2022-11-17,BR010,0.7139,0
CU00003233,Divya Sharma,30,Female,Pune,Maharashtra,Student,380447.0,High,2025-09-12,BR005,0.9036,0
CU00003234,Ishaan Reddy,40,Female,Mumbai,Maharashtra,Salaried,1119899.0,Low,2020-06-20,BR007,0.3339,0
CU00003235,Rahul Iyer,54,Female,Delhi,Delhi,Professional,524215.0,Medium,2018-08-28,BR013,0.2517,1
CU00003236,Rahul Das,36,Female,Mumbai,Maharashtra,Salaried,757656.0,Medium,2024-08-02,BR009,0.339,0
CU00003237,Nikhil Das,45,Male,Bengaluru,Karnataka,Salaried,653844.0,Medium,2023-11-17,BR011,0.5401,0
CU00003238,Nikhil Patel,18,Male,Bengaluru,Karnataka,Self-employed,393941.0,High,2017-06-07,BR005,0.4243,0
CU00003239,Divya Rao,49,Male,Visakhapatnam,Andhra Pradesh,Salaried,823301.0,Medium,2019-07-09,BR015,0.5863,0
CU00003240,Divya Das,31,Male,Kolkata,West Bengal,Self-employed,566510.0,Medium,2022-12-30,BR002,0.9979,0
CU00003241,Rahul Rao,34,Female,Bengaluru,Karnataka,Salaried,1807680.0,Very Low,2020-08-15,BR013,0.4905,0
CU00003242,Aditi Gupta,31,Female,Visakhapatnam,Andhra Pradesh,Salaried,1164927.0,Low,2024-08-31,BR009,0.2557,0
CU00003243,Rahul Iyer,33,Female,Pune,Maharashtra,Professional,746364.0,Medium,2023-01-02,BR010,0.3447,0
CU00003244,Arjun Reddy,51,Female,Kolkata,West Bengal,Salaried,968832.0,Low,2024-01-06,BR023,0.2138,0
CU00003245,Aditi Singh,46,Female,Hyderabad,Telangana,Salaried,180000.0,High,2020-04-18,BR023,0.3091,0
CU00003246,Kavya Singh,42,Female,Bengaluru,Karnataka,Salaried,486593.0,Medium,2025-12-03,BR005,0.4741,0
CU00003247,Nikhil Khan,56,Male,Mumbai,Maharashtra,Salaried,519171.0,Medium,2024-02-22,BR018,0.6622,0
CU00003248,Nikhil Patel,57,Female,Delhi,Delhi,Salaried,678889.0,Medium,2022-10-07,BR022,0.5859,0
CU00003249,Rahul Das,51,Male,Bengaluru,Karnataka,Self-employed,380246.0,High,2016-10-30,BR012,0.8688,0
CU00003250,Ishaan Khan,19,Female,Pune,Maharashtra,Professional,525144.0,Medium,2026-01-23,BR004,0.366,1
CU00003251,Sai Singh,36,Male,Hyderabad,Telangana,Salaried,543764.0,Medium,2021-11-02,BR013,0.3922,0
CU00003252,Arjun Sharma,39,Female,Visakhapatnam,Andhra Pradesh,Salaried,639174.0,Medium,2021-12-21,BR024,0.0986,0
CU00003253,Divya Reddy,29,Male,Kolkata,West Bengal,Salaried,641305.0,Medium,2025-12-01,BR024,0.853,0
CU00003254,Meera Rao,34,Female,Mumbai,Maharashtra,Salaried,1084893.0,Low,2024-09-11,BR004,0.931,0
CU00003255,Aditi Reddy,43,Female,Hyderabad,Telangana,Self-employed,1430448.0,Low,2017-07-27,BR019,0.7211,0
CU00003256,Meera Nair,45,Male,Delhi,Delhi,Professional,327084.0,High,2020-09-01,BR010,0.9148,0
CU00003257,Sneha Iyer,20,Female,Kolkata,West Bengal,Salaried,1545558.0,Low,2024-07-29,BR012,0.6118,0
CU00003258,Aditi Nair,41,Male,Hyderabad,Telangana,Salaried,2220945.0,Very Low,2023-03-17,BR024,0.8014,0
CU00003259,Arjun Das,34,Male,Pune,Maharashtra,Salaried,914520.0,Low,2020-11-26,BR024,0.2962,0
CU00003260,Sai Singh,35,Female,Mumbai,Maharashtra,Salaried,352764.0,High,2021-11-10,BR016,0.5918,0
CU00003261,Nikhil Das,30,Female,Mumbai,Maharashtra,Salaried,1894821.0,Very Low,2023-11-05,BR001,0.4872,0
CU00003262,Rahul Sharma,24,Female,Chennai,Tamil Nadu,Self-employed,2293714.0,Very Low,2022-05-10,BR001,0.9661,0
CU00003263,Sai Gupta,27,Male,Visakhapatnam,Andhra Pradesh,Self-employed,1015647.0,Low,2021-09-15,BR021,0.5724,0
CU00003264,Sneha Gupta,38,Female,Chennai,Tamil Nadu,Student,647513.0,Medium,2017-02-11,BR008,0.3822,0
CU00003265,Ishaan Gupta,39,Female,Chennai,Tamil Nadu,Professional,1234230.0,Low,2025-01-16,BR018,0.8015,0
CU00003266,Aarav Patel,39,Male,Kolkata,West Bengal,Salaried,422861.0,Medium,2023-12-21,BR011,0.3455,0
CU00003267,Arjun Das,40,Male,Kolkata,West Bengal,Salaried,474991.0,Medium,2019-07-25,BR023,0.223,0
CU00003268,Nikhil Iyer,52,Female,Hyderabad,Telangana,Self-employed,361648.0,High,2025-10-28,BR002,0.4378,0
CU00003269,Kavya Rao,37,Male,Chennai,Tamil Nadu,Salaried,469917.0,Medium,2020-11-17,BR020,0.7585,0
CU00003270,Sneha Rao,44,Female,Mumbai,Maharashtra,Self-employed,1580587.0,Low,2023-04-02,BR004,0.292,0
CU00003271,Nikhil Singh,50,Male,Delhi,Delhi,Student,654038.0,Medium,2017-01-05,BR021,0.2412,0
CU00003272,Aarav Reddy,40,Male,Mumbai,Maharashtra,Salaried,910132.0,Low,2016-10-26,BR010,0.4707,0
CU00003273,Sneha Sharma,42,Male,Delhi,Delhi,Professional,790027.0,Medium,2021-03-06,BR017,0.3232,0
CU00003274,Arjun Iyer,23,Female,Mumbai,Maharashtra,Self-employed,358775.0,High,2017-06-02,BR005,0.891,0
CU00003275,Aditi Sharma,38,Male,Chennai,Tamil Nadu,Salaried,1267767.0,Low,2022-03-22,BR023,0.6728,0
CU00003276,Ishaan Singh,54,Female,Delhi,Delhi,Salaried,453280.0,Medium,2016-11-25,BR006,0.8669,0
CU00003277,Ishaan Nair,45,Female,Kolkata,West Bengal,Retired,1285214.0,Low,2023-12-14,BR022,0.7524,0
CU00003278,Sai Patel,43,Female,Mumbai,Maharashtra,Salaried,639905.0,Medium,2019-03-11,BR022,0.7012,0
CU00003279,Ishaan Sharma,29,Male,Chennai,Tamil Nadu,Salaried,617974.0,Medium,2024-11-02,BR018,0.7355,0
CU00003280,Meera Rao,25,Female,Hyderabad,Telangana,Self-employed,1908582.0,Very Low,2022-06-17,BR023,0.9072,0
CU00003281,Arjun Khan,31,Male,Hyderabad,Telangana,Salaried,653913.0,Medium,2016-12-04,BR019,0.5135,0
CU00003282,Rahul Khan,55,Female,Pune,Maharashtra,Self-employed,2816882.0,Very Low,2024-04-07,BR010,0.6844,0
CU00003283,Rahul Nair,46,Female,Kolkata,West Bengal,Salaried,1314572.0,Low,2025-12-08,BR010,0.6218,0
CU00003284,Aditi Das,27,Female,Kolkata,West Bengal,Salaried,1426580.0,Low,2022-12-07,BR021,0.3482,0
CU00003285,Divya Khan,62,Male,Visakhapatnam,Andhra Pradesh,Student,1598220.0,Low,2019-11-04,BR021,0.9102,0
CU00003286,Rahul Rao,41,Male,Kolkata,West Bengal,Self-employed,944125.0,Low,2021-09-04,BR020,0.8837,0
CU00003287,Meera Das,37,Male,Mumbai,Maharashtra,Salaried,3753952.0,Very Low,2022-04-10,BR023,0.2948,0
CU00003288,Sneha Khan,41,Female,Hyderabad,Telangana,Salaried,673858.0,Medium,2023-06-17,BR003,0.9317,0
CU00003289,Kavya Gupta,18,Female,Mumbai,Maharashtra,Retired,712274.0,Medium,2017-06-17,BR022,0.5396,0
CU00003290,Priya Iyer,42,Male,Visakhapatnam,Andhra Pradesh,Salaried,180000.0,High,2025-09-01,BR023,0.6089,0
CU00003291,Meera Rao,44,Female,Chennai,Tamil Nadu,Professional,180000.0,High,2021-05-20,BR008,0.3241,0
CU00003292,Sneha Das,56,Male,Pune,Maharashtra,Salaried,505241.0,Medium,2020-10-23,BR003,0.8624,0
CU00003293,Kavya Reddy,41,Male,Kolkata,West Bengal,Professional,1986185.0,Very Low,2019-10-20,BR014,0.2591,0
CU00003294,Aarav Das,43,Female,Hyderabad,Telangana,Student,1217501.0,Low,2025-12-14,BR020,0.7152,0
CU00003295,Nikhil Iyer,51,Female,Kolkata,West Bengal,Self-employed,1218646.0,Low,2020-05-02,BR003,0.754,0
CU00003296,Priya Khan,40,Female,Mumbai,Maharashtra,Salaried,475990.0,Medium,2017-07-21,BR017,0.2741,0
CU00003297,Sai Patel,33,Male,Chennai,Tamil Nadu,Self-employed,1298164.0,Low,2025-06-19,BR022,0.5565,0
CU00003298,Arjun Sharma,30,Male,Pune,Maharashtra,Salaried,1128094.0,Low,2025-05-02,BR020,0.5301,0
CU00003299,Divya Rao,41,Male,Hyderabad,Telangana,Salaried,1353968.0,Low,2019-11-20,BR018,0.8239,0
CU00003300,Aarav Singh,76,Female,Bengaluru,Karnataka,Salaried,275084.0,High,2020-01-14,BR024,0.6413,0
CU00003301,Aarav Sharma,44,Female,Chennai,Tamil Nadu,Salaried,337997.0,High,2026-04-02,BR001,0.894,0
CU00003302,Aditi Nair,32,Male,Hyderabad,Telangana,Retired,826071.0,Medium,2016-09-06,BR006,0.8868,0
CU00003303,Priya Singh,28,Male,Chennai,Tamil Nadu,Salaried,609486.0,Medium,2017-10-30,BR006,0.2473,0
CU00003304,Meera Iyer,55,Male,Visakhapatnam,Andhra Pradesh,Professional,714992.0,Medium,2020-09-18,BR012,0.7553,0
CU00003305,Ishaan Patel,36,Male,Hyderabad,Telangana,Self-employed,485834.0,Medium,2022-03-04,BR024,0.2991,0
CU00003306,Priya Reddy,54,Male,Bengaluru,Karnataka,Self-employed,1236449.0,Low,2017-02-08,BR008,0.1684,0
CU00003307,Ishaan Das,40,Female,Bengaluru,Karnataka,Salaried,189652.0,High,2019-11-06,BR005,0.606,0
CU00003308,Meera Reddy,26,Male,Pune,Maharashtra,Salaried,737316.0,Medium,2019-09-12,BR024,0.5403,0
CU00003309,Priya Patel,41,Male,Delhi,Delhi,Student,1292625.0,Low,2020-12-13,BR003,0.4865,0
CU00003310,Meera Patel,19,Female,Visakhapatnam,Andhra Pradesh,Salaried,315805.0,High,2018-04-03,BR022,0.482,0
CU00003311,Divya Khan,34,Female,Kolkata,West Bengal,Retired,504549.0,Medium,2022-05-16,BR003,0.6856,0
CU00003312,Kavya Gupta,43,Female,Hyderabad,Telangana,Salaried,568512.0,Medium,2021-09-18,BR010,0.3356,0
CU00003313,Divya Singh,45,Female,Pune,Maharashtra,Professional,1148405.0,Low,2023-07-30,BR024,0.4363,0
CU00003314,Meera Sharma,27,Male,Visakhapatnam,Andhra Pradesh,Salaried,180000.0,High,2017-04-21,BR023,0.5657,0
CU00003315,Arjun Sharma,52,Male,Kolkata,West Bengal,Professional,1054034.0,Low,2022-08-22,BR012,0.3522,0
CU00003316,Sai Gupta,44,Female,Mumbai,Maharashtra,Salaried,749603.0,Medium,2016-10-07,BR001,0.7672,0
CU00003317,Meera Patel,45,Female,Chennai,Tamil Nadu,Salaried,867555.0,Medium,2025-05-12,BR007,0.7656,1
CU00003318,Rahul Singh,18,Male,Kolkata,West Bengal,Self-employed,786990.0,Medium,2025-02-16,BR011,0.6171,0
CU00003319,Aarav Reddy,52,Female,Visakhapatnam,Andhra Pradesh,Salaried,350139.0,High,2019-08-29,BR016,0.2711,0
CU00003320,Arjun Singh,54,Female,Bengaluru,Karnataka,Salaried,927875.0,Low,2018-05-12,BR013,0.8669,0
CU00003321,Aarav Das,37,Male,Delhi,Delhi,Self-employed,536487.0,Medium,2018-04-05,BR018,0.1616,0
CU00003322,Aarav Patel,47,Female,Visakhapatnam,Andhra Pradesh,Self-employed,496210.0,Medium,2019-10-29,BR015,0.9516,0
CU00003323,Sai Sharma,18,Female,Hyderabad,Telangana,Self-employed,431838.0,Medium,2019-10-20,BR006,0.2599,0
CU00003324,Ishaan Iyer,49,Female,Bengaluru,Karnataka,Salaried,469192.0,Medium,2024-06-10,BR015,0.1207,0
CU00003325,Kavya Reddy,36,Male,Mumbai,Maharashtra,Self-employed,1755977.0,Low,2021-06-29,BR012,0.8072,0
CU00003326,Meera Sharma,44,Male,Delhi,Delhi,Salaried,954608.0,Low,2017-12-25,BR005,0.7987,0
CU00003327,Nikhil Nair,29,Male,Mumbai,Maharashtra,Self-employed,265061.0,High,2022-08-03,BR004,0.6961,0
CU00003328,Meera Sharma,29,Male,Delhi,Delhi,Retired,514109.0,Medium,2024-09-17,BR011,0.3322,0
CU00003329,Meera Reddy,23,Male,Visakhapatnam,Andhra Pradesh,Salaried,346742.0,High,2019-12-18,BR004,0.5779,1
CU00003330,Ishaan Gupta,18,Female,Visakhapatnam,Andhra Pradesh,Self-employed,985870.0,Low,2021-03-03,BR014,0.841,0
CU00003331,Priya Patel,40,Male,Visakhapatnam,Andhra Pradesh,Salaried,391821.0,High,2018-08-31,BR002,0.3352,0
CU00003332,Ishaan Sharma,37,Female,Hyderabad,Telangana,Student,261901.0,High,2024-02-16,BR005,0.8471,0
CU00003333,Kavya Singh,32,Male,Visakhapatnam,Andhra Pradesh,Retired,648536.0,Medium,2025-12-06,BR023,0.6337,0
CU00003334,Aditi Patel,27,Male,Hyderabad,Telangana,Salaried,1602098.0,Low,2023-03-08,BR007,0.8684,0
CU00003335,Kavya Das,30,Male,Pune,Maharashtra,Salaried,565772.0,Medium,2019-10-21,BR004,0.9163,0
CU00003336,Rahul Singh,38,Female,Visakhapatnam,Andhra Pradesh,Salaried,1187227.0,Low,2017-12-09,BR015,0.9687,0
CU00003337,Ishaan Nair,54,Female,Pune,Maharashtra,Retired,825305.0,Medium,2020-12-06,BR005,0.4254,0
CU00003338,Arjun Rao,47,Male,Hyderabad,Telangana,Student,696819.0,Medium,2020-08-07,BR022,0.8841,0
CU00003339,Nikhil Reddy,28,Male,Hyderabad,Telangana,Professional,1493258.0,Low,2019-11-12,BR005,0.7225,1
CU00003340,Rahul Sharma,53,Male,Hyderabad,Telangana,Professional,399447.0,High,2024-03-15,BR009,0.9646,0
CU00003341,Kavya Iyer,47,Female,Delhi,Delhi,Salaried,1188656.0,Low,2021-01-17,BR001,0.5017,0
CU00003342,Aditi Sharma,42,Male,Visakhapatnam,Andhra Pradesh,Salaried,983400.0,Low,2020-01-12,BR014,0.4595,0
CU00003343,Meera Nair,18,Male,Visakhapatnam,Andhra Pradesh,Salaried,2217863.0,Very Low,2026-05-31,BR001,0.899,0
CU00003344,Ishaan Gupta,45,Female,Hyderabad,Telangana,Retired,577113.0,Medium,2022-10-14,BR011,0.745,0
CU00003345,Arjun Khan,35,Male,Hyderabad,Telangana,Retired,1613747.0,Low,2018-06-17,BR022,0.7023,0
CU00003346,Meera Rao,34,Male,Delhi,Delhi,Salaried,728732.0,Medium,2025-08-19,BR004,0.3867,0
CU00003347,Ishaan Das,32,Male,Pune,Maharashtra,Salaried,595253.0,Medium,2020-09-30,BR013,0.6242,0
CU00003348,Aarav Patel,53,Female,Mumbai,Maharashtra,Self-employed,788276.0,Medium,2024-05-06,BR001,0.4704,1
CU00003349,Meera Reddy,29,Female,Delhi,Delhi,Retired,632294.0,Medium,2020-09-30,BR003,0.9919,0
CU00003350,Rahul Reddy,47,Female,Mumbai,Maharashtra,Salaried,852834.0,Medium,2016-12-16,BR020,0.7462,0
CU00003351,Ishaan Sharma,35,Male,Pune,Maharashtra,Salaried,1655161.0,Low,2025-05-03,BR005,0.7902,0
CU00003352,Divya Nair,41,Male,Kolkata,West Bengal,Salaried,1324173.0,Low,2022-08-21,BR011,0.6893,0
CU00003353,Arjun Rao,50,Female,Visakhapatnam,Andhra Pradesh,Retired,578131.0,Medium,2017-11-09,BR024,0.1004,0
CU00003354,Rahul Iyer,33,Male,Bengaluru,Karnataka,Salaried,858195.0,Medium,2021-04-09,BR008,0.9163,0
CU00003355,Aditi Rao,21,Male,Visakhapatnam,Andhra Pradesh,Retired,971098.0,Low,2018-12-04,BR015,0.9083,0
CU00003356,Rahul Nair,26,Female,Kolkata,West Bengal,Salaried,1228668.0,Low,2025-12-11,BR010,0.9035,0
CU00003357,Arjun Khan,49,Male,Hyderabad,Telangana,Salaried,570870.0,Medium,2018-12-11,BR003,0.2208,0
CU00003358,Nikhil Iyer,25,Male,Delhi,Delhi,Retired,822384.0,Medium,2019-03-02,BR021,0.6273,0
CU00003359,Rahul Rao,47,Female,Delhi,Delhi,Student,448497.0,Medium,2025-07-30,BR018,0.2598,0
CU00003360,Aarav Nair,39,Male,Hyderabad,Telangana,Professional,572633.0,Medium,2026-06-26,BR006,0.5749,0
CU00003361,Ishaan Iyer,56,Male,Kolkata,West Bengal,Salaried,317372.0,High,2019-06-11,BR006,0.5157,0
CU00003362,Priya Sharma,35,Male,Mumbai,Maharashtra,Professional,279867.0,High,2023-12-03,BR017,0.651,0
CU00003363,Sneha Rao,34,Female,Delhi,Delhi,Self-employed,1032938.0,Low,2025-10-07,BR022,0.4866,0
CU00003364,Ishaan Sharma,40,Male,Kolkata,West Bengal,Salaried,1808496.0,Very Low,2024-05-31,BR014,0.8449,0
CU00003365,Aarav Rao,44,Male,Hyderabad,Telangana,Professional,517999.0,Medium,2020-04-19,BR001,0.5758,0
CU00003366,Aarav Gupta,29,Female,Pune,Maharashtra,Salaried,599892.0,Medium,2021-01-02,BR019,0.6219,0
CU00003367,Meera Gupta,35,Female,Hyderabad,Telangana,Salaried,363763.0,High,2018-11-30,BR009,0.6646,0
CU00003368,Arjun Rao,53,Male,Chennai,Tamil Nadu,Salaried,1676275.0,Low,2025-03-12,BR018,0.3577,0
CU00003369,Kavya Singh,75,Female,Hyderabad,Telangana,Salaried,660752.0,Medium,2023-03-29,BR005,0.7852,0
CU00003370,Divya Sharma,22,Male,Bengaluru,Karnataka,Salaried,1141090.0,Low,2022-02-05,BR013,0.9211,0
CU00003371,Sneha Patel,20,Male,Visakhapatnam,Andhra Pradesh,Retired,954424.0,Low,2019-10-05,BR002,0.1466,0
CU00003372,Aarav Sharma,35,Male,Kolkata,West Bengal,Salaried,343662.0,High,2025-07-05,BR003,0.6356,0
CU00003373,Divya Das,32,Male,Hyderabad,Telangana,Student,669180.0,Medium,2026-06-03,BR024,0.1791,0
CU00003374,Aditi Singh,42,Female,Kolkata,West Bengal,Salaried,535320.0,Medium,2022-03-04,BR024,0.7449,0
CU00003375,Aditi Singh,39,Female,Hyderabad,Telangana,Salaried,359791.0,High,2022-10-12,BR020,0.7716,0
CU00003376,Priya Reddy,45,Male,Delhi,Delhi,Self-employed,671116.0,Medium,2019-01-05,BR018,0.5704,0
CU00003377,Divya Das,27,Female,Pune,Maharashtra,Retired,1299878.0,Low,2018-06-27,BR003,0.8577,0
CU00003378,Sneha Rao,18,Female,Chennai,Tamil Nadu,Professional,807893.0,Medium,2025-10-09,BR002,0.6646,0
CU00003379,Sneha Iyer,44,Female,Kolkata,West Bengal,Salaried,1015523.0,Low,2021-07-27,BR023,0.5074,0
CU00003380,Divya Das,30,Female,Mumbai,Maharashtra,Salaried,1207441.0,Low,2018-08-06,BR013,0.6861,0
CU00003381,Nikhil Patel,22,Male,Bengaluru,Karnataka,Salaried,589892.0,Medium,2018-10-23,BR001,0.4619,0
CU00003382,Divya Iyer,62,Male,Visakhapatnam,Andhra Pradesh,Self-employed,324727.0,High,2023-09-14,BR016,0.9602,0
CU00003383,Ishaan Das,34,Male,Kolkata,West Bengal,Salaried,543407.0,Medium,2021-02-14,BR010,0.3554,0
CU00003384,Rahul Iyer,34,Female,Delhi,Delhi,Self-employed,513300.0,Medium,2017-03-20,BR018,0.7405,1
CU00003385,Priya Patel,46,Male,Mumbai,Maharashtra,Self-employed,2029182.0,Very Low,2023-12-23,BR007,0.3899,0
CU00003386,Aarav Singh,35,Female,Chennai,Tamil Nadu,Salaried,327762.0,High,2019-11-27,BR003,0.5466,0
CU00003387,Sneha Khan,46,Female,Mumbai,Maharashtra,Self-employed,560741.0,Medium,2018-08-17,BR014,0.5666,0
CU00003388,Sneha Khan,55,Male,Mumbai,Maharashtra,Salaried,874726.0,Medium,2017-08-11,BR015,0.5149,0
CU00003389,Sai Rao,27,Female,Pune,Maharashtra,Salaried,1457260.0,Low,2023-10-31,BR012,0.5779,0
CU00003390,Priya Gupta,48,Female,Mumbai,Maharashtra,Salaried,1260728.0,Low,2022-11-09,BR012,0.5858,0
CU00003391,Aarav Gupta,40,Female,Pune,Maharashtra,Salaried,957138.0,Low,2019-04-03,BR013,0.8507,0
CU00003392,Sneha Rao,51,Female,Mumbai,Maharashtra,Salaried,1920830.0,Very Low,2026-03-30,BR017,0.7175,0
CU00003393,Arjun Patel,37,Male,Hyderabad,Telangana,Self-employed,552103.0,Medium,2025-05-17,BR008,0.9046,0
CU00003394,Aditi Reddy,53,Male,Visakhapatnam,Andhra Pradesh,Student,953102.0,Low,2018-11-02,BR013,0.3095,0
CU00003395,Ishaan Singh,27,Male,Bengaluru,Karnataka,Salaried,1068922.0,Low,2020-03-14,BR013,0.3705,0
CU00003396,Nikhil Singh,42,Male,Pune,Maharashtra,Salaried,672797.0,Medium,2026-02-18,BR020,0.5408,0
CU00003397,Nikhil Sharma,37,Male,Mumbai,Maharashtra,Salaried,1803443.0,Very Low,2022-09-23,BR004,0.4894,0
CU00003398,Aarav Das,39,Male,Kolkata,West Bengal,Salaried,670303.0,Medium,2025-02-19,BR024,0.8914,0
CU00003399,Arjun Singh,32,Male,Mumbai,Maharashtra,Self-employed,579760.0,Medium,2023-01-19,BR022,0.6351,0
CU00003400,Priya Reddy,22,Female,Visakhapatnam,Andhra Pradesh,Salaried,180000.0,High,2023-10-06,BR018,0.6749,0
CU00003401,Sai Reddy,32,Male,Delhi,Delhi,Self-employed,428942.0,Medium,2024-08-30,BR015,0.854,0
CU00003402,Sneha Singh,59,Male,Visakhapatnam,Andhra Pradesh,Self-employed,1459631.0,Low,2022-12-17,BR001,0.5197,0
CU00003403,Nikhil Gupta,34,Male,Pune,Maharashtra,Self-employed,827358.0,Medium,2023-08-19,BR014,0.522,0
CU00003404,Divya Rao,22,Female,Kolkata,West Bengal,Professional,771188.0,Medium,2017-09-03,BR010,0.413,0
CU00003405,Sai Nair,35,Male,Mumbai,Maharashtra,Salaried,1273211.0,Low,2022-03-03,BR018,0.8516,0
CU00003406,Divya Gupta,49,Male,Kolkata,West Bengal,Professional,432479.0,Medium,2023-05-08,BR021,0.7643,0
CU00003407,Ishaan Nair,18,Male,Bengaluru,Karnataka,Student,656790.0,Medium,2023-12-26,BR014,0.5771,0
CU00003408,Meera Singh,33,Male,Pune,Maharashtra,Salaried,3278052.0,Very Low,2018-10-31,BR019,0.5216,0
CU00003409,Ishaan Gupta,27,Female,Chennai,Tamil Nadu,Salaried,549353.0,Medium,2019-07-27,BR004,0.2555,0
CU00003410,Priya Das,35,Female,Delhi,Delhi,Salaried,434760.0,Medium,2016-12-19,BR001,0.4444,0
CU00003411,Meera Das,33,Male,Bengaluru,Karnataka,Self-employed,255455.0,High,2017-03-30,BR009,0.8835,0
CU00003412,Nikhil Reddy,20,Male,Delhi,Delhi,Retired,2018912.0,Very Low,2020-08-10,BR022,0.3644,0
CU00003413,Aditi Khan,27,Male,Delhi,Delhi,Salaried,1334557.0,Low,2022-07-08,BR023,0.6998,0
CU00003414,Priya Reddy,46,Male,Pune,Maharashtra,Self-employed,798716.0,Medium,2026-02-03,BR004,0.6902,0
CU00003415,Meera Das,43,Male,Visakhapatnam,Andhra Pradesh,Retired,541441.0,Medium,2025-04-25,BR020,0.223,0
CU00003416,Nikhil Rao,42,Male,Kolkata,West Bengal,Self-employed,201899.0,High,2017-08-08,BR020,0.5576,1
CU00003417,Aditi Khan,48,Female,Bengaluru,Karnataka,Professional,1276267.0,Low,2025-03-02,BR023,0.4724,0
CU00003418,Nikhil Nair,41,Male,Kolkata,West Bengal,Professional,888187.0,Medium,2025-03-21,BR021,0.5486,0
CU00003419,Divya Reddy,30,Female,Hyderabad,Telangana,Self-employed,406888.0,Medium,2024-10-07,BR004,0.5422,0
CU00003420,Aditi Iyer,26,Male,Chennai,Tamil Nadu,Salaried,1610310.0,Low,2021-07-02,BR021,0.759,0
CU00003421,Ishaan Das,55,Female,Delhi,Delhi,Salaried,605006.0,Medium,2019-06-10,BR005,0.728,0
CU00003422,Meera Patel,34,Male,Kolkata,West Bengal,Self-employed,445399.0,Medium,2018-01-09,BR012,0.5555,0
CU00003423,Divya Singh,52,Male,Chennai,Tamil Nadu,Salaried,410259.0,Medium,2019-09-26,BR018,0.5104,0
CU00003424,Nikhil Iyer,29,Male,Delhi,Delhi,Salaried,559649.0,Medium,2023-12-15,BR012,0.7949,0
CU00003425,Priya Reddy,21,Male,Bengaluru,Karnataka,Self-employed,628549.0,Medium,2018-08-16,BR023,0.6846,0
CU00003426,Sai Khan,18,Male,Kolkata,West Bengal,Self-employed,869442.0,Medium,2021-03-30,BR019,0.7722,0
CU00003427,Sai Patel,23,Male,Mumbai,Maharashtra,Salaried,957434.0,Low,2022-10-28,BR007,0.6068,0
CU00003428,Nikhil Nair,53,Female,Mumbai,Maharashtra,Self-employed,759928.0,Medium,2023-04-15,BR024,0.7468,0
CU00003429,Nikhil Khan,33,Male,Chennai,Tamil Nadu,Salaried,740930.0,Medium,2018-07-29,BR019,0.7265,0
CU00003430,Aarav Das,48,Male,Visakhapatnam,Andhra Pradesh,Professional,633191.0,Medium,2018-04-01,BR024,0.3025,0
CU00003431,Kavya Singh,18,Male,Visakhapatnam,Andhra Pradesh,Salaried,1056480.0,Low,2022-03-17,BR013,0.7435,0
CU00003432,Divya Rao,50,Male,Delhi,Delhi,Retired,591612.0,Medium,2018-03-24,BR022,0.7484,0
CU00003433,Sai Sharma,43,Female,Delhi,Delhi,Self-employed,471097.0,Medium,2025-06-24,BR018,0.4905,0
CU00003434,Meera Khan,39,Male,Delhi,Delhi,Professional,440992.0,Medium,2024-10-02,BR018,0.2699,1
CU00003435,Sneha Reddy,26,Female,Visakhapatnam,Andhra Pradesh,Student,871620.0,Medium,2021-06-18,BR017,0.9103,0
CU00003436,Sai Rao,33,Male,Hyderabad,Telangana,Salaried,498590.0,Medium,2025-01-29,BR007,0.5259,0
CU00003437,Aarav Nair,18,Female,Kolkata,West Bengal,Salaried,410940.0,Medium,2026-03-17,BR012,0.221,0
CU00003438,Sneha Gupta,52,Male,Bengaluru,Karnataka,Self-employed,280587.0,High,2024-06-16,BR014,0.6064,1
CU00003439,Priya Reddy,46,Female,Kolkata,West Bengal,Salaried,495989.0,Medium,2022-08-20,BR002,0.6451,0
CU00003440,Meera Iyer,23,Male,Chennai,Tamil Nadu,Salaried,480819.0,Medium,2021-10-18,BR004,0.5576,0
CU00003441,Kavya Singh,39,Female,Hyderabad,Telangana,Salaried,778076.0,Medium,2018-10-18,BR016,0.4478,0
CU00003442,Aarav Das,51,Male,Pune,Maharashtra,Self-employed,436899.0,Medium,2020-07-26,BR006,0.8736,0
CU00003443,Aarav Gupta,40,Male,Bengaluru,Karnataka,Salaried,824889.0,Medium,2021-10-29,BR005,0.6115,0
CU00003444,Sai Das,39,Male,Pune,Maharashtra,Salaried,611738.0,Medium,2024-05-13,BR016,0.4952,0
CU00003445,Meera Nair,31,Female,Bengaluru,Karnataka,Self-employed,2809462.0,Very Low,2024-04-18,BR016,0.6679,1
CU00003446,Kavya Rao,48,Male,Chennai,Tamil Nadu,Salaried,1373706.0,Low,2021-03-26,BR015,0.7804,0
CU00003447,Aarav Iyer,46,Female,Hyderabad,Telangana,Salaried,409059.0,Medium,2022-01-26,BR006,0.3059,0
CU00003448,Kavya Sharma,41,Male,Kolkata,West Bengal,Professional,1168846.0,Low,2019-05-05,BR008,0.8536,0
CU00003449,Kavya Rao,40,Male,Kolkata,West Bengal,Self-employed,617702.0,Medium,2023-03-11,BR017,0.3536,0
CU00003450,Arjun Sharma,29,Male,Visakhapatnam,Andhra Pradesh,Professional,636650.0,Medium,2018-10-22,BR013,0.2376,0
CU00003451,Divya Sharma,28,Female,Pune,Maharashtra,Student,366587.0,High,2023-02-25,BR015,0.5913,0
CU00003452,Aditi Reddy,21,Female,Mumbai,Maharashtra,Self-employed,590235.0,Medium,2019-10-26,BR005,0.4844,0
CU00003453,Nikhil Reddy,44,Female,Chennai,Tamil Nadu,Student,372818.0,High,2026-04-01,BR014,0.6747,0
CU00003454,Rahul Singh,40,Female,Chennai,Tamil Nadu,Retired,928206.0,Low,2019-05-03,BR003,0.4751,0
CU00003455,Nikhil Patel,37,Female,Chennai,Tamil Nadu,Professional,857442.0,Medium,2022-11-04,BR019,0.6058,0
CU00003456,Meera Sharma,36,Female,Visakhapatnam,Andhra Pradesh,Professional,441672.0,Medium,2021-06-06,BR016,0.7671,0
CU00003457,Priya Sharma,23,Male,Delhi,Delhi,Salaried,989773.0,Low,2022-12-11,BR001,0.951,0
CU00003458,Kavya Rao,36,Male,Delhi,Delhi,Salaried,1376110.0,Low,2025-09-09,BR012,0.6041,0
CU00003459,Aarav Iyer,59,Female,Visakhapatnam,Andhra Pradesh,Self-employed,269106.0,High,2022-01-23,BR011,0.6504,0
CU00003460,Sneha Rao,28,Female,Delhi,Delhi,Professional,1032289.0,Low,2023-08-14,BR024,0.6077,0
CU00003461,Priya Das,38,Female,Hyderabad,Telangana,Salaried,340009.0,High,2022-03-14,BR014,0.5389,0
CU00003462,Priya Iyer,40,Male,Kolkata,West Bengal,Retired,983979.0,Low,2024-10-26,BR004,0.7387,0
CU00003463,Aarav Iyer,18,Female,Hyderabad,Telangana,Professional,374612.0,High,2024-04-01,BR023,0.4577,0
CU00003464,Sai Gupta,41,Female,Kolkata,West Bengal,Salaried,359586.0,High,2026-02-09,BR002,0.7466,0
CU00003465,Aditi Gupta,18,Female,Hyderabad,Telangana,Salaried,623347.0,Medium,2025-11-17,BR016,0.7635,0
CU00003466,Divya Singh,40,Male,Delhi,Delhi,Professional,1039780.0,Low,2022-09-11,BR013,0.8716,0
CU00003467,Kavya Reddy,37,Female,Pune,Maharashtra,Professional,343497.0,High,2017-03-23,BR007,0.6618,0
CU00003468,Rahul Iyer,33,Female,Mumbai,Maharashtra,Salaried,413113.0,Medium,2024-06-19,BR015,0.9333,0
CU00003469,Priya Das,37,Male,Hyderabad,Telangana,Retired,1324690.0,Low,2020-10-07,BR007,0.6255,0
CU00003470,Priya Sharma,38,Male,Pune,Maharashtra,Salaried,1467269.0,Low,2026-03-14,BR013,0.5436,0
CU00003471,Nikhil Nair,35,Male,Kolkata,West Bengal,Retired,849239.0,Medium,2023-08-10,BR006,0.6791,1
CU00003472,Rahul Das,31,Female,Bengaluru,Karnataka,Self-employed,1016302.0,Low,2020-08-18,BR024,0.2246,1
CU00003473,Priya Nair,57,Female,Delhi,Delhi,Salaried,1451381.0,Low,2024-03-27,BR007,0.7083,0
CU00003474,Divya Singh,42,Male,Delhi,Delhi,Salaried,897227.0,Medium,2026-06-13,BR009,0.5316,0
CU00003475,Arjun Reddy,43,Female,Chennai,Tamil Nadu,Student,496047.0,Medium,2019-10-15,BR007,0.3674,0
CU00003476,Rahul Das,38,Female,Delhi,Delhi,Retired,458531.0,Medium,2019-09-10,BR010,0.8603,0
CU00003477,Divya Nair,46,Female,Pune,Maharashtra,Self-employed,612464.0,Medium,2025-08-12,BR011,0.7006,0
CU00003478,Ishaan Khan,34,Female,Mumbai,Maharashtra,Salaried,587159.0,Medium,2019-12-29,BR022,0.9782,0
CU00003479,Sai Gupta,47,Female,Chennai,Tamil Nadu,Salaried,752758.0,Medium,2025-11-11,BR010,0.8136,0
CU00003480,Sai Patel,46,Male,Visakhapatnam,Andhra Pradesh,Retired,1489513.0,Low,2018-01-01,BR017,0.3586,0
CU00003481,Divya Rao,35,Male,Visakhapatnam,Andhra Pradesh,Salaried,1244862.0,Low,2021-08-04,BR014,0.6761,0
CU00003482,Arjun Iyer,43,Female,Pune,Maharashtra,Self-employed,1033399.0,Low,2022-09-29,BR019,0.7378,0
CU00003483,Kavya Sharma,41,Female,Pune,Maharashtra,Student,286813.0,High,2018-11-02,BR003,0.8957,0
CU00003484,Ishaan Reddy,50,Female,Visakhapatnam,Andhra Pradesh,Student,761809.0,Medium,2019-08-22,BR017,0.1589,0
CU00003485,Ishaan Rao,22,Female,Pune,Maharashtra,Salaried,759941.0,Medium,2017-05-20,BR009,0.7515,0
CU00003486,Arjun Gupta,25,Male,Delhi,Delhi,Self-employed,1254057.0,Low,2020-02-25,BR018,0.8589,0
CU00003487,Meera Iyer,41,Male,Delhi,Delhi,Salaried,1022912.0,Low,2017-03-29,BR005,0.8516,0
CU00003488,Ishaan Reddy,31,Male,Mumbai,Maharashtra,Self-employed,583036.0,Medium,2021-03-09,BR019,0.2174,0
CU00003489,Aarav Khan,36,Female,Visakhapatnam,Andhra Pradesh,Salaried,1223551.0,Low,2020-04-14,BR012,0.5041,0
CU00003490,Priya Gupta,46,Male,Kolkata,West Bengal,Salaried,627241.0,Medium,2017-08-14,BR004,0.6119,0
CU00003491,Nikhil Reddy,45,Female,Chennai,Tamil Nadu,Professional,406907.0,Medium,2024-08-28,BR013,0.6789,0
CU00003492,Rahul Patel,18,Male,Pune,Maharashtra,Salaried,1586192.0,Low,2023-02-18,BR001,0.6808,0
CU00003493,Rahul Das,43,Male,Delhi,Delhi,Self-employed,639018.0,Medium,2025-04-03,BR007,0.9237,0
CU00003494,Nikhil Gupta,30,Female,Pune,Maharashtra,Self-employed,939569.0,Low,2022-01-06,BR001,0.3975,0
CU00003495,Kavya Rao,54,Female,Visakhapatnam,Andhra Pradesh,Salaried,2115220.0,Very Low,2020-10-23,BR012,0.5416,0
CU00003496,Priya Khan,23,Female,Bengaluru,Karnataka,Salaried,510562.0,Medium,2020-03-14,BR019,0.2148,0
CU00003497,Divya Das,22,Female,Pune,Maharashtra,Self-employed,925445.0,Low,2019-04-23,BR012,0.1912,0
CU00003498,Sneha Das,30,Male,Visakhapatnam,Andhra Pradesh,Salaried,1323811.0,Low,2025-08-24,BR015,0.6428,0
CU00003499,Meera Sharma,44,Male,Delhi,Delhi,Self-employed,537832.0,Medium,2025-08-21,BR022,0.7193,0
CU00003500,Kavya Reddy,39,Male,Pune,Maharashtra,Student,1141953.0,Low,2021-03-02,BR013,0.8556,0
CU00003501,Arjun Iyer,29,Male,Delhi,Delhi,Self-employed,3127263.0,Very Low,2019-02-28,BR015,0.3725,0
CU00003502,Sneha Patel,35,Female,Chennai,Tamil Nadu,Professional,361030.0,High,2019-03-26,BR007,0.706,0
CU00003503,Arjun Das,36,Non-binary,Delhi,Delhi,Salaried,767248.0,Medium,2019-07-14,BR009,0.5677,0
CU00003504,Sneha Patel,25,Male,Delhi,Delhi,Self-employed,887556.0,Medium,2020-04-08,BR003,0.4556,0
CU00003505,Rahul Nair,26,Female,Pune,Maharashtra,Student,1222455.0,Low,2020-09-02,BR011,0.2026,0
CU00003506,Kavya Nair,30,Female,Pune,Maharashtra,Professional,684086.0,Medium,2022-04-18,BR010,0.3972,0
CU00003507,Kavya Patel,49,Male,Chennai,Tamil Nadu,Salaried,599396.0,Medium,2021-04-10,BR024,0.6493,0
CU00003508,Meera Reddy,36,Female,Visakhapatnam,Andhra Pradesh,Salaried,1269906.0,Low,2020-03-10,BR008,0.7104,0
CU00003509,Arjun Rao,37,Male,Hyderabad,Telangana,Professional,760524.0,Medium,2019-02-24,BR004,0.6896,0
CU00003510,Aarav Reddy,18,Female,Mumbai,Maharashtra,Salaried,394083.0,High,2021-11-09,BR017,0.7316,0
CU00003511,Aarav Sharma,46,Male,Chennai,Tamil Nadu,Salaried,532107.0,Medium,2024-06-11,BR016,0.3904,0
CU00003512,Arjun Sharma,47,Female,Chennai,Tamil Nadu,Salaried,370489.0,High,2022-07-14,BR006,0.7467,0
CU00003513,Kavya Das,47,Male,Pune,Maharashtra,Student,743849.0,Medium,2022-06-11,BR024,0.2582,0
CU00003514,Arjun Iyer,51,Male,Pune,Maharashtra,Salaried,590003.0,Medium,2016-09-18,BR008,0.3522,0
CU00003515,Meera Khan,47,Male,Visakhapatnam,Andhra Pradesh,Self-employed,523362.0,Medium,2021-06-22,BR002,0.713,1
CU00003516,Ishaan Khan,43,Female,Chennai,Tamil Nadu,Salaried,2579906.0,Very Low,2017-10-21,BR010,0.6998,0
CU00003517,Nikhil Singh,19,Male,Hyderabad,Telangana,Salaried,518746.0,Medium,2021-11-24,BR012,0.3966,0
CU00003518,Nikhil Das,41,Female,Delhi,Delhi,Professional,759992.0,Medium,2022-06-27,BR001,0.7988,0
CU00003519,Meera Khan,50,Female,Kolkata,West Bengal,Student,673159.0,Medium,2017-03-08,BR023,0.1915,0
CU00003520,Nikhil Reddy,32,Male,Chennai,Tamil Nadu,Retired,605436.0,Medium,2019-09-03,BR008,0.2344,0
CU00003521,Nikhil Patel,22,Female,Pune,Maharashtra,Student,1922221.0,Very Low,2018-09-11,BR014,0.5198,0
CU00003522,Rahul Nair,27,Female,Hyderabad,Telangana,Salaried,319914.0,High,2023-03-20,BR002,0.576,0
CU00003523,Divya Sharma,42,Male,Bengaluru,Karnataka,Professional,5605318.0,Very Low,2019-08-19,BR007,0.531,0
CU00003524,Arjun Reddy,47,Male,Kolkata,West Bengal,Retired,1689192.0,Low,2024-07-25,BR012,0.7322,0
CU00003525,Divya Patel,36,Male,Mumbai,Maharashtra,Professional,180000.0,High,2022-11-22,BR005,0.6381,0
CU00003526,Aditi Singh,27,Female,Hyderabad,Telangana,Salaried,615285.0,Medium,2023-07-19,BR023,0.8344,0
CU00003527,Ishaan Singh,33,Male,Delhi,Delhi,Professional,399972.0,High,2016-10-25,BR012,0.7686,0
CU00003528,Ishaan Gupta,23,Male,Bengaluru,Karnataka,Professional,1054252.0,Low,2020-09-05,BR023,0.6473,0
CU00003529,Kavya Reddy,47,Female,Delhi,Delhi,Salaried,214435.0,High,2024-09-04,BR008,0.5232,1
CU00003530,Divya Gupta,53,Male,Mumbai,Maharashtra,Salaried,339479.0,High,2019-10-25,BR006,0.8135,0
CU00003531,Sai Reddy,42,Male,Mumbai,Maharashtra,Self-employed,717092.0,Medium,2020-05-08,BR022,0.6559,0
CU00003532,Kavya Rao,29,Male,Mumbai,Maharashtra,Student,1134967.0,Low,2026-03-24,BR003,0.5927,0
CU00003533,Sai Singh,66,Male,Kolkata,West Bengal,Salaried,241298.0,High,2016-12-29,BR010,0.6979,0
CU00003534,Sai Rao,27,Male,Bengaluru,Karnataka,Student,1784719.0,Low,2023-05-22,BR001,0.6828,0
CU00003535,Meera Singh,36,Female,Pune,Maharashtra,Salaried,871253.0,Medium,2021-12-08,BR014,0.6284,0
CU00003536,Sai Sharma,32,Male,Hyderabad,Telangana,Salaried,416441.0,Medium,2025-01-26,BR015,0.5614,1
CU00003537,Divya Iyer,49,Female,Bengaluru,Karnataka,Retired,357980.0,High,2025-09-16,BR014,0.4838,0
CU00003538,Sai Rao,58,Male,Bengaluru,Karnataka,Salaried,1401098.0,Low,2022-07-24,BR023,0.6626,0
CU00003539,Kavya Das,18,Male,Kolkata,West Bengal,Salaried,259201.0,High,2017-11-12,BR009,0.2467,1
CU00003540,Aditi Patel,18,Female,Chennai,Tamil Nadu,Salaried,3905935.0,Very Low,2025-08-20,BR002,0.1606,0
CU00003541,Divya Gupta,30,Male,Hyderabad,Telangana,Salaried,180000.0,High,2017-06-22,BR016,0.6613,0
CU00003542,Kavya Khan,41,Male,Chennai,Tamil Nadu,Salaried,896902.0,Medium,2016-11-09,BR004,0.9281,0
CU00003543,Priya Gupta,43,Male,Delhi,Delhi,Self-employed,1893071.0,Very Low,2017-11-16,BR006,0.7904,0
CU00003544,Arjun Das,45,Female,Delhi,Delhi,Retired,639560.0,Medium,2025-12-10,BR008,0.7083,0
CU00003545,Rahul Nair,51,Female,Mumbai,Maharashtra,Salaried,1004037.0,Low,2021-02-17,BR002,0.6191,0
CU00003546,Aditi Patel,45,Male,Pune,Maharashtra,Self-employed,467879.0,Medium,2024-08-23,BR021,0.224,0
CU00003547,Priya Reddy,46,Male,Visakhapatnam,Andhra Pradesh,Self-employed,434334.0,Medium,2021-05-25,BR015,0.6534,0
CU00003548,Sai Sharma,56,Male,Pune,Maharashtra,Self-employed,1410584.0,Low,2017-08-05,BR011,0.6077,0
CU00003549,Aditi Sharma,35,Male,Visakhapatnam,Andhra Pradesh,Self-employed,991358.0,Low,2025-03-06,BR016,0.6572,0
CU00003550,Meera Singh,30,Female,Mumbai,Maharashtra,Salaried,996446.0,Low,2017-03-20,BR014,0.8842,0
CU00003551,Rahul Sharma,32,Female,Bengaluru,Karnataka,Professional,941964.0,Low,2025-07-18,BR022,0.6733,0
CU00003552,Aarav Das,47,Male,Visakhapatnam,Andhra Pradesh,Salaried,920447.0,Low,2021-09-13,BR002,0.388,0
CU00003553,Arjun Gupta,57,Non-binary,Mumbai,Maharashtra,Salaried,873572.0,Medium,2023-06-18,BR022,0.8996,0
CU00003554,Sai Khan,47,Male,Kolkata,West Bengal,Self-employed,1266793.0,Low,2018-06-10,BR006,0.737,0
CU00003555,Kavya Reddy,18,Male,Delhi,Delhi,Salaried,395625.0,High,2024-12-28,BR009,0.4792,0
CU00003556,Nikhil Das,52,Male,Pune,Maharashtra,Salaried,690473.0,Medium,2023-06-23,BR017,0.7206,0
CU00003557,Aarav Singh,55,Female,Delhi,Delhi,Retired,1103249.0,Low,2019-11-21,BR003,0.4121,0
CU00003558,Ishaan Reddy,36,Male,Mumbai,Maharashtra,Salaried,986822.0,Low,2024-08-25,BR010,0.7089,0
CU00003559,Kavya Singh,46,Female,Visakhapatnam,Andhra Pradesh,Retired,346079.0,High,2017-12-27,BR013,0.7255,0
CU00003560,Meera Rao,46,Male,Mumbai,Maharashtra,Retired,1274265.0,Low,2017-04-22,BR002,0.503,0
CU00003561,Sai Sharma,28,Male,Hyderabad,Telangana,Salaried,1562374.0,Low,2022-10-16,BR003,0.5185,0
CU00003562,Kavya Gupta,54,Female,Kolkata,West Bengal,Salaried,762199.0,Medium,2023-12-29,BR006,0.3828,0
CU00003563,Ishaan Nair,48,Female,Mumbai,Maharashtra,Self-employed,242566.0,High,2021-03-15,BR011,0.5626,0
CU00003564,Aditi Iyer,32,Male,Visakhapatnam,Andhra Pradesh,Retired,615741.0,Medium,2026-03-09,BR018,0.7835,0
CU00003565,Nikhil Das,71,Male,Kolkata,West Bengal,Student,564101.0,Medium,2024-03-27,BR023,0.5514,0
CU00003566,Divya Singh,28,Female,Pune,Maharashtra,Professional,746468.0,Medium,2020-12-22,BR007,0.183,0
CU00003567,Nikhil Reddy,34,Male,Kolkata,West Bengal,Student,583803.0,Medium,2024-12-19,BR004,0.263,0
CU00003568,Aarav Nair,39,Female,Pune,Maharashtra,Self-employed,453309.0,Medium,2018-11-12,BR001,0.5062,0
CU00003569,Priya Gupta,35,Female,Pune,Maharashtra,Self-employed,968439.0,Low,2021-04-29,BR001,0.6889,0
CU00003570,Aditi Singh,30,Female,Visakhapatnam,Andhra Pradesh,Self-employed,233058.0,High,2020-11-11,BR022,0.8141,0
CU00003571,Kavya Sharma,45,Male,Mumbai,Maharashtra,Salaried,542390.0,Medium,2018-11-17,BR006,0.7492,0
CU00003572,Nikhil Reddy,55,Female,Visakhapatnam,Andhra Pradesh,Salaried,399880.0,High,2019-10-29,BR004,0.7391,0
CU00003573,Sai Das,31,Male,Delhi,Delhi,Self-employed,346750.0,High,2020-01-05,BR018,0.3086,0
CU00003574,Arjun Khan,31,Male,Visakhapatnam,Andhra Pradesh,Self-employed,1382840.0,Low,2017-04-24,BR003,0.8505,0
CU00003575,Rahul Iyer,50,Male,Delhi,Delhi,Salaried,638058.0,Medium,2018-04-26,BR018,0.5311,0
CU00003576,Rahul Nair,32,Male,Chennai,Tamil Nadu,Retired,400342.0,Medium,2020-11-30,BR016,0.8542,0
CU00003577,Sneha Patel,49,Male,Mumbai,Maharashtra,Salaried,261911.0,High,2017-12-21,BR019,0.505,0
CU00003578,Divya Iyer,42,Female,Visakhapatnam,Andhra Pradesh,Salaried,1678881.0,Low,2026-01-31,BR006,0.6156,0
CU00003579,Divya Nair,72,Male,Kolkata,West Bengal,Self-employed,1991145.0,Very Low,2018-08-18,BR023,0.837,0
CU00003580,Meera Gupta,35,Male,Delhi,Delhi,Student,745913.0,Medium,2021-11-03,BR007,0.8856,0
CU00003581,Rahul Reddy,48,Male,Visakhapatnam,Andhra Pradesh,Self-employed,1003436.0,Low,2017-03-13,BR006,0.5908,0
CU00003582,Kavya Singh,33,Female,Hyderabad,Telangana,Professional,569970.0,Medium,2023-09-02,BR008,0.0875,0
CU00003583,Ishaan Gupta,42,Male,Hyderabad,Telangana,Salaried,700203.0,Medium,2026-02-23,BR021,0.6669,0
CU00003584,Aditi Khan,65,Male,Delhi,Delhi,Salaried,608616.0,Medium,2024-10-15,BR024,0.964,0
CU00003585,Sneha Das,45,Female,Kolkata,West Bengal,Self-employed,1183600.0,Low,2025-04-07,BR019,0.3827,0
CU00003586,Kavya Singh,49,Female,Kolkata,West Bengal,Salaried,1953068.0,Very Low,2019-01-28,BR004,0.3941,0
CU00003587,Divya Iyer,56,Male,Pune,Maharashtra,Salaried,493381.0,Medium,2024-01-16,BR005,0.4748,0
CU00003588,Meera Khan,35,Male,Visakhapatnam,Andhra Pradesh,Self-employed,352628.0,High,2018-03-05,BR013,0.6091,0
CU00003589,Ishaan Sharma,51,Female,Mumbai,Maharashtra,Retired,184322.0,High,2021-08-02,BR007,0.9166,1
CU00003590,Nikhil Sharma,18,Female,Bengaluru,Karnataka,Salaried,340091.0,High,2025-07-12,BR020,0.1633,0
CU00003591,Nikhil Nair,34,Male,Chennai,Tamil Nadu,Student,304402.0,High,2021-04-08,BR002,0.2789,0
CU00003592,Aarav Gupta,55,Male,Bengaluru,Karnataka,Student,579833.0,Medium,2023-09-16,BR016,0.3888,0
CU00003593,Rahul Patel,31,Female,Delhi,Delhi,Salaried,2080785.0,Very Low,2025-10-13,BR015,0.4389,1
CU00003594,Meera Sharma,44,Female,Pune,Maharashtra,Salaried,1674667.0,Low,2025-08-18,BR008,0.5772,0
CU00003595,Sneha Nair,18,Male,Hyderabad,Telangana,Self-employed,1889650.0,Very Low,2020-04-05,BR002,0.6322,0
CU00003596,Sneha Gupta,44,Male,Delhi,Delhi,Salaried,479045.0,Medium,2018-02-15,BR021,0.6635,0
CU00003597,Ishaan Das,32,Female,Delhi,Delhi,Student,614412.0,Medium,2021-07-25,BR005,0.2978,0
CU00003598,Nikhil Patel,65,Female,Mumbai,Maharashtra,Professional,809613.0,Medium,2026-05-23,BR021,0.6224,0
CU00003599,Kavya Singh,18,Male,Bengaluru,Karnataka,Self-employed,732195.0,Medium,2021-12-06,BR023,0.9511,0
CU00003600,Aditi Sharma,40,Female,Pune,Maharashtra,Salaried,398807.0,High,2025-01-28,BR010,0.6871,0
CU00003601,Ishaan Iyer,36,Female,Hyderabad,Telangana,Self-employed,620509.0,Medium,2017-01-03,BR017,0.2481,0
CU00003602,Sai Reddy,30,Male,Delhi,Delhi,Salaried,893869.0,Medium,2019-06-24,BR014,0.5663,0
CU00003603,Sneha Reddy,54,Female,Visakhapatnam,Andhra Pradesh,Student,1358451.0,Low,2018-09-17,BR021,0.5401,1
CU00003604,Sneha Rao,26,Female,Bengaluru,Karnataka,Salaried,524108.0,Medium,2020-04-07,BR006,0.6036,0
CU00003605,Divya Reddy,40,Female,Mumbai,Maharashtra,Salaried,497030.0,Medium,2023-09-27,BR002,0.7172,0
CU00003606,Meera Singh,52,Male,Chennai,Tamil Nadu,Salaried,292751.0,High,2017-08-22,BR011,0.4244,0
CU00003607,Sai Singh,36,Male,Kolkata,West Bengal,Salaried,833626.0,Medium,2017-08-13,BR019,0.3599,0
CU00003608,Nikhil Patel,52,Female,Visakhapatnam,Andhra Pradesh,Salaried,2941253.0,Very Low,2022-11-04,BR013,0.3153,0
CU00003609,Sneha Reddy,22,Female,Bengaluru,Karnataka,Salaried,1239098.0,Low,2018-05-22,BR012,0.7057,0
CU00003610,Sai Reddy,36,Female,Bengaluru,Karnataka,Salaried,1724687.0,Low,2021-01-31,BR005,0.5898,0
CU00003611,Aarav Sharma,44,Male,Hyderabad,Telangana,Salaried,1772479.0,Low,2019-09-24,BR011,0.5919,0
CU00003612,Divya Singh,41,Female,Pune,Maharashtra,Salaried,571190.0,Medium,2017-03-16,BR010,0.925,0
CU00003613,Aarav Reddy,43,Female,Hyderabad,Telangana,Salaried,2541989.0,Very Low,2024-07-18,BR014,0.5669,0
CU00003614,Aditi Gupta,30,Female,Mumbai,Maharashtra,Professional,675168.0,Medium,2017-01-24,BR015,0.6182,0
CU00003615,Arjun Nair,40,Male,Bengaluru,Karnataka,Salaried,442356.0,Medium,2022-09-06,BR018,0.6572,0
CU00003616,Kavya Nair,21,Male,Hyderabad,Telangana,Salaried,302304.0,High,2023-04-10,BR008,0.7336,1
CU00003617,Aditi Sharma,38,Male,Visakhapatnam,Andhra Pradesh,Student,228003.0,High,2020-05-03,BR003,0.7984,0
CU00003618,Kavya Gupta,37,Female,Hyderabad,Telangana,Salaried,1082638.0,Low,2019-01-23,BR008,0.4798,0
CU00003619,Meera Sharma,58,Male,Chennai,Tamil Nadu,Student,794571.0,Medium,2025-10-06,BR014,0.6558,0
CU00003620,Sai Iyer,18,Male,Mumbai,Maharashtra,Self-employed,3496043.0,Very Low,2021-03-17,BR002,0.3973,0
CU00003621,Sai Khan,39,Male,Hyderabad,Telangana,Self-employed,649757.0,Medium,2018-02-07,BR024,0.4043,0
CU00003622,Nikhil Singh,33,Female,Hyderabad,Telangana,Professional,319713.0,High,2024-05-12,BR022,0.3581,0
CU00003623,Kavya Iyer,37,Male,Chennai,Tamil Nadu,Student,547918.0,Medium,2025-10-12,BR011,0.4122,0
CU00003624,Sai Gupta,42,Female,Visakhapatnam,Andhra Pradesh,Student,433777.0,Medium,2025-04-21,BR004,0.8425,0
CU00003625,Divya Gupta,43,Male,Mumbai,Maharashtra,Retired,1166791.0,Low,2023-08-27,BR019,0.8565,0
CU00003626,Kavya Patel,38,Male,Pune,Maharashtra,Professional,236208.0,High,2018-08-12,BR002,0.2467,1
CU00003627,Priya Iyer,42,Female,Chennai,Tamil Nadu,Professional,1998611.0,Very Low,2019-02-03,BR014,0.7775,0
CU00003628,Sai Patel,40,Male,Chennai,Tamil Nadu,Salaried,856156.0,Medium,2021-08-27,BR003,0.2703,0
CU00003629,Meera Patel,22,Male,Bengaluru,Karnataka,Self-employed,1461144.0,Low,2023-02-26,BR005,0.5681,0
CU00003630,Sai Khan,62,Male,Hyderabad,Telangana,Retired,709236.0,Medium,2017-12-27,BR003,0.3907,0
CU00003631,Arjun Khan,48,Male,Chennai,Tamil Nadu,Professional,992422.0,Low,2021-11-12,BR023,0.9245,0
CU00003632,Divya Das,42,Male,Kolkata,West Bengal,Salaried,186440.0,High,2026-02-24,BR022,0.4945,1
CU00003633,Arjun Gupta,48,Male,Kolkata,West Bengal,Salaried,655377.0,Medium,2016-12-29,BR012,0.5968,0
CU00003634,Ishaan Reddy,53,Male,Hyderabad,Telangana,Salaried,494160.0,Medium,2018-11-19,BR016,0.1976,0
CU00003635,Meera Patel,22,Female,Kolkata,West Bengal,Salaried,740693.0,Medium,2025-12-02,BR024,0.6462,0
CU00003636,Arjun Gupta,32,Female,Chennai,Tamil Nadu,Salaried,319254.0,High,2025-12-11,BR015,0.5143,0
CU00003637,Priya Iyer,48,Female,Hyderabad,Telangana,Self-employed,494776.0,Medium,2020-01-31,BR016,0.9681,0
CU00003638,Nikhil Patel,37,Male,Bengaluru,Karnataka,Self-employed,180379.0,High,2017-07-03,BR006,0.5512,0
CU00003639,Meera Nair,36,Female,Mumbai,Maharashtra,Self-employed,354350.0,High,2017-03-07,BR013,0.9271,0
CU00003640,Kavya Nair,64,Female,Delhi,Delhi,Student,408817.0,Medium,2018-10-03,BR006,0.6298,0
CU00003641,Divya Khan,44,Male,Hyderabad,Telangana,Student,611358.0,Medium,2017-10-19,BR024,0.1875,0
CU00003642,Rahul Khan,21,Male,Mumbai,Maharashtra,Professional,778072.0,Medium,2025-08-15,BR016,0.6512,0
CU00003643,Divya Reddy,42,Male,Bengaluru,Karnataka,Salaried,1375679.0,Low,2018-11-21,BR001,0.2632,0
CU00003644,Kavya Gupta,30,Female,Chennai,Tamil Nadu,Salaried,1199458.0,Low,2018-01-26,BR021,0.2478,0
CU00003645,Arjun Iyer,29,Female,Kolkata,West Bengal,Salaried,1096864.0,Low,2017-02-11,BR012,0.6233,0
CU00003646,Priya Sharma,37,Female,Delhi,Delhi,Self-employed,520496.0,Medium,2026-02-05,BR014,0.8638,0
CU00003647,Sneha Nair,37,Female,Kolkata,West Bengal,Salaried,472558.0,Medium,2023-12-19,BR012,0.389,0
CU00003648,Arjun Singh,28,Female,Kolkata,West Bengal,Self-employed,992752.0,Low,2025-03-13,BR012,0.5857,0
CU00003649,Divya Gupta,35,Female,Chennai,Tamil Nadu,Student,811726.0,Medium,2022-07-03,BR003,0.8724,0
CU00003650,Aditi Nair,34,Male,Mumbai,Maharashtra,Self-employed,1272954.0,Low,2025-12-22,BR015,0.6482,0
CU00003651,Aarav Sharma,68,Male,Hyderabad,Telangana,Self-employed,760268.0,Medium,2026-04-23,BR007,0.5821,0
CU00003652,Meera Patel,48,Female,Chennai,Tamil Nadu,Salaried,606353.0,Medium,2017-01-22,BR021,0.7979,0
CU00003653,Ishaan Nair,48,Male,Hyderabad,Telangana,Professional,444176.0,Medium,2021-12-31,BR011,0.7933,0
CU00003654,Sneha Rao,42,Male,Pune,Maharashtra,Salaried,898031.0,Medium,2026-05-20,BR017,0.8704,0
CU00003655,Aarav Reddy,52,Female,Chennai,Tamil Nadu,Retired,421641.0,Medium,2020-11-13,BR016,0.8059,0
CU00003656,Nikhil Khan,18,Female,Kolkata,West Bengal,Professional,574956.0,Medium,2017-06-14,BR007,0.4107,0
CU00003657,Rahul Reddy,22,Male,Chennai,Tamil Nadu,Salaried,395228.0,High,2023-11-29,BR007,0.7045,0
CU00003658,Divya Reddy,63,Female,Kolkata,West Bengal,Retired,497613.0,Medium,2019-09-30,BR009,0.7536,1
CU00003659,Ishaan Reddy,37,Female,Hyderabad,Telangana,Retired,825009.0,Medium,2026-04-04,BR020,0.8651,0
CU00003660,Kavya Rao,33,Female,Mumbai,Maharashtra,Salaried,180000.0,High,2018-02-06,BR009,0.9457,1
CU00003661,Ishaan Iyer,30,Female,Bengaluru,Karnataka,Salaried,1437946.0,Low,2023-05-23,BR019,0.5594,0
CU00003662,Aditi Nair,23,Male,Kolkata,West Bengal,Salaried,385439.0,High,2017-12-29,BR013,0.3265,0
CU00003663,Divya Singh,33,Male,Hyderabad,Telangana,Salaried,1027097.0,Low,2019-03-23,BR009,0.2745,0
CU00003664,Meera Nair,23,Female,Mumbai,Maharashtra,Retired,484016.0,Medium,2021-01-20,BR018,0.0883,0
CU00003665,Rahul Patel,36,Male,Hyderabad,Telangana,Self-employed,798254.0,Medium,2020-04-23,BR014,0.3118,0
CU00003666,Divya Das,46,Female,Hyderabad,Telangana,Self-employed,699111.0,Medium,2024-02-14,BR009,0.5163,0
CU00003667,Sai Patel,46,Male,Hyderabad,Telangana,Student,1230589.0,Low,2023-05-30,BR005,0.6595,1
CU00003668,Ishaan Khan,34,Female,Chennai,Tamil Nadu,Self-employed,1039242.0,Low,2019-09-26,BR005,0.8368,0
CU00003669,Priya Khan,48,Female,Visakhapatnam,Andhra Pradesh,Salaried,826171.0,Medium,2020-05-08,BR018,0.3795,0
CU00003670,Divya Singh,18,Female,Delhi,Delhi,Professional,300169.0,High,2021-01-21,BR004,0.1867,0
CU00003671,Ishaan Rao,51,Female,Visakhapatnam,Andhra Pradesh,Self-employed,302992.0,High,2018-01-15,BR020,0.3484,1
CU00003672,Sai Singh,34,Male,Bengaluru,Karnataka,Salaried,325627.0,High,2019-06-09,BR014,0.4064,0
CU00003673,Sneha Nair,49,Female,Kolkata,West Bengal,Professional,872770.0,Medium,2016-10-12,BR006,0.6578,0
CU00003674,Meera Nair,50,Female,Pune,Maharashtra,Self-employed,250989.0,High,2017-12-31,BR017,0.6823,0
CU00003675,Ishaan Rao,54,Female,Delhi,Delhi,Self-employed,1257830.0,Low,2020-07-30,BR010,0.4733,0
CU00003676,Priya Sharma,25,Male,Kolkata,West Bengal,Salaried,1179858.0,Low,2019-01-18,BR004,0.7192,0
CU00003677,Ishaan Das,27,Female,Mumbai,Maharashtra,Salaried,812132.0,Medium,2019-07-02,BR014,0.2294,0
CU00003678,Arjun Iyer,41,Female,Visakhapatnam,Andhra Pradesh,Professional,442070.0,Medium,2024-04-30,BR005,0.6442,0
CU00003679,Kavya Iyer,27,Female,Delhi,Delhi,Salaried,358254.0,High,2025-11-16,BR013,0.8522,0
CU00003680,Priya Patel,40,Male,Kolkata,West Bengal,Salaried,470679.0,Medium,2023-10-18,BR020,0.3314,0
CU00003681,Rahul Patel,52,Female,Chennai,Tamil Nadu,Self-employed,465856.0,Medium,2021-05-01,BR012,0.6451,0
CU00003682,Ishaan Gupta,51,Female,Pune,Maharashtra,Salaried,359037.0,High,2024-07-28,BR016,0.6797,0
CU00003683,Nikhil Das,52,Male,Pune,Maharashtra,Student,431174.0,Medium,2024-06-25,BR002,0.8327,0
CU00003684,Aditi Gupta,40,Male,Kolkata,West Bengal,Student,1427267.0,Low,2020-03-07,BR018,0.611,0
CU00003685,Ishaan Sharma,42,Female,Visakhapatnam,Andhra Pradesh,Salaried,1126962.0,Low,2023-04-08,BR018,0.1648,0
CU00003686,Meera Sharma,51,Female,Kolkata,West Bengal,Salaried,667142.0,Medium,2020-02-12,BR014,0.511,0
CU00003687,Nikhil Nair,39,Female,Mumbai,Maharashtra,Retired,784199.0,Medium,2019-08-08,BR004,0.8376,0
CU00003688,Ishaan Khan,18,Male,Pune,Maharashtra,Salaried,823417.0,Medium,2022-04-04,BR016,0.7251,0
CU00003689,Aditi Rao,27,Male,Chennai,Tamil Nadu,Retired,748839.0,Medium,2017-05-07,BR009,0.3512,0
CU00003690,Aarav Patel,35,Male,Hyderabad,Telangana,Self-employed,517715.0,Medium,2024-12-29,BR006,0.7399,0
CU00003691,Sneha Rao,30,Male,Hyderabad,Telangana,Salaried,872926.0,Medium,2020-06-12,BR006,0.4056,0
CU00003692,Kavya Rao,35,Female,Chennai,Tamil Nadu,Salaried,356089.0,High,2025-07-19,BR010,0.4386,0
CU00003693,Rahul Patel,32,Non-binary,Chennai,Tamil Nadu,Salaried,793160.0,Medium,2024-09-16,BR004,0.5564,0
CU00003694,Ishaan Khan,54,Male,Visakhapatnam,Andhra Pradesh,Salaried,378362.0,High,2023-11-13,BR011,0.6352,0
CU00003695,Sai Nair,37,Female,Bengaluru,Karnataka,Retired,284768.0,High,2018-02-04,BR007,0.551,0
CU00003696,Arjun Nair,28,Male,Visakhapatnam,Andhra Pradesh,Salaried,421062.0,Medium,2019-01-16,BR023,0.8414,0
CU00003697,Sai Khan,48,Male,Delhi,Delhi,Salaried,1252338.0,Low,2017-12-31,BR015,0.896,0
CU00003698,Aarav Khan,62,Male,Hyderabad,Telangana,Student,689275.0,Medium,2023-09-19,BR018,0.9892,0
CU00003699,Kavya Khan,44,Female,Pune,Maharashtra,Self-employed,1346674.0,Low,2026-03-08,BR014,0.5866,0
CU00003700,Priya Sharma,48,Male,Pune,Maharashtra,Self-employed,473771.0,Medium,2018-05-02,BR010,0.5767,0
CU00003701,Arjun Reddy,53,Male,Chennai,Tamil Nadu,Retired,2533225.0,Very Low,2017-10-15,BR014,0.4203,0
CU00003702,Sneha Iyer,44,Female,Bengaluru,Karnataka,Student,858514.0,Medium,2021-03-09,BR011,0.773,0
CU00003703,Nikhil Khan,18,Male,Chennai,Tamil Nadu,Self-employed,575381.0,Medium,2020-11-28,BR004,0.4266,0
CU00003704,Rahul Rao,37,Male,Kolkata,West Bengal,Salaried,227298.0,High,2018-01-23,BR004,0.56,0
CU00003705,Ishaan Singh,46,Male,Chennai,Tamil Nadu,Self-employed,258078.0,High,2020-03-24,BR006,0.5654,0
CU00003706,Divya Das,37,Female,Pune,Maharashtra,Salaried,1467392.0,Low,2017-12-07,BR001,0.5823,0
CU00003707,Ishaan Iyer,44,Male,Kolkata,West Bengal,Salaried,898819.0,Medium,2025-03-21,BR016,0.5127,0
CU00003708,Ishaan Iyer,49,Male,Hyderabad,Telangana,Salaried,440864.0,Medium,2017-03-13,BR012,0.6898,0
CU00003709,Kavya Nair,24,Male,Delhi,Delhi,Salaried,893900.0,Medium,2022-09-08,BR008,0.7486,0
CU00003710,Divya Gupta,53,Female,Chennai,Tamil Nadu,Professional,2028408.0,Very Low,2024-11-12,BR015,0.6342,0
CU00003711,Nikhil Sharma,50,Female,Chennai,Tamil Nadu,Salaried,781400.0,Medium,2023-10-05,BR017,0.1519,1
CU00003712,Rahul Das,48,Male,Chennai,Tamil Nadu,Salaried,193980.0,High,2022-01-12,BR021,0.659,0
CU00003713,Sai Singh,49,Female,Mumbai,Maharashtra,Professional,1751584.0,Low,2022-11-15,BR018,0.7708,0
CU00003714,Kavya Sharma,19,Female,Visakhapatnam,Andhra Pradesh,Salaried,788369.0,Medium,2024-07-14,BR023,0.253,1
CU00003715,Ishaan Khan,72,Female,Bengaluru,Karnataka,Retired,655778.0,Medium,2026-05-19,BR004,0.459,0
CU00003716,Priya Patel,33,Female,Bengaluru,Karnataka,Salaried,552392.0,Medium,2019-11-21,BR021,0.4308,0
CU00003717,Divya Nair,31,Female,Hyderabad,Telangana,Salaried,268327.0,High,2017-02-24,BR001,0.2588,0
CU00003718,Divya Gupta,35,Female,Kolkata,West Bengal,Professional,1282784.0,Low,2026-03-03,BR003,0.7524,0
CU00003719,Meera Sharma,40,Male,Pune,Maharashtra,Self-employed,1601425.0,Low,2025-10-28,BR006,0.2698,0
CU00003720,Sai Iyer,33,Male,Chennai,Tamil Nadu,Salaried,1212552.0,Low,2018-12-31,BR008,0.5006,0
CU00003721,Sneha Nair,68,Male,Kolkata,West Bengal,Salaried,978499.0,Low,2018-12-02,BR020,0.7775,0
CU00003722,Aditi Khan,40,Male,Pune,Maharashtra,Professional,1285966.0,Low,2018-06-25,BR010,0.6759,0
CU00003723,Divya Nair,20,Male,Delhi,Delhi,Salaried,421262.0,Medium,2021-07-29,BR015,0.0867,0
CU00003724,Sai Patel,21,Male,Hyderabad,Telangana,Self-employed,1811491.0,Very Low,2019-10-21,BR010,0.6051,0
CU00003725,Kavya Khan,32,Female,Mumbai,Maharashtra,Retired,750364.0,Medium,2020-08-15,BR011,0.7876,0
CU00003726,Divya Sharma,55,Male,Hyderabad,Telangana,Self-employed,997540.0,Low,2025-12-08,BR001,0.8021,0
CU00003727,Kavya Reddy,36,Male,Visakhapatnam,Andhra Pradesh,Salaried,283041.0,High,2016-09-24,BR021,0.7547,0
CU00003728,Arjun Iyer,28,Male,Chennai,Tamil Nadu,Salaried,2010193.0,Very Low,2020-02-28,BR006,0.8611,0
CU00003729,Aarav Gupta,40,Female,Delhi,Delhi,Salaried,553338.0,Medium,2020-11-25,BR024,0.4228,0
CU00003730,Nikhil Reddy,32,Female,Delhi,Delhi,Retired,365923.0,High,2020-03-23,BR010,0.068,0
CU00003731,Arjun Reddy,57,Male,Pune,Maharashtra,Salaried,648497.0,Medium,2021-05-12,BR003,0.7981,0
CU00003732,Meera Gupta,42,Male,Visakhapatnam,Andhra Pradesh,Salaried,742551.0,Medium,2019-03-29,BR008,0.4768,0
CU00003733,Meera Gupta,43,Male,Delhi,Delhi,Salaried,276615.0,High,2018-02-22,BR005,0.879,1
CU00003734,Aditi Iyer,41,Male,Pune,Maharashtra,Salaried,380764.0,High,2018-12-25,BR008,0.5759,0
CU00003735,Rahul Iyer,37,Male,Bengaluru,Karnataka,Self-employed,1463094.0,Low,2019-11-22,BR024,0.7389,0
CU00003736,Sneha Reddy,39,Male,Pune,Maharashtra,Retired,628492.0,Medium,2019-12-06,BR003,0.2988,0
CU00003737,Meera Nair,52,Male,Chennai,Tamil Nadu,Professional,1588937.0,Low,2020-04-14,BR010,0.7796,0
CU00003738,Arjun Gupta,29,Female,Kolkata,West Bengal,Salaried,775139.0,Medium,2022-05-25,BR020,0.5113,0
CU00003739,Rahul Sharma,36,Male,Visakhapatnam,Andhra Pradesh,Salaried,447662.0,Medium,2021-09-11,BR010,0.63,0
CU00003740,Sneha Nair,44,Male,Pune,Maharashtra,Professional,359711.0,High,2022-02-12,BR009,0.3447,0
CU00003741,Kavya Khan,34,Female,Chennai,Tamil Nadu,Self-employed,1651499.0,Low,2022-03-22,BR013,0.7932,0
CU00003742,Sneha Patel,50,Non-binary,Pune,Maharashtra,Salaried,561178.0,Medium,2017-08-11,BR024,0.3413,0
CU00003743,Rahul Rao,48,Male,Delhi,Delhi,Salaried,481448.0,Medium,2020-08-09,BR016,0.6789,0
CU00003744,Divya Khan,30,Male,Visakhapatnam,Andhra Pradesh,Self-employed,1109933.0,Low,2018-10-17,BR003,0.6941,0
CU00003745,Sneha Patel,38,Female,Hyderabad,Telangana,Salaried,968231.0,Low,2022-02-14,BR018,0.3425,0
CU00003746,Kavya Das,47,Male,Bengaluru,Karnataka,Self-employed,244165.0,High,2024-03-26,BR011,0.4543,0
CU00003747,Priya Reddy,36,Male,Bengaluru,Karnataka,Salaried,550007.0,Medium,2017-12-27,BR020,0.559,0
CU00003748,Sneha Singh,30,Male,Kolkata,West Bengal,Professional,669667.0,Medium,2019-06-06,BR018,0.8808,0
CU00003749,Aditi Reddy,26,Female,Visakhapatnam,Andhra Pradesh,Self-employed,559569.0,Medium,2019-08-14,BR024,0.291,0
CU00003750,Aarav Iyer,62,Female,Hyderabad,Telangana,Salaried,969381.0,Low,2022-05-17,BR010,0.2828,0
CU00003751,Arjun Patel,27,Female,Chennai,Tamil Nadu,Retired,1690829.0,Low,2024-09-27,BR016,0.6657,0
CU00003752,Sai Das,49,Male,Mumbai,Maharashtra,Retired,532065.0,Medium,2024-05-15,BR023,0.4324,0
CU00003753,Meera Nair,35,Female,Pune,Maharashtra,Salaried,878789.0,Medium,2026-04-24,BR010,0.7974,0
CU00003754,Aditi Sharma,31,Male,Hyderabad,Telangana,Salaried,681063.0,Medium,2022-05-27,BR007,0.142,0
CU00003755,Kavya Rao,32,Male,Mumbai,Maharashtra,Self-employed,1539437.0,Low,2023-08-08,BR003,0.956,0
CU00003756,Aditi Nair,24,Male,Pune,Maharashtra,Salaried,582462.0,Medium,2017-02-27,BR003,0.7063,0
CU00003757,Sai Nair,55,Male,Mumbai,Maharashtra,Self-employed,498835.0,Medium,2024-09-30,BR006,0.6052,0
CU00003758,Arjun Gupta,37,Female,Hyderabad,Telangana,Professional,1412806.0,Low,2025-07-27,BR003,0.8917,0
CU00003759,Meera Patel,35,Male,Visakhapatnam,Andhra Pradesh,Salaried,319036.0,High,2017-02-28,BR012,0.1956,1
CU00003760,Sneha Gupta,45,Female,Hyderabad,Telangana,Self-employed,196126.0,High,2023-08-23,BR015,0.4017,0
CU00003761,Priya Khan,48,Female,Kolkata,West Bengal,Self-employed,769190.0,Medium,2018-01-22,BR003,0.6016,0
CU00003762,Sai Khan,22,Male,Mumbai,Maharashtra,Self-employed,915137.0,Low,2024-06-05,BR024,0.297,0
CU00003763,Sneha Khan,36,Male,Pune,Maharashtra,Salaried,371410.0,High,2016-09-30,BR011,0.3583,0
CU00003764,Ishaan Singh,18,Male,Visakhapatnam,Andhra Pradesh,Salaried,607091.0,Medium,2018-12-06,BR010,0.8707,0
CU00003765,Aarav Singh,30,Male,Hyderabad,Telangana,Self-employed,883201.0,Medium,2021-03-04,BR006,0.7542,0
CU00003766,Divya Reddy,50,Female,Chennai,Tamil Nadu,Self-employed,587514.0,Medium,2025-06-22,BR018,0.9332,0
CU00003767,Kavya Gupta,54,Female,Bengaluru,Karnataka,Salaried,892648.0,Medium,2021-03-29,BR021,0.2723,0
CU00003768,Meera Reddy,32,Female,Kolkata,West Bengal,Salaried,1808070.0,Very Low,2018-07-18,BR005,0.5981,0
CU00003769,Meera Khan,45,Male,Bengaluru,Karnataka,Self-employed,488689.0,Medium,2026-01-24,BR023,0.886,0
CU00003770,Sneha Iyer,48,Male,Kolkata,West Bengal,Self-employed,1060934.0,Low,2020-06-23,BR001,0.9064,0
CU00003771,Sai Singh,45,Male,Kolkata,West Bengal,Salaried,572083.0,Medium,2023-10-13,BR020,0.3987,0
CU00003772,Kavya Patel,54,Male,Mumbai,Maharashtra,Salaried,869218.0,Medium,2021-02-11,BR019,0.5701,0
CU00003773,Sai Singh,38,Male,Visakhapatnam,Andhra Pradesh,Professional,1340807.0,Low,2024-11-18,BR019,0.6415,0
CU00003774,Sneha Das,44,Female,Chennai,Tamil Nadu,Professional,949231.0,Low,2025-10-26,BR017,0.8483,0
CU00003775,Rahul Gupta,37,Female,Mumbai,Maharashtra,Salaried,1162283.0,Low,2018-01-26,BR020,0.9567,0
CU00003776,Ishaan Patel,42,Female,Chennai,Tamil Nadu,Professional,224854.0,High,2024-03-12,BR005,0.7823,0
CU00003777,Nikhil Khan,26,Male,Kolkata,West Bengal,Salaried,1149577.0,Low,2025-11-13,BR017,0.6751,0
CU00003778,Aditi Nair,18,Female,Hyderabad,Telangana,Salaried,280632.0,High,2020-08-03,BR012,0.6085,0
CU00003779,Aditi Das,41,Female,Bengaluru,Karnataka,Professional,538503.0,Medium,2020-10-30,BR004,0.8555,0
CU00003780,Meera Singh,37,Female,Pune,Maharashtra,Self-employed,781905.0,Medium,2026-06-17,BR021,0.7215,0
CU00003781,Priya Iyer,35,Male,Bengaluru,Karnataka,Salaried,266196.0,High,2020-04-01,BR004,0.7774,0
CU00003782,Nikhil Sharma,26,Male,Bengaluru,Karnataka,Self-employed,1357906.0,Low,2026-06-26,BR015,0.944,0
CU00003783,Nikhil Sharma,28,Male,Visakhapatnam,Andhra Pradesh,Salaried,982504.0,Low,2019-02-17,BR022,0.8915,0
CU00003784,Meera Gupta,50,Female,Hyderabad,Telangana,Salaried,608616.0,Medium,2021-12-15,BR011,0.5453,0
CU00003785,Priya Iyer,42,Female,Chennai,Tamil Nadu,Student,325946.0,High,2022-08-24,BR021,0.4182,0
CU00003786,Rahul Iyer,52,Female,Visakhapatnam,Andhra Pradesh,Retired,903940.0,Low,2022-10-07,BR023,0.5403,0
CU00003787,Aarav Nair,31,Female,Chennai,Tamil Nadu,Salaried,1745831.0,Low,2020-12-29,BR019,0.6066,0
CU00003788,Arjun Patel,19,Female,Kolkata,West Bengal,Professional,833796.0,Medium,2019-11-04,BR009,0.1778,1
CU00003789,Priya Khan,19,Female,Bengaluru,Karnataka,Salaried,849694.0,Medium,2017-12-16,BR022,0.8713,0
CU00003790,Priya Rao,58,Female,Delhi,Delhi,Retired,392274.0,High,2016-11-30,BR009,0.8674,0
CU00003791,Rahul Nair,28,Male,Delhi,Delhi,Salaried,914226.0,Low,2025-05-03,BR008,0.3829,0
CU00003792,Nikhil Das,40,Female,Chennai,Tamil Nadu,Self-employed,877886.0,Medium,2023-01-08,BR017,0.7455,0
CU00003793,Sneha Gupta,27,Female,Bengaluru,Karnataka,Salaried,548859.0,Medium,2017-10-16,BR010,0.7062,0
CU00003794,Meera Sharma,38,Female,Visakhapatnam,Andhra Pradesh,Student,687488.0,Medium,2023-12-18,BR024,0.4819,0
CU00003795,Arjun Singh,33,Female,Visakhapatnam,Andhra Pradesh,Self-employed,256457.0,High,2023-01-25,BR022,0.6901,1
CU00003796,Meera Sharma,43,Female,Mumbai,Maharashtra,Salaried,670101.0,Medium,2024-07-14,BR016,0.97,0
CU00003797,Sai Sharma,37,Female,Chennai,Tamil Nadu,Salaried,518893.0,Medium,2026-06-14,BR005,0.1893,0
CU00003798,Ishaan Iyer,30,Female,Kolkata,West Bengal,Retired,433717.0,Medium,2024-11-17,BR012,0.7717,0
CU00003799,Nikhil Rao,37,Male,Visakhapatnam,Andhra Pradesh,Professional,909658.0,Low,2023-03-30,BR001,0.7323,0
CU00003800,Rahul Rao,39,Female,Mumbai,Maharashtra,Salaried,365217.0,High,2021-10-17,BR010,0.7725,0
CU00003801,Divya Iyer,28,Male,Mumbai,Maharashtra,Salaried,1931708.0,Very Low,2021-06-25,BR014,0.0578,0
CU00003802,Kavya Iyer,44,Male,Chennai,Tamil Nadu,Retired,2228556.0,Very Low,2018-12-09,BR002,0.8505,0
CU00003803,Aarav Reddy,46,Female,Bengaluru,Karnataka,Salaried,596396.0,Medium,2021-03-02,BR009,0.4364,0
CU00003804,Sai Sharma,39,Female,Visakhapatnam,Andhra Pradesh,Salaried,885246.0,Medium,2023-10-07,BR022,0.4866,0
CU00003805,Nikhil Singh,22,Female,Mumbai,Maharashtra,Self-employed,1002241.0,Low,2017-06-08,BR021,0.5556,0
CU00003806,Sai Sharma,18,Female,Chennai,Tamil Nadu,Salaried,870865.0,Medium,2025-03-24,BR023,0.4189,0
CU00003807,Aarav Nair,18,Female,Visakhapatnam,Andhra Pradesh,Salaried,1690426.0,Low,2018-08-25,BR018,0.7679,0
CU00003808,Sneha Sharma,55,Male,Kolkata,West Bengal,Salaried,423748.0,Medium,2018-06-09,BR007,0.9499,0
CU00003809,Sai Nair,52,Male,Mumbai,Maharashtra,Self-employed,194814.0,High,2022-09-03,BR018,0.6107,0
CU00003810,Aditi Das,62,Male,Kolkata,West Bengal,Salaried,874625.0,Medium,2025-11-02,BR007,0.7103,0
CU00003811,Aditi Khan,40,Male,Visakhapatnam,Andhra Pradesh,Salaried,817752.0,Medium,2023-09-27,BR020,0.8616,0
CU00003812,Kavya Iyer,21,Male,Visakhapatnam,Andhra Pradesh,Student,582291.0,Medium,2023-05-29,BR017,0.5414,0
CU00003813,Arjun Das,37,Female,Bengaluru,Karnataka,Salaried,2261129.0,Very Low,2019-06-11,BR013,0.6405,0
CU00003814,Divya Das,61,Male,Visakhapatnam,Andhra Pradesh,Salaried,384906.0,High,2022-08-12,BR009,0.4438,0
CU00003815,Rahul Khan,43,Female,Chennai,Tamil Nadu,Salaried,347813.0,High,2017-09-13,BR011,0.4325,1
CU00003816,Arjun Singh,38,Male,Pune,Maharashtra,Salaried,1123809.0,Low,2018-08-17,BR016,0.7728,0
CU00003817,Arjun Rao,43,Female,Hyderabad,Telangana,Professional,1720056.0,Low,2022-07-02,BR007,0.2237,0
CU00003818,Aarav Iyer,49,Male,Visakhapatnam,Andhra Pradesh,Student,513071.0,Medium,2025-03-27,BR002,0.2982,0
CU00003819,Priya Sharma,19,Male,Kolkata,West Bengal,Retired,433856.0,Medium,2021-03-19,BR022,0.7976,0
CU00003820,Meera Iyer,37,Male,Kolkata,West Bengal,Retired,1402026.0,Low,2026-02-14,BR009,0.6747,0
CU00003821,Aarav Singh,29,Female,Pune,Maharashtra,Self-employed,967592.0,Low,2026-02-18,BR023,0.4863,0
CU00003822,Rahul Patel,32,Male,Delhi,Delhi,Self-employed,459186.0,Medium,2022-07-18,BR021,0.7617,0
CU00003823,Kavya Nair,57,Male,Hyderabad,Telangana,Professional,1401175.0,Low,2025-06-27,BR003,0.6704,0
CU00003824,Sai Gupta,43,Male,Bengaluru,Karnataka,Salaried,894765.0,Medium,2023-05-12,BR005,0.5527,0
CU00003825,Ishaan Gupta,28,Male,Kolkata,West Bengal,Salaried,964443.0,Low,2022-05-06,BR020,0.7189,1
CU00003826,Kavya Rao,36,Female,Delhi,Delhi,Self-employed,1040829.0,Low,2023-08-26,BR020,0.6322,0
CU00003827,Aarav Khan,36,Female,Visakhapatnam,Andhra Pradesh,Salaried,306776.0,High,2018-06-30,BR003,0.7306,0
CU00003828,Kavya Sharma,37,Male,Hyderabad,Telangana,Student,621496.0,Medium,2025-04-26,BR014,0.7532,0
CU00003829,Priya Khan,24,Female,Pune,Maharashtra,Retired,751356.0,Medium,2026-06-19,BR002,0.2587,0
CU00003830,Nikhil Gupta,51,Female,Chennai,Tamil Nadu,Salaried,616307.0,Medium,2019-09-23,BR003,0.7934,0
CU00003831,Rahul Sharma,26,Female,Delhi,Delhi,Self-employed,497143.0,Medium,2024-06-10,BR006,0.5394,0
CU00003832,Ishaan Khan,29,Female,Hyderabad,Telangana,Professional,687446.0,Medium,2025-02-15,BR004,0.7384,0
CU00003833,Meera Reddy,54,Female,Hyderabad,Telangana,Self-employed,2854796.0,Very Low,2019-05-02,BR003,0.8721,0
CU00003834,Sai Das,37,Male,Kolkata,West Bengal,Self-employed,343600.0,High,2025-01-04,BR015,0.8804,1
CU00003835,Sai Rao,20,Male,Chennai,Tamil Nadu,Retired,640550.0,Medium,2025-05-14,BR009,0.6843,0
CU00003836,Kavya Rao,45,Female,Delhi,Delhi,Self-employed,473674.0,Medium,2025-02-16,BR017,0.438,0
CU00003837,Kavya Rao,27,Male,Bengaluru,Karnataka,Professional,514176.0,Medium,2025-07-20,BR011,0.5122,1
CU00003838,Kavya Reddy,37,Male,Bengaluru,Karnataka,Student,1902643.0,Very Low,2016-11-12,BR003,0.6593,0
CU00003839,Arjun Nair,51,Female,Visakhapatnam,Andhra Pradesh,Student,180000.0,High,2023-10-19,BR014,0.7034,0
CU00003840,Aditi Khan,40,Female,Mumbai,Maharashtra,Student,659560.0,Medium,2021-11-14,BR006,0.4612,0
CU00003841,Meera Das,62,Male,Pune,Maharashtra,Salaried,709517.0,Medium,2018-01-14,BR001,0.5897,0
CU00003842,Divya Iyer,31,Female,Delhi,Delhi,Salaried,1238190.0,Low,2019-06-15,BR024,0.4336,0
CU00003843,Rahul Gupta,53,Male,Chennai,Tamil Nadu,Retired,646707.0,Medium,2017-06-23,BR001,0.7533,0
CU00003844,Arjun Rao,42,Male,Mumbai,Maharashtra,Self-employed,1320476.0,Low,2024-11-11,BR012,0.5269,0
CU00003845,Aditi Singh,46,Female,Bengaluru,Karnataka,Salaried,631281.0,Medium,2022-10-05,BR008,0.0952,0
CU00003846,Rahul Das,37,Male,Chennai,Tamil Nadu,Self-employed,1669750.0,Low,2023-06-06,BR007,0.8406,0
CU00003847,Arjun Gupta,31,Male,Pune,Maharashtra,Self-employed,1449288.0,Low,2018-07-29,BR018,0.6491,0
CU00003848,Aarav Sharma,40,Male,Hyderabad,Telangana,Self-employed,1169203.0,Low,2023-10-19,BR004,0.7119,0
CU00003849,Nikhil Das,36,Female,Kolkata,West Bengal,Salaried,488646.0,Medium,2025-07-02,BR013,0.6134,0
CU00003850,Aditi Nair,35,Male,Delhi,Delhi,Retired,805796.0,Medium,2025-11-15,BR019,0.4435,0
CU00003851,Meera Gupta,20,Female,Chennai,Tamil Nadu,Professional,1523925.0,Low,2016-12-20,BR008,0.3177,0
CU00003852,Priya Iyer,42,Female,Kolkata,West Bengal,Salaried,2317162.0,Very Low,2024-03-16,BR017,0.5844,0
CU00003853,Nikhil Patel,18,Female,Bengaluru,Karnataka,Salaried,337170.0,High,2020-02-25,BR001,0.8838,0
CU00003854,Nikhil Khan,67,Female,Pune,Maharashtra,Salaried,1224284.0,Low,2021-01-31,BR017,0.6589,0
CU00003855,Aditi Singh,39,Male,Pune,Maharashtra,Salaried,520348.0,Medium,2018-02-04,BR005,0.2593,1
CU00003856,Meera Gupta,22,Male,Kolkata,West Bengal,Professional,247478.0,High,2018-07-30,BR009,0.5821,0
CU00003857,Nikhil Nair,41,Male,Hyderabad,Telangana,Retired,651282.0,Medium,2024-01-25,BR004,0.3471,0
CU00003858,Sneha Khan,38,Female,Pune,Maharashtra,Salaried,1035895.0,Low,2022-02-27,BR002,0.8735,0
CU00003859,Sai Sharma,46,Male,Kolkata,West Bengal,Salaried,194017.0,High,2017-03-04,BR020,0.1965,0
CU00003860,Priya Reddy,26,Female,Delhi,Delhi,Salaried,1634899.0,Low,2024-08-05,BR005,0.6008,0
CU00003861,Aarav Khan,30,Female,Mumbai,Maharashtra,Salaried,644645.0,Medium,2021-05-06,BR014,0.6236,0
CU00003862,Nikhil Sharma,66,Female,Visakhapatnam,Andhra Pradesh,Salaried,488121.0,Medium,2020-03-13,BR020,0.6783,0
CU00003863,Aditi Iyer,37,Female,Mumbai,Maharashtra,Salaried,700519.0,Medium,2018-03-08,BR010,0.7292,0
CU00003864,Priya Das,46,Female,Delhi,Delhi,Salaried,886499.0,Medium,2025-08-08,BR007,0.6155,0
CU00003865,Rahul Khan,26,Female,Delhi,Delhi,Salaried,1295176.0,Low,2026-01-01,BR016,0.9431,0
CU00003866,Aarav Reddy,60,Male,Bengaluru,Karnataka,Self-employed,415986.0,Medium,2022-01-13,BR004,0.5567,0
CU00003867,Meera Singh,24,Female,Hyderabad,Telangana,Professional,1249630.0,Low,2026-05-02,BR019,0.4931,0
CU00003868,Kavya Nair,18,Male,Delhi,Delhi,Self-employed,1065419.0,Low,2020-08-15,BR015,0.9087,0
CU00003869,Arjun Singh,32,Male,Delhi,Delhi,Student,410443.0,Medium,2019-07-13,BR023,0.3669,0
CU00003870,Sneha Singh,31,Male,Bengaluru,Karnataka,Salaried,1122184.0,Low,2022-03-31,BR024,0.9857,0
CU00003871,Rahul Nair,27,Female,Mumbai,Maharashtra,Professional,1318333.0,Low,2017-12-23,BR003,0.2963,0
CU00003872,Sneha Sharma,43,Female,Kolkata,West Bengal,Retired,946509.0,Low,2025-10-29,BR016,0.915,0
CU00003873,Sneha Khan,18,Male,Kolkata,West Bengal,Salaried,1421513.0,Low,2022-07-24,BR013,0.7101,0
CU00003874,Kavya Reddy,45,Female,Mumbai,Maharashtra,Professional,763928.0,Medium,2023-10-23,BR016,0.1908,0
CU00003875,Meera Gupta,44,Male,Kolkata,West Bengal,Self-employed,2347709.0,Very Low,2020-12-19,BR003,0.4394,0
CU00003876,Meera Rao,43,Male,Hyderabad,Telangana,Salaried,788815.0,Medium,2022-06-29,BR008,0.4464,0
CU00003877,Sai Khan,35,Male,Visakhapatnam,Andhra Pradesh,Salaried,449853.0,Medium,2018-10-24,BR006,0.9907,0
CU00003878,Sneha Gupta,70,Female,Mumbai,Maharashtra,Student,1182677.0,Low,2023-06-26,BR011,0.5563,0
CU00003879,Nikhil Reddy,33,Female,Delhi,Delhi,Retired,1247908.0,Low,2021-04-16,BR017,0.5065,0
CU00003880,Nikhil Iyer,37,Male,Kolkata,West Bengal,Student,206078.0,High,2022-05-02,BR011,0.7404,0
CU00003881,Sai Singh,35,Female,Delhi,Delhi,Salaried,516494.0,Medium,2019-10-08,BR021,0.8046,0
CU00003882,Priya Khan,30,Male,Bengaluru,Karnataka,Salaried,631438.0,Medium,2025-09-24,BR013,0.718,0
CU00003883,Arjun Reddy,20,Male,Visakhapatnam,Andhra Pradesh,Professional,828964.0,Medium,2019-01-03,BR012,0.4169,0
CU00003884,Divya Patel,43,Male,Bengaluru,Karnataka,Salaried,277155.0,High,2025-07-17,BR006,0.4416,0
CU00003885,Nikhil Singh,37,Male,Bengaluru,Karnataka,Professional,728584.0,Medium,2024-03-18,BR009,0.8436,0
CU00003886,Arjun Reddy,59,Male,Delhi,Delhi,Self-employed,702489.0,Medium,2022-03-18,BR005,0.6837,0
CU00003887,Divya Rao,47,Non-binary,Visakhapatnam,Andhra Pradesh,Student,378952.0,High,2025-09-04,BR003,0.4757,0
CU00003888,Sneha Reddy,30,Male,Kolkata,West Bengal,Student,486154.0,Medium,2016-12-18,BR020,0.7824,0
CU00003889,Sneha Nair,46,Non-binary,Chennai,Tamil Nadu,Professional,931920.0,Low,2026-04-02,BR013,0.9757,0
CU00003890,Arjun Rao,35,Female,Delhi,Delhi,Salaried,1347412.0,Low,2017-12-25,BR017,0.5411,0
CU00003891,Aditi Patel,45,Female,Hyderabad,Telangana,Self-employed,571499.0,Medium,2022-10-07,BR004,0.2676,0
CU00003892,Sai Sharma,32,Female,Delhi,Delhi,Salaried,901374.0,Low,2020-03-11,BR015,0.7044,0
CU00003893,Kavya Iyer,54,Male,Hyderabad,Telangana,Self-employed,508556.0,Medium,2018-02-12,BR007,0.211,0
CU00003894,Divya Patel,40,Male,Mumbai,Maharashtra,Salaried,895650.0,Medium,2020-03-20,BR021,0.1953,0
CU00003895,Kavya Nair,39,Male,Chennai,Tamil Nadu,Salaried,742647.0,Medium,2024-02-02,BR004,0.5763,0
CU00003896,Kavya Khan,33,Male,Visakhapatnam,Andhra Pradesh,Salaried,288014.0,High,2020-03-21,BR011,0.8545,0
CU00003897,Aarav Nair,36,Male,Mumbai,Maharashtra,Salaried,766192.0,Medium,2018-09-19,BR004,0.6921,0
CU00003898,Aarav Reddy,33,Male,Bengaluru,Karnataka,Salaried,768684.0,Medium,2026-04-14,BR008,0.4475,0
CU00003899,Meera Khan,51,Male,Delhi,Delhi,Student,985297.0,Low,2020-08-10,BR002,0.82,0
CU00003900,Sneha Khan,49,Female,Pune,Maharashtra,Self-employed,1381540.0,Low,2017-08-30,BR019,0.6524,0
CU00003901,Sneha Gupta,31,Female,Visakhapatnam,Andhra Pradesh,Salaried,741324.0,Medium,2024-07-21,BR010,0.4118,0
CU00003902,Meera Rao,60,Male,Mumbai,Maharashtra,Retired,448920.0,Medium,2017-12-04,BR007,0.6986,0
CU00003903,Meera Nair,49,Male,Pune,Maharashtra,Self-employed,618777.0,Medium,2022-10-31,BR020,0.84,0
CU00003904,Meera Gupta,31,Male,Visakhapatnam,Andhra Pradesh,Professional,693341.0,Medium,2021-10-05,BR014,0.3971,0
CU00003905,Arjun Khan,31,Male,Delhi,Delhi,Salaried,957924.0,Low,2025-07-17,BR009,0.7256,0
CU00003906,Divya Gupta,41,Female,Kolkata,West Bengal,Student,401488.0,Medium,2024-06-30,BR006,0.2108,0
CU00003907,Arjun Patel,31,Male,Delhi,Delhi,Retired,585823.0,Medium,2025-12-11,BR009,0.4304,0
CU00003908,Priya Rao,47,Male,Delhi,Delhi,Professional,771385.0,Medium,2022-04-08,BR008,0.4932,0
CU00003909,Nikhil Reddy,28,Female,Hyderabad,Telangana,Salaried,1644588.0,Low,2021-03-28,BR019,0.5445,0
CU00003910,Sai Reddy,32,Male,Delhi,Delhi,Self-employed,666575.0,Medium,2020-04-11,BR017,0.617,0
CU00003911,Ishaan Nair,31,Female,Mumbai,Maharashtra,Salaried,1409924.0,Low,2018-04-07,BR024,0.6729,0
CU00003912,Nikhil Singh,25,Female,Bengaluru,Karnataka,Retired,1096281.0,Low,2021-06-22,BR023,0.5977,0
CU00003913,Nikhil Nair,55,Male,Delhi,Delhi,Salaried,334894.0,High,2017-03-23,BR013,0.3764,0
CU00003914,Aditi Patel,37,Male,Hyderabad,Telangana,Student,454969.0,Medium,2025-10-17,BR007,0.6098,0
CU00003915,Sai Nair,52,Male,Pune,Maharashtra,Self-employed,580598.0,Medium,2017-05-08,BR012,0.5207,0
CU00003916,Sneha Nair,40,Female,Pune,Maharashtra,Salaried,1115793.0,Low,2021-10-21,BR003,0.8268,0
CU00003917,Kavya Nair,43,Male,Pune,Maharashtra,Salaried,1218827.0,Low,2021-02-18,BR024,0.4566,0
CU00003918,Meera Patel,34,Female,Visakhapatnam,Andhra Pradesh,Salaried,647982.0,Medium,2025-11-12,BR015,0.8548,0
CU00003919,Meera Das,18,Male,Hyderabad,Telangana,Professional,1346900.0,Low,2020-02-13,BR016,0.7548,0
CU00003920,Aarav Nair,47,Male,Hyderabad,Telangana,Salaried,401818.0,Medium,2025-02-27,BR024,0.4996,0
CU00003921,Aditi Das,44,Female,Visakhapatnam,Andhra Pradesh,Student,316474.0,High,2020-11-25,BR008,0.8993,0
CU00003922,Aarav Singh,41,Female,Bengaluru,Karnataka,Salaried,798918.0,Medium,2021-04-27,BR015,0.4315,0
CU00003923,Rahul Rao,42,Female,Kolkata,West Bengal,Salaried,729518.0,Medium,2026-01-15,BR018,0.6945,0
CU00003924,Arjun Nair,43,Male,Hyderabad,Telangana,Salaried,1173899.0,Low,2021-11-07,BR014,0.4175,0
CU00003925,Divya Nair,33,Male,Delhi,Delhi,Salaried,457712.0,Medium,2020-11-03,BR001,0.4843,0
CU00003926,Nikhil Iyer,49,Female,Chennai,Tamil Nadu,Self-employed,1485496.0,Low,2020-10-09,BR011,0.4109,0
CU00003927,Sai Iyer,38,Female,Kolkata,West Bengal,Self-employed,478322.0,Medium,2023-06-14,BR014,0.9555,0
CU00003928,Arjun Singh,46,Male,Visakhapatnam,Andhra Pradesh,Retired,602206.0,Medium,2021-10-10,BR012,0.7091,0
CU00003929,Divya Rao,36,Female,Chennai,Tamil Nadu,Professional,293020.0,High,2019-09-28,BR007,0.903,0
CU00003930,Aarav Reddy,30,Female,Pune,Maharashtra,Professional,930034.0,Low,2021-02-26,BR004,0.7653,0
CU00003931,Nikhil Singh,56,Female,Bengaluru,Karnataka,Student,436183.0,Medium,2019-08-31,BR006,0.1348,0
CU00003932,Sai Nair,37,Female,Mumbai,Maharashtra,Student,468377.0,Medium,2017-04-09,BR011,0.8024,0
CU00003933,Meera Rao,37,Female,Pune,Maharashtra,Self-employed,233199.0,High,2021-10-24,BR019,0.9434,0
CU00003934,Arjun Khan,57,Female,Bengaluru,Karnataka,Salaried,674906.0,Medium,2025-09-22,BR001,0.6384,0
CU00003935,Ishaan Singh,60,Female,Hyderabad,Telangana,Salaried,309377.0,High,2025-06-23,BR014,0.3414,0
CU00003936,Kavya Rao,36,Male,Delhi,Delhi,Self-employed,832796.0,Medium,2023-01-04,BR012,0.6481,0
CU00003937,Arjun Reddy,66,Female,Bengaluru,Karnataka,Self-employed,1257256.0,Low,2025-03-24,BR020,0.1664,1
CU00003938,Aarav Rao,18,Male,Pune,Maharashtra,Self-employed,553722.0,Medium,2026-06-19,BR014,0.988,0
CU00003939,Meera Khan,40,Male,Mumbai,Maharashtra,Salaried,1012336.0,Low,2024-02-22,BR010,0.757,0
CU00003940,Nikhil Reddy,34,Female,Hyderabad,Telangana,Salaried,508269.0,Medium,2023-09-02,BR006,0.5497,0
CU00003941,Sneha Iyer,49,Male,Bengaluru,Karnataka,Salaried,364568.0,High,2019-06-16,BR010,0.6033,0
CU00003942,Divya Singh,29,Male,Mumbai,Maharashtra,Self-employed,1198795.0,Low,2022-06-17,BR014,0.5214,0
CU00003943,Sneha Nair,48,Male,Chennai,Tamil Nadu,Student,581326.0,Medium,2026-03-03,BR023,0.6687,0
CU00003944,Arjun Sharma,39,Female,Mumbai,Maharashtra,Salaried,180000.0,High,2017-05-20,BR011,0.4933,0
CU00003945,Divya Patel,36,Female,Pune,Maharashtra,Self-employed,688403.0,Medium,2022-08-25,BR010,0.5939,0
CU00003946,Priya Reddy,36,Male,Pune,Maharashtra,Self-employed,529419.0,Medium,2020-07-28,BR023,0.7777,0
CU00003947,Sai Iyer,44,Male,Mumbai,Maharashtra,Student,2028331.0,Very Low,2024-01-08,BR014,0.3244,0
CU00003948,Ishaan Gupta,26,Male,Kolkata,West Bengal,Salaried,377702.0,High,2026-04-15,BR006,0.7377,0
CU00003949,Ishaan Sharma,36,Female,Chennai,Tamil Nadu,Professional,403835.0,Medium,2019-07-13,BR005,0.7928,0
CU00003950,Arjun Singh,34,Female,Hyderabad,Telangana,Salaried,1886398.0,Very Low,2018-05-02,BR015,0.5385,0
CU00003951,Sai Gupta,46,Female,Chennai,Tamil Nadu,Retired,992872.0,Low,2024-09-21,BR023,0.6003,0
CU00003952,Sneha Singh,51,Female,Hyderabad,Telangana,Professional,447860.0,Medium,2023-06-06,BR018,0.2757,0
CU00003953,Kavya Rao,38,Male,Hyderabad,Telangana,Self-employed,801107.0,Medium,2016-10-06,BR011,0.4529,0
CU00003954,Sai Nair,52,Female,Pune,Maharashtra,Salaried,941124.0,Low,2021-04-16,BR021,0.6452,0
CU00003955,Arjun Iyer,50,Female,Chennai,Tamil Nadu,Salaried,1537879.0,Low,2020-06-26,BR007,0.2398,0
CU00003956,Aditi Reddy,30,Female,Bengaluru,Karnataka,Salaried,1401961.0,Low,2021-01-26,BR010,0.6855,0
CU00003957,Aditi Patel,26,Male,Kolkata,West Bengal,Salaried,906438.0,Low,2022-05-20,BR008,0.4233,0
CU00003958,Aarav Nair,57,Female,Kolkata,West Bengal,Retired,600630.0,Medium,2024-01-25,BR022,0.7672,0
CU00003959,Kavya Sharma,57,Female,Mumbai,Maharashtra,Student,748000.0,Medium,2016-09-08,BR009,0.2179,0
CU00003960,Meera Rao,30,Male,Hyderabad,Telangana,Self-employed,1672111.0,Low,2022-03-10,BR009,0.2334,0
CU00003961,Ishaan Iyer,40,Male,Chennai,Tamil Nadu,Salaried,1540201.0,Low,2016-10-05,BR022,0.6556,0
CU00003962,Priya Patel,38,Male,Delhi,Delhi,Salaried,573842.0,Medium,2021-06-26,BR013,0.4779,0
CU00003963,Sneha Gupta,18,Male,Mumbai,Maharashtra,Self-employed,1022634.0,Low,2024-04-19,BR001,0.5843,0
CU00003964,Arjun Patel,18,Female,Chennai,Tamil Nadu,Self-employed,497901.0,Medium,2023-06-21,BR016,0.7739,0
CU00003965,Rahul Patel,34,Female,Mumbai,Maharashtra,Professional,1299419.0,Low,2026-03-02,BR024,0.3257,0
CU00003966,Meera Singh,41,Male,Delhi,Delhi,Self-employed,1048885.0,Low,2025-12-05,BR020,0.4735,0
CU00003967,Arjun Iyer,31,Female,Delhi,Delhi,Salaried,730886.0,Medium,2022-04-12,BR015,0.4508,0
CU00003968,Divya Singh,39,Female,Bengaluru,Karnataka,Salaried,355046.0,High,2023-01-04,BR019,0.0604,0
CU00003969,Sneha Das,25,Female,Pune,Maharashtra,Student,576722.0,Medium,2025-11-12,BR001,0.5116,0
CU00003970,Nikhil Sharma,18,Male,Delhi,Delhi,Salaried,691559.0,Medium,2025-07-21,BR007,0.6935,0
CU00003971,Aditi Singh,47,Male,Hyderabad,Telangana,Salaried,675131.0,Medium,2018-04-26,BR008,0.5343,0
CU00003972,Aditi Iyer,25,Female,Visakhapatnam,Andhra Pradesh,Self-employed,344076.0,High,2017-03-18,BR019,0.1784,0
CU00003973,Ishaan Iyer,28,Female,Hyderabad,Telangana,Salaried,656538.0,Medium,2018-09-13,BR009,0.3162,0
CU00003974,Kavya Das,37,Female,Mumbai,Maharashtra,Salaried,608488.0,Medium,2025-06-26,BR003,0.4528,0
CU00003975,Aditi Nair,31,Male,Hyderabad,Telangana,Professional,769003.0,Medium,2023-02-22,BR014,0.2048,0
CU00003976,Divya Nair,36,Male,Hyderabad,Telangana,Salaried,581824.0,Medium,2017-11-22,BR020,0.5993,0
CU00003977,Divya Gupta,38,Male,Kolkata,West Bengal,Salaried,475136.0,Medium,2024-04-03,BR024,0.3102,0
CU00003978,Aditi Singh,46,Male,Bengaluru,Karnataka,Self-employed,507438.0,Medium,2025-10-25,BR001,0.5707,0
CU00003979,Rahul Khan,33,Male,Delhi,Delhi,Salaried,1367676.0,Low,2018-11-01,BR020,0.6971,0
CU00003980,Aditi Khan,48,Male,Chennai,Tamil Nadu,Self-employed,5129263.0,Very Low,2026-02-10,BR005,0.502,0
CU00003981,Divya Khan,47,Female,Visakhapatnam,Andhra Pradesh,Self-employed,409073.0,Medium,2023-06-02,BR008,0.8672,0
CU00003982,Arjun Iyer,58,Male,Delhi,Delhi,Salaried,531235.0,Medium,2019-04-28,BR007,0.4373,0
CU00003983,Arjun Iyer,23,Male,Kolkata,West Bengal,Professional,624072.0,Medium,2024-05-30,BR005,0.4244,0
CU00003984,Divya Singh,30,Female,Delhi,Delhi,Retired,1270805.0,Low,2019-10-25,BR006,0.1415,0
CU00003985,Meera Rao,25,Male,Visakhapatnam,Andhra Pradesh,Self-employed,1141753.0,Low,2017-12-28,BR005,0.2673,0
CU00003986,Priya Das,55,Male,Bengaluru,Karnataka,Self-employed,552831.0,Medium,2020-06-10,BR004,0.3339,0
CU00003987,Sai Patel,31,Female,Kolkata,West Bengal,Salaried,599596.0,Medium,2026-03-09,BR014,0.7724,0
CU00003988,Kavya Sharma,44,Male,Chennai,Tamil Nadu,Salaried,902585.0,Low,2021-08-14,BR006,0.6012,0
CU00003989,Aditi Gupta,29,Male,Visakhapatnam,Andhra Pradesh,Salaried,601798.0,Medium,2025-02-18,BR009,0.5699,0
CU00003990,Ishaan Iyer,32,Female,Mumbai,Maharashtra,Retired,874033.0,Medium,2023-06-01,BR013,0.3448,0
CU00003991,Priya Nair,18,Male,Kolkata,West Bengal,Student,822380.0,Medium,2019-02-18,BR024,0.629,0
CU00003992,Arjun Sharma,32,Female,Visakhapatnam,Andhra Pradesh,Professional,379664.0,High,2025-01-23,BR001,0.7161,0
CU00003993,Sneha Reddy,60,Female,Pune,Maharashtra,Self-employed,523510.0,Medium,2024-12-25,BR021,0.6018,0
CU00003994,Nikhil Patel,40,Female,Delhi,Delhi,Salaried,1570335.0,Low,2018-09-04,BR009,0.1161,0
CU00003995,Nikhil Sharma,18,Male,Visakhapatnam,Andhra Pradesh,Salaried,430423.0,Medium,2020-09-10,BR014,0.7959,0
CU00003996,Kavya Singh,32,Male,Kolkata,West Bengal,Retired,1557545.0,Low,2020-06-12,BR010,0.448,0
CU00003997,Rahul Das,49,Male,Pune,Maharashtra,Self-employed,450052.0,Medium,2018-08-14,BR021,0.4362,0
CU00003998,Rahul Sharma,50,Male,Bengaluru,Karnataka,Salaried,500762.0,Medium,2020-11-03,BR016,0.6045,0
CU00003999,Aditi Patel,45,Male,Delhi,Delhi,Salaried,323291.0,High,2021-12-15,BR021,0.3304,0
CU00004000,Kavya Gupta,24,Male,Hyderabad,Telangana,Professional,1244217.0,Low,2017-07-12,BR013,0.4228,0
CU00004001,Meera Gupta,59,Male,Pune,Maharashtra,Salaried,1041614.0,Low,2021-06-08,BR013,0.9781,0
CU00004002,Meera Reddy,32,Male,Pune,Maharashtra,Retired,2251256.0,Very Low,2021-01-11,BR012,0.8237,0
CU00004003,Nikhil Gupta,39,Female,Visakhapatnam,Andhra Pradesh,Salaried,1534974.0,Low,2020-05-23,BR016,0.7404,0
CU00004004,Aditi Sharma,51,Male,Delhi,Delhi,Salaried,235395.0,High,2019-05-20,BR019,0.8413,0
CU00004005,Divya Reddy,35,Male,Kolkata,West Bengal,Salaried,570917.0,Medium,2021-09-24,BR007,0.4085,0
CU00004006,Arjun Nair,28,Female,Kolkata,West Bengal,Salaried,984872.0,Low,2023-08-07,BR023,0.4201,0
CU00004007,Meera Gupta,59,Male,Chennai,Tamil Nadu,Professional,396882.0,High,2024-04-17,BR001,0.8591,0
CU00004008,Kavya Patel,54,Female,Visakhapatnam,Andhra Pradesh,Professional,952032.0,Low,2023-07-22,BR016,0.4289,0
CU00004009,Rahul Das,39,Female,Chennai,Tamil Nadu,Salaried,891865.0,Medium,2025-06-21,BR016,0.501,0
CU00004010,Aditi Das,39,Female,Visakhapatnam,Andhra Pradesh,Retired,1112057.0,Low,2019-01-12,BR021,0.9382,0
CU00004011,Sneha Khan,45,Male,Mumbai,Maharashtra,Salaried,954694.0,Low,2021-08-28,BR002,0.6964,0
CU00004012,Rahul Khan,38,Female,Pune,Maharashtra,Professional,992688.0,Low,2022-03-19,BR008,0.2467,0
CU00004013,Ishaan Khan,33,Female,Bengaluru,Karnataka,Self-employed,311787.0,High,2020-05-02,BR015,0.4369,0
CU00004014,Nikhil Singh,36,Female,Mumbai,Maharashtra,Retired,724232.0,Medium,2023-05-02,BR001,0.6263,0
CU00004015,Aditi Rao,40,Female,Mumbai,Maharashtra,Professional,641730.0,Medium,2022-01-10,BR003,0.5598,0
CU00004016,Meera Reddy,30,Male,Visakhapatnam,Andhra Pradesh,Self-employed,552742.0,Medium,2019-12-26,BR014,0.3975,0
CU00004017,Meera Iyer,61,Female,Mumbai,Maharashtra,Salaried,1602979.0,Low,2018-02-19,BR016,0.6095,0
CU00004018,Aarav Patel,37,Male,Chennai,Tamil Nadu,Retired,345116.0,High,2022-09-03,BR013,0.6053,0
CU00004019,Priya Sharma,36,Female,Hyderabad,Telangana,Self-employed,779644.0,Medium,2021-10-28,BR005,0.9028,0
CU00004020,Nikhil Reddy,25,Female,Chennai,Tamil Nadu,Student,534651.0,Medium,2019-07-28,BR004,0.5144,0
CU00004021,Divya Rao,36,Female,Pune,Maharashtra,Self-employed,356877.0,High,2023-02-23,BR009,0.2386,0
CU00004022,Nikhil Iyer,51,Male,Hyderabad,Telangana,Self-employed,837801.0,Medium,2016-11-25,BR024,0.5403,0
CU00004023,Sneha Nair,41,Female,Kolkata,West Bengal,Professional,502226.0,Medium,2025-08-08,BR011,0.5054,0
CU00004024,Rahul Rao,43,Male,Kolkata,West Bengal,Retired,1066939.0,Low,2017-03-02,BR012,0.4326,0
CU00004025,Sneha Das,23,Female,Pune,Maharashtra,Self-employed,853572.0,Medium,2022-02-20,BR018,0.246,1
CU00004026,Nikhil Das,36,Male,Mumbai,Maharashtra,Salaried,528935.0,Medium,2024-09-08,BR005,0.3603,0
CU00004027,Kavya Sharma,47,Male,Kolkata,West Bengal,Self-employed,706441.0,Medium,2024-01-20,BR007,0.899,0
CU00004028,Sai Singh,53,Female,Mumbai,Maharashtra,Student,912666.0,Low,2024-01-07,BR014,0.27,0
CU00004029,Arjun Das,64,Male,Mumbai,Maharashtra,Self-employed,1053466.0,Low,2024-11-21,BR024,0.2349,0
CU00004030,Sai Das,51,Male,Bengaluru,Karnataka,Self-employed,1032748.0,Low,2016-11-08,BR019,0.6243,0
CU00004031,Rahul Rao,52,Female,Hyderabad,Telangana,Professional,418569.0,Medium,2022-01-14,BR011,0.7661,0
CU00004032,Meera Patel,48,Female,Delhi,Delhi,Salaried,207648.0,High,2018-02-01,BR015,0.6254,0
CU00004033,Kavya Sharma,41,Female,Hyderabad,Telangana,Salaried,738943.0,Medium,2020-02-09,BR021,0.7251,0
CU00004034,Aditi Das,44,Female,Bengaluru,Karnataka,Self-employed,465474.0,Medium,2025-06-24,BR024,0.2892,0
CU00004035,Priya Nair,43,Male,Kolkata,West Bengal,Salaried,984443.0,Low,2023-05-01,BR013,0.8693,0
CU00004036,Priya Iyer,35,Female,Chennai,Tamil Nadu,Salaried,280721.0,High,2019-09-18,BR001,0.3061,0
CU00004037,Ishaan Sharma,26,Male,Visakhapatnam,Andhra Pradesh,Retired,699444.0,Medium,2017-10-13,BR010,0.8658,0
CU00004038,Kavya Sharma,18,Male,Bengaluru,Karnataka,Professional,482005.0,Medium,2025-05-21,BR006,0.5142,0
CU00004039,Arjun Nair,39,Female,Mumbai,Maharashtra,Self-employed,949060.0,Low,2018-07-17,BR001,0.5042,0
CU00004040,Priya Das,50,Male,Chennai,Tamil Nadu,Salaried,381787.0,High,2017-06-18,BR013,0.4242,0
CU00004041,Nikhil Gupta,30,Female,Pune,Maharashtra,Professional,385228.0,High,2026-03-27,BR016,0.9342,0
CU00004042,Rahul Gupta,18,Female,Kolkata,West Bengal,Student,919114.0,Low,2026-04-15,BR022,0.6932,0
CU00004043,Divya Iyer,28,Female,Pune,Maharashtra,Self-employed,254068.0,High,2026-07-02,BR004,0.3488,0
CU00004044,Ishaan Rao,36,Female,Mumbai,Maharashtra,Retired,600224.0,Medium,2022-05-22,BR024,0.4338,0
CU00004045,Arjun Gupta,25,Male,Kolkata,West Bengal,Professional,2189292.0,Very Low,2025-11-20,BR014,0.6646,0
CU00004046,Ishaan Singh,69,Male,Visakhapatnam,Andhra Pradesh,Salaried,342520.0,High,2024-09-06,BR010,0.86,0
CU00004047,Meera Singh,42,Female,Hyderabad,Telangana,Salaried,877115.0,Medium,2017-12-25,BR015,0.5757,0
CU00004048,Sai Das,65,Male,Mumbai,Maharashtra,Retired,1074816.0,Low,2026-03-22,BR007,0.8821,0
CU00004049,Rahul Nair,56,Female,Hyderabad,Telangana,Self-employed,355647.0,High,2025-04-14,BR020,0.4691,0
CU00004050,Divya Das,20,Male,Hyderabad,Telangana,Salaried,368372.0,High,2022-02-20,BR007,0.6072,0
CU00004051,Aditi Patel,32,Male,Kolkata,West Bengal,Salaried,708670.0,Medium,2026-06-04,BR011,0.2589,0
CU00004052,Priya Gupta,38,Female,Chennai,Tamil Nadu,Salaried,1074309.0,Low,2024-07-21,BR009,0.8061,0
CU00004053,Aditi Gupta,57,Female,Hyderabad,Telangana,Professional,180000.0,High,2017-11-26,BR002,0.606,0
CU00004054,Nikhil Singh,21,Female,Kolkata,West Bengal,Self-employed,1200777.0,Low,2020-03-14,BR019,0.4136,0
CU00004055,Rahul Iyer,39,Female,Kolkata,West Bengal,Professional,386771.0,High,2024-03-24,BR002,0.6206,0
CU00004056,Ishaan Gupta,30,Male,Delhi,Delhi,Retired,286884.0,High,2024-11-09,BR001,0.5216,0
CU00004057,Arjun Das,20,Female,Hyderabad,Telangana,Salaried,901942.0,Low,2021-09-15,BR017,0.2544,0
CU00004058,Ishaan Patel,45,Female,Chennai,Tamil Nadu,Professional,2527472.0,Very Low,2019-10-15,BR011,0.3469,0
CU00004059,Meera Singh,41,Male,Visakhapatnam,Andhra Pradesh,Self-employed,812694.0,Medium,2016-10-30,BR013,0.3352,0
CU00004060,Priya Gupta,35,Female,Kolkata,West Bengal,Self-employed,706710.0,Medium,2020-02-07,BR002,0.3585,0
CU00004061,Aditi Khan,44,Female,Hyderabad,Telangana,Self-employed,455756.0,Medium,2023-07-28,BR009,0.4217,0
CU00004062,Ishaan Gupta,31,Female,Mumbai,Maharashtra,Salaried,395835.0,High,2022-07-18,BR021,0.6669,0
CU00004063,Divya Khan,25,Male,Visakhapatnam,Andhra Pradesh,Retired,625938.0,Medium,2019-10-23,BR009,0.6624,0
CU00004064,Arjun Gupta,51,Male,Chennai,Tamil Nadu,Salaried,818223.0,Medium,2017-03-06,BR004,0.4445,0
CU00004065,Ishaan Iyer,38,Male,Pune,Maharashtra,Self-employed,912938.0,Low,2022-02-23,BR022,0.898,0
CU00004066,Kavya Das,29,Male,Bengaluru,Karnataka,Salaried,399197.0,High,2018-08-19,BR020,0.437,0
CU00004067,Divya Reddy,58,Male,Kolkata,West Bengal,Retired,1419800.0,Low,2017-11-24,BR011,0.7756,0
CU00004068,Sai Gupta,25,Male,Mumbai,Maharashtra,Retired,1287901.0,Low,2017-02-14,BR012,0.8349,0
CU00004069,Rahul Singh,53,Male,Hyderabad,Telangana,Salaried,602450.0,Medium,2017-08-14,BR006,0.753,0
CU00004070,Meera Nair,42,Female,Bengaluru,Karnataka,Salaried,846710.0,Medium,2022-12-25,BR023,0.7222,0
CU00004071,Ishaan Sharma,40,Female,Visakhapatnam,Andhra Pradesh,Salaried,550191.0,Medium,2020-03-11,BR010,0.9567,0
CU00004072,Nikhil Patel,44,Female,Delhi,Delhi,Salaried,991595.0,Low,2025-02-14,BR001,0.6903,0
CU00004073,Ishaan Iyer,39,Female,Chennai,Tamil Nadu,Salaried,512610.0,Medium,2022-06-06,BR024,0.6565,0
CU00004074,Sneha Gupta,30,Female,Visakhapatnam,Andhra Pradesh,Self-employed,960755.0,Low,2022-12-17,BR004,0.6938,0
CU00004075,Sai Sharma,50,Male,Visakhapatnam,Andhra Pradesh,Self-employed,340941.0,High,2020-09-25,BR021,0.659,0
CU00004076,Nikhil Nair,37,Male,Bengaluru,Karnataka,Salaried,751750.0,Medium,2024-01-01,BR023,0.5972,0
CU00004077,Kavya Sharma,51,Female,Visakhapatnam,Andhra Pradesh,Salaried,367133.0,High,2020-04-25,BR003,0.2921,0
CU00004078,Aditi Patel,27,Female,Mumbai,Maharashtra,Salaried,335717.0,High,2017-08-11,BR014,0.6719,0
CU00004079,Arjun Singh,71,Female,Delhi,Delhi,Salaried,228620.0,High,2020-02-14,BR006,0.9368,0
CU00004080,Sneha Patel,33,Female,Chennai,Tamil Nadu,Salaried,946343.0,Low,2017-04-19,BR004,0.957,0
CU00004081,Priya Reddy,39,Male,Mumbai,Maharashtra,Salaried,964716.0,Low,2019-12-09,BR006,0.8757,0
CU00004082,Sai Iyer,40,Male,Visakhapatnam,Andhra Pradesh,Professional,868226.0,Medium,2024-03-28,BR011,0.4656,0
CU00004083,Aditi Sharma,42,Male,Mumbai,Maharashtra,Professional,369613.0,High,2018-09-21,BR008,0.4158,0
CU00004084,Ishaan Khan,22,Male,Bengaluru,Karnataka,Self-employed,1532502.0,Low,2021-09-30,BR021,0.5801,0
CU00004085,Ishaan Khan,31,Female,Mumbai,Maharashtra,Student,656964.0,Medium,2022-06-19,BR024,0.8441,0
CU00004086,Meera Gupta,39,Female,Pune,Maharashtra,Salaried,928986.0,Low,2020-02-11,BR018,0.6513,0
CU00004087,Sneha Sharma,28,Male,Delhi,Delhi,Retired,575214.0,Medium,2020-03-21,BR023,0.7094,1
CU00004088,Sai Khan,31,Female,Chennai,Tamil Nadu,Salaried,551472.0,Medium,2018-12-01,BR024,0.7659,0
CU00004089,Aditi Singh,38,Female,Delhi,Delhi,Salaried,1206702.0,Low,2023-11-16,BR018,0.8759,0
CU00004090,Aditi Reddy,48,Female,Pune,Maharashtra,Self-employed,872132.0,Medium,2022-06-23,BR012,0.2056,0
CU00004091,Divya Iyer,24,Male,Chennai,Tamil Nadu,Salaried,764460.0,Medium,2022-08-18,BR007,0.4311,0
CU00004092,Ishaan Nair,38,Female,Visakhapatnam,Andhra Pradesh,Salaried,1346806.0,Low,2023-12-16,BR022,0.283,0
CU00004093,Nikhil Sharma,27,Female,Visakhapatnam,Andhra Pradesh,Salaried,342516.0,High,2025-03-28,BR001,0.7733,0
CU00004094,Arjun Rao,37,Female,Delhi,Delhi,Salaried,651264.0,Medium,2021-01-29,BR024,0.3597,0
CU00004095,Kavya Iyer,37,Male,Delhi,Delhi,Self-employed,1461857.0,Low,2020-02-07,BR022,0.6504,0
CU00004096,Sai Singh,26,Male,Chennai,Tamil Nadu,Retired,801011.0,Medium,2022-01-12,BR004,0.2391,0
CU00004097,Aarav Patel,41,Male,Visakhapatnam,Andhra Pradesh,Student,696589.0,Medium,2022-06-26,BR016,0.9598,0
CU00004098,Aditi Das,24,Female,Delhi,Delhi,Salaried,1244622.0,Low,2022-10-24,BR016,0.5974,0
CU00004099,Kavya Reddy,32,Male,Chennai,Tamil Nadu,Salaried,739711.0,Medium,2021-02-16,BR020,0.3498,0
CU00004100,Arjun Sharma,24,Male,Bengaluru,Karnataka,Self-employed,790147.0,Medium,2023-07-25,BR023,0.6805,0
CU00004101,Sneha Rao,25,Female,Hyderabad,Telangana,Salaried,624895.0,Medium,2024-09-19,BR001,0.6053,0
CU00004102,Rahul Sharma,44,Female,Bengaluru,Karnataka,Professional,798772.0,Medium,2024-11-24,BR020,0.6841,0
CU00004103,Rahul Rao,30,Female,Chennai,Tamil Nadu,Self-employed,1755555.0,Low,2025-07-14,BR005,0.3614,0
CU00004104,Meera Singh,72,Female,Chennai,Tamil Nadu,Self-employed,877592.0,Medium,2024-02-26,BR011,0.3054,0
CU00004105,Priya Reddy,31,Female,Pune,Maharashtra,Self-employed,1515036.0,Low,2024-12-17,BR021,0.7827,0
CU00004106,Kavya Reddy,38,Male,Visakhapatnam,Andhra Pradesh,Retired,1400210.0,Low,2026-05-13,BR001,0.5275,0
CU00004107,Aarav Sharma,39,Male,Mumbai,Maharashtra,Student,408050.0,Medium,2024-07-26,BR024,0.5773,0
CU00004108,Rahul Patel,39,Female,Kolkata,West Bengal,Professional,361274.0,High,2023-02-07,BR004,0.3798,0
CU00004109,Arjun Das,31,Female,Mumbai,Maharashtra,Professional,415469.0,Medium,2025-10-03,BR010,0.3306,0
CU00004110,Divya Nair,32,Female,Pune,Maharashtra,Self-employed,961748.0,Low,2022-07-05,BR004,0.1777,0
CU00004111,Aarav Reddy,54,Female,Visakhapatnam,Andhra Pradesh,Salaried,268648.0,High,2020-07-21,BR005,0.7801,0
CU00004112,Sneha Das,43,Male,Kolkata,West Bengal,Self-employed,1349818.0,Low,2019-07-29,BR010,0.5014,0
CU00004113,Nikhil Singh,42,Male,Delhi,Delhi,Professional,1263340.0,Low,2021-11-21,BR010,0.81,0
CU00004114,Rahul Rao,51,Male,Hyderabad,Telangana,Salaried,1361217.0,Low,2021-09-10,BR015,0.191,0
CU00004115,Divya Nair,45,Non-binary,Pune,Maharashtra,Professional,403887.0,Medium,2017-01-02,BR009,0.8697,0
CU00004116,Meera Khan,39,Male,Kolkata,West Bengal,Salaried,758956.0,Medium,2023-07-28,BR001,0.4865,0
CU00004117,Aarav Rao,54,Female,Pune,Maharashtra,Professional,3077410.0,Very Low,2018-11-22,BR021,0.5576,0
CU00004118,Divya Khan,49,Female,Pune,Maharashtra,Self-employed,386755.0,High,2017-02-06,BR011,0.4905,0
CU00004119,Arjun Iyer,43,Male,Pune,Maharashtra,Salaried,1067550.0,Low,2017-12-20,BR022,0.7244,1
CU00004120,Rahul Gupta,18,Male,Mumbai,Maharashtra,Self-employed,945549.0,Low,2022-06-28,BR018,0.4054,1
CU00004121,Arjun Iyer,35,Female,Bengaluru,Karnataka,Self-employed,1379296.0,Low,2026-06-02,BR012,0.6613,0
CU00004122,Kavya Reddy,46,Male,Chennai,Tamil Nadu,Salaried,1518823.0,Low,2018-06-24,BR012,0.8126,0
CU00004123,Nikhil Reddy,55,Female,Chennai,Tamil Nadu,Self-employed,524389.0,Medium,2021-01-01,BR002,0.7699,0
CU00004124,Rahul Patel,47,Female,Chennai,Tamil Nadu,Salaried,925807.0,Low,2017-10-04,BR001,0.9446,1
CU00004125,Nikhil Patel,37,Female,Pune,Maharashtra,Professional,797007.0,Medium,2017-10-09,BR010,0.7032,0
CU00004126,Aditi Khan,36,Male,Kolkata,West Bengal,Salaried,804542.0,Medium,2018-06-11,BR020,0.5607,0
CU00004127,Arjun Patel,49,Female,Pune,Maharashtra,Retired,892086.0,Medium,2019-10-06,BR014,0.4747,0
CU00004128,Divya Das,22,Male,Mumbai,Maharashtra,Self-employed,369239.0,High,2021-06-02,BR013,0.2174,0
CU00004129,Kavya Patel,21,Male,Hyderabad,Telangana,Salaried,736808.0,Medium,2022-11-09,BR001,0.7673,0
CU00004130,Ishaan Patel,44,Female,Chennai,Tamil Nadu,Self-employed,921145.0,Low,2019-01-14,BR009,0.6401,0
CU00004131,Rahul Rao,38,Male,Pune,Maharashtra,Retired,1294023.0,Low,2020-12-25,BR016,0.5677,0
CU00004132,Kavya Nair,28,Male,Chennai,Tamil Nadu,Retired,601616.0,Medium,2020-05-14,BR003,0.6862,0
CU00004133,Arjun Reddy,34,Male,Chennai,Tamil Nadu,Salaried,1547518.0,Low,2016-11-02,BR018,0.5341,0
CU00004134,Kavya Das,54,Male,Kolkata,West Bengal,Salaried,378944.0,High,2020-08-19,BR001,0.6517,0
CU00004135,Divya Rao,33,Male,Visakhapatnam,Andhra Pradesh,Self-employed,231480.0,High,2022-10-16,BR014,0.0906,0
CU00004136,Meera Das,34,Male,Hyderabad,Telangana,Salaried,743964.0,Medium,2025-02-10,BR023,0.8397,0
CU00004137,Sneha Iyer,36,Male,Visakhapatnam,Andhra Pradesh,Self-employed,1345813.0,Low,2024-10-26,BR003,0.3006,0
CU00004138,Aditi Nair,22,Male,Chennai,Tamil Nadu,Student,980905.0,Low,2024-03-04,BR023,0.6479,0
CU00004139,Sai Iyer,25,Male,Mumbai,Maharashtra,Professional,1270358.0,Low,2023-05-24,BR008,0.6832,0
CU00004140,Nikhil Singh,27,Male,Pune,Maharashtra,Self-employed,924257.0,Low,2023-06-21,BR012,0.9828,0
CU00004141,Kavya Rao,32,Female,Delhi,Delhi,Student,810998.0,Medium,2018-02-06,BR011,0.387,0
CU00004142,Sneha Sharma,33,Male,Mumbai,Maharashtra,Salaried,957136.0,Low,2025-12-03,BR024,0.4333,0
CU00004143,Sneha Patel,43,Male,Kolkata,West Bengal,Student,723723.0,Medium,2017-10-30,BR024,0.5548,0
CU00004144,Kavya Gupta,30,Male,Kolkata,West Bengal,Salaried,1117848.0,Low,2022-09-29,BR017,0.6807,0
CU00004145,Priya Khan,53,Male,Chennai,Tamil Nadu,Student,648988.0,Medium,2020-02-13,BR023,0.861,0
CU00004146,Rahul Rao,43,Female,Pune,Maharashtra,Professional,1435791.0,Low,2023-01-28,BR008,0.723,0
CU00004147,Aditi Rao,42,Female,Mumbai,Maharashtra,Self-employed,689288.0,Medium,2016-09-16,BR021,0.6601,0
CU00004148,Arjun Singh,57,Female,Delhi,Delhi,Self-employed,969178.0,Low,2024-06-27,BR017,0.8855,0
CU00004149,Ishaan Iyer,30,Male,Bengaluru,Karnataka,Salaried,2282725.0,Very Low,2024-12-31,BR017,0.1843,0
CU00004150,Kavya Iyer,55,Male,Pune,Maharashtra,Retired,468342.0,Medium,2024-08-26,BR012,0.2638,0
CU00004151,Kavya Khan,48,Female,Mumbai,Maharashtra,Salaried,597360.0,Medium,2025-06-07,BR001,0.4294,0
CU00004152,Arjun Iyer,36,Male,Bengaluru,Karnataka,Self-employed,744666.0,Medium,2025-12-22,BR009,0.5638,0
CU00004153,Divya Khan,36,Male,Bengaluru,Karnataka,Salaried,602510.0,Medium,2020-05-15,BR015,0.9188,0
CU00004154,Arjun Singh,38,Female,Hyderabad,Telangana,Self-employed,705887.0,Medium,2021-07-31,BR003,0.4561,0
CU00004155,Divya Patel,31,Male,Chennai,Tamil Nadu,Salaried,770863.0,Medium,2017-05-03,BR006,0.7512,0
CU00004156,Ishaan Nair,66,Male,Chennai,Tamil Nadu,Salaried,1699633.0,Low,2023-04-24,BR011,0.7893,0
CU00004157,Arjun Rao,43,Male,Visakhapatnam,Andhra Pradesh,Salaried,3173772.0,Very Low,2018-05-24,BR002,0.6226,1
CU00004158,Rahul Patel,27,Male,Chennai,Tamil Nadu,Self-employed,400424.0,Medium,2018-11-05,BR007,0.2993,0
CU00004159,Kavya Iyer,72,Male,Mumbai,Maharashtra,Salaried,632468.0,Medium,2022-05-08,BR006,0.5569,0
CU00004160,Ishaan Reddy,32,Female,Delhi,Delhi,Salaried,769481.0,Medium,2023-10-17,BR011,0.6551,0
CU00004161,Aditi Khan,60,Female,Kolkata,West Bengal,Salaried,326056.0,High,2022-06-21,BR004,0.8779,1
CU00004162,Nikhil Gupta,36,Female,Mumbai,Maharashtra,Professional,485444.0,Medium,2020-07-13,BR001,0.8255,0
CU00004163,Priya Gupta,30,Female,Chennai,Tamil Nadu,Self-employed,825201.0,Medium,2018-08-10,BR009,0.5865,0
CU00004164,Sneha Rao,40,Female,Hyderabad,Telangana,Professional,534599.0,Medium,2021-01-24,BR013,0.1276,0
CU00004165,Aditi Reddy,32,Male,Bengaluru,Karnataka,Salaried,1215303.0,Low,2022-09-29,BR005,0.865,0
CU00004166,Rahul Sharma,32,Male,Visakhapatnam,Andhra Pradesh,Salaried,564416.0,Medium,2020-11-18,BR012,0.7725,0
CU00004167,Priya Rao,18,Male,Delhi,Delhi,Professional,561695.0,Medium,2022-03-16,BR020,0.5266,0
CU00004168,Rahul Singh,22,Male,Delhi,Delhi,Retired,890225.0,Medium,2019-10-18,BR023,0.7391,0
CU00004169,Kavya Das,29,Female,Chennai,Tamil Nadu,Salaried,1328490.0,Low,2025-09-09,BR002,0.575,0
CU00004170,Sai Patel,43,Male,Chennai,Tamil Nadu,Salaried,367752.0,High,2023-02-24,BR021,0.4044,0
CU00004171,Meera Iyer,34,Female,Hyderabad,Telangana,Self-employed,367083.0,High,2024-03-25,BR005,0.4453,0
CU00004172,Divya Das,38,Female,Visakhapatnam,Andhra Pradesh,Retired,966905.0,Low,2022-01-21,BR020,0.4699,0
CU00004173,Ishaan Sharma,33,Female,Visakhapatnam,Andhra Pradesh,Retired,758749.0,Medium,2018-01-08,BR014,0.3187,0
CU00004174,Kavya Singh,64,Female,Pune,Maharashtra,Salaried,2338866.0,Very Low,2023-07-03,BR012,0.937,0
CU00004175,Arjun Iyer,34,Female,Mumbai,Maharashtra,Salaried,958016.0,Low,2017-07-19,BR008,0.8426,0
CU00004176,Priya Singh,49,Female,Visakhapatnam,Andhra Pradesh,Retired,872659.0,Medium,2024-01-06,BR014,0.5125,0
CU00004177,Aarav Das,29,Female,Chennai,Tamil Nadu,Self-employed,1241146.0,Low,2020-03-28,BR011,0.8169,0
CU00004178,Ishaan Nair,43,Male,Hyderabad,Telangana,Self-employed,322997.0,High,2026-05-18,BR018,0.4178,0
CU00004179,Kavya Rao,38,Female,Delhi,Delhi,Salaried,1010399.0,Low,2020-06-16,BR023,0.4097,0
CU00004180,Arjun Iyer,45,Male,Mumbai,Maharashtra,Salaried,1066930.0,Low,2021-07-19,BR015,0.4496,0
CU00004181,Sneha Das,40,Male,Mumbai,Maharashtra,Professional,1846402.0,Very Low,2016-12-29,BR017,0.7198,0
CU00004182,Aarav Patel,52,Male,Mumbai,Maharashtra,Salaried,550076.0,Medium,2022-05-09,BR018,0.5848,0
CU00004183,Ishaan Nair,47,Male,Mumbai,Maharashtra,Self-employed,492737.0,Medium,2021-12-20,BR023,0.6172,0
CU00004184,Ishaan Reddy,35,Female,Mumbai,Maharashtra,Salaried,436462.0,Medium,2024-01-19,BR017,0.323,0
CU00004185,Rahul Khan,42,Female,Chennai,Tamil Nadu,Salaried,291831.0,High,2026-01-17,BR024,0.3906,0
CU00004186,Divya Nair,48,Female,Hyderabad,Telangana,Salaried,1307676.0,Low,2019-07-07,BR003,0.4664,0
CU00004187,Meera Sharma,32,Male,Kolkata,West Bengal,Student,1750468.0,Low,2017-02-17,BR010,0.3839,0
CU00004188,Divya Reddy,29,Female,Hyderabad,Telangana,Self-employed,201613.0,High,2017-08-03,BR016,0.7249,1
CU00004189,Aarav Singh,30,Male,Visakhapatnam,Andhra Pradesh,Self-employed,636733.0,Medium,2019-11-23,BR015,0.914,0
CU00004190,Arjun Gupta,58,Female,Bengaluru,Karnataka,Professional,1944147.0,Very Low,2018-06-22,BR014,0.3726,0
CU00004191,Nikhil Sharma,18,Female,Delhi,Delhi,Salaried,374706.0,High,2022-11-10,BR008,0.6582,1
CU00004192,Kavya Iyer,33,Male,Kolkata,West Bengal,Self-employed,370424.0,High,2018-04-27,BR005,0.4498,0
CU00004193,Kavya Reddy,27,Male,Chennai,Tamil Nadu,Self-employed,441145.0,Medium,2024-10-06,BR022,0.8224,0
CU00004194,Aarav Reddy,38,Male,Chennai,Tamil Nadu,Self-employed,888217.0,Medium,2024-11-26,BR015,0.7216,0
CU00004195,Aarav Rao,31,Male,Delhi,Delhi,Salaried,902105.0,Low,2022-05-12,BR017,0.7653,0
CU00004196,Divya Iyer,46,Female,Kolkata,West Bengal,Professional,364668.0,High,2020-12-26,BR009,0.803,0
CU00004197,Arjun Das,18,Male,Kolkata,West Bengal,Salaried,939453.0,Low,2017-07-03,BR018,0.7432,0
CU00004198,Arjun Rao,39,Male,Delhi,Delhi,Professional,538554.0,Medium,2020-06-16,BR008,0.7351,0
CU00004199,Ishaan Sharma,51,Female,Mumbai,Maharashtra,Salaried,549396.0,Medium,2017-12-23,BR001,0.7943,0
CU00004200,Arjun Iyer,31,Male,Hyderabad,Telangana,Professional,1621238.0,Low,2017-09-25,BR014,0.9028,0
CU00004201,Divya Nair,66,Female,Hyderabad,Telangana,Self-employed,526603.0,Medium,2016-11-23,BR020,0.8339,0
CU00004202,Sneha Khan,54,Female,Delhi,Delhi,Professional,2223022.0,Very Low,2016-09-15,BR001,0.8284,0
CU00004203,Meera Gupta,64,Female,Bengaluru,Karnataka,Professional,750673.0,Medium,2021-03-01,BR008,0.467,0
CU00004204,Sai Gupta,18,Male,Hyderabad,Telangana,Self-employed,518807.0,Medium,2019-10-09,BR018,0.2305,0
CU00004205,Sai Patel,39,Male,Visakhapatnam,Andhra Pradesh,Self-employed,486239.0,Medium,2024-06-28,BR015,0.3937,0
CU00004206,Aditi Reddy,40,Male,Mumbai,Maharashtra,Self-employed,562857.0,Medium,2023-07-27,BR002,0.5022,0
CU00004207,Divya Singh,34,Male,Bengaluru,Karnataka,Salaried,672638.0,Medium,2018-01-12,BR001,0.4947,0
CU00004208,Divya Gupta,61,Male,Kolkata,West Bengal,Salaried,681365.0,Medium,2023-06-10,BR009,0.5506,0
CU00004209,Aditi Gupta,32,Female,Chennai,Tamil Nadu,Salaried,495859.0,Medium,2024-04-26,BR017,0.6322,0
CU00004210,Rahul Sharma,53,Male,Visakhapatnam,Andhra Pradesh,Salaried,409886.0,Medium,2026-04-06,BR006,0.5575,0
CU00004211,Rahul Gupta,48,Non-binary,Visakhapatnam,Andhra Pradesh,Salaried,394383.0,High,2023-12-06,BR012,0.8414,0
CU00004212,Rahul Nair,33,Male,Kolkata,West Bengal,Salaried,822589.0,Medium,2020-03-31,BR013,0.7076,0
CU00004213,Rahul Das,28,Male,Visakhapatnam,Andhra Pradesh,Salaried,530022.0,Medium,2019-03-18,BR008,0.2313,0
CU00004214,Sai Sharma,37,Female,Bengaluru,Karnataka,Salaried,462755.0,Medium,2023-02-15,BR001,0.2155,0
CU00004215,Arjun Iyer,48,Female,Delhi,Delhi,Retired,521574.0,Medium,2024-04-19,BR012,0.861,0
CU00004216,Ishaan Iyer,18,Female,Mumbai,Maharashtra,Salaried,398339.0,High,2019-06-01,BR019,0.538,0
CU00004217,Divya Khan,41,Male,Mumbai,Maharashtra,Retired,931944.0,Low,2021-01-18,BR016,0.8883,0
CU00004218,Priya Khan,20,Female,Visakhapatnam,Andhra Pradesh,Retired,422059.0,Medium,2022-07-19,BR021,0.0942,0
CU00004219,Aditi Iyer,27,Female,Hyderabad,Telangana,Self-employed,378069.0,High,2022-01-28,BR016,0.4399,0
CU00004220,Sai Singh,54,Female,Pune,Maharashtra,Professional,528981.0,Medium,2020-10-18,BR004,0.8776,0
CU00004221,Ishaan Patel,43,Male,Mumbai,Maharashtra,Salaried,844630.0,Medium,2026-01-01,BR001,0.6223,0
CU00004222,Nikhil Singh,53,Male,Kolkata,West Bengal,Self-employed,1090970.0,Low,2019-10-30,BR020,0.375,0
CU00004223,Rahul Singh,22,Non-binary,Visakhapatnam,Andhra Pradesh,Self-employed,1517984.0,Low,2018-08-13,BR022,0.6939,0
CU00004224,Rahul Reddy,42,Male,Visakhapatnam,Andhra Pradesh,Salaried,242858.0,High,2024-05-08,BR006,0.6184,0
CU00004225,Arjun Reddy,39,Female,Delhi,Delhi,Salaried,366988.0,High,2022-10-27,BR008,0.8247,1
CU00004226,Nikhil Sharma,40,Male,Delhi,Delhi,Salaried,1038575.0,Low,2025-03-03,BR020,0.6886,0
CU00004227,Kavya Singh,49,Female,Kolkata,West Bengal,Self-employed,430899.0,Medium,2022-05-04,BR021,0.6491,0
CU00004228,Sneha Patel,42,Male,Pune,Maharashtra,Retired,746933.0,Medium,2022-12-12,BR015,0.9841,0
CU00004229,Aarav Iyer,35,Female,Pune,Maharashtra,Salaried,675046.0,Medium,2018-08-11,BR001,0.865,0
CU00004230,Divya Reddy,37,Male,Bengaluru,Karnataka,Student,1333075.0,Low,2018-06-20,BR007,0.508,0
CU00004231,Nikhil Singh,29,Female,Hyderabad,Telangana,Professional,537774.0,Medium,2017-01-30,BR015,0.544,0
CU00004232,Meera Sharma,66,Female,Mumbai,Maharashtra,Salaried,536346.0,Medium,2024-08-19,BR018,0.6544,0
CU00004233,Aditi Nair,53,Female,Bengaluru,Karnataka,Salaried,3842303.0,Very Low,2020-06-20,BR005,0.9723,0
CU00004234,Kavya Iyer,44,Male,Delhi,Delhi,Retired,1946725.0,Very Low,2019-06-12,BR015,0.3557,0
CU00004235,Rahul Singh,45,Male,Delhi,Delhi,Self-employed,438859.0,Medium,2019-05-03,BR004,0.9454,0
CU00004236,Arjun Gupta,28,Female,Mumbai,Maharashtra,Salaried,406827.0,Medium,2017-10-15,BR002,0.781,0
CU00004237,Rahul Rao,43,Male,Visakhapatnam,Andhra Pradesh,Professional,4623509.0,Very Low,2018-11-12,BR016,0.7203,0
CU00004238,Rahul Rao,39,Female,Chennai,Tamil Nadu,Student,920242.0,Low,2018-12-14,BR017,0.6301,0
CU00004239,Nikhil Gupta,41,Male,Visakhapatnam,Andhra Pradesh,Self-employed,1798758.0,Low,2025-05-30,BR020,0.8352,0
CU00004240,Nikhil Iyer,36,Male,Delhi,Delhi,Self-employed,464753.0,Medium,2025-05-27,BR001,0.6077,0
CU00004241,Ishaan Patel,70,Male,Pune,Maharashtra,Salaried,1013113.0,Low,2026-05-07,BR021,0.2742,0
CU00004242,Divya Patel,58,Male,Mumbai,Maharashtra,Student,1706060.0,Low,2020-06-03,BR009,0.252,0
CU00004243,Sneha Iyer,53,Female,Pune,Maharashtra,Salaried,277433.0,High,2020-08-22,BR016,0.6807,0
CU00004244,Sneha Iyer,19,Female,Chennai,Tamil Nadu,Professional,788325.0,Medium,2024-09-01,BR004,0.6089,0
CU00004245,Rahul Rao,25,Female,Bengaluru,Karnataka,Self-employed,631237.0,Medium,2024-12-14,BR016,0.1143,1
CU00004246,Arjun Singh,40,Female,Visakhapatnam,Andhra Pradesh,Self-employed,1078880.0,Low,2017-08-23,BR015,0.4791,0
CU00004247,Sai Rao,36,Male,Delhi,Delhi,Professional,814712.0,Medium,2018-12-01,BR019,0.6257,0
CU00004248,Divya Rao,38,Female,Kolkata,West Bengal,Salaried,373492.0,High,2023-09-15,BR011,0.5168,0
CU00004249,Aditi Patel,36,Non-binary,Delhi,Delhi,Professional,928732.0,Low,2017-12-26,BR012,0.7686,0
CU00004250,Arjun Singh,66,Female,Bengaluru,Karnataka,Salaried,992602.0,Low,2022-12-14,BR017,0.787,0
CU00004251,Kavya Gupta,45,Female,Bengaluru,Karnataka,Self-employed,898791.0,Medium,2020-10-29,BR003,0.9981,0
CU00004252,Sneha Iyer,24,Female,Pune,Maharashtra,Salaried,915141.0,Low,2021-10-03,BR016,0.8796,0
CU00004253,Sai Khan,62,Male,Hyderabad,Telangana,Student,674097.0,Medium,2026-02-04,BR001,0.3232,0
CU00004254,Nikhil Rao,47,Male,Hyderabad,Telangana,Salaried,1353270.0,Low,2017-01-30,BR007,0.3063,0
CU00004255,Rahul Sharma,24,Male,Pune,Maharashtra,Salaried,220811.0,High,2017-05-03,BR013,0.8574,0
CU00004256,Priya Das,41,Female,Kolkata,West Bengal,Professional,382263.0,High,2016-12-01,BR024,0.7391,0
CU00004257,Rahul Das,52,Male,Pune,Maharashtra,Salaried,1080959.0,Low,2025-04-09,BR016,0.5719,0
CU00004258,Sneha Das,72,Male,Bengaluru,Karnataka,Professional,2202195.0,Very Low,2018-08-30,BR015,0.7728,0
CU00004259,Rahul Sharma,42,Female,Bengaluru,Karnataka,Salaried,1450403.0,Low,2023-03-25,BR001,0.8837,0
CU00004260,Nikhil Gupta,38,Male,Chennai,Tamil Nadu,Salaried,213391.0,High,2024-11-20,BR016,0.5808,0
CU00004261,Aarav Gupta,54,Male,Kolkata,West Bengal,Salaried,371221.0,High,2017-08-07,BR016,0.5631,0
CU00004262,Sai Iyer,36,Male,Chennai,Tamil Nadu,Self-employed,911352.0,Low,2019-11-10,BR020,0.7388,0
CU00004263,Divya Rao,47,Female,Bengaluru,Karnataka,Salaried,1328603.0,Low,2017-09-09,BR005,0.4226,0
CU00004264,Priya Reddy,43,Male,Bengaluru,Karnataka,Salaried,1224874.0,Low,2018-11-07,BR008,0.8046,0
CU00004265,Divya Gupta,35,Male,Pune,Maharashtra,Self-employed,413552.0,Medium,2020-01-16,BR019,0.6273,0
CU00004266,Sneha Nair,47,Female,Pune,Maharashtra,Professional,1367917.0,Low,2025-10-07,BR009,0.7152,0
CU00004267,Sneha Singh,48,Male,Pune,Maharashtra,Salaried,591203.0,Medium,2025-04-27,BR015,0.536,0
CU00004268,Aarav Reddy,38,Male,Pune,Maharashtra,Salaried,1402994.0,Low,2022-03-08,BR014,0.7254,0
CU00004269,Priya Gupta,31,Female,Bengaluru,Karnataka,Salaried,874780.0,Medium,2024-03-06,BR020,0.6501,0
CU00004270,Ishaan Reddy,48,Male,Pune,Maharashtra,Salaried,563870.0,Medium,2024-01-13,BR005,0.685,0
CU00004271,Aditi Reddy,24,Male,Hyderabad,Telangana,Self-employed,1133867.0,Low,2023-08-28,BR009,0.5887,0
CU00004272,Aditi Iyer,61,Male,Pune,Maharashtra,Self-employed,1235180.0,Low,2023-07-08,BR004,0.2885,0
CU00004273,Rahul Iyer,48,Male,Delhi,Delhi,Retired,780324.0,Medium,2018-03-30,BR002,0.691,0
CU00004274,Rahul Gupta,46,Female,Visakhapatnam,Andhra Pradesh,Salaried,795296.0,Medium,2020-05-05,BR014,0.275,0
CU00004275,Sneha Patel,47,Non-binary,Visakhapatnam,Andhra Pradesh,Professional,816814.0,Medium,2019-02-21,BR005,0.5536,0
CU00004276,Sneha Singh,46,Male,Visakhapatnam,Andhra Pradesh,Student,688677.0,Medium,2020-09-17,BR019,0.921,0
CU00004277,Sneha Iyer,23,Female,Hyderabad,Telangana,Salaried,292754.0,High,2019-10-14,BR020,0.6659,0
CU00004278,Aarav Das,24,Male,Pune,Maharashtra,Salaried,766120.0,Medium,2021-10-05,BR015,0.4454,0
CU00004279,Aditi Gupta,46,Female,Delhi,Delhi,Salaried,439060.0,Medium,2025-01-15,BR017,0.7272,0
CU00004280,Aditi Khan,49,Male,Bengaluru,Karnataka,Professional,1259452.0,Low,2018-06-01,BR012,0.5917,0
CU00004281,Aditi Das,34,Male,Mumbai,Maharashtra,Salaried,752464.0,Medium,2025-06-25,BR012,0.7737,0
CU00004282,Priya Sharma,47,Male,Chennai,Tamil Nadu,Student,1517324.0,Low,2023-01-23,BR019,0.8855,0
CU00004283,Ishaan Nair,32,Male,Delhi,Delhi,Salaried,312173.0,High,2023-11-19,BR007,0.7819,0
CU00004284,Divya Khan,25,Male,Pune,Maharashtra,Retired,582328.0,Medium,2017-08-03,BR011,0.8953,0
CU00004285,Rahul Sharma,42,Female,Hyderabad,Telangana,Salaried,3818824.0,Very Low,2021-10-26,BR005,0.6946,0
CU00004286,Sneha Sharma,46,Female,Kolkata,West Bengal,Retired,324539.0,High,2016-10-18,BR020,0.4792,0
CU00004287,Rahul Reddy,38,Female,Visakhapatnam,Andhra Pradesh,Self-employed,953263.0,Low,2022-01-21,BR013,0.67,0
CU00004288,Sai Iyer,28,Female,Chennai,Tamil Nadu,Salaried,1735765.0,Low,2023-01-18,BR015,0.6884,0
CU00004289,Divya Rao,18,Male,Kolkata,West Bengal,Self-employed,1180919.0,Low,2021-07-25,BR012,0.6405,0
CU00004290,Ishaan Das,18,Female,Mumbai,Maharashtra,Salaried,286910.0,High,2017-11-08,BR009,0.5102,0
CU00004291,Divya Singh,52,Male,Kolkata,West Bengal,Salaried,598599.0,Medium,2024-03-09,BR023,0.6133,0
CU00004292,Priya Sharma,44,Male,Delhi,Delhi,Professional,454298.0,Medium,2018-07-14,BR001,0.7354,0
CU00004293,Meera Patel,33,Male,Delhi,Delhi,Salaried,771564.0,Medium,2016-10-13,BR001,0.3951,0
CU00004294,Nikhil Das,45,Female,Bengaluru,Karnataka,Salaried,1594677.0,Low,2022-11-15,BR011,0.3737,0
CU00004295,Priya Patel,68,Male,Chennai,Tamil Nadu,Salaried,1416977.0,Low,2017-10-24,BR021,0.2837,0
CU00004296,Nikhil Iyer,41,Male,Kolkata,West Bengal,Self-employed,517752.0,Medium,2023-07-17,BR016,0.682,0
CU00004297,Aditi Reddy,35,Female,Bengaluru,Karnataka,Self-employed,524845.0,Medium,2018-05-08,BR005,0.6327,0
CU00004298,Sneha Rao,48,Male,Bengaluru,Karnataka,Salaried,897933.0,Medium,2026-02-16,BR009,0.6568,0
CU00004299,Sai Khan,51,Male,Chennai,Tamil Nadu,Salaried,962082.0,Low,2023-01-26,BR013,0.5863,0
CU00004300,Kavya Singh,36,Male,Chennai,Tamil Nadu,Salaried,670552.0,Medium,2021-07-22,BR006,0.7552,0
CU00004301,Arjun Reddy,40,Male,Mumbai,Maharashtra,Self-employed,396407.0,High,2018-10-15,BR006,0.8856,0
CU00004302,Priya Nair,41,Female,Hyderabad,Telangana,Salaried,199180.0,High,2021-08-10,BR016,0.6146,0
CU00004303,Arjun Singh,18,Female,Visakhapatnam,Andhra Pradesh,Salaried,996315.0,Low,2024-04-30,BR013,0.8703,0
CU00004304,Aditi Rao,29,Female,Bengaluru,Karnataka,Salaried,1241740.0,Low,2022-06-07,BR004,0.9768,0
CU00004305,Rahul Singh,37,Male,Hyderabad,Telangana,Salaried,180000.0,High,2019-07-27,BR023,0.5383,0
CU00004306,Ishaan Das,39,Male,Visakhapatnam,Andhra Pradesh,Salaried,309195.0,High,2025-02-02,BR018,0.5289,0
CU00004307,Meera Rao,48,Female,Mumbai,Maharashtra,Salaried,871662.0,Medium,2024-12-17,BR013,0.3994,0
CU00004308,Nikhil Singh,20,Female,Hyderabad,Telangana,Professional,459725.0,Medium,2024-01-27,BR002,0.2567,0
CU00004309,Rahul Rao,29,Male,Bengaluru,Karnataka,Self-employed,834765.0,Medium,2022-01-16,BR024,0.7614,0
CU00004310,Aditi Singh,57,Male,Delhi,Delhi,Student,819632.0,Medium,2025-02-02,BR012,0.5946,0
CU00004311,Arjun Singh,36,Female,Chennai,Tamil Nadu,Student,1130879.0,Low,2021-12-26,BR017,0.3787,0
CU00004312,Sneha Rao,57,Female,Chennai,Tamil Nadu,Salaried,975731.0,Low,2024-05-05,BR018,0.6835,1
CU00004313,Aarav Patel,45,Female,Kolkata,West Bengal,Salaried,837131.0,Medium,2020-10-25,BR012,0.4607,0
CU00004314,Meera Iyer,34,Male,Pune,Maharashtra,Salaried,721813.0,Medium,2024-03-31,BR005,0.4607,0
CU00004315,Sai Patel,52,Female,Visakhapatnam,Andhra Pradesh,Salaried,562865.0,Medium,2020-01-30,BR003,0.9008,0
CU00004316,Ishaan Singh,57,Male,Delhi,Delhi,Student,568573.0,Medium,2018-01-12,BR014,0.8332,0
CU00004317,Ishaan Khan,31,Female,Chennai,Tamil Nadu,Salaried,258000.0,High,2026-02-02,BR005,0.5816,0
CU00004318,Ishaan Iyer,44,Female,Chennai,Tamil Nadu,Salaried,977956.0,Low,2016-10-23,BR006,0.5037,0
CU00004319,Ishaan Das,53,Female,Bengaluru,Karnataka,Self-employed,649548.0,Medium,2019-06-12,BR004,0.597,0
CU00004320,Sai Sharma,26,Female,Bengaluru,Karnataka,Retired,463493.0,Medium,2025-09-05,BR013,0.5287,0
CU00004321,Nikhil Rao,42,Male,Mumbai,Maharashtra,Self-employed,737674.0,Medium,2020-04-01,BR017,0.433,0
CU00004322,Priya Gupta,34,Male,Bengaluru,Karnataka,Salaried,1180090.0,Low,2021-09-04,BR006,0.682,0
CU00004323,Divya Khan,21,Male,Hyderabad,Telangana,Retired,1368444.0,Low,2020-03-27,BR023,0.6634,0
CU00004324,Aarav Reddy,51,Female,Mumbai,Maharashtra,Self-employed,1230455.0,Low,2021-09-03,BR009,0.3993,0
CU00004325,Priya Singh,39,Male,Chennai,Tamil Nadu,Retired,770242.0,Medium,2021-07-28,BR015,0.63,0
CU00004326,Priya Rao,34,Male,Pune,Maharashtra,Professional,662354.0,Medium,2021-08-05,BR008,0.1096,0
CU00004327,Kavya Iyer,47,Female,Visakhapatnam,Andhra Pradesh,Salaried,871237.0,Medium,2024-01-31,BR018,0.3708,1
CU00004328,Meera Khan,54,Female,Bengaluru,Karnataka,Retired,445734.0,Medium,2019-02-15,BR020,0.8427,0
CU00004329,Ishaan Reddy,24,Female,Hyderabad,Telangana,Salaried,1106494.0,Low,2022-04-25,BR006,0.606,0
CU00004330,Meera Das,36,Female,Kolkata,West Bengal,Self-employed,1422925.0,Low,2021-04-10,BR018,0.833,0
CU00004331,Aarav Patel,24,Male,Bengaluru,Karnataka,Self-employed,919663.0,Low,2018-03-02,BR021,0.2471,1
CU00004332,Divya Das,43,Female,Hyderabad,Telangana,Salaried,1392379.0,Low,2021-03-29,BR004,0.371,0
CU00004333,Sneha Patel,35,Female,Chennai,Tamil Nadu,Salaried,548183.0,Medium,2024-09-16,BR016,0.382,0
CU00004334,Priya Das,56,Female,Chennai,Tamil Nadu,Self-employed,958738.0,Low,2021-02-18,BR016,0.7611,0
CU00004335,Priya Gupta,58,Female,Bengaluru,Karnataka,Salaried,1271344.0,Low,2017-10-12,BR008,0.685,0
CU00004336,Priya Gupta,45,Female,Visakhapatnam,Andhra Pradesh,Salaried,526684.0,Medium,2021-09-29,BR006,0.4021,0
CU00004337,Ishaan Nair,58,Female,Mumbai,Maharashtra,Salaried,592840.0,Medium,2019-02-11,BR010,0.1403,0
CU00004338,Nikhil Iyer,53,Male,Hyderabad,Telangana,Self-employed,641756.0,Medium,2022-09-25,BR023,0.6228,0
CU00004339,Arjun Nair,37,Male,Chennai,Tamil Nadu,Salaried,1303516.0,Low,2024-04-21,BR007,0.9014,0
CU00004340,Ishaan Nair,32,Female,Bengaluru,Karnataka,Salaried,1030970.0,Low,2025-10-27,BR017,0.5046,0
CU00004341,Ishaan Singh,35,Female,Mumbai,Maharashtra,Self-employed,454109.0,Medium,2019-02-16,BR021,0.851,0
CU00004342,Sneha Das,33,Female,Chennai,Tamil Nadu,Self-employed,541720.0,Medium,2019-11-19,BR020,0.4028,0
CU00004343,Arjun Nair,39,Male,Bengaluru,Karnataka,Professional,1719862.0,Low,2018-10-11,BR024,0.6964,0
CU00004344,Rahul Patel,20,Female,Delhi,Delhi,Salaried,476996.0,Medium,2017-03-18,BR006,0.2136,0
CU00004345,Aarav Das,44,Male,Visakhapatnam,Andhra Pradesh,Salaried,765384.0,Medium,2020-11-10,BR019,0.7509,0
CU00004346,Nikhil Reddy,42,Male,Mumbai,Maharashtra,Self-employed,602359.0,Medium,2022-06-02,BR007,0.2071,0
CU00004347,Meera Patel,52,Female,Hyderabad,Telangana,Salaried,449565.0,Medium,2024-10-19,BR001,0.7302,0
CU00004348,Priya Reddy,36,Male,Visakhapatnam,Andhra Pradesh,Salaried,596504.0,Medium,2016-11-29,BR010,0.8805,1
CU00004349,Priya Nair,65,Male,Mumbai,Maharashtra,Salaried,486178.0,Medium,2025-03-30,BR014,0.8496,0
CU00004350,Sneha Das,25,Male,Mumbai,Maharashtra,Student,490539.0,Medium,2018-02-28,BR022,0.545,0
CU00004351,Nikhil Sharma,20,Female,Delhi,Delhi,Salaried,796005.0,Medium,2024-06-13,BR008,0.695,0
CU00004352,Arjun Sharma,39,Female,Hyderabad,Telangana,Self-employed,612368.0,Medium,2021-08-02,BR004,0.915,0
CU00004353,Ishaan Nair,33,Female,Chennai,Tamil Nadu,Salaried,299169.0,High,2025-09-15,BR012,0.4298,0
CU00004354,Ishaan Nair,48,Female,Hyderabad,Telangana,Salaried,1048458.0,Low,2017-10-10,BR014,0.783,0
CU00004355,Kavya Iyer,43,Female,Chennai,Tamil Nadu,Professional,1711509.0,Low,2020-07-15,BR005,0.5371,0
CU00004356,Aditi Iyer,38,Female,Bengaluru,Karnataka,Salaried,914149.0,Low,2019-02-24,BR004,0.4546,0
CU00004357,Priya Patel,55,Female,Bengaluru,Karnataka,Retired,505431.0,Medium,2022-01-31,BR014,0.5292,0
CU00004358,Priya Patel,27,Male,Hyderabad,Telangana,Professional,608219.0,Medium,2023-12-12,BR005,0.7781,0
CU00004359,Kavya Nair,53,Female,Delhi,Delhi,Retired,943815.0,Low,2025-05-12,BR019,0.2773,0
CU00004360,Aarav Patel,48,Female,Visakhapatnam,Andhra Pradesh,Salaried,497311.0,Medium,2017-06-15,BR007,0.6336,0
CU00004361,Aditi Rao,36,Male,Chennai,Tamil Nadu,Retired,240454.0,High,2026-02-24,BR001,0.7884,0
CU00004362,Aditi Singh,44,Female,Visakhapatnam,Andhra Pradesh,Retired,1839846.0,Very Low,2018-10-10,BR018,0.4272,0
CU00004363,Meera Patel,18,Female,Pune,Maharashtra,Retired,1340611.0,Low,2022-09-25,BR015,0.6922,0
CU00004364,Nikhil Singh,50,Male,Delhi,Delhi,Self-employed,745192.0,Medium,2023-03-10,BR009,0.6373,0
CU00004365,Meera Iyer,29,Female,Delhi,Delhi,Salaried,343177.0,High,2023-04-25,BR008,0.2879,0
CU00004366,Arjun Iyer,62,Male,Hyderabad,Telangana,Self-employed,956118.0,Low,2021-07-16,BR020,0.8063,0
CU00004367,Kavya Das,41,Male,Pune,Maharashtra,Salaried,464285.0,Medium,2024-04-23,BR001,0.9674,0
CU00004368,Sai Nair,21,Male,Bengaluru,Karnataka,Professional,1983041.0,Very Low,2026-02-08,BR015,0.291,0
CU00004369,Arjun Das,45,Male,Hyderabad,Telangana,Self-employed,1071649.0,Low,2019-06-22,BR008,0.462,0
CU00004370,Aditi Reddy,42,Female,Kolkata,West Bengal,Retired,784195.0,Medium,2021-12-31,BR018,0.5347,0
CU00004371,Rahul Reddy,30,Male,Pune,Maharashtra,Salaried,316464.0,High,2025-12-11,BR003,0.7505,0
CU00004372,Priya Sharma,38,Female,Pune,Maharashtra,Self-employed,2858524.0,Very Low,2019-12-17,BR016,0.8747,0
CU00004373,Divya Khan,54,Female,Chennai,Tamil Nadu,Salaried,649410.0,Medium,2024-10-07,BR002,0.8279,1
CU00004374,Kavya Singh,22,Male,Pune,Maharashtra,Self-employed,448110.0,Medium,2019-07-06,BR018,0.9583,0
CU00004375,Kavya Reddy,31,Male,Visakhapatnam,Andhra Pradesh,Professional,383760.0,High,2021-09-10,BR010,0.1117,0
CU00004376,Kavya Iyer,40,Female,Visakhapatnam,Andhra Pradesh,Self-employed,663378.0,Medium,2024-09-01,BR005,0.4467,0
CU00004377,Ishaan Reddy,36,Male,Hyderabad,Telangana,Self-employed,961921.0,Low,2020-06-25,BR012,0.9302,0
CU00004378,Divya Patel,18,Female,Bengaluru,Karnataka,Student,744688.0,Medium,2025-01-25,BR013,0.761,0
CU00004379,Rahul Khan,21,Male,Delhi,Delhi,Retired,845753.0,Medium,2025-05-23,BR017,0.5136,0
CU00004380,Aditi Singh,27,Female,Visakhapatnam,Andhra Pradesh,Salaried,1015049.0,Low,2021-06-16,BR009,0.5882,0
CU00004381,Sneha Das,54,Female,Pune,Maharashtra,Self-employed,850115.0,Medium,2022-09-03,BR003,0.1141,0
CU00004382,Rahul Rao,42,Female,Mumbai,Maharashtra,Self-employed,597851.0,Medium,2024-09-30,BR019,0.6507,0
CU00004383,Aditi Das,39,Female,Mumbai,Maharashtra,Salaried,1282933.0,Low,2019-03-19,BR021,0.5686,0
CU00004384,Ishaan Reddy,68,Male,Delhi,Delhi,Salaried,833079.0,Medium,2017-04-18,BR009,0.2894,0
CU00004385,Priya Sharma,31,Male,Mumbai,Maharashtra,Retired,1195941.0,Low,2016-12-11,BR008,0.3927,0
CU00004386,Sneha Reddy,41,Male,Bengaluru,Karnataka,Salaried,1917941.0,Very Low,2017-05-20,BR017,0.8033,0
CU00004387,Nikhil Das,44,Male,Hyderabad,Telangana,Salaried,546537.0,Medium,2016-09-25,BR020,0.2762,0
CU00004388,Sneha Khan,37,Non-binary,Pune,Maharashtra,Salaried,205727.0,High,2023-06-22,BR008,0.3483,0
CU00004389,Arjun Singh,49,Male,Visakhapatnam,Andhra Pradesh,Self-employed,538818.0,Medium,2023-02-25,BR012,0.7501,0
CU00004390,Nikhil Reddy,27,Male,Delhi,Delhi,Salaried,285220.0,High,2025-03-14,BR015,0.4087,0
CU00004391,Rahul Gupta,18,Female,Kolkata,West Bengal,Self-employed,343232.0,High,2019-06-12,BR008,0.6088,1
CU00004392,Aditi Gupta,39,Male,Kolkata,West Bengal,Salaried,899564.0,Medium,2019-08-18,BR002,0.5786,0
CU00004393,Priya Singh,42,Female,Visakhapatnam,Andhra Pradesh,Self-employed,307687.0,High,2018-09-23,BR018,0.4974,0
CU00004394,Sai Singh,42,Female,Bengaluru,Karnataka,Salaried,1720007.0,Low,2022-02-01,BR003,0.2312,0
CU00004395,Rahul Khan,47,Male,Pune,Maharashtra,Salaried,1556789.0,Low,2024-08-06,BR009,0.5728,0
CU00004396,Ishaan Reddy,41,Male,Kolkata,West Bengal,Retired,681598.0,Medium,2018-10-11,BR022,0.9131,0
CU00004397,Aditi Rao,51,Female,Hyderabad,Telangana,Salaried,816134.0,Medium,2020-08-22,BR010,0.9247,0
CU00004398,Meera Singh,32,Female,Hyderabad,Telangana,Salaried,767894.0,Medium,2023-09-16,BR021,0.7049,0
CU00004399,Divya Reddy,32,Male,Mumbai,Maharashtra,Retired,638657.0,Medium,2016-12-18,BR021,0.1095,0
CU00004400,Rahul Gupta,59,Male,Kolkata,West Bengal,Self-employed,695425.0,Medium,2019-04-06,BR017,0.4828,0
CU00004401,Kavya Rao,43,Male,Hyderabad,Telangana,Professional,366681.0,High,2022-02-05,BR023,0.6381,0
CU00004402,Nikhil Iyer,43,Male,Chennai,Tamil Nadu,Student,489728.0,Medium,2024-09-10,BR015,0.7725,0
CU00004403,Nikhil Iyer,43,Female,Pune,Maharashtra,Retired,1217191.0,Low,2019-11-19,BR002,0.7631,0
CU00004404,Rahul Rao,37,Female,Bengaluru,Karnataka,Salaried,588923.0,Medium,2021-09-10,BR006,0.5959,0
CU00004405,Nikhil Reddy,18,Female,Mumbai,Maharashtra,Salaried,1630641.0,Low,2018-03-30,BR024,0.9559,0
CU00004406,Ishaan Gupta,46,Male,Mumbai,Maharashtra,Self-employed,1454998.0,Low,2022-05-19,BR013,0.2996,0
CU00004407,Nikhil Reddy,44,Female,Chennai,Tamil Nadu,Salaried,273354.0,High,2021-12-04,BR019,0.813,0
CU00004408,Kavya Nair,40,Female,Delhi,Delhi,Self-employed,880406.0,Medium,2021-05-14,BR008,0.925,0
CU00004409,Sai Khan,28,Female,Visakhapatnam,Andhra Pradesh,Salaried,1834153.0,Very Low,2024-11-18,BR010,0.8828,0
CU00004410,Sai Sharma,61,Female,Delhi,Delhi,Salaried,1552286.0,Low,2019-12-26,BR023,0.5916,0
CU00004411,Aditi Rao,53,Male,Pune,Maharashtra,Salaried,385486.0,High,2026-04-26,BR013,0.4299,0
CU00004412,Nikhil Iyer,70,Male,Mumbai,Maharashtra,Self-employed,472094.0,Medium,2021-05-13,BR021,0.4224,0
CU00004413,Rahul Das,32,Female,Mumbai,Maharashtra,Student,337008.0,High,2021-10-02,BR005,0.5764,0
CU00004414,Priya Sharma,40,Male,Pune,Maharashtra,Salaried,1386723.0,Low,2026-05-29,BR011,0.8725,0
CU00004415,Sneha Patel,31,Female,Kolkata,West Bengal,Retired,917296.0,Low,2019-03-24,BR020,0.59,0
CU00004416,Aditi Gupta,50,Male,Kolkata,West Bengal,Self-employed,211180.0,High,2024-04-11,BR009,0.411,0
CU00004417,Ishaan Khan,26,Male,Chennai,Tamil Nadu,Salaried,668969.0,Medium,2018-06-23,BR007,0.229,0
CU00004418,Priya Das,41,Male,Pune,Maharashtra,Self-employed,300301.0,High,2026-06-12,BR014,0.87,0
CU00004419,Aditi Sharma,48,Female,Chennai,Tamil Nadu,Self-employed,1463494.0,Low,2016-11-11,BR010,0.6785,0
CU00004420,Kavya Khan,44,Female,Kolkata,West Bengal,Salaried,602904.0,Medium,2018-12-03,BR004,0.5049,0
CU00004421,Ishaan Khan,21,Female,Hyderabad,Telangana,Self-employed,2219380.0,Very Low,2020-01-22,BR005,0.4282,0
CU00004422,Meera Das,34,Female,Delhi,Delhi,Salaried,855162.0,Medium,2021-05-23,BR003,0.5202,0
CU00004423,Ishaan Rao,35,Female,Visakhapatnam,Andhra Pradesh,Professional,375562.0,High,2021-05-18,BR022,0.6925,0
CU00004424,Sai Iyer,44,Male,Bengaluru,Karnataka,Salaried,1384569.0,Low,2020-09-17,BR023,0.3093,0
CU00004425,Kavya Singh,33,Female,Bengaluru,Karnataka,Salaried,709446.0,Medium,2025-11-25,BR008,0.4817,0
CU00004426,Priya Khan,52,Female,Bengaluru,Karnataka,Salaried,1399047.0,Low,2018-09-24,BR012,0.8303,0
CU00004427,Arjun Khan,56,Male,Pune,Maharashtra,Salaried,258154.0,High,2023-07-27,BR005,0.5662,0
CU00004428,Kavya Nair,48,Male,Bengaluru,Karnataka,Salaried,849660.0,Medium,2022-09-19,BR009,0.9449,0
CU00004429,Kavya Sharma,59,Male,Visakhapatnam,Andhra Pradesh,Professional,518797.0,Medium,2026-03-22,BR007,0.6064,0
CU00004430,Rahul Gupta,49,Female,Kolkata,West Bengal,Professional,784369.0,Medium,2025-11-15,BR007,0.3183,0
CU00004431,Aditi Sharma,25,Male,Mumbai,Maharashtra,Salaried,1987689.0,Very Low,2024-04-30,BR014,0.8501,0
CU00004432,Sai Iyer,43,Female,Delhi,Delhi,Salaried,1160311.0,Low,2019-03-17,BR002,0.7314,0
CU00004433,Sneha Iyer,46,Male,Mumbai,Maharashtra,Salaried,1430182.0,Low,2024-12-01,BR019,0.8851,0
CU00004434,Priya Das,36,Female,Mumbai,Maharashtra,Professional,1217894.0,Low,2025-12-30,BR006,0.7757,0
CU00004435,Nikhil Iyer,48,Non-binary,Bengaluru,Karnataka,Salaried,1297850.0,Low,2021-01-05,BR011,0.6065,0
CU00004436,Aditi Iyer,31,Male,Kolkata,West Bengal,Salaried,520987.0,Medium,2025-09-05,BR024,0.2663,0
CU00004437,Sneha Khan,30,Male,Kolkata,West Bengal,Self-employed,573413.0,Medium,2019-07-22,BR019,0.4748,0
CU00004438,Nikhil Nair,60,Female,Chennai,Tamil Nadu,Retired,326945.0,High,2024-03-30,BR021,0.9005,0
CU00004439,Aditi Das,57,Female,Kolkata,West Bengal,Professional,1378122.0,Low,2017-01-10,BR021,0.7726,0
CU00004440,Nikhil Singh,39,Male,Chennai,Tamil Nadu,Student,282909.0,High,2016-10-15,BR006,0.2372,0
CU00004441,Meera Khan,27,Male,Hyderabad,Telangana,Salaried,842869.0,Medium,2017-01-07,BR004,0.7819,0
CU00004442,Priya Rao,20,Male,Visakhapatnam,Andhra Pradesh,Salaried,434542.0,Medium,2025-10-20,BR013,0.4774,0
CU00004443,Priya Gupta,43,Male,Hyderabad,Telangana,Professional,500348.0,Medium,2023-11-24,BR019,0.7636,0
CU00004444,Priya Singh,39,Female,Bengaluru,Karnataka,Self-employed,782737.0,Medium,2020-09-02,BR015,0.6903,1
CU00004445,Kavya Das,23,Male,Bengaluru,Karnataka,Professional,360768.0,High,2019-12-29,BR010,0.8344,0
CU00004446,Arjun Rao,37,Female,Chennai,Tamil Nadu,Retired,409469.0,Medium,2020-01-31,BR013,0.4741,0
CU00004447,Rahul Iyer,40,Male,Bengaluru,Karnataka,Salaried,1300096.0,Low,2018-03-12,BR008,0.9703,0
CU00004448,Arjun Reddy,43,Female,Pune,Maharashtra,Salaried,470247.0,Medium,2024-11-26,BR011,0.6802,0
CU00004449,Arjun Reddy,29,Male,Hyderabad,Telangana,Self-employed,620636.0,Medium,2019-06-15,BR013,0.7669,0
CU00004450,Ishaan Patel,53,Female,Chennai,Tamil Nadu,Salaried,497467.0,Medium,2017-11-09,BR014,0.3834,0
CU00004451,Ishaan Rao,44,Female,Kolkata,West Bengal,Salaried,893600.0,Medium,2023-09-25,BR009,0.7032,0
CU00004452,Sai Rao,38,Female,Chennai,Tamil Nadu,Self-employed,838813.0,Medium,2021-02-11,BR013,0.7705,0
CU00004453,Arjun Khan,52,Female,Bengaluru,Karnataka,Salaried,267481.0,High,2024-06-17,BR001,0.9502,0
CU00004454,Arjun Khan,39,Male,Kolkata,West Bengal,Retired,876188.0,Medium,2016-12-01,BR021,0.375,0
CU00004455,Meera Nair,35,Male,Hyderabad,Telangana,Salaried,1104557.0,Low,2017-09-13,BR017,0.2395,0
CU00004456,Sneha Sharma,28,Female,Chennai,Tamil Nadu,Salaried,364444.0,High,2018-04-26,BR014,0.4597,0
CU00004457,Kavya Gupta,18,Female,Kolkata,West Bengal,Salaried,539817.0,Medium,2020-09-13,BR011,0.4397,0
CU00004458,Rahul Sharma,54,Female,Kolkata,West Bengal,Salaried,518070.0,Medium,2021-06-28,BR009,0.8916,0
CU00004459,Aarav Das,48,Female,Visakhapatnam,Andhra Pradesh,Salaried,209454.0,High,2022-05-05,BR003,0.4077,0
CU00004460,Ishaan Gupta,23,Female,Mumbai,Maharashtra,Self-employed,3075357.0,Very Low,2018-09-10,BR018,0.4701,0
CU00004461,Sai Rao,55,Female,Visakhapatnam,Andhra Pradesh,Salaried,581785.0,Medium,2025-07-01,BR016,0.5893,0
CU00004462,Priya Khan,42,Male,Pune,Maharashtra,Self-employed,1750297.0,Low,2018-07-10,BR011,0.441,0
CU00004463,Aditi Sharma,26,Female,Pune,Maharashtra,Student,505009.0,Medium,2025-04-03,BR001,0.5087,1
CU00004464,Divya Reddy,40,Female,Visakhapatnam,Andhra Pradesh,Student,1216657.0,Low,2017-02-14,BR015,0.5221,0
CU00004465,Rahul Khan,23,Male,Mumbai,Maharashtra,Salaried,332729.0,High,2023-01-07,BR013,0.412,0
CU00004466,Ishaan Reddy,53,Male,Chennai,Tamil Nadu,Salaried,739387.0,Medium,2019-04-29,BR018,0.9782,0
CU00004467,Sai Singh,38,Male,Pune,Maharashtra,Salaried,1017391.0,Low,2023-03-25,BR023,0.7983,0
CU00004468,Sai Iyer,22,Female,Kolkata,West Bengal,Salaried,519591.0,Medium,2019-09-16,BR023,0.6822,0
CU00004469,Sneha Sharma,30,Male,Hyderabad,Telangana,Retired,209149.0,High,2024-10-16,BR013,0.8225,0
CU00004470,Aditi Sharma,30,Male,Hyderabad,Telangana,Professional,341545.0,High,2018-10-04,BR021,0.8972,0
CU00004471,Aarav Sharma,61,Male,Hyderabad,Telangana,Salaried,792274.0,Medium,2023-12-09,BR004,0.396,0
CU00004472,Aditi Das,18,Female,Chennai,Tamil Nadu,Salaried,650432.0,Medium,2017-04-27,BR007,0.2376,0
CU00004473,Divya Patel,39,Male,Pune,Maharashtra,Professional,401000.0,Medium,2022-12-26,BR024,0.572,0
CU00004474,Sneha Iyer,18,Female,Hyderabad,Telangana,Self-employed,1088364.0,Low,2022-01-22,BR024,0.5208,0
CU00004475,Sai Das,18,Male,Chennai,Tamil Nadu,Salaried,966861.0,Low,2018-04-25,BR004,0.9563,0
CU00004476,Sai Khan,50,Female,Visakhapatnam,Andhra Pradesh,Retired,2250466.0,Very Low,2017-02-28,BR007,0.8594,0
CU00004477,Aditi Khan,37,Female,Kolkata,West Bengal,Professional,1345292.0,Low,2025-08-02,BR016,0.9872,0
CU00004478,Sneha Sharma,28,Female,Kolkata,West Bengal,Salaried,2803447.0,Very Low,2019-07-03,BR007,0.4145,0
CU00004479,Ishaan Reddy,50,Female,Bengaluru,Karnataka,Self-employed,389754.0,High,2018-05-11,BR011,0.6298,0
CU00004480,Arjun Gupta,55,Female,Bengaluru,Karnataka,Retired,1074068.0,Low,2025-09-21,BR012,0.8539,0
CU00004481,Arjun Rao,41,Female,Mumbai,Maharashtra,Salaried,790559.0,Medium,2022-05-07,BR001,0.4569,0
CU00004482,Aditi Rao,57,Female,Kolkata,West Bengal,Retired,507706.0,Medium,2021-11-01,BR005,0.6596,0
CU00004483,Sneha Reddy,18,Female,Kolkata,West Bengal,Salaried,395792.0,High,2016-10-29,BR011,0.3586,0
CU00004484,Meera Reddy,45,Male,Bengaluru,Karnataka,Salaried,1663284.0,Low,2021-08-18,BR003,0.5385,0
CU00004485,Nikhil Rao,25,Male,Chennai,Tamil Nadu,Student,1101810.0,Low,2026-03-20,BR019,0.5331,0
CU00004486,Divya Das,56,Female,Pune,Maharashtra,Salaried,1410855.0,Low,2023-09-03,BR023,0.7167,0
CU00004487,Aarav Nair,42,Female,Delhi,Delhi,Professional,641423.0,Medium,2021-01-15,BR008,0.6302,0
CU00004488,Ishaan Rao,31,Male,Kolkata,West Bengal,Professional,529492.0,Medium,2026-06-22,BR003,0.666,0
CU00004489,Aarav Sharma,44,Female,Pune,Maharashtra,Retired,232135.0,High,2023-12-05,BR001,0.3008,0
CU00004490,Priya Nair,58,Male,Kolkata,West Bengal,Salaried,1024313.0,Low,2024-03-06,BR014,0.6046,0
CU00004491,Nikhil Khan,36,Male,Hyderabad,Telangana,Salaried,1187133.0,Low,2021-10-17,BR002,0.4909,0
CU00004492,Ishaan Sharma,32,Female,Pune,Maharashtra,Professional,2194696.0,Very Low,2022-03-14,BR014,0.5679,0
CU00004493,Meera Gupta,38,Male,Mumbai,Maharashtra,Salaried,1062313.0,Low,2019-11-14,BR018,0.6316,0
CU00004494,Nikhil Das,39,Female,Bengaluru,Karnataka,Self-employed,864587.0,Medium,2026-03-08,BR008,0.4393,0
CU00004495,Rahul Reddy,36,Female,Hyderabad,Telangana,Salaried,473970.0,Medium,2018-12-29,BR006,0.5816,0
CU00004496,Arjun Singh,49,Male,Hyderabad,Telangana,Salaried,999408.0,Low,2023-12-10,BR004,0.2919,0
CU00004497,Meera Das,42,Female,Chennai,Tamil Nadu,Salaried,590813.0,Medium,2020-07-02,BR005,0.3009,0
CU00004498,Nikhil Iyer,18,Male,Delhi,Delhi,Retired,1313405.0,Low,2023-10-24,BR020,0.6378,0
CU00004499,Aarav Rao,40,Female,Pune,Maharashtra,Salaried,747771.0,Medium,2019-10-03,BR003,0.5625,0
CU00004500,Nikhil Sharma,60,Female,Visakhapatnam,Andhra Pradesh,Professional,968715.0,Low,2017-06-11,BR012,0.9243,0
CU00004501,Nikhil Gupta,41,Female,Chennai,Tamil Nadu,Salaried,900541.0,Low,2022-08-09,BR009,0.1655,1
CU00004502,Nikhil Khan,29,Female,Pune,Maharashtra,Salaried,581443.0,Medium,2020-05-23,BR013,0.4002,0
CU00004503,Divya Iyer,40,Male,Kolkata,West Bengal,Salaried,851103.0,Medium,2017-10-30,BR005,0.358,0
CU00004504,Rahul Patel,45,Male,Kolkata,West Bengal,Student,2003257.0,Very Low,2018-12-12,BR019,0.4204,0
CU00004505,Aarav Khan,50,Male,Delhi,Delhi,Self-employed,654213.0,Medium,2026-01-12,BR023,0.7212,0
CU00004506,Rahul Das,58,Female,Kolkata,West Bengal,Salaried,871326.0,Medium,2019-12-03,BR013,0.2642,0
CU00004507,Aarav Reddy,20,Male,Chennai,Tamil Nadu,Salaried,1083507.0,Low,2024-07-20,BR003,0.6875,0
CU00004508,Nikhil Iyer,53,Male,Kolkata,West Bengal,Salaried,1001776.0,Low,2016-09-26,BR008,0.908,0
CU00004509,Ishaan Sharma,34,Female,Hyderabad,Telangana,Salaried,1192535.0,Low,2022-03-22,BR017,0.5482,0
CU00004510,Rahul Das,25,Female,Mumbai,Maharashtra,Professional,572185.0,Medium,2025-05-01,BR021,0.5636,0
CU00004511,Aditi Nair,30,Male,Kolkata,West Bengal,Retired,736601.0,Medium,2024-04-28,BR006,0.5603,0
CU00004512,Ishaan Nair,42,Male,Visakhapatnam,Andhra Pradesh,Salaried,703442.0,Medium,2024-01-25,BR004,0.6644,0
CU00004513,Arjun Das,25,Male,Mumbai,Maharashtra,Salaried,1058863.0,Low,2021-08-04,BR010,0.7515,0
CU00004514,Rahul Das,45,Male,Bengaluru,Karnataka,Salaried,487084.0,Medium,2019-11-02,BR017,0.3218,0
CU00004515,Priya Iyer,29,Male,Hyderabad,Telangana,Salaried,896043.0,Medium,2020-08-31,BR016,0.6852,0
CU00004516,Meera Iyer,48,Female,Bengaluru,Karnataka,Salaried,298088.0,High,2019-02-02,BR009,0.8191,0
CU00004517,Kavya Sharma,59,Male,Chennai,Tamil Nadu,Professional,501006.0,Medium,2019-02-04,BR008,0.3465,0
CU00004518,Priya Nair,30,Male,Bengaluru,Karnataka,Salaried,360977.0,High,2017-07-28,BR023,0.8322,0
CU00004519,Arjun Singh,51,Male,Visakhapatnam,Andhra Pradesh,Retired,1612184.0,Low,2017-09-23,BR007,0.7312,0
CU00004520,Aarav Rao,27,Male,Chennai,Tamil Nadu,Student,744700.0,Medium,2017-02-03,BR007,0.3916,0
CU00004521,Sneha Rao,50,Female,Chennai,Tamil Nadu,Self-employed,583975.0,Medium,2019-05-14,BR008,0.4267,0
CU00004522,Rahul Gupta,43,Female,Delhi,Delhi,Salaried,641795.0,Medium,2023-01-14,BR016,0.7328,1
CU00004523,Sneha Das,56,Female,Hyderabad,Telangana,Salaried,1190901.0,Low,2023-11-14,BR002,0.4898,0
CU00004524,Nikhil Das,49,Male,Delhi,Delhi,Salaried,514379.0,Medium,2024-09-15,BR015,0.4253,0
CU00004525,Sneha Khan,42,Female,Bengaluru,Karnataka,Salaried,553633.0,Medium,2020-09-01,BR015,0.3783,0
CU00004526,Ishaan Reddy,46,Female,Delhi,Delhi,Salaried,860806.0,Medium,2019-01-31,BR008,0.571,0
CU00004527,Priya Khan,35,Female,Visakhapatnam,Andhra Pradesh,Salaried,883729.0,Medium,2018-11-18,BR010,0.6978,0
CU00004528,Sneha Rao,37,Male,Pune,Maharashtra,Self-employed,360794.0,High,2019-06-19,BR012,0.915,0
CU00004529,Kavya Das,41,Female,Hyderabad,Telangana,Self-employed,961088.0,Low,2021-01-31,BR023,0.1015,0
CU00004530,Kavya Rao,22,Male,Mumbai,Maharashtra,Salaried,1107985.0,Low,2019-03-22,BR011,0.8698,0
CU00004531,Divya Rao,32,Male,Visakhapatnam,Andhra Pradesh,Self-employed,400121.0,Medium,2023-12-15,BR001,0.8178,0
CU00004532,Meera Patel,18,Male,Kolkata,West Bengal,Salaried,617035.0,Medium,2021-01-01,BR014,0.708,0
CU00004533,Divya Patel,37,Male,Mumbai,Maharashtra,Salaried,1311179.0,Low,2017-07-16,BR010,0.9097,0
CU00004534,Aarav Gupta,36,Male,Chennai,Tamil Nadu,Salaried,524559.0,Medium,2021-06-29,BR003,0.4828,0
CU00004535,Kavya Gupta,35,Male,Visakhapatnam,Andhra Pradesh,Self-employed,553534.0,Medium,2018-07-24,BR016,0.8144,0
CU00004536,Divya Patel,22,Female,Kolkata,West Bengal,Salaried,514251.0,Medium,2018-03-02,BR018,0.6595,0
CU00004537,Rahul Nair,45,Male,Hyderabad,Telangana,Salaried,1426562.0,Low,2018-07-30,BR023,0.3826,0
CU00004538,Sneha Iyer,42,Male,Kolkata,West Bengal,Salaried,673257.0,Medium,2022-05-17,BR023,0.8154,0
CU00004539,Rahul Reddy,38,Male,Delhi,Delhi,Professional,778603.0,Medium,2024-06-01,BR014,0.9068,0
CU00004540,Ishaan Das,32,Male,Kolkata,West Bengal,Salaried,350309.0,High,2022-05-31,BR021,0.4349,0
CU00004541,Rahul Rao,22,Male,Delhi,Delhi,Salaried,400764.0,Medium,2022-06-22,BR024,0.8507,0
CU00004542,Aarav Gupta,41,Male,Visakhapatnam,Andhra Pradesh,Salaried,754240.0,Medium,2023-10-06,BR015,0.5476,0
CU00004543,Divya Khan,58,Male,Kolkata,West Bengal,Salaried,398383.0,High,2026-04-27,BR003,0.6289,0
CU00004544,Kavya Patel,36,Female,Hyderabad,Telangana,Salaried,769280.0,Medium,2016-12-12,BR021,0.5333,0
CU00004545,Aditi Singh,19,Male,Hyderabad,Telangana,Salaried,1219482.0,Low,2019-11-10,BR012,0.2805,0
CU00004546,Divya Patel,32,Female,Bengaluru,Karnataka,Salaried,414639.0,Medium,2017-08-19,BR004,0.362,0
CU00004547,Divya Nair,34,Male,Chennai,Tamil Nadu,Self-employed,794284.0,Medium,2019-04-14,BR015,0.5938,0
CU00004548,Meera Gupta,38,Male,Delhi,Delhi,Retired,1095412.0,Low,2018-05-10,BR015,0.4284,0
CU00004549,Sneha Rao,44,Male,Kolkata,West Bengal,Salaried,2117501.0,Very Low,2019-09-22,BR012,0.2093,0
CU00004550,Rahul Patel,48,Male,Pune,Maharashtra,Salaried,910484.0,Low,2024-07-21,BR003,0.4266,0
CU00004551,Ishaan Das,43,Female,Delhi,Delhi,Salaried,971222.0,Low,2026-04-17,BR004,0.7392,1
CU00004552,Rahul Khan,51,Female,Mumbai,Maharashtra,Salaried,1940744.0,Very Low,2022-11-20,BR021,0.394,0
CU00004553,Rahul Singh,69,Female,Pune,Maharashtra,Self-employed,581624.0,Medium,2021-12-09,BR017,0.4421,0
CU00004554,Aditi Patel,32,Female,Pune,Maharashtra,Student,795985.0,Medium,2024-09-30,BR018,0.6042,0
CU00004555,Sai Iyer,43,Female,Bengaluru,Karnataka,Salaried,705308.0,Medium,2022-12-10,BR007,0.7792,0
CU00004556,Meera Rao,45,Female,Kolkata,West Bengal,Retired,1588011.0,Low,2023-01-04,BR024,0.9191,0
CU00004557,Nikhil Patel,31,Female,Bengaluru,Karnataka,Retired,958759.0,Low,2021-03-06,BR008,0.6839,0
CU00004558,Sneha Iyer,27,Male,Hyderabad,Telangana,Self-employed,1384653.0,Low,2021-04-21,BR018,0.8147,1
CU00004559,Ishaan Sharma,32,Male,Delhi,Delhi,Salaried,1461512.0,Low,2025-05-16,BR011,0.4414,0
CU00004560,Rahul Das,60,Male,Kolkata,West Bengal,Self-employed,1515474.0,Low,2021-02-13,BR003,0.2279,0
CU00004561,Nikhil Singh,55,Male,Pune,Maharashtra,Self-employed,594612.0,Medium,2017-08-23,BR017,0.942,0
CU00004562,Kavya Das,47,Female,Hyderabad,Telangana,Student,784732.0,Medium,2018-05-09,BR022,0.3129,0
CU00004563,Sai Sharma,26,Female,Kolkata,West Bengal,Professional,996650.0,Low,2020-01-31,BR023,0.5599,0
CU00004564,Meera Nair,28,Male,Mumbai,Maharashtra,Salaried,696985.0,Medium,2022-07-10,BR020,0.6691,0
CU00004565,Ishaan Gupta,59,Female,Mumbai,Maharashtra,Salaried,874177.0,Medium,2021-04-21,BR003,0.9145,0
CU00004566,Ishaan Rao,23,Female,Pune,Maharashtra,Salaried,605292.0,Medium,2017-03-21,BR019,0.8167,0
CU00004567,Sneha Sharma,39,Female,Bengaluru,Karnataka,Self-employed,960379.0,Low,2019-01-12,BR017,0.7116,0
CU00004568,Sneha Patel,34,Male,Kolkata,West Bengal,Student,1306559.0,Low,2024-09-22,BR007,0.1293,0
CU00004569,Meera Reddy,23,Male,Visakhapatnam,Andhra Pradesh,Self-employed,779728.0,Medium,2020-09-19,BR020,0.4412,0
CU00004570,Divya Reddy,56,Female,Pune,Maharashtra,Student,538970.0,Medium,2021-06-27,BR012,0.7661,0
CU00004571,Arjun Khan,40,Female,Hyderabad,Telangana,Student,1271210.0,Low,2019-01-20,BR005,0.8246,1
CU00004572,Arjun Khan,50,Female,Hyderabad,Telangana,Self-employed,667180.0,Medium,2021-06-10,BR004,0.505,0
CU00004573,Aarav Das,46,Male,Pune,Maharashtra,Salaried,610744.0,Medium,2026-03-03,BR008,0.7041,0
CU00004574,Rahul Nair,47,Female,Chennai,Tamil Nadu,Self-employed,713920.0,Medium,2020-01-03,BR020,0.7966,0
CU00004575,Arjun Nair,42,Female,Pune,Maharashtra,Self-employed,761355.0,Medium,2017-11-22,BR014,0.694,0
CU00004576,Sneha Rao,44,Male,Mumbai,Maharashtra,Salaried,744449.0,Medium,2019-11-30,BR020,0.5135,0
CU00004577,Priya Iyer,39,Female,Mumbai,Maharashtra,Self-employed,1623226.0,Low,2018-05-06,BR002,0.5604,0
CU00004578,Kavya Rao,41,Female,Visakhapatnam,Andhra Pradesh,Salaried,908992.0,Low,2024-12-12,BR020,0.6784,0
CU00004579,Nikhil Gupta,28,Female,Kolkata,West Bengal,Salaried,378356.0,High,2024-06-20,BR008,0.9604,0
CU00004580,Aarav Iyer,55,Female,Hyderabad,Telangana,Professional,434036.0,Medium,2018-01-14,BR011,0.7635,1
CU00004581,Priya Nair,32,Male,Pune,Maharashtra,Salaried,768933.0,Medium,2026-01-12,BR023,0.0957,0
CU00004582,Meera Patel,43,Male,Kolkata,West Bengal,Self-employed,283235.0,High,2018-06-02,BR003,0.7919,0
CU00004583,Sai Singh,38,Female,Delhi,Delhi,Self-employed,696960.0,Medium,2020-12-25,BR023,0.6737,0
CU00004584,Sai Khan,45,Female,Delhi,Delhi,Salaried,923227.0,Low,2021-02-26,BR002,0.219,0
CU00004585,Aditi Khan,51,Female,Mumbai,Maharashtra,Salaried,284267.0,High,2020-12-30,BR002,0.4689,0
CU00004586,Aarav Reddy,39,Male,Bengaluru,Karnataka,Salaried,453965.0,Medium,2019-03-12,BR011,0.8167,0
CU00004587,Divya Gupta,62,Female,Hyderabad,Telangana,Salaried,952263.0,Low,2019-12-21,BR022,0.9543,0
CU00004588,Arjun Iyer,55,Female,Delhi,Delhi,Salaried,602198.0,Medium,2024-08-04,BR004,0.8016,0
CU00004589,Nikhil Singh,34,Female,Hyderabad,Telangana,Retired,966210.0,Low,2018-11-27,BR005,0.9032,0
CU00004590,Sneha Patel,40,Male,Pune,Maharashtra,Salaried,676639.0,Medium,2017-01-17,BR023,0.5078,0
CU00004591,Rahul Nair,36,Male,Delhi,Delhi,Self-employed,180000.0,High,2019-10-12,BR021,0.4617,1
CU00004592,Sneha Nair,60,Female,Hyderabad,Telangana,Self-employed,570270.0,Medium,2025-04-14,BR013,0.9211,0
CU00004593,Meera Nair,55,Female,Delhi,Delhi,Student,868862.0,Medium,2022-09-04,BR007,0.4651,0
CU00004594,Sai Reddy,44,Male,Pune,Maharashtra,Salaried,1667321.0,Low,2020-07-07,BR013,0.5637,0
CU00004595,Arjun Nair,26,Male,Pune,Maharashtra,Salaried,242615.0,High,2023-06-12,BR010,0.8751,0
CU00004596,Meera Nair,21,Male,Kolkata,West Bengal,Self-employed,319312.0,High,2021-11-15,BR010,0.8903,0
CU00004597,Aarav Sharma,50,Male,Pune,Maharashtra,Salaried,336772.0,High,2022-07-01,BR013,0.8426,0
CU00004598,Aditi Singh,43,Female,Pune,Maharashtra,Self-employed,272002.0,High,2018-01-05,BR003,0.5739,0
CU00004599,Sai Rao,53,Male,Kolkata,West Bengal,Salaried,1206232.0,Low,2017-05-24,BR024,0.7664,0
CU00004600,Arjun Iyer,42,Female,Chennai,Tamil Nadu,Professional,692772.0,Medium,2018-05-20,BR018,0.4344,0
CU00004601,Meera Rao,30,Female,Delhi,Delhi,Salaried,504035.0,Medium,2025-01-06,BR019,0.6019,0
CU00004602,Divya Das,43,Male,Kolkata,West Bengal,Self-employed,2430276.0,Very Low,2024-10-11,BR018,0.9628,0
CU00004603,Meera Patel,26,Male,Hyderabad,Telangana,Self-employed,366724.0,High,2023-12-11,BR014,0.5016,0
CU00004604,Sai Reddy,44,Female,Visakhapatnam,Andhra Pradesh,Salaried,1043011.0,Low,2016-10-27,BR016,0.4536,0
CU00004605,Divya Sharma,55,Male,Bengaluru,Karnataka,Retired,701975.0,Medium,2016-09-27,BR002,0.3574,0
CU00004606,Rahul Gupta,34,Male,Pune,Maharashtra,Salaried,1021390.0,Low,2026-06-29,BR013,0.2334,0
CU00004607,Rahul Das,32,Female,Hyderabad,Telangana,Self-employed,1089012.0,Low,2022-04-15,BR012,0.2803,0
CU00004608,Ishaan Singh,53,Male,Hyderabad,Telangana,Salaried,521464.0,Medium,2023-09-26,BR015,0.5703,0
CU00004609,Rahul Gupta,47,Female,Visakhapatnam,Andhra Pradesh,Student,947868.0,Low,2026-05-28,BR023,0.693,0
CU00004610,Sai Nair,49,Male,Mumbai,Maharashtra,Salaried,512813.0,Medium,2025-03-07,BR011,0.6248,0
CU00004611,Priya Singh,37,Male,Chennai,Tamil Nadu,Salaried,286991.0,High,2019-12-12,BR001,0.2044,0
CU00004612,Aditi Gupta,54,Male,Hyderabad,Telangana,Self-employed,240316.0,High,2018-09-27,BR009,0.8143,0
CU00004613,Arjun Rao,30,Male,Kolkata,West Bengal,Self-employed,1318121.0,Low,2018-06-16,BR002,0.1584,0
CU00004614,Nikhil Iyer,43,Male,Chennai,Tamil Nadu,Salaried,776294.0,Medium,2020-04-06,BR003,0.89,0
CU00004615,Kavya Sharma,40,Male,Chennai,Tamil Nadu,Retired,592326.0,Medium,2016-12-23,BR010,0.6972,0
CU00004616,Meera Rao,43,Female,Pune,Maharashtra,Self-employed,180000.0,High,2020-12-04,BR024,0.4356,0
CU00004617,Ishaan Sharma,31,Female,Delhi,Delhi,Salaried,277383.0,High,2022-02-24,BR019,0.6155,0
CU00004618,Kavya Singh,47,Male,Kolkata,West Bengal,Self-employed,404338.0,Medium,2023-12-04,BR021,0.4083,0
CU00004619,Nikhil Rao,42,Male,Mumbai,Maharashtra,Self-employed,771841.0,Medium,2018-03-28,BR021,0.3117,0
CU00004620,Aditi Nair,45,Female,Visakhapatnam,Andhra Pradesh,Self-employed,315088.0,High,2017-07-16,BR007,0.5915,0
CU00004621,Priya Sharma,59,Male,Bengaluru,Karnataka,Salaried,677099.0,Medium,2017-01-03,BR009,0.8147,0
CU00004622,Aarav Singh,38,Female,Mumbai,Maharashtra,Professional,551907.0,Medium,2019-06-04,BR004,0.5199,1
CU00004623,Aditi Rao,36,Female,Kolkata,West Bengal,Professional,289336.0,High,2025-06-21,BR020,0.4626,0
CU00004624,Meera Das,30,Female,Chennai,Tamil Nadu,Self-employed,1491073.0,Low,2021-10-06,BR013,0.5252,1
CU00004625,Nikhil Patel,25,Female,Bengaluru,Karnataka,Self-employed,1449765.0,Low,2021-11-29,BR003,0.5015,0
CU00004626,Meera Gupta,37,Male,Mumbai,Maharashtra,Salaried,529783.0,Medium,2016-11-14,BR014,0.5667,0
CU00004627,Ishaan Iyer,37,Male,Visakhapatnam,Andhra Pradesh,Retired,446813.0,Medium,2024-01-26,BR015,0.4999,0
CU00004628,Divya Iyer,47,Female,Bengaluru,Karnataka,Self-employed,780243.0,Medium,2022-05-02,BR019,0.7596,0
CU00004629,Nikhil Singh,45,Male,Visakhapatnam,Andhra Pradesh,Retired,1293342.0,Low,2021-03-22,BR016,0.8384,0
CU00004630,Divya Gupta,31,Female,Delhi,Delhi,Salaried,1229331.0,Low,2025-02-08,BR023,0.3942,0
CU00004631,Aditi Sharma,28,Male,Hyderabad,Telangana,Salaried,592054.0,Medium,2021-03-08,BR011,0.6795,0
CU00004632,Divya Khan,44,Female,Bengaluru,Karnataka,Salaried,887136.0,Medium,2023-11-22,BR024,0.3402,0
CU00004633,Meera Sharma,35,Male,Pune,Maharashtra,Salaried,620593.0,Medium,2018-12-14,BR007,0.8051,0
CU00004634,Rahul Das,54,Male,Bengaluru,Karnataka,Salaried,1329499.0,Low,2019-11-12,BR006,0.6054,0
CU00004635,Meera Rao,43,Male,Bengaluru,Karnataka,Professional,524449.0,Medium,2024-10-11,BR018,0.6672,0
CU00004636,Sneha Reddy,31,Non-binary,Pune,Maharashtra,Salaried,2240377.0,Very Low,2024-11-14,BR018,0.9014,0
CU00004637,Arjun Singh,51,Female,Chennai,Tamil Nadu,Student,572359.0,Medium,2022-11-02,BR016,0.7793,0
CU00004638,Kavya Das,56,Female,Kolkata,West Bengal,Retired,423554.0,Medium,2021-10-16,BR009,0.2453,0
CU00004639,Rahul Rao,47,Male,Delhi,Delhi,Professional,473481.0,Medium,2024-03-10,BR016,0.6088,0
CU00004640,Arjun Singh,59,Male,Kolkata,West Bengal,Salaried,729643.0,Medium,2018-09-02,BR013,0.672,0
CU00004641,Meera Khan,18,Female,Delhi,Delhi,Professional,749173.0,Medium,2025-10-31,BR004,0.5303,0
CU00004642,Sneha Patel,36,Male,Delhi,Delhi,Salaried,610936.0,Medium,2024-10-04,BR007,0.4235,0
CU00004643,Arjun Khan,43,Male,Chennai,Tamil Nadu,Salaried,523924.0,Medium,2016-10-13,BR007,0.574,0
CU00004644,Aarav Patel,43,Male,Kolkata,West Bengal,Professional,724113.0,Medium,2019-09-11,BR009,0.4441,0
CU00004645,Meera Sharma,31,Female,Hyderabad,Telangana,Professional,647370.0,Medium,2023-06-09,BR008,0.6483,0
CU00004646,Arjun Singh,56,Female,Hyderabad,Telangana,Salaried,722978.0,Medium,2020-09-04,BR015,0.4237,0
CU00004647,Kavya Patel,29,Female,Kolkata,West Bengal,Self-employed,523070.0,Medium,2022-10-15,BR001,0.7495,0
CU00004648,Sneha Iyer,55,Male,Chennai,Tamil Nadu,Salaried,990785.0,Low,2023-11-17,BR004,0.6829,0
CU00004649,Rahul Iyer,39,Female,Delhi,Delhi,Student,1340331.0,Low,2020-02-05,BR013,0.612,0
CU00004650,Nikhil Nair,57,Male,Delhi,Delhi,Professional,2168239.0,Very Low,2020-10-07,BR011,0.5853,0
CU00004651,Aditi Nair,48,Male,Pune,Maharashtra,Salaried,376374.0,High,2022-01-29,BR003,0.8181,0
CU00004652,Meera Patel,43,Male,Chennai,Tamil Nadu,Student,1082204.0,Low,2019-03-01,BR010,0.477,0
CU00004653,Priya Gupta,42,Male,Kolkata,West Bengal,Salaried,234913.0,High,2019-04-28,BR011,0.5074,1
CU00004654,Divya Das,48,Male,Mumbai,Maharashtra,Professional,642492.0,Medium,2018-01-27,BR021,0.7938,0
CU00004655,Priya Khan,53,Male,Visakhapatnam,Andhra Pradesh,Student,482500.0,Medium,2026-06-27,BR015,0.7166,0
CU00004656,Meera Sharma,39,Male,Mumbai,Maharashtra,Salaried,240040.0,High,2017-04-08,BR002,0.234,0
CU00004657,Arjun Khan,47,Female,Bengaluru,Karnataka,Professional,428186.0,Medium,2017-02-28,BR016,0.6807,0
CU00004658,Kavya Gupta,60,Female,Visakhapatnam,Andhra Pradesh,Salaried,408556.0,Medium,2016-10-27,BR014,0.6154,0
CU00004659,Rahul Singh,40,Female,Mumbai,Maharashtra,Salaried,618555.0,Medium,2017-07-16,BR004,0.7996,0
CU00004660,Sneha Reddy,22,Non-binary,Bengaluru,Karnataka,Self-employed,1127687.0,Low,2026-04-22,BR017,0.623,0
CU00004661,Arjun Nair,28,Female,Hyderabad,Telangana,Self-employed,2409214.0,Very Low,2021-07-03,BR011,0.9597,0
CU00004662,Ishaan Iyer,18,Female,Pune,Maharashtra,Salaried,497052.0,Medium,2018-03-19,BR002,0.1843,0
CU00004663,Kavya Iyer,50,Male,Visakhapatnam,Andhra Pradesh,Student,1296609.0,Low,2024-06-22,BR003,0.5572,0
CU00004664,Meera Nair,50,Male,Hyderabad,Telangana,Salaried,622110.0,Medium,2019-12-04,BR005,0.726,0
CU00004665,Meera Patel,25,Female,Pune,Maharashtra,Self-employed,498356.0,Medium,2023-07-10,BR009,0.6856,0
CU00004666,Priya Patel,45,Female,Delhi,Delhi,Self-employed,933814.0,Low,2022-08-05,BR019,0.6617,0
CU00004667,Sneha Patel,52,Male,Delhi,Delhi,Student,645405.0,Medium,2019-04-08,BR005,0.5165,0
CU00004668,Nikhil Khan,47,Male,Delhi,Delhi,Salaried,758447.0,Medium,2025-03-09,BR008,0.8451,0
CU00004669,Kavya Gupta,29,Female,Mumbai,Maharashtra,Salaried,1230371.0,Low,2023-12-08,BR018,0.8765,0
CU00004670,Divya Khan,29,Male,Bengaluru,Karnataka,Self-employed,911044.0,Low,2024-08-21,BR003,0.9652,0
CU00004671,Sai Rao,49,Male,Pune,Maharashtra,Salaried,1152610.0,Low,2023-05-29,BR016,0.5663,0
CU00004672,Meera Das,42,Female,Pune,Maharashtra,Salaried,519572.0,Medium,2025-08-10,BR015,0.5364,0
CU00004673,Nikhil Nair,36,Male,Delhi,Delhi,Student,908720.0,Low,2024-07-07,BR007,0.4376,0
CU00004674,Sai Rao,37,Male,Visakhapatnam,Andhra Pradesh,Professional,454223.0,Medium,2023-01-13,BR021,0.9309,0
CU00004675,Aditi Sharma,38,Male,Mumbai,Maharashtra,Salaried,803092.0,Medium,2022-05-10,BR006,0.6858,0
CU00004676,Divya Nair,33,Female,Chennai,Tamil Nadu,Retired,968787.0,Low,2024-07-01,BR012,0.2905,0
CU00004677,Arjun Rao,51,Female,Delhi,Delhi,Salaried,1338893.0,Low,2024-03-17,BR006,0.1774,1
CU00004678,Arjun Iyer,67,Male,Mumbai,Maharashtra,Salaried,829660.0,Medium,2019-08-27,BR018,0.4534,0
CU00004679,Nikhil Iyer,35,Male,Delhi,Delhi,Professional,1906049.0,Very Low,2020-02-26,BR010,0.7078,0
CU00004680,Rahul Iyer,50,Female,Kolkata,West Bengal,Self-employed,671885.0,Medium,2020-08-20,BR010,0.9065,0
CU00004681,Aarav Singh,40,Male,Hyderabad,Telangana,Salaried,418579.0,Medium,2023-01-30,BR010,0.2584,0
CU00004682,Arjun Khan,27,Female,Delhi,Delhi,Salaried,666903.0,Medium,2016-09-08,BR009,0.1907,0
CU00004683,Ishaan Khan,18,Female,Delhi,Delhi,Salaried,938331.0,Low,2024-04-13,BR018,0.8189,0
CU00004684,Ishaan Khan,36,Male,Pune,Maharashtra,Self-employed,454839.0,Medium,2023-01-30,BR004,0.358,0
CU00004685,Nikhil Rao,53,Male,Delhi,Delhi,Salaried,735436.0,Medium,2021-11-08,BR014,0.9998,0
CU00004686,Aarav Rao,29,Male,Chennai,Tamil Nadu,Student,612417.0,Medium,2022-05-03,BR016,0.7131,0
CU00004687,Sai Iyer,52,Male,Hyderabad,Telangana,Salaried,711499.0,Medium,2021-08-09,BR020,0.3065,0
CU00004688,Sneha Khan,56,Male,Visakhapatnam,Andhra Pradesh,Salaried,566585.0,Medium,2022-10-23,BR008,0.5977,0
CU00004689,Sneha Gupta,58,Female,Mumbai,Maharashtra,Professional,311350.0,High,2018-02-18,BR021,0.5091,0
CU00004690,Sai Patel,41,Female,Visakhapatnam,Andhra Pradesh,Salaried,653518.0,Medium,2020-08-16,BR003,0.9462,0
CU00004691,Nikhil Iyer,35,Female,Visakhapatnam,Andhra Pradesh,Professional,360806.0,High,2022-12-21,BR023,0.6065,0
CU00004692,Arjun Sharma,20,Male,Pune,Maharashtra,Self-employed,721440.0,Medium,2020-06-09,BR009,0.451,0
CU00004693,Nikhil Patel,55,Male,Pune,Maharashtra,Salaried,660032.0,Medium,2016-11-25,BR006,0.5661,0
CU00004694,Priya Patel,42,Male,Hyderabad,Telangana,Student,873836.0,Medium,2023-11-09,BR007,0.4543,0
CU00004695,Priya Reddy,23,Male,Mumbai,Maharashtra,Salaried,180000.0,High,2017-11-24,BR015,0.3689,0
CU00004696,Kavya Rao,48,Female,Pune,Maharashtra,Salaried,513322.0,Medium,2020-03-06,BR016,0.6743,0
CU00004697,Kavya Iyer,52,Male,Kolkata,West Bengal,Professional,603793.0,Medium,2025-03-31,BR020,0.342,0
CU00004698,Ishaan Khan,28,Female,Kolkata,West Bengal,Self-employed,889002.0,Medium,2017-12-09,BR007,0.2165,0
CU00004699,Kavya Khan,51,Female,Bengaluru,Karnataka,Salaried,878992.0,Medium,2021-06-24,BR015,0.5936,0
CU00004700,Meera Das,42,Female,Hyderabad,Telangana,Salaried,1118702.0,Low,2023-10-12,BR021,0.4042,0
CU00004701,Divya Rao,55,Male,Chennai,Tamil Nadu,Self-employed,1319442.0,Low,2025-05-22,BR016,0.4391,0
CU00004702,Priya Singh,36,Male,Mumbai,Maharashtra,Salaried,258642.0,High,2023-08-09,BR021,0.2083,0
CU00004703,Nikhil Sharma,38,Male,Pune,Maharashtra,Professional,1023634.0,Low,2017-10-07,BR010,0.9589,0
CU00004704,Rahul Gupta,31,Female,Visakhapatnam,Andhra Pradesh,Self-employed,1122296.0,Low,2023-02-23,BR015,0.5969,0
CU00004705,Nikhil Sharma,33,Male,Visakhapatnam,Andhra Pradesh,Self-employed,359777.0,High,2020-08-18,BR009,0.6864,0
CU00004706,Sneha Nair,27,Male,Delhi,Delhi,Salaried,1311379.0,Low,2018-09-29,BR024,0.5556,0
CU00004707,Aditi Singh,28,Female,Pune,Maharashtra,Self-employed,928523.0,Low,2019-11-08,BR008,0.3542,1
CU00004708,Ishaan Rao,41,Female,Chennai,Tamil Nadu,Self-employed,676367.0,Medium,2016-11-15,BR022,0.1714,0
CU00004709,Divya Das,29,Female,Chennai,Tamil Nadu,Self-employed,1047520.0,Low,2024-03-14,BR018,0.7709,1
CU00004710,Meera Reddy,37,Male,Bengaluru,Karnataka,Salaried,824593.0,Medium,2025-10-27,BR017,0.5178,0
CU00004711,Divya Patel,18,Male,Pune,Maharashtra,Salaried,403676.0,Medium,2020-07-20,BR018,0.4945,1
CU00004712,Ishaan Gupta,54,Male,Hyderabad,Telangana,Salaried,900603.0,Low,2021-01-30,BR014,0.648,0
CU00004713,Aditi Khan,35,Male,Delhi,Delhi,Salaried,1639417.0,Low,2018-12-10,BR020,0.3163,0
CU00004714,Meera Sharma,25,Male,Hyderabad,Telangana,Retired,691961.0,Medium,2022-11-12,BR021,0.8073,0
CU00004715,Aarav Sharma,36,Male,Kolkata,West Bengal,Salaried,1466452.0,Low,2022-09-17,BR021,0.4614,0
CU00004716,Arjun Das,40,Female,Bengaluru,Karnataka,Salaried,988680.0,Low,2023-10-03,BR018,0.6243,0
CU00004717,Divya Patel,24,Male,Hyderabad,Telangana,Salaried,653826.0,Medium,2017-03-28,BR006,0.2801,0
CU00004718,Aditi Khan,49,Male,Hyderabad,Telangana,Student,785670.0,Medium,2025-08-14,BR004,0.7163,0
CU00004719,Divya Das,38,Female,Chennai,Tamil Nadu,Salaried,985759.0,Low,2018-03-08,BR005,0.4134,0
CU00004720,Divya Gupta,49,Male,Mumbai,Maharashtra,Self-employed,843959.0,Medium,2023-06-03,BR002,0.9412,0
CU00004721,Rahul Nair,27,Male,Visakhapatnam,Andhra Pradesh,Salaried,1011126.0,Low,2020-05-12,BR021,0.2454,0
CU00004722,Kavya Iyer,47,Female,Chennai,Tamil Nadu,Retired,807834.0,Medium,2024-09-03,BR010,0.5619,0
CU00004723,Divya Iyer,42,Female,Chennai,Tamil Nadu,Salaried,914952.0,Low,2018-09-10,BR017,0.5953,0
CU00004724,Meera Singh,47,Female,Bengaluru,Karnataka,Salaried,424188.0,Medium,2017-08-08,BR009,0.2287,0
CU00004725,Aditi Sharma,57,Female,Delhi,Delhi,Professional,360290.0,High,2021-12-28,BR008,0.917,0
CU00004726,Sai Nair,27,Male,Visakhapatnam,Andhra Pradesh,Salaried,397391.0,High,2022-04-16,BR010,0.4125,0
CU00004727,Sai Rao,28,Male,Mumbai,Maharashtra,Salaried,180000.0,High,2018-05-11,BR009,0.9023,0
CU00004728,Nikhil Reddy,21,Male,Bengaluru,Karnataka,Self-employed,3342453.0,Very Low,2018-01-29,BR016,0.2718,0
CU00004729,Kavya Sharma,33,Male,Kolkata,West Bengal,Retired,617707.0,Medium,2021-05-24,BR001,0.6565,0
CU00004730,Divya Singh,40,Female,Hyderabad,Telangana,Professional,2195780.0,Very Low,2018-06-09,BR002,0.8932,0
CU00004731,Meera Sharma,31,Female,Kolkata,West Bengal,Salaried,409898.0,Medium,2016-10-11,BR001,0.3928,0
CU00004732,Meera Patel,40,Female,Mumbai,Maharashtra,Professional,1113366.0,Low,2016-11-26,BR007,0.4902,0
CU00004733,Nikhil Patel,32,Female,Kolkata,West Bengal,Professional,201818.0,High,2022-01-10,BR009,0.6863,0
CU00004734,Aditi Reddy,32,Male,Chennai,Tamil Nadu,Student,1241916.0,Low,2024-12-28,BR002,0.9572,0
CU00004735,Sai Patel,28,Male,Kolkata,West Bengal,Salaried,826589.0,Medium,2018-03-07,BR017,0.5425,0
CU00004736,Sneha Reddy,42,Female,Chennai,Tamil Nadu,Student,1295352.0,Low,2017-05-08,BR019,0.4339,0
CU00004737,Aditi Singh,47,Male,Kolkata,West Bengal,Salaried,1269879.0,Low,2018-01-22,BR001,0.6636,0
CU00004738,Nikhil Singh,33,Female,Chennai,Tamil Nadu,Retired,754895.0,Medium,2018-11-21,BR001,0.0601,0
CU00004739,Divya Iyer,35,Male,Bengaluru,Karnataka,Retired,886342.0,Medium,2021-05-07,BR012,0.7328,0
CU00004740,Rahul Rao,38,Female,Bengaluru,Karnataka,Salaried,578450.0,Medium,2024-12-30,BR021,0.5141,0
CU00004741,Ishaan Rao,43,Male,Kolkata,West Bengal,Salaried,526049.0,Medium,2018-06-29,BR019,0.8417,0
CU00004742,Aditi Patel,63,Male,Mumbai,Maharashtra,Salaried,451350.0,Medium,2025-06-05,BR020,0.548,0
CU00004743,Sneha Das,45,Female,Delhi,Delhi,Student,356024.0,High,2021-11-01,BR016,0.7882,0
CU00004744,Nikhil Iyer,35,Female,Bengaluru,Karnataka,Student,1193618.0,Low,2018-05-21,BR024,0.6203,0
CU00004745,Arjun Patel,46,Female,Pune,Maharashtra,Salaried,812627.0,Medium,2019-04-08,BR006,0.6299,0
CU00004746,Nikhil Khan,31,Male,Visakhapatnam,Andhra Pradesh,Salaried,1101146.0,Low,2019-04-16,BR002,0.3961,0
CU00004747,Nikhil Nair,20,Female,Hyderabad,Telangana,Salaried,601093.0,Medium,2023-12-30,BR007,0.4116,0
CU00004748,Kavya Iyer,58,Female,Kolkata,West Bengal,Retired,1053929.0,Low,2024-09-24,BR005,0.3996,0
CU00004749,Ishaan Iyer,28,Male,Delhi,Delhi,Retired,411379.0,Medium,2023-08-15,BR022,0.656,0
CU00004750,Meera Gupta,48,Male,Hyderabad,Telangana,Self-employed,796568.0,Medium,2022-07-31,BR005,0.7559,0
CU00004751,Nikhil Rao,40,Male,Kolkata,West Bengal,Salaried,1079696.0,Low,2019-05-25,BR010,0.8155,0
CU00004752,Arjun Singh,45,Female,Visakhapatnam,Andhra Pradesh,Self-employed,883960.0,Medium,2024-01-12,BR008,0.2984,0
CU00004753,Meera Patel,36,Female,Bengaluru,Karnataka,Student,486399.0,Medium,2020-06-29,BR010,0.5114,0
CU00004754,Divya Rao,42,Female,Visakhapatnam,Andhra Pradesh,Salaried,526358.0,Medium,2021-04-23,BR005,0.261,0
CU00004755,Nikhil Patel,45,Female,Kolkata,West Bengal,Retired,2861947.0,Very Low,2022-09-03,BR018,0.8463,0
CU00004756,Ishaan Iyer,62,Male,Mumbai,Maharashtra,Student,1473082.0,Low,2017-10-09,BR015,0.4458,0
CU00004757,Nikhil Reddy,25,Female,Mumbai,Maharashtra,Self-employed,736074.0,Medium,2022-01-18,BR004,0.6123,0
CU00004758,Kavya Reddy,31,Female,Delhi,Delhi,Professional,479036.0,Medium,2018-07-21,BR023,0.8081,0
CU00004759,Aditi Reddy,61,Male,Visakhapatnam,Andhra Pradesh,Salaried,1579522.0,Low,2021-02-13,BR012,0.4022,1
CU00004760,Sneha Rao,34,Female,Kolkata,West Bengal,Salaried,360317.0,High,2018-09-23,BR020,0.4178,0
CU00004761,Aditi Das,57,Male,Bengaluru,Karnataka,Salaried,1054067.0,Low,2020-11-01,BR013,0.708,0
CU00004762,Kavya Sharma,23,Female,Hyderabad,Telangana,Professional,718652.0,Medium,2021-06-03,BR009,0.4755,0
CU00004763,Rahul Rao,48,Male,Delhi,Delhi,Student,428824.0,Medium,2017-09-21,BR014,0.3935,0
CU00004764,Arjun Rao,45,Female,Delhi,Delhi,Salaried,592201.0,Medium,2025-10-20,BR019,0.7681,0
CU00004765,Ishaan Das,54,Male,Chennai,Tamil Nadu,Salaried,822066.0,Medium,2017-08-25,BR020,0.8582,0
CU00004766,Ishaan Nair,47,Male,Chennai,Tamil Nadu,Salaried,407450.0,Medium,2022-12-29,BR014,0.4797,0
CU00004767,Aarav Iyer,32,Male,Visakhapatnam,Andhra Pradesh,Retired,886564.0,Medium,2021-01-13,BR019,0.7697,0
CU00004768,Sai Iyer,43,Female,Mumbai,Maharashtra,Self-employed,512036.0,Medium,2023-08-12,BR014,0.671,0
CU00004769,Sai Khan,50,Male,Hyderabad,Telangana,Self-employed,635824.0,Medium,2021-11-04,BR003,0.4255,0
CU00004770,Aarav Patel,56,Female,Hyderabad,Telangana,Student,2234290.0,Very Low,2018-12-09,BR007,0.0771,0
CU00004771,Sneha Iyer,35,Female,Pune,Maharashtra,Salaried,611947.0,Medium,2024-05-08,BR014,0.7797,0
CU00004772,Sai Sharma,31,Female,Pune,Maharashtra,Professional,869414.0,Medium,2022-07-31,BR022,0.5045,0
CU00004773,Divya Gupta,32,Female,Mumbai,Maharashtra,Self-employed,347638.0,High,2019-10-22,BR014,0.0603,0
CU00004774,Rahul Sharma,28,Male,Bengaluru,Karnataka,Salaried,197000.0,High,2026-03-18,BR023,0.6082,0
CU00004775,Arjun Patel,23,Male,Kolkata,West Bengal,Professional,1024420.0,Low,2025-11-13,BR012,0.6623,1
CU00004776,Meera Patel,18,Male,Visakhapatnam,Andhra Pradesh,Salaried,2089018.0,Very Low,2020-01-07,BR019,0.4904,0
CU00004777,Rahul Khan,25,Female,Chennai,Tamil Nadu,Retired,648403.0,Medium,2026-01-13,BR024,0.9048,0
CU00004778,Aarav Khan,51,Female,Kolkata,West Bengal,Student,664564.0,Medium,2018-12-19,BR006,0.4735,0
CU00004779,Divya Khan,51,Male,Hyderabad,Telangana,Salaried,834703.0,Medium,2020-05-03,BR013,0.7057,0
CU00004780,Kavya Sharma,37,Female,Mumbai,Maharashtra,Self-employed,229395.0,High,2026-05-22,BR022,0.5261,0
CU00004781,Arjun Sharma,50,Male,Chennai,Tamil Nadu,Professional,378864.0,High,2019-02-06,BR012,0.163,0
CU00004782,Rahul Patel,37,Male,Kolkata,West Bengal,Self-employed,777879.0,Medium,2023-08-27,BR004,0.0313,1
CU00004783,Rahul Das,56,Female,Delhi,Delhi,Salaried,852522.0,Medium,2025-11-02,BR009,0.59,0
CU00004784,Nikhil Khan,20,Male,Delhi,Delhi,Professional,411037.0,Medium,2022-11-16,BR009,0.4441,1
CU00004785,Arjun Reddy,37,Female,Bengaluru,Karnataka,Retired,1286569.0,Low,2019-04-13,BR023,0.3799,0
CU00004786,Sneha Gupta,30,Male,Mumbai,Maharashtra,Salaried,606883.0,Medium,2019-08-25,BR022,0.7891,0
CU00004787,Ishaan Das,47,Female,Bengaluru,Karnataka,Professional,1026201.0,Low,2017-02-25,BR014,0.6959,0
CU00004788,Meera Reddy,42,Male,Kolkata,West Bengal,Salaried,255961.0,High,2026-02-15,BR006,0.8866,0
CU00004789,Ishaan Das,42,Female,Mumbai,Maharashtra,Salaried,583404.0,Medium,2023-11-08,BR001,0.8692,0
CU00004790,Ishaan Patel,37,Male,Hyderabad,Telangana,Self-employed,333974.0,High,2019-03-22,BR002,0.8807,0
CU00004791,Priya Khan,50,Male,Pune,Maharashtra,Salaried,762082.0,Medium,2024-03-01,BR022,0.4786,0
CU00004792,Arjun Patel,40,Male,Kolkata,West Bengal,Self-employed,327860.0,High,2019-04-21,BR018,0.6491,0
CU00004793,Kavya Iyer,28,Female,Delhi,Delhi,Retired,860642.0,Medium,2023-12-07,BR002,0.7465,0
CU00004794,Sai Rao,33,Male,Pune,Maharashtra,Self-employed,1226939.0,Low,2021-08-27,BR020,0.4465,0
CU00004795,Divya Das,62,Male,Hyderabad,Telangana,Salaried,1150321.0,Low,2018-09-02,BR006,0.1198,0
CU00004796,Aarav Khan,32,Male,Delhi,Delhi,Salaried,1043999.0,Low,2020-08-31,BR004,0.6544,1
CU00004797,Arjun Gupta,34,Male,Delhi,Delhi,Student,395511.0,High,2022-02-14,BR020,0.3259,0
CU00004798,Arjun Patel,33,Female,Kolkata,West Bengal,Student,1072566.0,Low,2016-09-11,BR024,0.7494,0
CU00004799,Arjun Gupta,62,Male,Pune,Maharashtra,Salaried,880504.0,Medium,2021-04-30,BR021,0.9341,0
CU00004800,Ishaan Singh,34,Female,Chennai,Tamil Nadu,Salaried,752590.0,Medium,2022-05-10,BR019,0.507,0
CU00004801,Meera Rao,28,Male,Pune,Maharashtra,Salaried,368561.0,High,2021-12-15,BR007,0.6714,0
CU00004802,Ishaan Khan,26,Male,Chennai,Tamil Nadu,Salaried,1571220.0,Low,2024-10-05,BR016,0.6189,0
CU00004803,Kavya Iyer,28,Male,Pune,Maharashtra,Professional,2162770.0,Very Low,2018-04-05,BR011,0.8189,0
CU00004804,Divya Das,44,Male,Kolkata,West Bengal,Retired,379992.0,High,2022-06-05,BR006,0.6752,0
CU00004805,Aditi Patel,18,Female,Delhi,Delhi,Professional,655454.0,Medium,2024-08-04,BR008,0.6196,1
CU00004806,Arjun Reddy,42,Female,Bengaluru,Karnataka,Self-employed,290917.0,High,2022-09-24,BR002,0.8624,0
CU00004807,Sneha Sharma,53,Male,Delhi,Delhi,Self-employed,859639.0,Medium,2017-11-15,BR006,0.6397,0
CU00004808,Aditi Rao,41,Male,Hyderabad,Telangana,Salaried,492585.0,Medium,2022-11-11,BR008,0.6728,0
CU00004809,Divya Reddy,20,Male,Delhi,Delhi,Retired,1009067.0,Low,2023-04-13,BR003,0.3757,0
CU00004810,Divya Khan,46,Male,Mumbai,Maharashtra,Salaried,948955.0,Low,2018-05-05,BR010,0.8487,0
CU00004811,Rahul Iyer,36,Male,Visakhapatnam,Andhra Pradesh,Retired,180000.0,High,2022-04-13,BR013,0.2685,1
CU00004812,Aditi Iyer,37,Female,Kolkata,West Bengal,Self-employed,397715.0,High,2019-04-05,BR005,0.4817,0
CU00004813,Sai Khan,44,Male,Mumbai,Maharashtra,Salaried,878057.0,Medium,2021-06-29,BR023,0.7183,0
CU00004814,Sai Singh,35,Male,Kolkata,West Bengal,Salaried,497465.0,Medium,2022-07-21,BR015,0.4439,0
CU00004815,Nikhil Rao,53,Female,Kolkata,West Bengal,Salaried,575034.0,Medium,2017-06-18,BR005,0.2927,0
CU00004816,Priya Rao,45,Female,Delhi,Delhi,Salaried,783823.0,Medium,2020-02-05,BR021,0.4356,0
CU00004817,Arjun Nair,33,Female,Bengaluru,Karnataka,Professional,1061641.0,Low,2022-11-21,BR018,0.5995,0
CU00004818,Aditi Singh,18,Male,Hyderabad,Telangana,Salaried,1148384.0,Low,2022-11-29,BR020,0.9074,1
CU00004819,Sai Nair,40,Female,Bengaluru,Karnataka,Student,573129.0,Medium,2016-12-16,BR004,0.5441,0
CU00004820,Sneha Sharma,32,Male,Kolkata,West Bengal,Salaried,951196.0,Low,2022-12-05,BR012,0.3005,0
CU00004821,Arjun Sharma,30,Male,Mumbai,Maharashtra,Salaried,684964.0,Medium,2017-02-27,BR010,0.8656,0
CU00004822,Aditi Sharma,19,Male,Mumbai,Maharashtra,Professional,1170395.0,Low,2021-08-15,BR014,0.3243,0
CU00004823,Divya Khan,55,Female,Chennai,Tamil Nadu,Salaried,717677.0,Medium,2023-12-07,BR006,0.6257,0
CU00004824,Rahul Nair,21,Female,Kolkata,West Bengal,Salaried,685794.0,Medium,2025-07-31,BR008,0.7925,0
CU00004825,Divya Khan,39,Male,Delhi,Delhi,Salaried,206029.0,High,2025-04-07,BR004,0.9239,0
CU00004826,Aditi Iyer,42,Female,Bengaluru,Karnataka,Self-employed,1591217.0,Low,2024-04-06,BR001,0.1612,0
CU00004827,Sai Sharma,49,Male,Delhi,Delhi,Salaried,594455.0,Medium,2026-01-11,BR017,0.8435,0
CU00004828,Ishaan Singh,35,Male,Mumbai,Maharashtra,Professional,808033.0,Medium,2019-04-03,BR002,0.3912,0
CU00004829,Divya Nair,48,Female,Bengaluru,Karnataka,Salaried,633777.0,Medium,2019-07-20,BR004,0.6872,0
CU00004830,Divya Khan,21,Male,Mumbai,Maharashtra,Salaried,877110.0,Medium,2022-02-27,BR003,0.9088,0
CU00004831,Sneha Sharma,41,Male,Visakhapatnam,Andhra Pradesh,Professional,557380.0,Medium,2022-08-03,BR011,0.5354,0
CU00004832,Priya Khan,56,Male,Visakhapatnam,Andhra Pradesh,Self-employed,779517.0,Medium,2017-09-05,BR004,0.5341,0
CU00004833,Aditi Rao,45,Female,Bengaluru,Karnataka,Salaried,720203.0,Medium,2025-05-03,BR002,0.9444,0
CU00004834,Ishaan Sharma,39,Female,Visakhapatnam,Andhra Pradesh,Salaried,532821.0,Medium,2022-04-08,BR013,0.6311,0
CU00004835,Priya Singh,48,Male,Bengaluru,Karnataka,Professional,1457448.0,Low,2021-05-19,BR009,0.7873,1
CU00004836,Aditi Khan,64,Male,Chennai,Tamil Nadu,Student,801721.0,Medium,2021-08-06,BR011,0.6168,0
CU00004837,Kavya Sharma,45,Male,Chennai,Tamil Nadu,Salaried,604955.0,Medium,2025-09-23,BR024,0.9444,0
CU00004838,Ishaan Nair,47,Female,Visakhapatnam,Andhra Pradesh,Salaried,471797.0,Medium,2025-06-24,BR022,0.6163,0
CU00004839,Aarav Rao,25,Male,Pune,Maharashtra,Retired,241288.0,High,2021-07-09,BR007,0.2929,1
CU00004840,Arjun Khan,54,Male,Mumbai,Maharashtra,Professional,649612.0,Medium,2023-08-22,BR008,0.8406,0
CU00004841,Rahul Gupta,27,Male,Mumbai,Maharashtra,Salaried,916181.0,Low,2022-12-07,BR023,0.3601,0
CU00004842,Aditi Gupta,39,Male,Delhi,Delhi,Salaried,896035.0,Medium,2026-06-22,BR014,0.6172,0
CU00004843,Ishaan Singh,47,Female,Visakhapatnam,Andhra Pradesh,Salaried,1205537.0,Low,2020-04-01,BR009,0.5598,0
CU00004844,Aarav Singh,31,Male,Mumbai,Maharashtra,Self-employed,461171.0,Medium,2021-04-14,BR023,0.7902,0
CU00004845,Aarav Rao,34,Male,Chennai,Tamil Nadu,Self-employed,841913.0,Medium,2024-04-28,BR006,0.2803,0
CU00004846,Kavya Sharma,50,Female,Hyderabad,Telangana,Professional,300900.0,High,2026-01-01,BR013,0.7159,0
CU00004847,Ishaan Singh,39,Male,Mumbai,Maharashtra,Self-employed,714068.0,Medium,2024-11-24,BR006,0.7299,0
CU00004848,Sai Rao,47,Female,Chennai,Tamil Nadu,Salaried,2349895.0,Very Low,2017-03-15,BR007,0.5644,0
CU00004849,Nikhil Sharma,48,Female,Hyderabad,Telangana,Salaried,1035654.0,Low,2025-02-18,BR024,0.8558,0
CU00004850,Rahul Rao,69,Female,Delhi,Delhi,Salaried,635028.0,Medium,2023-12-14,BR005,0.7768,0
CU00004851,Rahul Gupta,18,Female,Pune,Maharashtra,Self-employed,1599490.0,Low,2018-11-21,BR022,0.6021,0
CU00004852,Sneha Patel,53,Female,Chennai,Tamil Nadu,Salaried,418171.0,Medium,2017-05-08,BR012,0.731,0
CU00004853,Priya Reddy,51,Male,Kolkata,West Bengal,Salaried,981707.0,Low,2026-01-13,BR016,0.5567,0
CU00004854,Aditi Nair,32,Female,Mumbai,Maharashtra,Salaried,778971.0,Medium,2022-12-27,BR019,0.5277,0
CU00004855,Meera Iyer,45,Male,Pune,Maharashtra,Salaried,1281107.0,Low,2023-09-15,BR014,0.7712,0
CU00004856,Divya Patel,40,Male,Chennai,Tamil Nadu,Salaried,531410.0,Medium,2017-09-29,BR024,0.0426,0
CU00004857,Sai Iyer,38,Female,Bengaluru,Karnataka,Salaried,319936.0,High,2020-12-27,BR017,0.613,0
CU00004858,Ishaan Nair,51,Female,Kolkata,West Bengal,Salaried,1037308.0,Low,2024-04-26,BR022,0.679,0
CU00004859,Sai Singh,47,Female,Kolkata,West Bengal,Salaried,342714.0,High,2020-06-03,BR022,0.167,0
CU00004860,Meera Rao,45,Female,Delhi,Delhi,Salaried,366944.0,High,2020-09-21,BR015,0.4208,0
CU00004861,Kavya Reddy,28,Female,Delhi,Delhi,Salaried,752551.0,Medium,2017-06-06,BR007,0.644,0
CU00004862,Meera Khan,34,Male,Delhi,Delhi,Professional,250751.0,High,2025-04-24,BR007,0.589,0
CU00004863,Sai Das,22,Female,Chennai,Tamil Nadu,Professional,1322396.0,Low,2020-01-07,BR021,0.5135,0
CU00004864,Rahul Nair,59,Male,Visakhapatnam,Andhra Pradesh,Student,558966.0,Medium,2022-02-04,BR022,0.9565,0
CU00004865,Sai Iyer,36,Male,Mumbai,Maharashtra,Salaried,660668.0,Medium,2020-04-10,BR022,0.3355,0
CU00004866,Ishaan Patel,70,Non-binary,Delhi,Delhi,Self-employed,659648.0,Medium,2022-12-24,BR003,0.3891,0
CU00004867,Arjun Singh,33,Male,Pune,Maharashtra,Salaried,864552.0,Medium,2023-01-20,BR023,0.3765,0
CU00004868,Sai Das,29,Male,Kolkata,West Bengal,Professional,1698284.0,Low,2024-05-02,BR019,0.6977,0
CU00004869,Meera Singh,20,Male,Delhi,Delhi,Salaried,968909.0,Low,2017-02-05,BR001,0.7276,0
CU00004870,Arjun Sharma,20,Female,Visakhapatnam,Andhra Pradesh,Student,1216076.0,Low,2018-12-19,BR015,0.98,0
CU00004871,Aditi Patel,43,Male,Bengaluru,Karnataka,Salaried,963664.0,Low,2020-07-08,BR008,0.2067,0
CU00004872,Rahul Patel,27,Female,Hyderabad,Telangana,Salaried,442126.0,Medium,2018-08-22,BR010,0.1988,1
CU00004873,Ishaan Singh,20,Male,Bengaluru,Karnataka,Salaried,244542.0,High,2023-01-26,BR007,0.5009,0
CU00004874,Arjun Khan,39,Male,Delhi,Delhi,Self-employed,498369.0,Medium,2025-06-10,BR022,0.5979,0
CU00004875,Kavya Rao,65,Male,Hyderabad,Telangana,Student,633041.0,Medium,2018-05-08,BR019,0.7018,0
CU00004876,Nikhil Reddy,26,Female,Visakhapatnam,Andhra Pradesh,Salaried,613100.0,Medium,2018-08-09,BR005,0.901,0
CU00004877,Aditi Nair,32,Female,Hyderabad,Telangana,Salaried,864090.0,Medium,2017-01-02,BR013,0.4378,0
CU00004878,Aditi Reddy,36,Female,Delhi,Delhi,Retired,663964.0,Medium,2017-09-21,BR024,0.5723,0
CU00004879,Arjun Sharma,36,Male,Pune,Maharashtra,Self-employed,307855.0,High,2019-12-12,BR008,0.6786,0
CU00004880,Divya Singh,29,Female,Visakhapatnam,Andhra Pradesh,Salaried,237665.0,High,2019-09-06,BR015,0.2197,0
CU00004881,Rahul Gupta,32,Male,Bengaluru,Karnataka,Salaried,494916.0,Medium,2023-09-22,BR015,0.4258,0
CU00004882,Sai Patel,24,Male,Visakhapatnam,Andhra Pradesh,Salaried,2742706.0,Very Low,2020-03-01,BR007,0.7889,0
CU00004883,Divya Gupta,42,Male,Hyderabad,Telangana,Salaried,1225972.0,Low,2019-05-08,BR017,0.3169,0
CU00004884,Meera Patel,56,Female,Kolkata,West Bengal,Salaried,377601.0,High,2025-06-29,BR010,0.8308,0
CU00004885,Priya Das,35,Female,Chennai,Tamil Nadu,Self-employed,949922.0,Low,2026-01-19,BR023,0.6506,0
CU00004886,Meera Patel,30,Male,Chennai,Tamil Nadu,Retired,1404225.0,Low,2024-08-15,BR016,0.481,0
CU00004887,Meera Patel,58,Male,Bengaluru,Karnataka,Salaried,673614.0,Medium,2021-12-07,BR020,0.0984,1
CU00004888,Meera Nair,33,Male,Visakhapatnam,Andhra Pradesh,Salaried,1682131.0,Low,2018-07-18,BR005,0.9008,0
CU00004889,Arjun Sharma,40,Female,Kolkata,West Bengal,Salaried,613779.0,Medium,2018-11-07,BR023,0.6817,0
CU00004890,Meera Gupta,36,Female,Hyderabad,Telangana,Self-employed,786875.0,Medium,2017-07-04,BR012,0.8312,0
CU00004891,Aditi Gupta,49,Male,Bengaluru,Karnataka,Self-employed,740716.0,Medium,2017-05-19,BR002,0.3859,0
CU00004892,Ishaan Das,25,Male,Pune,Maharashtra,Salaried,1076146.0,Low,2018-02-18,BR015,0.9059,0
CU00004893,Aarav Das,37,Male,Hyderabad,Telangana,Self-employed,464932.0,Medium,2024-08-05,BR018,0.6698,0
CU00004894,Aditi Rao,45,Female,Hyderabad,Telangana,Salaried,447138.0,Medium,2019-03-14,BR011,0.8805,0
CU00004895,Sai Gupta,45,Male,Mumbai,Maharashtra,Salaried,738823.0,Medium,2023-08-24,BR003,0.2,0
CU00004896,Kavya Nair,18,Female,Chennai,Tamil Nadu,Salaried,840167.0,Medium,2018-10-15,BR016,0.5082,0
CU00004897,Priya Reddy,41,Female,Chennai,Tamil Nadu,Retired,697295.0,Medium,2016-09-27,BR007,0.4223,0
CU00004898,Sneha Singh,50,Female,Pune,Maharashtra,Self-employed,750936.0,Medium,2020-10-13,BR018,0.6083,0
CU00004899,Aditi Iyer,18,Female,Kolkata,West Bengal,Salaried,379845.0,High,2021-03-07,BR002,0.9177,0
CU00004900,Aditi Khan,28,Female,Chennai,Tamil Nadu,Student,702017.0,Medium,2026-01-28,BR011,0.4396,0
CU00004901,Kavya Reddy,37,Male,Chennai,Tamil Nadu,Self-employed,1201590.0,Low,2018-02-07,BR008,0.6407,0
CU00004902,Kavya Patel,38,Male,Pune,Maharashtra,Salaried,942794.0,Low,2020-01-20,BR020,0.8678,0
CU00004903,Nikhil Sharma,37,Male,Delhi,Delhi,Self-employed,950142.0,Low,2018-05-28,BR019,0.4631,1
CU00004904,Sneha Patel,37,Female,Bengaluru,Karnataka,Salaried,584707.0,Medium,2025-06-06,BR016,0.4296,0
CU00004905,Sneha Das,44,Female,Pune,Maharashtra,Professional,937811.0,Low,2017-10-06,BR022,0.6959,0
CU00004906,Rahul Gupta,29,Female,Pune,Maharashtra,Salaried,933216.0,Low,2024-11-19,BR006,0.601,0
CU00004907,Rahul Nair,35,Female,Mumbai,Maharashtra,Salaried,673156.0,Medium,2022-08-08,BR009,0.5341,0
CU00004908,Sai Gupta,30,Female,Visakhapatnam,Andhra Pradesh,Self-employed,629507.0,Medium,2020-12-14,BR024,0.7057,0
CU00004909,Sai Das,54,Female,Pune,Maharashtra,Salaried,594209.0,Medium,2021-01-10,BR012,0.3655,0
CU00004910,Divya Singh,26,Male,Mumbai,Maharashtra,Salaried,601947.0,Medium,2026-05-08,BR008,0.3279,0
CU00004911,Divya Gupta,32,Male,Hyderabad,Telangana,Student,819846.0,Medium,2017-01-05,BR002,0.2773,0
CU00004912,Arjun Iyer,57,Female,Mumbai,Maharashtra,Salaried,851003.0,Medium,2025-06-17,BR005,0.7394,0
CU00004913,Arjun Sharma,34,Male,Pune,Maharashtra,Salaried,1506121.0,Low,2022-02-05,BR007,0.8162,0
CU00004914,Divya Patel,40,Male,Bengaluru,Karnataka,Student,402083.0,Medium,2018-10-30,BR023,0.7701,1
CU00004915,Priya Nair,30,Male,Kolkata,West Bengal,Self-employed,399952.0,High,2017-05-04,BR003,0.5194,0
CU00004916,Aditi Rao,54,Male,Visakhapatnam,Andhra Pradesh,Self-employed,377010.0,High,2018-04-04,BR023,0.6692,0
CU00004917,Sai Rao,35,Male,Bengaluru,Karnataka,Salaried,180000.0,High,2023-05-22,BR023,0.3995,0
CU00004918,Ishaan Khan,41,Male,Bengaluru,Karnataka,Salaried,541250.0,Medium,2026-06-08,BR015,0.1649,0
CU00004919,Aarav Rao,56,Female,Visakhapatnam,Andhra Pradesh,Self-employed,2059333.0,Very Low,2023-06-27,BR012,0.183,0
CU00004920,Priya Iyer,53,Female,Bengaluru,Karnataka,Professional,183700.0,High,2019-05-24,BR005,0.5387,0
CU00004921,Ishaan Sharma,49,Female,Delhi,Delhi,Self-employed,793554.0,Medium,2021-09-05,BR009,0.7449,0
CU00004922,Nikhil Khan,40,Male,Hyderabad,Telangana,Professional,996909.0,Low,2020-08-28,BR020,0.4289,0
CU00004923,Meera Iyer,37,Male,Pune,Maharashtra,Salaried,357112.0,High,2021-07-12,BR003,0.1528,1
CU00004924,Sai Khan,42,Female,Pune,Maharashtra,Self-employed,1142029.0,Low,2018-01-22,BR008,0.7383,0
CU00004925,Sneha Khan,41,Male,Mumbai,Maharashtra,Retired,1114024.0,Low,2024-11-21,BR014,0.784,0
CU00004926,Sneha Patel,35,Male,Mumbai,Maharashtra,Salaried,1011066.0,Low,2023-08-27,BR009,0.1649,0
CU00004927,Meera Patel,61,Female,Hyderabad,Telangana,Self-employed,2212485.0,Very Low,2025-03-10,BR006,0.2736,0
CU00004928,Rahul Patel,46,Male,Bengaluru,Karnataka,Retired,995342.0,Low,2017-11-11,BR007,0.782,0
CU00004929,Rahul Khan,57,Male,Visakhapatnam,Andhra Pradesh,Salaried,796274.0,Medium,2024-09-09,BR008,0.6656,0
CU00004930,Kavya Nair,21,Female,Mumbai,Maharashtra,Salaried,681742.0,Medium,2025-10-01,BR005,0.8985,0
CU00004931,Aditi Rao,40,Male,Chennai,Tamil Nadu,Professional,1680260.0,Low,2017-06-06,BR017,0.3132,0
CU00004932,Priya Das,39,Male,Pune,Maharashtra,Salaried,854415.0,Medium,2017-09-09,BR003,0.5189,0
CU00004933,Arjun Reddy,52,Female,Mumbai,Maharashtra,Self-employed,3412506.0,Very Low,2023-06-30,BR009,0.8234,0
CU00004934,Ishaan Khan,41,Male,Visakhapatnam,Andhra Pradesh,Self-employed,352340.0,High,2016-11-27,BR006,0.7892,0
CU00004935,Meera Sharma,45,Male,Delhi,Delhi,Salaried,1824563.0,Very Low,2022-07-11,BR006,0.37,0
CU00004936,Priya Das,37,Male,Pune,Maharashtra,Salaried,786992.0,Medium,2018-08-23,BR010,0.5297,0
CU00004937,Nikhil Sharma,31,Female,Kolkata,West Bengal,Salaried,621201.0,Medium,2019-03-07,BR016,0.3656,0
CU00004938,Sneha Patel,60,Male,Mumbai,Maharashtra,Salaried,518416.0,Medium,2017-07-24,BR020,0.9189,0
CU00004939,Aditi Singh,26,Male,Chennai,Tamil Nadu,Retired,284850.0,High,2020-06-14,BR006,0.4912,0
CU00004940,Kavya Nair,42,Female,Kolkata,West Bengal,Salaried,960764.0,Low,2021-01-10,BR019,0.6135,0
CU00004941,Ishaan Das,18,Female,Hyderabad,Telangana,Salaried,481014.0,Medium,2017-11-02,BR020,0.4543,0
CU00004942,Sai Patel,26,Male,Pune,Maharashtra,Salaried,596916.0,Medium,2019-09-23,BR015,0.4209,0
CU00004943,Aditi Iyer,23,Female,Delhi,Delhi,Retired,197048.0,High,2025-12-31,BR003,0.6792,1
CU00004944,Sai Nair,36,Male,Kolkata,West Bengal,Salaried,652070.0,Medium,2018-07-15,BR003,0.7041,0
CU00004945,Divya Sharma,48,Female,Delhi,Delhi,Student,2675850.0,Very Low,2026-04-12,BR024,0.6369,0
CU00004946,Sneha Iyer,40,Female,Hyderabad,Telangana,Professional,1022460.0,Low,2022-02-02,BR011,0.3525,0
CU00004947,Rahul Gupta,40,Male,Chennai,Tamil Nadu,Self-employed,1427865.0,Low,2020-11-11,BR004,0.6393,0
CU00004948,Nikhil Iyer,22,Male,Kolkata,West Bengal,Salaried,545092.0,Medium,2023-12-29,BR021,0.7485,0
CU00004949,Meera Khan,21,Male,Chennai,Tamil Nadu,Professional,516566.0,Medium,2018-09-04,BR023,0.3798,0
CU00004950,Meera Gupta,41,Female,Kolkata,West Bengal,Salaried,312590.0,High,2023-01-13,BR003,0.8388,0
CU00004951,Priya Khan,24,Male,Mumbai,Maharashtra,Salaried,604086.0,Medium,2022-05-06,BR002,0.5711,0
CU00004952,Divya Khan,28,Female,Chennai,Tamil Nadu,Professional,311371.0,High,2019-03-16,BR007,0.8928,0
CU00004953,Rahul Reddy,18,Male,Mumbai,Maharashtra,Professional,878286.0,Medium,2018-12-09,BR004,0.7636,0
CU00004954,Rahul Nair,57,Female,Mumbai,Maharashtra,Salaried,967694.0,Low,2023-04-30,BR004,0.7023,0
CU00004955,Aarav Singh,24,Female,Visakhapatnam,Andhra Pradesh,Professional,1153659.0,Low,2020-11-18,BR016,0.377,0
CU00004956,Rahul Khan,61,Male,Visakhapatnam,Andhra Pradesh,Self-employed,416562.0,Medium,2022-11-23,BR016,0.2913,0
CU00004957,Aarav Nair,50,Female,Hyderabad,Telangana,Salaried,1846746.0,Very Low,2021-11-13,BR021,0.1593,0
CU00004958,Meera Nair,32,Male,Visakhapatnam,Andhra Pradesh,Salaried,578001.0,Medium,2023-07-20,BR004,0.9114,0
CU00004959,Nikhil Gupta,20,Male,Delhi,Delhi,Salaried,579283.0,Medium,2021-08-18,BR004,0.6751,0
CU00004960,Sneha Sharma,64,Male,Pune,Maharashtra,Salaried,686987.0,Medium,2017-03-27,BR014,0.4824,0
CU00004961,Kavya Das,37,Male,Kolkata,West Bengal,Self-employed,535836.0,Medium,2022-08-22,BR021,0.9478,0
CU00004962,Sai Das,29,Male,Kolkata,West Bengal,Salaried,1077723.0,Low,2021-08-17,BR012,0.6746,1
CU00004963,Nikhil Das,31,Male,Kolkata,West Bengal,Salaried,1237240.0,Low,2026-01-15,BR006,0.1843,0
CU00004964,Kavya Das,46,Female,Mumbai,Maharashtra,Salaried,1201667.0,Low,2017-03-10,BR007,0.4747,0
CU00004965,Sai Nair,19,Male,Kolkata,West Bengal,Salaried,180000.0,High,2024-08-03,BR002,0.8959,0
CU00004966,Aarav Iyer,41,Male,Chennai,Tamil Nadu,Professional,730056.0,Medium,2018-08-28,BR016,0.337,0
CU00004967,Sai Reddy,28,Female,Kolkata,West Bengal,Self-employed,454614.0,Medium,2019-08-11,BR011,0.8959,0
CU00004968,Ishaan Das,50,Male,Mumbai,Maharashtra,Salaried,266645.0,High,2018-02-11,BR008,0.4033,1
CU00004969,Aditi Reddy,29,Female,Delhi,Delhi,Self-employed,459941.0,Medium,2017-10-19,BR012,0.9404,0
CU00004970,Rahul Patel,40,Male,Kolkata,West Bengal,Self-employed,738779.0,Medium,2017-01-04,BR017,0.2199,0
CU00004971,Priya Reddy,18,Male,Chennai,Tamil Nadu,Salaried,896459.0,Medium,2025-05-23,BR009,0.5968,0
CU00004972,Priya Sharma,29,Male,Mumbai,Maharashtra,Salaried,644370.0,Medium,2016-12-25,BR015,0.621,0
CU00004973,Aarav Nair,42,Male,Hyderabad,Telangana,Self-employed,576958.0,Medium,2022-10-27,BR015,0.5949,0
CU00004974,Sai Iyer,22,Female,Chennai,Tamil Nadu,Self-employed,1073827.0,Low,2018-05-09,BR017,0.5396,0
CU00004975,Aditi Patel,34,Female,Hyderabad,Telangana,Salaried,671616.0,Medium,2025-01-13,BR024,0.774,0
CU00004976,Sai Nair,32,Female,Visakhapatnam,Andhra Pradesh,Student,887312.0,Medium,2019-05-31,BR008,0.1404,0
CU00004977,Ishaan Gupta,33,Female,Visakhapatnam,Andhra Pradesh,Salaried,690693.0,Medium,2021-03-22,BR013,0.5249,0
CU00004978,Rahul Gupta,41,Female,Bengaluru,Karnataka,Salaried,424665.0,Medium,2022-02-19,BR010,0.5604,0
CU00004979,Ishaan Rao,50,Female,Kolkata,West Bengal,Professional,730328.0,Medium,2025-08-15,BR007,0.4612,0
CU00004980,Divya Gupta,23,Male,Visakhapatnam,Andhra Pradesh,Retired,1838476.0,Very Low,2017-08-08,BR005,0.4847,0
CU00004981,Sneha Rao,26,Female,Visakhapatnam,Andhra Pradesh,Salaried,844551.0,Medium,2026-02-19,BR020,0.7234,0
CU00004982,Kavya Iyer,33,Female,Hyderabad,Telangana,Self-employed,642306.0,Medium,2019-09-23,BR022,0.8697,1
CU00004983,Sneha Gupta,53,Female,Pune,Maharashtra,Salaried,994972.0,Low,2025-04-12,BR021,0.4693,0
CU00004984,Aditi Khan,44,Female,Hyderabad,Telangana,Salaried,613519.0,Medium,2025-05-06,BR009,0.6402,0
CU00004985,Sai Das,44,Female,Hyderabad,Telangana,Salaried,698129.0,Medium,2021-06-12,BR005,0.438,0
CU00004986,Aditi Patel,33,Female,Visakhapatnam,Andhra Pradesh,Student,507036.0,Medium,2025-08-20,BR016,0.6988,0
CU00004987,Aarav Sharma,24,Female,Hyderabad,Telangana,Retired,379976.0,High,2025-01-22,BR019,0.8698,1
CU00004988,Priya Das,30,Male,Visakhapatnam,Andhra Pradesh,Salaried,544712.0,Medium,2022-11-27,BR010,0.8755,0
CU00004989,Nikhil Das,40,Male,Bengaluru,Karnataka,Salaried,775145.0,Medium,2020-12-09,BR016,0.7145,0
CU00004990,Priya Nair,29,Male,Kolkata,West Bengal,Retired,577797.0,Medium,2021-12-25,BR003,0.5887,0
CU00004991,Arjun Nair,73,Female,Bengaluru,Karnataka,Retired,591415.0,Medium,2020-04-05,BR022,0.7828,0
CU00004992,Sneha Gupta,42,Female,Visakhapatnam,Andhra Pradesh,Salaried,1169572.0,Low,2021-12-02,BR013,0.6501,0
CU00004993,Aditi Rao,60,Female,Bengaluru,Karnataka,Retired,1640813.0,Low,2024-06-02,BR018,0.803,0
CU00004994,Arjun Gupta,36,Female,Delhi,Delhi,Self-employed,1280765.0,Low,2024-05-23,BR003,0.335,0
CU00004995,Meera Reddy,23,Male,Pune,Maharashtra,Professional,355617.0,High,2024-04-21,BR012,0.9126,0
CU00004996,Arjun Nair,30,Female,Delhi,Delhi,Retired,865458.0,Medium,2016-09-26,BR006,0.4404,1
CU00004997,Arjun Reddy,36,Female,Bengaluru,Karnataka,Salaried,1136880.0,Low,2021-02-08,BR020,0.4437,0
CU00004998,Divya Nair,33,Female,Kolkata,West Bengal,Professional,1362554.0,Low,2025-04-05,BR022,0.8695,0
CU00004999,Ishaan Rao,39,Male,Delhi,Delhi,Salaried,1589448.0,Low,2023-08-28,BR008,0.6355,0
CU00005000,Kavya Singh,45,Male,Kolkata,West Bengal,Self-employed,803394.0,Medium,2023-02-04,BR004,0.4159,0
