interaction_id,customer_id,interaction_date,channel,reason,resolution_hours,satisfaction_score
IN00000001,CU00003135,2026-04-18,Branch,Loan enquiry,23.2,3
IN00000002,CU00001305,2026-01-14,Email,Digital help,26.85,4
IN00000003,CU00002819,2025-07-07,App,Complaint,10.0,2
IN00000004,CU00002409,2026-08-03,Email,KYC,12.27,5
IN00000005,CU00000974,2026-04-22,Branch,Complaint,21.1,5
IN00000006,CU00003913,2025-03-31,Call Centre,Service request,46.07,4
IN00000007,CU00001028,2025-08-18,Chat,KYC,26.02,5
IN00000008,CU00001445,2024-12-19,Call Centre,Service request,8.48,3
IN00000009,CU00001907,2024-11-22,Call Centre,KYC,20.59,5
IN00000010,CU00004394,2024-12-07,App,Loan enquiry,3.48,4
IN00000011,CU00002235,2024-11-02,Call Centre,Card issue,7.63,5
IN00000012,CU00004278,2025-09-02,Chat,Service request,35.13,3
IN00000013,CU00000138,2026-05-12,Chat,Digital help,18.49,5
IN00000014,CU00002373,2026-08-09,App,Service request,8.49,4
IN00000015,CU00001102,2026-03-30,Chat,Card issue,10.56,3
IN00000016,CU00002219,2026-02-06,Call Centre,Card issue,23.38,3
IN00000017,CU00001209,2024-12-27,Chat,Digital help,31.57,5
IN00000018,CU00000458,2026-01-26,Chat,Digital help,18.33,3
IN00000019,CU00004747,2025-11-11,Email,Loan enquiry,6.21,4
IN00000020,CU00001879,2026-03-27,Chat,Loan enquiry,37.55,4
IN00000021,CU00004107,2026-02-15,Email,KYC,51.45,3
IN00000022,CU00003932,2025-10-10,Chat,Loan enquiry,14.96,5
IN00000023,CU00002246,2025-10-08,Branch,Digital help,11.55,5
IN00000024,CU00001781,2026-01-02,Call Centre,Loan enquiry,29.51,4
IN00000025,CU00000062,2025-08-11,Email,Card issue,23.48,4
IN00000026,CU00004514,2026-02-20,Email,Loan enquiry,13.48,5
IN00000027,CU00003663,2025-11-29,Email,Loan enquiry,8.26,5
IN00000028,CU00004392,2026-04-13,Call Centre,Card issue,24.48,2
IN00000029,CU00000760,2025-07-30,Call Centre,Loan enquiry,6.34,4
IN00000030,CU00002950,2025-01-04,App,Loan enquiry,5.53,5
IN00000031,CU00002743,2025-03-08,Branch,Card issue,18.36,5
IN00000032,CU00004168,2025-07-22,Chat,Card issue,51.61,5
IN00000033,CU00002981,2025-01-05,App,KYC,25.05,4
IN00000034,CU00002061,2026-08-18,Chat,Digital help,17.59,4
IN00000035,CU00004823,2025-08-22,Email,KYC,15.68,4
IN00000036,CU00000645,2024-10-28,Email,Complaint,34.56,3
IN00000037,CU00003718,2024-12-10,App,KYC,44.88,5
IN00000038,CU00000860,2026-01-28,Email,Complaint,69.72,5
IN00000039,CU00002266,2025-05-02,Email,Digital help,7.36,3
IN00000040,CU00001729,2026-01-25,Email,Card issue,30.67,3
IN00000041,CU00001074,2025-05-29,App,Service request,35.83,3
IN00000042,CU00001301,2025-08-31,Chat,Card issue,29.63,4
IN00000043,CU00003420,2026-07-08,Chat,KYC,14.0,4
IN00000044,CU00001941,2025-04-10,Call Centre,KYC,26.45,5
IN00000045,CU00003040,2025-01-02,Call Centre,Service request,12.61,5
IN00000046,CU00002707,2025-06-09,App,KYC,32.86,4
IN00000047,CU00004932,2025-04-12,Email,Service request,17.96,3
IN00000048,CU00002262,2025-03-12,Branch,KYC,10.01,4
IN00000049,CU00002880,2026-02-20,Call Centre,Complaint,15.89,3
IN00000050,CU00003407,2025-07-19,Call Centre,Service request,9.13,5
IN00000051,CU00004365,2025-07-24,Branch,Card issue,2.57,4
IN00000052,CU00003462,2026-06-11,App,Loan enquiry,26.6,3
IN00000053,CU00004427,2026-03-14,App,KYC,8.94,5
IN00000054,CU00004714,2025-11-23,App,Complaint,4.22,5
IN00000055,CU00004179,2026-01-05,Chat,KYC,29.53,4
IN00000056,CU00000198,2026-07-10,Branch,KYC,14.37,2
IN00000057,CU00002431,2026-06-22,Branch,Digital help,13.75,5
IN00000058,CU00001945,2025-10-02,Chat,KYC,22.68,5
IN00000059,CU00001266,2026-03-13,App,Card issue,4.54,3
IN00000060,CU00003679,2026-06-12,App,Loan enquiry,9.47,3
IN00000061,CU00004881,2026-04-27,Chat,Digital help,15.6,5
IN00000062,CU00001171,2026-03-02,Email,Loan enquiry,23.5,5
IN00000063,CU00003214,2026-03-21,Branch,Complaint,43.54,5
IN00000064,CU00002275,2025-07-30,Call Centre,Digital help,7.88,5
IN00000065,CU00003287,2026-08-10,App,Loan enquiry,2.98,4
IN00000066,CU00000133,2025-12-31,App,Card issue,8.63,3
IN00000067,CU00000538,2025-01-17,Branch,Service request,27.46,5
IN00000068,CU00003275,2026-08-02,Call Centre,Digital help,20.15,4
IN00000069,CU00003105,2024-12-19,Email,Service request,9.05,4
IN00000070,CU00004975,2025-05-14,Branch,Loan enquiry,15.52,4
IN00000071,CU00003707,2026-03-30,Call Centre,Complaint,34.49,4
IN00000072,CU00001921,2025-02-19,Email,Loan enquiry,18.06,4
IN00000073,CU00002769,2025-09-30,Email,Complaint,13.07,5
IN00000074,CU00003063,2026-05-25,Email,Card issue,31.43,4
IN00000075,CU00004354,2026-08-13,Chat,Complaint,44.44,5
IN00000076,CU00003941,2025-11-26,Chat,Card issue,1.4,5
IN00000077,CU00002031,2025-12-07,Email,Complaint,32.43,4
IN00000078,CU00000746,2025-11-12,Call Centre,Card issue,10.54,4
IN00000079,CU00000494,2025-10-13,Branch,Complaint,34.36,5
IN00000080,CU00002508,2024-12-30,Branch,Card issue,3.54,3
IN00000081,CU00001232,2026-05-30,Chat,Card issue,28.76,5
IN00000082,CU00001454,2025-11-20,Email,KYC,6.88,5
IN00000083,CU00000887,2025-03-08,Chat,Digital help,52.74,2
IN00000084,CU00002073,2026-03-05,Email,Service request,7.66,4
IN00000085,CU00004451,2025-02-08,Branch,Card issue,6.53,5
IN00000086,CU00004268,2024-12-03,App,KYC,7.32,5
IN00000087,CU00003149,2025-12-24,Call Centre,KYC,14.04,5
IN00000088,CU00001668,2026-08-30,Chat,Loan enquiry,2.36,4
IN00000089,CU00003704,2024-09-08,Call Centre,Complaint,6.02,5
IN00000090,CU00004115,2025-10-27,Call Centre,Digital help,11.31,4
IN00000091,CU00002987,2025-04-25,Branch,KYC,7.58,3
IN00000092,CU00000229,2025-03-24,Chat,KYC,44.14,4
IN00000093,CU00001359,2025-04-28,Branch,Complaint,26.12,4
IN00000094,CU00001754,2025-01-30,App,KYC,53.73,1
IN00000095,CU00002552,2025-09-04,Email,Complaint,14.66,3
IN00000096,CU00003668,2025-10-19,Branch,Card issue,32.11,5
IN00000097,CU00003448,2026-04-13,Chat,Complaint,24.88,5
IN00000098,CU00004565,2025-12-16,Branch,Service request,26.75,5
IN00000099,CU00000649,2025-10-14,Email,Loan enquiry,45.93,4
IN00000100,CU00003542,2025-04-10,Branch,KYC,6.49,5
IN00000101,CU00002485,2025-05-31,Branch,Loan enquiry,16.93,4
IN00000102,CU00000508,2026-01-05,Email,Loan enquiry,8.6,4
IN00000103,CU00003761,2026-03-05,Call Centre,Loan enquiry,4.84,4
IN00000104,CU00001415,2025-05-19,App,Loan enquiry,34.66,4
IN00000105,CU00002949,2024-09-19,Call Centre,Complaint,16.09,4
IN00000106,CU00004308,2025-09-14,Chat,Card issue,19.93,3
IN00000107,CU00004653,2025-03-10,Email,Service request,6.61,5
IN00000108,CU00001207,2025-09-21,App,Digital help,11.61,4
IN00000109,CU00001024,2025-12-07,Email,Digital help,13.29,4
IN00000110,CU00003377,2025-02-26,Branch,Complaint,65.42,4
IN00000111,CU00000216,2025-04-07,Branch,Loan enquiry,16.34,4
IN00000112,CU00001047,2024-12-27,Email,Complaint,3.3,4
IN00000113,CU00004795,2026-07-14,Call Centre,Service request,9.77,4
IN00000114,CU00003633,2025-08-31,Email,Card issue,17.52,3
IN00000115,CU00000065,2025-07-08,Chat,KYC,25.87,4
IN00000116,CU00004134,2025-10-14,Email,KYC,26.91,3
IN00000117,CU00002002,2024-11-08,Chat,Card issue,14.47,4
IN00000118,CU00004413,2025-07-31,Call Centre,Complaint,32.11,2
IN00000119,CU00000663,2025-05-31,Chat,Complaint,25.95,4
IN00000120,CU00002185,2025-04-30,App,Card issue,29.94,3
IN00000121,CU00003728,2025-09-27,Call Centre,Digital help,2.22,4
IN00000122,CU00004092,2025-05-02,App,Card issue,7.34,4
IN00000123,CU00004257,2026-02-08,Chat,Card issue,9.26,4
IN00000124,CU00002447,2025-06-20,App,Service request,39.83,5
IN00000125,CU00002141,2025-03-29,Chat,Digital help,6.19,4
IN00000126,CU00004496,2025-07-11,Email,Service request,15.53,5
IN00000127,CU00002003,2026-02-16,Call Centre,Loan enquiry,33.95,4
IN00000128,CU00000959,2024-11-08,Branch,Card issue,5.15,1
IN00000129,CU00000277,2025-08-24,Email,Service request,7.75,5
IN00000130,CU00001412,2024-11-08,Call Centre,Digital help,11.84,5
IN00000131,CU00004712,2026-02-02,Chat,KYC,10.4,3
IN00000132,CU00001379,2025-09-28,Call Centre,KYC,22.76,5
IN00000133,CU00001361,2025-02-04,Branch,Digital help,9.88,5
IN00000134,CU00003570,2024-12-31,Chat,Complaint,30.38,5
IN00000135,CU00001731,2024-12-17,App,KYC,14.26,4
IN00000136,CU00001050,2025-12-17,Chat,Card issue,3.09,4
IN00000137,CU00004525,2026-08-04,Call Centre,Complaint,2.88,2
IN00000138,CU00003728,2025-03-07,Call Centre,Loan enquiry,2.72,5
IN00000139,CU00003533,2026-08-03,Chat,Service request,38.66,5
IN00000140,CU00001249,2026-01-12,Branch,Service request,29.78,5
IN00000141,CU00000352,2026-07-12,Branch,Card issue,14.95,1
IN00000142,CU00001802,2025-03-17,Chat,Card issue,15.79,3
IN00000143,CU00002788,2025-09-17,Call Centre,Complaint,16.46,5
IN00000144,CU00002693,2025-09-20,Email,Card issue,35.22,4
IN00000145,CU00004997,2024-10-10,Email,Complaint,1.63,5
IN00000146,CU00001029,2026-04-30,Chat,Loan enquiry,17.57,5
IN00000147,CU00001398,2026-06-20,Email,Loan enquiry,30.69,4
IN00000148,CU00004419,2025-03-16,Branch,Card issue,10.77,3
IN00000149,CU00003365,2026-01-11,Call Centre,Card issue,34.24,3
IN00000150,CU00002202,2024-11-09,Email,Card issue,9.15,4
IN00000151,CU00002501,2025-09-23,Chat,Service request,9.35,5
IN00000152,CU00004078,2025-07-01,Branch,Loan enquiry,9.61,3
IN00000153,CU00001066,2025-01-04,Branch,KYC,15.42,3
IN00000154,CU00003994,2025-04-05,Chat,Card issue,21.88,2
IN00000155,CU00004819,2026-08-13,Email,Card issue,22.69,4
IN00000156,CU00004720,2025-09-04,Email,Card issue,10.53,5
IN00000157,CU00004264,2026-01-26,Call Centre,Card issue,20.41,1
IN00000158,CU00002298,2025-11-09,Email,Complaint,5.65,4
IN00000159,CU00002388,2026-08-12,Chat,Card issue,23.27,3
IN00000160,CU00003231,2026-08-15,App,Loan enquiry,21.2,5
IN00000161,CU00001794,2024-10-28,Email,KYC,8.84,5
IN00000162,CU00001562,2025-07-16,Chat,Service request,8.58,4
IN00000163,CU00003900,2025-05-22,Chat,Loan enquiry,27.64,4
IN00000164,CU00003938,2026-04-18,Email,Service request,7.95,4
IN00000165,CU00000288,2025-07-26,Chat,Digital help,24.25,2
IN00000166,CU00004699,2025-06-30,Chat,Card issue,17.75,3
IN00000167,CU00003710,2024-10-05,Call Centre,Service request,13.2,4
IN00000168,CU00004121,2026-01-19,App,Card issue,21.77,3
IN00000169,CU00000806,2025-09-17,Branch,Service request,21.88,4
IN00000170,CU00004989,2025-04-02,Branch,Complaint,4.99,3
IN00000171,CU00001384,2025-08-22,Call Centre,Loan enquiry,21.45,5
IN00000172,CU00003914,2025-12-04,Email,Digital help,13.92,4
IN00000173,CU00000246,2025-01-11,Email,Service request,7.41,4
IN00000174,CU00004556,2026-08-06,Branch,Service request,16.74,1
IN00000175,CU00001412,2026-03-13,Call Centre,Card issue,6.38,5
IN00000176,CU00002710,2025-10-16,Branch,Digital help,4.16,4
IN00000177,CU00000591,2026-06-28,Call Centre,KYC,10.84,4
IN00000178,CU00001028,2026-06-23,App,Card issue,24.0,2
IN00000179,CU00001452,2026-08-06,Email,Loan enquiry,6.06,2
IN00000180,CU00001697,2026-07-29,Email,Loan enquiry,11.78,5
IN00000181,CU00001851,2024-10-19,App,Digital help,10.25,5
IN00000182,CU00001314,2025-05-24,Call Centre,KYC,3.88,5
IN00000183,CU00003343,2025-02-21,Chat,Digital help,5.66,4
IN00000184,CU00004345,2024-12-26,Call Centre,Service request,16.8,4
IN00000185,CU00001410,2025-04-21,Email,KYC,44.89,4
IN00000186,CU00001438,2026-06-11,Chat,Loan enquiry,29.36,4
IN00000187,CU00003512,2025-01-08,App,Complaint,3.9,4
IN00000188,CU00001246,2024-12-16,Branch,KYC,19.64,5
IN00000189,CU00004775,2025-08-03,App,KYC,2.43,4
IN00000190,CU00002011,2026-06-24,Chat,Card issue,17.41,3
IN00000191,CU00003454,2026-08-21,App,Card issue,37.81,1
IN00000192,CU00003932,2026-07-12,Email,Card issue,28.1,5
IN00000193,CU00000796,2026-04-02,App,Digital help,14.68,4
IN00000194,CU00003648,2024-09-01,Branch,Complaint,5.39,4
IN00000195,CU00004887,2026-07-21,Call Centre,Loan enquiry,16.0,5
IN00000196,CU00003031,2024-11-30,Call Centre,Loan enquiry,13.45,5
IN00000197,CU00000553,2025-12-13,Chat,Digital help,5.16,4
IN00000198,CU00002988,2026-06-09,Email,Complaint,17.8,3
IN00000199,CU00002856,2025-01-22,Email,Loan enquiry,44.42,4
IN00000200,CU00003881,2026-02-04,Chat,Loan enquiry,17.16,5
IN00000201,CU00004548,2026-02-27,Chat,Digital help,10.25,2
IN00000202,CU00002047,2024-09-28,App,Complaint,13.23,5
IN00000203,CU00003400,2026-03-30,App,Loan enquiry,10.29,1
IN00000204,CU00000806,2025-10-31,Call Centre,Digital help,61.83,1
IN00000205,CU00004602,2026-06-24,App,Complaint,12.4,4
IN00000206,CU00003200,2025-10-25,Email,Loan enquiry,14.57,1
IN00000207,CU00002568,2025-02-25,Call Centre,Digital help,9.36,4
IN00000208,CU00004870,2026-06-16,Chat,Card issue,10.25,4
IN00000209,CU00001654,2025-10-10,Call Centre,Service request,36.6,5
IN00000210,CU00000981,2025-12-21,Email,Loan enquiry,22.38,5
IN00000211,CU00001065,2026-01-27,Email,Digital help,17.5,3
IN00000212,CU00004490,2024-10-17,Call Centre,Loan enquiry,13.43,4
IN00000213,CU00002592,2026-08-25,Branch,Digital help,32.19,4
IN00000214,CU00002398,2025-04-08,Email,Loan enquiry,13.88,4
IN00000215,CU00000344,2026-05-08,Branch,Card issue,16.54,3
IN00000216,CU00003958,2025-04-06,Chat,Digital help,21.15,3
IN00000217,CU00004325,2026-07-14,Branch,Service request,14.86,4
IN00000218,CU00000821,2026-05-08,Call Centre,Complaint,9.34,2
IN00000219,CU00004574,2026-06-27,Call Centre,Digital help,27.8,5
IN00000220,CU00000033,2026-01-23,Chat,Loan enquiry,21.98,5
IN00000221,CU00004994,2025-03-20,Call Centre,Digital help,9.75,4
IN00000222,CU00000995,2026-08-02,Chat,Loan enquiry,18.13,2
IN00000223,CU00004418,2025-09-24,Email,Service request,12.12,5
IN00000224,CU00000279,2026-08-28,App,Card issue,8.81,4
IN00000225,CU00001963,2025-02-13,Branch,Card issue,19.58,5
IN00000226,CU00003692,2025-08-29,Email,KYC,20.17,2
IN00000227,CU00003843,2025-04-15,Branch,KYC,6.25,4
IN00000228,CU00001754,2026-03-07,App,Service request,27.11,4
IN00000229,CU00002537,2024-12-14,Call Centre,Digital help,17.86,3
IN00000230,CU00004503,2026-02-08,Email,KYC,21.23,5
IN00000231,CU00003211,2025-01-12,Call Centre,Digital help,2.97,3
IN00000232,CU00004436,2026-01-23,App,Complaint,22.32,4
IN00000233,CU00000773,2025-07-06,App,Card issue,13.58,5
IN00000234,CU00004202,2025-09-16,App,Digital help,35.75,3
IN00000235,CU00004294,2025-11-06,App,KYC,19.49,5
IN00000236,CU00002860,2024-09-16,Branch,Service request,26.9,2
IN00000237,CU00002921,2025-06-05,Branch,Loan enquiry,61.4,3
IN00000238,CU00001907,2025-08-03,Email,Service request,14.37,4
IN00000239,CU00002039,2026-01-21,Email,Loan enquiry,7.05,2
IN00000240,CU00002475,2024-09-13,Call Centre,Card issue,4.95,4
IN00000241,CU00003879,2025-08-20,Email,Service request,14.43,3
IN00000242,CU00003347,2026-01-10,App,Loan enquiry,13.61,4
IN00000243,CU00001904,2025-04-06,Call Centre,Digital help,2.37,5
IN00000244,CU00001424,2025-10-14,Branch,Complaint,15.29,5
IN00000245,CU00000252,2025-06-02,Email,Complaint,18.71,4
IN00000246,CU00000312,2026-05-14,Branch,Service request,19.99,5
IN00000247,CU00003599,2025-03-10,Email,Digital help,13.08,4
IN00000248,CU00002864,2025-11-24,Chat,Digital help,35.28,3
IN00000249,CU00000466,2025-06-14,Call Centre,KYC,19.53,4
IN00000250,CU00003777,2024-11-29,Call Centre,Loan enquiry,40.76,5
IN00000251,CU00002577,2025-01-25,App,Complaint,22.61,5
IN00000252,CU00000150,2026-05-30,Branch,Card issue,23.07,3
IN00000253,CU00001456,2024-11-02,Chat,Card issue,34.7,5
IN00000254,CU00000837,2026-06-23,Email,Complaint,9.91,4
IN00000255,CU00001649,2026-03-06,App,Card issue,41.48,2
IN00000256,CU00001639,2024-12-16,Branch,Card issue,4.62,2
IN00000257,CU00003546,2025-06-03,App,KYC,21.5,4
IN00000258,CU00000983,2025-05-11,Chat,Card issue,32.13,4
IN00000259,CU00004818,2024-12-30,Branch,Digital help,9.35,4
IN00000260,CU00000273,2025-01-22,Call Centre,Loan enquiry,11.12,3
IN00000261,CU00000897,2025-01-24,App,Card issue,19.87,2
IN00000262,CU00003554,2025-09-18,Chat,Card issue,27.23,3
IN00000263,CU00004530,2025-03-31,Chat,Loan enquiry,23.17,5
IN00000264,CU00004778,2025-11-03,Email,Complaint,19.94,3
IN00000265,CU00003676,2025-09-28,Email,Card issue,12.38,5
IN00000266,CU00003737,2025-08-09,Chat,Card issue,13.77,4
IN00000267,CU00004462,2026-03-16,Call Centre,Digital help,13.0,5
IN00000268,CU00000500,2026-04-01,Branch,KYC,16.95,4
IN00000269,CU00001467,2026-05-28,Chat,Service request,5.73,4
IN00000270,CU00001957,2025-01-23,Branch,Service request,19.33,3
IN00000271,CU00003748,2026-01-21,Email,Card issue,11.15,3
IN00000272,CU00001838,2025-03-04,Call Centre,Card issue,56.36,3
IN00000273,CU00004926,2024-12-13,Email,Card issue,47.6,1
IN00000274,CU00004638,2026-02-11,Email,Loan enquiry,8.15,5
IN00000275,CU00003481,2026-01-29,Call Centre,Digital help,32.82,4
IN00000276,CU00000901,2026-02-09,App,KYC,24.33,5
IN00000277,CU00003665,2026-07-20,Branch,KYC,8.29,5
IN00000278,CU00001062,2026-05-20,Email,KYC,9.42,4
IN00000279,CU00002026,2024-12-31,Branch,Service request,12.47,3
IN00000280,CU00000626,2024-10-16,Call Centre,Card issue,13.31,5
IN00000281,CU00001856,2024-10-11,Call Centre,Service request,25.61,3
IN00000282,CU00000202,2025-11-06,Branch,Card issue,26.61,3
IN00000283,CU00001828,2026-01-02,App,KYC,12.63,3
IN00000284,CU00003886,2026-05-01,Branch,Card issue,25.69,4
IN00000285,CU00000497,2025-10-18,Call Centre,Complaint,11.28,3
IN00000286,CU00003424,2025-03-27,Chat,Service request,10.6,3
IN00000287,CU00000972,2025-02-20,Call Centre,Service request,19.03,3
IN00000288,CU00000550,2024-11-21,Call Centre,Digital help,8.37,5
IN00000289,CU00003850,2025-03-18,Chat,Digital help,13.99,5
IN00000290,CU00004528,2025-05-22,Email,Loan enquiry,37.41,3
IN00000291,CU00003466,2025-04-26,Chat,Service request,34.41,4
IN00000292,CU00001810,2024-10-09,App,Complaint,12.47,4
IN00000293,CU00000700,2024-11-21,Branch,Card issue,15.19,4
IN00000294,CU00001147,2026-05-07,Email,Digital help,17.64,4
IN00000295,CU00002721,2026-08-11,Email,KYC,12.4,4
IN00000296,CU00000953,2025-11-28,Call Centre,Loan enquiry,5.27,4
IN00000297,CU00003450,2025-09-03,Branch,KYC,6.53,4
IN00000298,CU00001959,2025-03-07,Call Centre,Complaint,9.98,4
IN00000299,CU00002040,2024-09-06,App,KYC,5.8,5
IN00000300,CU00000273,2025-09-17,App,Digital help,20.38,4
IN00000301,CU00004357,2025-11-24,App,Digital help,3.85,3
IN00000302,CU00001896,2025-09-23,Email,KYC,20.23,2
IN00000303,CU00001659,2026-06-27,App,Card issue,9.89,5
IN00000304,CU00000714,2026-07-20,Chat,Card issue,12.81,4
IN00000305,CU00001185,2025-08-28,Chat,Card issue,38.85,2
IN00000306,CU00000935,2024-10-04,Chat,Loan enquiry,24.73,4
IN00000307,CU00000534,2025-03-08,Email,Loan enquiry,41.95,3
IN00000308,CU00001337,2025-02-10,App,Digital help,18.73,4
IN00000309,CU00001986,2024-09-07,Chat,KYC,49.98,2
IN00000310,CU00000977,2026-05-27,Chat,Card issue,19.92,4
IN00000311,CU00001736,2024-12-06,Chat,Loan enquiry,10.59,5
IN00000312,CU00004671,2024-09-26,App,Service request,18.81,3
IN00000313,CU00001729,2026-02-02,App,KYC,17.42,5
IN00000314,CU00002559,2025-02-11,App,KYC,17.14,5
IN00000315,CU00004591,2025-07-19,Call Centre,Complaint,27.22,5
IN00000316,CU00004475,2026-01-05,Call Centre,Digital help,11.22,5
IN00000317,CU00000486,2025-11-17,Branch,Digital help,16.62,3
IN00000318,CU00000782,2025-09-23,Email,Card issue,1.96,5
IN00000319,CU00004932,2025-06-06,Chat,KYC,9.89,1
IN00000320,CU00001671,2025-10-18,Chat,KYC,8.99,4
IN00000321,CU00004579,2025-06-03,Email,Complaint,17.95,4
IN00000322,CU00004521,2025-01-15,Chat,KYC,8.29,4
IN00000323,CU00002611,2026-04-11,Chat,Loan enquiry,7.21,3
IN00000324,CU00003129,2025-03-31,Call Centre,Service request,12.53,5
IN00000325,CU00004757,2024-09-21,Chat,Complaint,28.57,3
IN00000326,CU00001757,2026-01-30,Email,Service request,24.87,4
IN00000327,CU00000944,2026-07-31,Chat,Loan enquiry,10.38,5
IN00000328,CU00001005,2025-10-06,Branch,Loan enquiry,12.34,4
IN00000329,CU00000687,2026-08-16,Call Centre,Service request,3.39,3
IN00000330,CU00004349,2025-07-07,Branch,Service request,11.78,4
IN00000331,CU00003501,2025-07-07,Chat,Loan enquiry,33.14,4
IN00000332,CU00002109,2025-03-03,Branch,Complaint,18.64,4
IN00000333,CU00001083,2025-09-16,Branch,Loan enquiry,6.27,4
IN00000334,CU00002039,2026-05-16,Call Centre,Loan enquiry,17.45,4
IN00000335,CU00002037,2025-05-27,Call Centre,KYC,19.19,4
IN00000336,CU00003030,2026-06-23,Call Centre,Loan enquiry,7.72,3
IN00000337,CU00003409,2025-02-04,Chat,Complaint,9.05,2
IN00000338,CU00000203,2024-11-11,Branch,KYC,32.24,4
IN00000339,CU00003310,2026-06-26,Chat,Complaint,12.71,4
IN00000340,CU00002252,2026-01-27,Call Centre,Service request,27.06,5
IN00000341,CU00000692,2025-08-06,Chat,Service request,17.36,5
IN00000342,CU00001853,2024-11-25,Call Centre,KYC,12.15,1
IN00000343,CU00002131,2025-08-24,Chat,Card issue,8.75,4
IN00000344,CU00000666,2026-08-21,App,Loan enquiry,21.88,4
IN00000345,CU00001927,2026-04-17,App,Digital help,2.44,5
IN00000346,CU00002305,2025-06-05,Chat,Digital help,51.41,4
IN00000347,CU00002026,2024-12-07,Branch,Digital help,25.73,5
IN00000348,CU00003783,2026-08-28,Email,Service request,7.88,4
IN00000349,CU00000968,2025-05-02,Call Centre,KYC,6.26,4
IN00000350,CU00000903,2026-04-21,Email,Digital help,1.31,4
IN00000351,CU00003373,2024-09-17,Email,Complaint,4.8,5
IN00000352,CU00004245,2026-04-06,Chat,Digital help,18.01,5
IN00000353,CU00003882,2026-02-01,Call Centre,Loan enquiry,17.43,4
IN00000354,CU00000999,2025-02-06,Call Centre,KYC,12.71,2
IN00000355,CU00000120,2025-02-02,Chat,KYC,7.38,5
IN00000356,CU00004269,2025-04-21,App,Digital help,26.66,5
IN00000357,CU00001065,2024-11-24,Call Centre,Digital help,11.09,4
IN00000358,CU00004763,2026-05-03,Call Centre,Complaint,42.17,2
IN00000359,CU00002436,2026-05-19,Call Centre,Card issue,14.1,5
IN00000360,CU00001419,2025-10-20,Call Centre,Service request,31.38,4
IN00000361,CU00004065,2025-12-13,Chat,Loan enquiry,5.23,4
IN00000362,CU00001851,2024-12-20,Call Centre,KYC,18.67,4
IN00000363,CU00003497,2024-11-16,App,Card issue,28.02,3
IN00000364,CU00003369,2025-06-24,Branch,Card issue,41.48,1
IN00000365,CU00003669,2026-08-06,Branch,Complaint,44.47,4
IN00000366,CU00003949,2026-04-15,Call Centre,Complaint,56.88,5
IN00000367,CU00003002,2024-12-11,Branch,Card issue,23.5,1
IN00000368,CU00003123,2025-07-15,App,KYC,4.48,4
IN00000369,CU00004860,2025-12-02,Call Centre,Service request,7.79,4
IN00000370,CU00001782,2025-02-25,Branch,Card issue,4.95,5
IN00000371,CU00001738,2025-09-20,Branch,KYC,9.3,4
IN00000372,CU00004570,2025-12-09,Branch,Loan enquiry,7.51,3
IN00000373,CU00003851,2026-08-14,Chat,Card issue,15.54,5
IN00000374,CU00002380,2025-09-08,Chat,Digital help,15.85,4
IN00000375,CU00000005,2024-10-20,Chat,Complaint,19.44,4
IN00000376,CU00001529,2025-06-08,Chat,Service request,23.84,4
IN00000377,CU00000819,2025-04-24,Chat,KYC,10.88,3
IN00000378,CU00003861,2025-11-02,App,Digital help,14.42,3
IN00000379,CU00000233,2025-08-21,Chat,Loan enquiry,9.26,3
IN00000380,CU00000765,2026-03-16,Branch,Digital help,34.64,5
IN00000381,CU00001834,2025-01-26,Branch,Loan enquiry,11.54,1
IN00000382,CU00001188,2025-06-03,Chat,Digital help,5.39,4
IN00000383,CU00002728,2026-08-26,Chat,Digital help,24.85,1
IN00000384,CU00003396,2025-11-15,Chat,KYC,24.69,5
IN00000385,CU00004194,2025-09-14,Email,KYC,43.33,5
IN00000386,CU00003400,2026-01-20,Call Centre,KYC,0.9,2
IN00000387,CU00000230,2024-11-07,Chat,Service request,35.93,4
IN00000388,CU00002177,2024-10-09,Call Centre,Service request,15.38,4
IN00000389,CU00001370,2026-07-18,Chat,KYC,2.66,2
IN00000390,CU00002934,2025-01-09,Email,KYC,10.12,5
IN00000391,CU00000821,2026-01-14,App,Card issue,7.51,3
IN00000392,CU00004261,2025-03-07,Branch,Complaint,10.78,5
IN00000393,CU00001561,2026-04-15,Email,Loan enquiry,16.25,4
IN00000394,CU00004625,2026-07-01,Branch,KYC,33.11,3
IN00000395,CU00004405,2024-10-24,Email,Card issue,5.51,4
IN00000396,CU00000301,2025-01-10,Chat,Card issue,33.68,2
IN00000397,CU00000424,2025-02-20,Chat,Service request,10.57,4
IN00000398,CU00001331,2025-07-04,Email,Digital help,20.37,3
IN00000399,CU00003407,2025-12-03,Call Centre,Complaint,15.92,5
IN00000400,CU00003104,2024-10-09,Call Centre,Digital help,23.13,5
IN00000401,CU00000436,2024-10-09,App,Complaint,36.28,4
IN00000402,CU00000203,2025-06-16,Chat,Complaint,16.67,4
IN00000403,CU00002278,2025-02-21,Email,Complaint,22.97,4
IN00000404,CU00000803,2025-04-13,Chat,Service request,23.85,5
IN00000405,CU00002774,2026-06-28,Chat,KYC,13.06,5
IN00000406,CU00003663,2025-11-17,Call Centre,Card issue,19.35,4
IN00000407,CU00000699,2024-12-24,Branch,Card issue,19.52,5
IN00000408,CU00002864,2025-03-14,Chat,Loan enquiry,21.62,2
IN00000409,CU00003047,2026-01-14,Email,KYC,15.78,5
IN00000410,CU00003580,2025-12-07,Branch,KYC,14.73,5
IN00000411,CU00003958,2026-02-17,App,Loan enquiry,19.25,5
IN00000412,CU00002363,2024-12-02,App,Complaint,5.72,2
IN00000413,CU00001601,2025-05-28,Chat,KYC,19.34,1
IN00000414,CU00004054,2026-08-19,App,Complaint,44.31,5
IN00000415,CU00002358,2025-11-22,Email,Service request,14.37,4
IN00000416,CU00000277,2025-11-03,Chat,KYC,9.48,4
IN00000417,CU00000430,2025-09-22,Email,Digital help,7.3,4
IN00000418,CU00002010,2026-08-01,Branch,Card issue,35.9,5
IN00000419,CU00000188,2024-11-07,App,Complaint,10.12,4
IN00000420,CU00004940,2024-12-03,Call Centre,Loan enquiry,21.55,5
IN00000421,CU00004840,2025-01-26,Call Centre,Digital help,8.34,5
IN00000422,CU00004248,2025-12-28,Branch,Service request,35.92,4
IN00000423,CU00000130,2025-01-18,Call Centre,Loan enquiry,10.59,5
IN00000424,CU00003909,2024-11-17,Chat,Service request,11.25,2
IN00000425,CU00000877,2026-03-30,Email,Loan enquiry,5.59,4
IN00000426,CU00002703,2024-10-11,Email,Card issue,28.57,4
IN00000427,CU00001390,2026-01-31,Email,Loan enquiry,35.65,3
IN00000428,CU00004445,2024-09-25,Call Centre,KYC,11.28,3
IN00000429,CU00002883,2025-06-24,App,Service request,12.58,5
IN00000430,CU00004181,2026-03-27,App,Service request,10.91,5
IN00000431,CU00000346,2026-01-27,App,Complaint,8.6,4
IN00000432,CU00000224,2025-08-14,Call Centre,KYC,17.6,3
IN00000433,CU00002422,2024-10-08,Chat,Loan enquiry,10.74,4
IN00000434,CU00001651,2025-12-05,Chat,Complaint,5.16,2
IN00000435,CU00003807,2025-09-30,App,Service request,6.02,5
IN00000436,CU00000751,2026-06-13,Branch,Complaint,26.2,5
IN00000437,CU00002339,2025-10-29,Chat,KYC,14.15,3
IN00000438,CU00002012,2025-03-07,Branch,Digital help,15.57,5
IN00000439,CU00002320,2025-04-16,Chat,Complaint,5.25,4
IN00000440,CU00000610,2024-10-07,App,Complaint,23.13,3
IN00000441,CU00003487,2026-01-19,App,Service request,20.82,3
IN00000442,CU00004863,2024-12-12,Email,Loan enquiry,13.58,5
IN00000443,CU00003790,2025-08-05,Chat,Service request,26.41,2
IN00000444,CU00001845,2025-02-22,Call Centre,Service request,8.37,5
IN00000445,CU00002888,2026-08-22,Branch,Card issue,48.89,4
IN00000446,CU00003923,2026-06-22,Call Centre,Card issue,39.07,3
IN00000447,CU00003591,2025-09-04,Email,KYC,20.94,5
IN00000448,CU00001538,2025-10-22,Email,Complaint,11.2,5
IN00000449,CU00001798,2024-12-19,Chat,Complaint,31.0,2
IN00000450,CU00003194,2026-03-05,Branch,Loan enquiry,23.86,4
IN00000451,CU00000242,2025-12-24,App,Loan enquiry,13.29,5
IN00000452,CU00001984,2025-10-13,Chat,Service request,14.22,2
IN00000453,CU00001811,2025-05-13,Email,Digital help,25.14,3
IN00000454,CU00002221,2025-09-18,Call Centre,Loan enquiry,2.77,4
IN00000455,CU00004984,2025-01-09,Chat,Complaint,10.27,4
IN00000456,CU00002820,2026-01-26,App,KYC,23.69,2
IN00000457,CU00003751,2024-10-04,Branch,KYC,8.56,4
IN00000458,CU00001069,2025-02-26,Call Centre,Complaint,30.1,4
IN00000459,CU00003291,2026-03-07,Chat,KYC,22.66,5
IN00000460,CU00000849,2025-05-25,App,KYC,7.14,4
IN00000461,CU00003991,2025-05-17,Branch,Digital help,18.77,4
IN00000462,CU00002005,2026-06-01,App,Digital help,36.23,5
IN00000463,CU00003935,2025-09-15,Email,Complaint,20.55,5
IN00000464,CU00003917,2025-04-17,Chat,Loan enquiry,14.17,5
IN00000465,CU00000151,2025-09-28,App,Complaint,18.36,4
IN00000466,CU00002287,2024-11-21,Email,Service request,14.91,5
IN00000467,CU00004183,2026-05-16,Branch,Digital help,11.34,5
IN00000468,CU00004715,2026-06-12,Call Centre,KYC,3.13,4
IN00000469,CU00000588,2025-01-21,Email,Service request,22.43,4
IN00000470,CU00001480,2024-12-10,Call Centre,Card issue,23.81,4
IN00000471,CU00000403,2025-08-20,Email,Loan enquiry,13.23,5
IN00000472,CU00002024,2025-10-21,Branch,Digital help,9.81,5
IN00000473,CU00000140,2025-08-20,Branch,Complaint,24.93,2
IN00000474,CU00004144,2025-11-06,Chat,Card issue,12.74,3
IN00000475,CU00004451,2025-04-08,Chat,Digital help,9.98,5
IN00000476,CU00000520,2025-09-09,Email,Loan enquiry,16.89,4
IN00000477,CU00003422,2026-06-03,Branch,Complaint,11.54,1
IN00000478,CU00004948,2024-10-11,Call Centre,Complaint,15.48,5
IN00000479,CU00003487,2024-11-16,Branch,KYC,19.19,5
IN00000480,CU00003938,2026-06-24,Call Centre,Complaint,10.76,4
IN00000481,CU00002992,2026-02-13,Call Centre,KYC,44.16,5
IN00000482,CU00000004,2026-05-08,Call Centre,KYC,21.68,2
IN00000483,CU00003159,2025-03-08,App,Card issue,13.23,4
IN00000484,CU00000189,2025-04-23,Chat,Card issue,9.08,5
IN00000485,CU00000070,2026-06-23,Email,KYC,20.3,4
IN00000486,CU00001156,2026-04-21,Email,Card issue,18.68,5
IN00000487,CU00004557,2024-12-15,App,Digital help,55.24,4
IN00000488,CU00003736,2025-11-09,Call Centre,Loan enquiry,12.4,4
IN00000489,CU00003312,2025-06-27,Branch,Loan enquiry,20.93,2
IN00000490,CU00003574,2026-01-17,Call Centre,Service request,10.6,3
IN00000491,CU00000090,2025-06-08,Call Centre,Service request,24.11,2
IN00000492,CU00002698,2025-10-31,Call Centre,Complaint,14.92,4
IN00000493,CU00003386,2025-09-21,Email,Complaint,5.82,5
IN00000494,CU00003881,2026-05-05,Call Centre,Digital help,4.06,4
IN00000495,CU00002261,2024-11-10,Branch,Digital help,19.99,5
IN00000496,CU00004808,2024-09-28,Call Centre,Service request,25.58,2
IN00000497,CU00001710,2024-10-02,Branch,Digital help,19.8,5
IN00000498,CU00000864,2025-10-05,App,Complaint,13.64,4
IN00000499,CU00000788,2026-07-11,App,KYC,28.8,4
IN00000500,CU00002551,2024-12-01,Chat,KYC,43.63,2
IN00000501,CU00002683,2025-10-27,Chat,KYC,4.29,5
IN00000502,CU00003634,2025-06-12,Branch,Service request,38.02,5
IN00000503,CU00001555,2026-07-15,Call Centre,Digital help,4.93,2
IN00000504,CU00000827,2026-08-31,Chat,Card issue,32.18,2
IN00000505,CU00001465,2024-10-01,Call Centre,Loan enquiry,13.34,4
IN00000506,CU00004115,2025-12-06,Call Centre,KYC,10.66,1
IN00000507,CU00002061,2024-10-03,Call Centre,Loan enquiry,11.47,5
IN00000508,CU00001096,2025-08-22,Email,Complaint,10.28,4
IN00000509,CU00001554,2024-11-05,Email,Service request,21.32,4
IN00000510,CU00003406,2024-12-04,App,Card issue,23.99,3
IN00000511,CU00003079,2025-12-19,App,Loan enquiry,8.7,4
IN00000512,CU00004153,2025-02-21,Chat,Service request,26.22,3
IN00000513,CU00002337,2024-11-14,Branch,Service request,33.12,4
IN00000514,CU00002326,2026-04-24,App,Digital help,38.94,2
IN00000515,CU00000896,2024-09-01,Branch,KYC,20.62,5
IN00000516,CU00000638,2026-07-23,Call Centre,Complaint,31.59,3
IN00000517,CU00002298,2024-10-13,App,Card issue,20.85,4
IN00000518,CU00000042,2024-10-17,App,KYC,45.88,5
IN00000519,CU00002292,2024-12-11,Email,Complaint,4.76,4
IN00000520,CU00002838,2026-07-19,Branch,Loan enquiry,19.42,5
IN00000521,CU00003921,2026-05-06,App,Service request,18.21,4
IN00000522,CU00000310,2025-02-07,Branch,Digital help,23.44,5
IN00000523,CU00000039,2025-04-24,Email,Card issue,18.53,5
IN00000524,CU00002905,2025-04-21,Email,KYC,51.53,3
IN00000525,CU00001827,2024-10-14,Branch,KYC,1.81,4
IN00000526,CU00000628,2024-11-22,App,Loan enquiry,18.51,4
IN00000527,CU00002838,2026-05-16,Call Centre,Complaint,4.12,3
IN00000528,CU00002475,2024-11-09,Chat,Service request,23.54,5
IN00000529,CU00004470,2025-07-20,Email,KYC,16.3,4
IN00000530,CU00003690,2025-01-21,App,Complaint,12.71,3
IN00000531,CU00003933,2025-03-05,Chat,Card issue,5.61,5
IN00000532,CU00001498,2026-08-26,Branch,Complaint,20.16,5
IN00000533,CU00005000,2024-10-19,App,Loan enquiry,33.39,5
IN00000534,CU00001644,2026-01-08,Branch,Card issue,25.1,4
IN00000535,CU00000666,2026-02-14,Chat,Service request,11.21,4
IN00000536,CU00004757,2026-02-14,Email,Digital help,5.33,3
IN00000537,CU00003015,2024-11-10,Call Centre,Card issue,16.19,4
IN00000538,CU00001712,2025-03-11,Branch,Loan enquiry,15.63,4
IN00000539,CU00004340,2025-01-16,App,Card issue,23.26,5
IN00000540,CU00003479,2026-07-18,App,Card issue,16.2,4
IN00000541,CU00000457,2025-01-11,Chat,Card issue,16.37,5
IN00000542,CU00004082,2025-07-23,Chat,Service request,8.73,4
IN00000543,CU00000419,2025-08-24,Call Centre,Digital help,2.32,5
IN00000544,CU00003662,2025-10-04,Email,KYC,58.18,5
IN00000545,CU00001387,2025-06-06,Branch,Service request,11.69,3
IN00000546,CU00000874,2026-07-17,Branch,Loan enquiry,13.49,4
IN00000547,CU00004666,2025-08-03,App,Complaint,21.75,4
IN00000548,CU00000095,2026-05-10,Email,Complaint,63.2,1
IN00000549,CU00002514,2024-12-07,App,Complaint,12.0,4
IN00000550,CU00003385,2026-02-01,App,Digital help,13.65,4
IN00000551,CU00003019,2025-12-10,Call Centre,Digital help,16.96,5
IN00000552,CU00000757,2024-12-16,Branch,Loan enquiry,18.35,3
IN00000553,CU00001527,2025-08-27,Chat,Service request,23.94,5
IN00000554,CU00001500,2025-07-31,Call Centre,Loan enquiry,13.97,2
IN00000555,CU00003959,2024-11-21,Email,Digital help,7.92,4
IN00000556,CU00003098,2024-12-02,Email,Loan enquiry,43.83,5
IN00000557,CU00001478,2026-01-28,Branch,Complaint,2.27,4
IN00000558,CU00000219,2026-08-06,Call Centre,Service request,6.96,4
IN00000559,CU00001379,2026-07-06,Branch,Complaint,25.52,5
IN00000560,CU00001593,2025-11-27,Chat,Digital help,6.44,5
IN00000561,CU00000248,2024-12-18,App,Service request,37.54,1
IN00000562,CU00003627,2025-07-31,Chat,Service request,6.78,5
IN00000563,CU00001548,2026-04-20,Branch,Card issue,15.81,5
IN00000564,CU00003390,2025-03-09,Chat,KYC,7.08,3
IN00000565,CU00004045,2025-02-12,Call Centre,KYC,24.48,3
IN00000566,CU00000248,2024-11-18,Chat,KYC,13.01,4
IN00000567,CU00003018,2026-05-02,Call Centre,KYC,9.84,5
IN00000568,CU00000949,2025-09-05,Branch,KYC,11.04,4
IN00000569,CU00002765,2025-03-03,Email,Service request,1.06,3
IN00000570,CU00002251,2025-02-13,Call Centre,Service request,14.0,5
IN00000571,CU00001825,2026-04-25,Email,Digital help,11.15,5
IN00000572,CU00004936,2025-08-17,Chat,Loan enquiry,12.62,4
IN00000573,CU00000237,2024-12-01,Call Centre,Loan enquiry,15.74,1
IN00000574,CU00002842,2026-04-25,Call Centre,Complaint,46.44,3
IN00000575,CU00004837,2025-05-16,Email,Service request,6.82,3
IN00000576,CU00002994,2024-10-26,Call Centre,Digital help,104.85,4
IN00000577,CU00004948,2026-03-05,Email,Service request,10.68,2
IN00000578,CU00004110,2025-06-03,Chat,Complaint,24.03,5
IN00000579,CU00001246,2026-01-05,App,Card issue,4.53,5
IN00000580,CU00002357,2025-04-27,App,KYC,15.31,3
IN00000581,CU00000765,2026-05-06,Email,Digital help,24.91,4
IN00000582,CU00003481,2026-02-24,App,Complaint,6.1,4
IN00000583,CU00000012,2024-11-20,Email,Card issue,30.35,4
IN00000584,CU00001491,2026-01-17,Branch,Digital help,3.14,5
IN00000585,CU00000463,2025-06-21,Call Centre,Digital help,5.82,4
IN00000586,CU00000669,2025-08-13,Call Centre,Digital help,7.6,4
IN00000587,CU00000977,2025-01-09,Branch,Digital help,14.88,4
IN00000588,CU00004493,2026-05-20,App,Complaint,11.59,2
IN00000589,CU00002896,2026-01-02,Chat,Loan enquiry,29.46,5
IN00000590,CU00003831,2025-07-05,Call Centre,Complaint,16.03,4
IN00000591,CU00002537,2025-03-30,Call Centre,Loan enquiry,18.94,5
IN00000592,CU00004491,2025-12-24,Call Centre,Service request,11.5,4
IN00000593,CU00000848,2025-06-05,Email,Service request,32.62,2
IN00000594,CU00003906,2024-12-25,Call Centre,Service request,18.9,5
IN00000595,CU00002802,2024-12-07,Email,Digital help,8.56,5
IN00000596,CU00001431,2024-11-09,Branch,Card issue,11.53,4
IN00000597,CU00003574,2025-08-25,Email,Card issue,16.43,3
IN00000598,CU00003958,2024-10-19,Branch,KYC,8.57,5
IN00000599,CU00003788,2025-11-04,Email,Loan enquiry,35.99,4
IN00000600,CU00003877,2025-10-14,Call Centre,Complaint,14.46,3
IN00000601,CU00002199,2025-11-21,Branch,Loan enquiry,20.76,4
IN00000602,CU00001469,2024-10-13,Branch,Loan enquiry,25.21,3
IN00000603,CU00001916,2025-07-28,App,Loan enquiry,7.05,3
IN00000604,CU00004990,2024-12-11,Branch,Complaint,14.94,5
IN00000605,CU00000962,2025-11-26,Branch,Digital help,31.36,5
IN00000606,CU00003824,2026-04-22,Chat,Loan enquiry,19.71,5
IN00000607,CU00002997,2026-06-15,App,Card issue,14.09,4
IN00000608,CU00001393,2025-11-04,Email,KYC,29.52,4
IN00000609,CU00003427,2025-02-16,App,Digital help,16.64,4
IN00000610,CU00003073,2025-09-07,Call Centre,Service request,13.64,5
IN00000611,CU00003460,2026-05-26,Branch,KYC,20.24,5
IN00000612,CU00002253,2024-10-21,App,Service request,19.84,5
IN00000613,CU00003869,2025-04-25,Branch,Complaint,17.64,4
IN00000614,CU00003916,2026-03-23,Branch,Service request,17.87,4
IN00000615,CU00001019,2024-11-01,Email,Complaint,36.72,4
IN00000616,CU00001895,2025-02-02,Call Centre,Loan enquiry,20.64,4
IN00000617,CU00003268,2025-05-01,App,Complaint,20.65,5
IN00000618,CU00003823,2025-02-12,Branch,Card issue,6.81,5
IN00000619,CU00003236,2025-10-21,Email,Digital help,4.34,3
IN00000620,CU00002212,2024-12-19,App,Service request,25.7,1
IN00000621,CU00002004,2025-05-16,Email,Digital help,3.66,4
IN00000622,CU00000501,2026-04-12,Email,KYC,6.15,5
IN00000623,CU00002016,2024-10-11,App,Digital help,9.89,4
IN00000624,CU00002020,2026-08-11,App,KYC,9.71,3
IN00000625,CU00003363,2024-10-11,App,KYC,7.71,3
IN00000626,CU00001480,2025-08-11,Call Centre,Digital help,23.87,1
IN00000627,CU00002905,2026-04-28,Email,KYC,11.88,3
IN00000628,CU00002121,2025-08-15,App,KYC,10.04,3
IN00000629,CU00004495,2026-03-16,App,Complaint,8.2,5
IN00000630,CU00000411,2025-01-19,Email,Card issue,64.0,4
IN00000631,CU00000947,2024-10-12,App,Digital help,31.02,4
IN00000632,CU00001885,2025-05-11,App,Digital help,17.25,3
IN00000633,CU00004586,2025-06-10,App,Digital help,8.01,5
IN00000634,CU00001739,2026-08-13,Branch,Loan enquiry,8.0,2
IN00000635,CU00000175,2026-05-23,Email,Card issue,22.32,3
IN00000636,CU00004126,2024-10-15,Branch,Card issue,3.02,4
IN00000637,CU00001103,2025-11-20,Branch,Card issue,3.4,2
IN00000638,CU00004406,2025-01-06,Branch,Digital help,19.79,4
IN00000639,CU00002679,2026-05-17,Call Centre,Card issue,9.42,5
IN00000640,CU00000564,2025-05-17,Branch,KYC,6.31,5
IN00000641,CU00004380,2024-09-14,Branch,Loan enquiry,0.84,5
IN00000642,CU00003262,2026-04-07,Call Centre,Digital help,22.35,5
IN00000643,CU00000685,2026-01-01,Branch,Card issue,12.27,5
IN00000644,CU00004199,2025-04-09,Branch,KYC,0.89,4
IN00000645,CU00003668,2026-04-11,App,Card issue,57.54,4
IN00000646,CU00001216,2024-12-23,Branch,Complaint,23.27,4
IN00000647,CU00000461,2026-04-22,Email,Digital help,16.87,2
IN00000648,CU00002829,2026-01-13,Branch,Card issue,9.2,5
IN00000649,CU00004091,2024-09-17,Chat,Service request,5.78,5
IN00000650,CU00003237,2025-04-26,Branch,Card issue,21.64,4
IN00000651,CU00000120,2024-10-06,Chat,Loan enquiry,11.75,4
IN00000652,CU00003419,2024-11-16,App,Card issue,10.47,5
IN00000653,CU00002494,2026-02-18,Email,Loan enquiry,16.11,4
IN00000654,CU00003985,2026-07-21,Branch,Complaint,22.93,2
IN00000655,CU00003236,2025-02-13,Chat,Loan enquiry,25.93,5
IN00000656,CU00002233,2025-10-22,App,Service request,0.73,4
IN00000657,CU00003437,2025-01-03,Branch,Card issue,8.17,4
IN00000658,CU00004935,2025-05-14,Branch,Digital help,3.24,4
IN00000659,CU00000869,2025-03-13,Branch,Complaint,30.38,4
IN00000660,CU00001894,2026-04-18,Chat,Complaint,7.81,3
IN00000661,CU00001150,2024-10-29,App,Complaint,19.68,5
IN00000662,CU00002646,2024-09-02,Call Centre,KYC,38.66,4
IN00000663,CU00001842,2025-11-02,Email,Card issue,26.96,4
IN00000664,CU00002790,2025-10-29,Email,KYC,16.98,1
IN00000665,CU00000372,2025-08-10,Chat,Loan enquiry,34.33,3
IN00000666,CU00001632,2026-03-03,App,Loan enquiry,27.7,5
IN00000667,CU00000444,2025-09-15,Branch,Card issue,2.66,2
IN00000668,CU00001486,2025-07-21,App,Complaint,21.16,3
IN00000669,CU00000058,2025-09-16,Branch,Card issue,20.27,4
IN00000670,CU00003198,2025-08-15,Chat,Loan enquiry,25.42,5
IN00000671,CU00000211,2025-09-24,Chat,Loan enquiry,13.35,5
IN00000672,CU00000879,2025-03-25,Chat,Loan enquiry,12.45,4
IN00000673,CU00001880,2026-06-21,Chat,Card issue,4.92,5
IN00000674,CU00000038,2025-02-25,Chat,Card issue,14.83,4
IN00000675,CU00004247,2024-10-07,Email,Complaint,23.67,4
IN00000676,CU00000276,2026-03-20,Chat,Complaint,18.76,4
IN00000677,CU00001951,2026-08-12,Call Centre,KYC,15.98,5
IN00000678,CU00004944,2026-08-05,App,Loan enquiry,7.23,5
IN00000679,CU00003915,2025-05-22,Call Centre,Card issue,9.31,1
IN00000680,CU00003112,2025-12-30,Chat,Card issue,12.93,4
IN00000681,CU00003249,2024-10-25,Email,Card issue,16.56,1
IN00000682,CU00001445,2025-11-16,Chat,Complaint,4.39,5
IN00000683,CU00003601,2025-10-06,App,KYC,6.52,4
IN00000684,CU00004710,2024-11-21,Chat,Card issue,11.91,5
IN00000685,CU00004251,2025-05-26,Branch,Card issue,43.95,5
IN00000686,CU00003350,2025-06-13,Email,Digital help,2.14,5
IN00000687,CU00000090,2025-10-20,Chat,KYC,5.54,4
IN00000688,CU00003131,2025-07-18,Branch,Card issue,3.22,4
IN00000689,CU00004424,2026-05-08,Email,Complaint,10.32,3
IN00000690,CU00002494,2025-11-15,Email,Complaint,9.84,2
IN00000691,CU00003452,2025-05-15,Call Centre,Loan enquiry,16.28,5
IN00000692,CU00002857,2026-03-18,App,Complaint,6.42,5
IN00000693,CU00000410,2026-07-06,Call Centre,Service request,11.19,4
IN00000694,CU00003303,2025-11-03,Call Centre,Service request,7.99,4
IN00000695,CU00000200,2025-11-12,Chat,Loan enquiry,27.74,4
IN00000696,CU00001211,2025-11-30,App,Digital help,20.16,5
IN00000697,CU00001745,2026-05-27,Chat,Loan enquiry,24.69,5
IN00000698,CU00001064,2025-02-18,Chat,Service request,31.53,1
IN00000699,CU00000730,2026-06-29,Call Centre,KYC,17.35,1
IN00000700,CU00001146,2024-09-27,App,Service request,15.49,3
IN00000701,CU00003556,2024-11-01,Email,Loan enquiry,24.14,5
IN00000702,CU00001900,2026-02-22,Branch,Complaint,13.41,4
IN00000703,CU00001303,2026-06-23,Email,Loan enquiry,12.58,3
IN00000704,CU00000617,2026-02-04,Branch,Card issue,25.68,4
IN00000705,CU00000885,2025-01-26,Branch,Service request,1.52,3
IN00000706,CU00001576,2024-09-17,Chat,Card issue,6.7,5
IN00000707,CU00000587,2025-04-24,App,Digital help,15.21,3
IN00000708,CU00002341,2025-09-05,App,Complaint,16.25,5
IN00000709,CU00003221,2026-03-01,Chat,Complaint,48.4,5
IN00000710,CU00004003,2025-01-31,Branch,Digital help,15.55,3
IN00000711,CU00004491,2025-02-28,App,Complaint,12.7,4
IN00000712,CU00003847,2024-12-18,Branch,Digital help,26.95,5
IN00000713,CU00003066,2025-01-10,App,Card issue,17.31,5
IN00000714,CU00001989,2025-11-07,App,Digital help,18.24,5
IN00000715,CU00004671,2025-09-06,Chat,Digital help,9.25,3
IN00000716,CU00003569,2025-05-18,Email,KYC,36.62,5
IN00000717,CU00000652,2025-12-06,Call Centre,Complaint,24.49,5
IN00000718,CU00004614,2026-04-04,Call Centre,Complaint,19.75,4
IN00000719,CU00004969,2026-02-19,Chat,Digital help,9.06,5
IN00000720,CU00002694,2025-12-04,Chat,Complaint,4.01,5
IN00000721,CU00004264,2025-06-03,Call Centre,Service request,2.11,5
IN00000722,CU00002070,2025-08-06,Email,Card issue,23.72,4
IN00000723,CU00004060,2025-12-22,App,Digital help,38.49,5
IN00000724,CU00000136,2025-06-20,Email,Digital help,45.33,5
IN00000725,CU00004976,2026-05-10,Chat,Card issue,13.89,3
IN00000726,CU00001831,2025-10-01,Call Centre,Service request,20.58,4
IN00000727,CU00003948,2026-05-05,Email,Card issue,5.09,2
IN00000728,CU00001285,2026-03-18,Branch,Complaint,11.76,3
IN00000729,CU00003231,2025-05-27,Email,Service request,40.48,5
IN00000730,CU00002622,2025-06-13,Branch,Complaint,6.03,4
IN00000731,CU00001272,2026-06-21,Branch,Digital help,13.74,4
IN00000732,CU00002563,2026-01-12,Call Centre,Complaint,14.07,2
IN00000733,CU00002908,2025-06-13,Branch,KYC,25.71,5
IN00000734,CU00002946,2025-04-03,Call Centre,KYC,10.43,5
IN00000735,CU00002999,2025-10-20,Email,Card issue,26.61,2
IN00000736,CU00004418,2025-04-14,App,Service request,10.5,4
IN00000737,CU00004116,2025-02-25,App,Card issue,24.48,3
IN00000738,CU00003122,2025-03-03,Branch,Complaint,4.98,2
IN00000739,CU00000868,2025-12-27,Branch,Card issue,21.36,3
IN00000740,CU00001854,2024-11-26,App,KYC,6.89,4
IN00000741,CU00003551,2026-02-08,App,KYC,10.63,3
IN00000742,CU00000584,2025-07-13,App,Loan enquiry,14.36,5
IN00000743,CU00001045,2024-11-26,Call Centre,Loan enquiry,8.87,5
IN00000744,CU00004763,2025-08-04,Email,Service request,6.16,5
IN00000745,CU00004499,2024-09-18,Chat,KYC,20.13,5
IN00000746,CU00003478,2026-01-18,Email,Service request,31.24,4
IN00000747,CU00004166,2026-04-13,Branch,Card issue,7.42,4
IN00000748,CU00004540,2024-12-12,Chat,Loan enquiry,27.07,5
IN00000749,CU00002347,2026-02-25,Call Centre,Complaint,30.36,2
IN00000750,CU00000681,2025-07-09,Email,KYC,13.26,5
IN00000751,CU00001652,2026-04-04,App,Complaint,17.06,4
IN00000752,CU00002716,2024-11-06,Call Centre,KYC,11.61,4
IN00000753,CU00001728,2026-07-07,Branch,Loan enquiry,8.48,4
IN00000754,CU00000990,2024-10-28,Chat,KYC,6.39,5
IN00000755,CU00004939,2025-03-19,App,Service request,22.65,4
IN00000756,CU00002391,2025-03-18,Branch,Digital help,15.76,4
IN00000757,CU00003677,2025-07-28,Branch,Card issue,12.49,4
IN00000758,CU00000220,2025-06-23,Branch,Complaint,7.81,3
IN00000759,CU00001543,2024-09-26,App,Service request,14.83,5
IN00000760,CU00004666,2024-10-13,Chat,Card issue,12.41,4
IN00000761,CU00001097,2026-02-08,Email,KYC,2.99,3
IN00000762,CU00001899,2024-09-29,Chat,Card issue,11.23,4
IN00000763,CU00001156,2025-03-22,Call Centre,Card issue,25.22,4
IN00000764,CU00004703,2026-05-06,Email,KYC,20.81,4
IN00000765,CU00004301,2024-10-02,Call Centre,Complaint,46.83,4
IN00000766,CU00004748,2025-06-19,Call Centre,Loan enquiry,13.56,2
IN00000767,CU00002736,2025-01-14,Chat,Complaint,19.16,4
IN00000768,CU00004176,2024-09-03,App,Complaint,7.04,5
IN00000769,CU00004172,2026-04-25,Branch,Complaint,3.65,5
IN00000770,CU00004578,2025-10-07,Chat,Card issue,1.62,4
IN00000771,CU00000892,2025-11-08,Call Centre,Service request,18.65,3
IN00000772,CU00002927,2025-08-21,Branch,Loan enquiry,5.82,4
IN00000773,CU00000844,2024-11-03,App,Digital help,21.9,5
IN00000774,CU00003109,2025-06-01,Chat,Complaint,54.4,2
IN00000775,CU00001623,2026-07-19,Chat,Digital help,28.85,4
IN00000776,CU00000775,2026-08-17,Branch,KYC,13.13,3
IN00000777,CU00001980,2026-07-23,Branch,Loan enquiry,8.95,5
IN00000778,CU00000985,2025-11-09,Branch,Service request,24.35,4
IN00000779,CU00001131,2025-08-24,Chat,Complaint,20.81,5
IN00000780,CU00004882,2025-06-25,Branch,Loan enquiry,10.03,2
IN00000781,CU00002314,2025-11-07,Email,Card issue,15.7,4
IN00000782,CU00004577,2025-08-10,Branch,Complaint,19.67,4
IN00000783,CU00000197,2026-08-15,Email,KYC,9.26,4
IN00000784,CU00003437,2025-09-10,Email,Digital help,5.48,3
IN00000785,CU00001924,2026-07-02,Branch,Card issue,36.3,2
IN00000786,CU00003622,2024-12-09,Branch,Digital help,58.16,2
IN00000787,CU00003629,2025-01-26,Email,Card issue,36.9,4
IN00000788,CU00003230,2026-07-18,Call Centre,Loan enquiry,30.74,5
IN00000789,CU00002934,2026-01-16,Email,Card issue,8.24,1
IN00000790,CU00002897,2025-03-23,App,Loan enquiry,10.66,3
IN00000791,CU00002032,2025-02-23,Branch,Loan enquiry,10.88,4
IN00000792,CU00000631,2026-04-23,Email,Loan enquiry,13.84,3
IN00000793,CU00002606,2025-02-20,Branch,Loan enquiry,22.36,5
IN00000794,CU00003707,2025-04-25,Branch,KYC,13.49,5
IN00000795,CU00000523,2025-10-06,Email,Service request,12.99,3
IN00000796,CU00000329,2026-08-05,Branch,KYC,21.8,4
IN00000797,CU00002336,2025-08-14,App,Complaint,13.6,2
IN00000798,CU00003909,2026-06-19,App,Loan enquiry,16.59,3
IN00000799,CU00003172,2026-03-29,Email,Loan enquiry,21.42,4
IN00000800,CU00003131,2026-07-30,Chat,Complaint,3.02,5
IN00000801,CU00001862,2025-01-16,App,Digital help,31.85,5
IN00000802,CU00001498,2026-01-02,Chat,KYC,5.95,4
IN00000803,CU00001128,2025-08-08,Chat,Card issue,14.56,5
IN00000804,CU00003918,2024-10-12,Branch,Loan enquiry,23.07,2
IN00000805,CU00003455,2025-07-15,Email,Digital help,31.85,5
IN00000806,CU00004964,2025-12-19,Chat,Service request,11.9,5
IN00000807,CU00003414,2025-06-18,App,Loan enquiry,11.37,4
IN00000808,CU00003803,2024-09-13,Branch,Complaint,20.22,1
IN00000809,CU00004396,2025-02-02,App,Digital help,9.22,4
IN00000810,CU00000299,2025-06-22,App,Card issue,21.28,4
IN00000811,CU00001428,2025-03-19,Email,Complaint,16.85,5
IN00000812,CU00000934,2026-08-27,Call Centre,Complaint,13.71,4
IN00000813,CU00003972,2026-05-28,Call Centre,Complaint,17.75,5
IN00000814,CU00001583,2025-10-21,Branch,Loan enquiry,8.12,1
IN00000815,CU00000308,2025-08-19,Chat,KYC,20.02,5
IN00000816,CU00000718,2026-06-24,Branch,Service request,26.28,4
IN00000817,CU00002640,2026-06-24,Chat,Service request,10.71,5
IN00000818,CU00001810,2025-05-15,Email,Service request,5.11,1
IN00000819,CU00003964,2026-02-04,Email,Service request,30.46,4
IN00000820,CU00004657,2024-10-09,Chat,Digital help,10.41,3
IN00000821,CU00003562,2026-03-10,Call Centre,Digital help,7.39,4
IN00000822,CU00002451,2026-06-15,Call Centre,Digital help,18.98,4
IN00000823,CU00002130,2024-11-19,Email,Complaint,21.44,3
IN00000824,CU00001580,2025-09-09,App,KYC,28.51,3
IN00000825,CU00003358,2024-10-01,App,Service request,8.49,5
IN00000826,CU00001149,2025-02-02,Branch,Card issue,10.58,5
IN00000827,CU00000907,2026-03-27,Chat,Digital help,43.57,4
IN00000828,CU00001889,2024-10-02,Call Centre,Digital help,11.21,1
IN00000829,CU00000994,2025-03-25,Chat,Complaint,31.19,5
IN00000830,CU00002007,2025-09-16,Chat,Service request,39.1,5
IN00000831,CU00001434,2025-03-13,Call Centre,Loan enquiry,6.85,5
IN00000832,CU00004004,2026-02-25,Branch,KYC,7.31,4
IN00000833,CU00002581,2026-01-31,Call Centre,Loan enquiry,18.75,4
IN00000834,CU00003964,2025-08-31,Call Centre,Complaint,9.26,5
IN00000835,CU00003035,2026-02-21,App,Card issue,1.52,5
IN00000836,CU00002376,2025-05-13,App,Loan enquiry,1.86,5
IN00000837,CU00001111,2026-04-30,Email,Digital help,45.68,5
IN00000838,CU00002911,2026-04-06,Chat,Service request,4.7,4
IN00000839,CU00001096,2025-03-30,Chat,Card issue,32.42,3
IN00000840,CU00003826,2025-06-15,Email,KYC,10.16,1
IN00000841,CU00002418,2026-01-03,Chat,Loan enquiry,18.81,3
IN00000842,CU00000569,2025-12-01,Call Centre,Card issue,18.25,5
IN00000843,CU00004166,2025-09-02,Branch,Digital help,10.18,5
IN00000844,CU00004861,2026-06-20,Call Centre,Service request,37.6,4
IN00000845,CU00003010,2025-12-14,Chat,Card issue,20.41,2
IN00000846,CU00004309,2025-09-14,Chat,Digital help,38.82,3
IN00000847,CU00001866,2026-02-16,App,Complaint,10.43,3
IN00000848,CU00000388,2025-08-10,Branch,Complaint,38.44,4
IN00000849,CU00004892,2025-09-25,App,Complaint,19.24,4
IN00000850,CU00000137,2025-11-26,Call Centre,Loan enquiry,14.11,5
IN00000851,CU00002732,2025-02-28,Branch,Digital help,11.53,4
IN00000852,CU00003899,2024-09-03,Email,Card issue,13.19,3
IN00000853,CU00001345,2024-11-11,Email,Service request,21.0,4
IN00000854,CU00000319,2024-10-10,App,KYC,14.26,4
IN00000855,CU00003722,2025-06-29,Call Centre,KYC,12.78,4
IN00000856,CU00002505,2026-08-25,App,Card issue,28.41,4
IN00000857,CU00003563,2025-04-23,Call Centre,Service request,10.34,2
IN00000858,CU00004595,2025-01-23,App,Loan enquiry,6.53,5
IN00000859,CU00003150,2025-02-27,App,Card issue,33.37,3
IN00000860,CU00000807,2026-05-04,Chat,Card issue,9.12,4
IN00000861,CU00000400,2024-10-20,Branch,Digital help,7.22,5
IN00000862,CU00002124,2025-05-22,App,KYC,43.11,4
IN00000863,CU00000185,2025-03-15,App,Loan enquiry,36.46,4
IN00000864,CU00001025,2026-07-22,Email,Service request,20.15,3
IN00000865,CU00003961,2025-06-22,Call Centre,Complaint,14.65,5
IN00000866,CU00002444,2024-09-02,Chat,Card issue,10.86,5
IN00000867,CU00001088,2025-04-21,Call Centre,KYC,28.29,4
IN00000868,CU00003516,2025-03-14,Chat,Loan enquiry,29.62,4
IN00000869,CU00003669,2026-04-06,Email,Card issue,21.79,5
IN00000870,CU00003825,2025-04-12,Branch,Service request,1.64,4
IN00000871,CU00003078,2025-04-18,Branch,KYC,6.09,2
IN00000872,CU00001893,2025-02-10,App,Service request,1.91,5
IN00000873,CU00000084,2024-12-15,Call Centre,KYC,30.5,4
IN00000874,CU00001651,2024-11-22,Email,Complaint,16.23,5
IN00000875,CU00003116,2026-03-01,App,Card issue,6.13,5
IN00000876,CU00004943,2025-05-10,Chat,Digital help,42.16,3
IN00000877,CU00000234,2024-11-07,Email,KYC,14.95,4
IN00000878,CU00002284,2025-04-12,Branch,Card issue,40.9,5
IN00000879,CU00002620,2025-07-31,Chat,Loan enquiry,26.62,5
IN00000880,CU00000480,2025-10-24,Call Centre,KYC,11.77,4
IN00000881,CU00000716,2026-03-29,App,KYC,31.05,4
IN00000882,CU00000572,2026-01-14,App,Service request,50.65,5
IN00000883,CU00000567,2026-04-27,Branch,Service request,5.95,5
IN00000884,CU00001870,2024-10-07,Chat,Loan enquiry,7.87,4
IN00000885,CU00001444,2024-09-18,Chat,Service request,83.57,1
IN00000886,CU00004264,2026-06-13,App,Card issue,14.56,4
IN00000887,CU00000650,2024-12-11,Chat,Digital help,21.31,5
IN00000888,CU00003719,2025-10-19,Chat,KYC,13.81,5
IN00000889,CU00003096,2025-04-14,Branch,Complaint,4.47,4
IN00000890,CU00001368,2026-07-25,Chat,Card issue,13.92,3
IN00000891,CU00000053,2026-08-22,App,Service request,0.27,1
IN00000892,CU00003543,2025-07-10,Email,Service request,17.44,5
IN00000893,CU00001978,2025-01-09,Email,Loan enquiry,36.23,5
IN00000894,CU00001930,2025-06-28,Call Centre,Loan enquiry,16.77,4
IN00000895,CU00004102,2026-03-12,Email,Loan enquiry,38.43,3
IN00000896,CU00001910,2025-10-20,Branch,Service request,14.44,2
IN00000897,CU00002420,2024-12-07,Chat,KYC,13.22,3
IN00000898,CU00003006,2024-11-05,Branch,Service request,16.88,4
IN00000899,CU00002374,2025-11-01,Email,Complaint,38.38,3
IN00000900,CU00003515,2026-08-22,Branch,Card issue,40.42,5
IN00000901,CU00004680,2025-07-31,Call Centre,Digital help,58.66,5
IN00000902,CU00002106,2024-10-10,App,Loan enquiry,22.03,5
IN00000903,CU00004812,2025-01-27,Branch,Complaint,4.22,5
IN00000904,CU00001680,2025-12-13,Chat,Digital help,17.31,3
IN00000905,CU00002762,2026-08-28,Email,Service request,10.57,4
IN00000906,CU00001309,2026-03-01,App,Service request,18.79,4
IN00000907,CU00002385,2025-01-03,App,Complaint,28.39,4
IN00000908,CU00003945,2026-05-04,Call Centre,Loan enquiry,21.66,2
IN00000909,CU00001877,2024-10-01,Call Centre,Digital help,25.39,5
IN00000910,CU00000175,2025-01-19,Call Centre,Service request,34.79,4
IN00000911,CU00001654,2026-04-26,Call Centre,Complaint,33.65,4
IN00000912,CU00004518,2026-05-18,Chat,Loan enquiry,8.88,5
IN00000913,CU00004403,2024-10-17,Branch,KYC,4.77,4
IN00000914,CU00000462,2024-10-30,Chat,Service request,12.88,4
IN00000915,CU00004843,2025-07-25,App,Complaint,7.63,5
IN00000916,CU00001008,2026-04-07,Chat,Digital help,19.3,5
IN00000917,CU00002942,2026-04-13,Call Centre,Digital help,28.55,3
IN00000918,CU00001571,2025-01-12,App,KYC,3.14,4
IN00000919,CU00004342,2024-11-08,Email,Service request,12.37,5
IN00000920,CU00003879,2025-01-10,App,Card issue,6.88,5
IN00000921,CU00003054,2026-07-28,Call Centre,Card issue,14.11,4
IN00000922,CU00003488,2025-12-20,Chat,Digital help,4.75,5
IN00000923,CU00003002,2025-03-28,Branch,Complaint,26.44,4
IN00000924,CU00003335,2025-10-04,Branch,Service request,4.66,5
IN00000925,CU00001744,2026-06-14,Branch,Service request,17.54,5
IN00000926,CU00003607,2025-05-29,App,KYC,6.98,3
IN00000927,CU00000475,2025-07-29,Branch,KYC,10.45,3
IN00000928,CU00001302,2024-10-11,Chat,Loan enquiry,12.1,3
IN00000929,CU00002393,2026-07-24,Branch,KYC,38.89,2
IN00000930,CU00004608,2024-09-09,Branch,Loan enquiry,35.74,1
IN00000931,CU00003178,2025-11-17,Email,KYC,25.54,2
IN00000932,CU00004325,2026-06-16,Branch,Digital help,9.58,5
IN00000933,CU00000559,2026-05-18,App,Card issue,13.37,4
IN00000934,CU00004156,2025-09-26,Call Centre,Card issue,8.99,4
IN00000935,CU00004717,2025-09-28,Chat,Card issue,33.02,4
IN00000936,CU00004812,2026-07-10,Call Centre,Loan enquiry,4.93,4
IN00000937,CU00001087,2025-04-19,Call Centre,Service request,6.3,4
IN00000938,CU00000710,2025-07-28,Chat,Service request,6.96,4
IN00000939,CU00004290,2025-11-24,Email,Loan enquiry,9.72,4
IN00000940,CU00004340,2026-03-10,Branch,Digital help,8.45,5
IN00000941,CU00001865,2025-01-27,Branch,Loan enquiry,2.81,3
IN00000942,CU00003280,2024-09-02,Branch,Service request,55.73,4
IN00000943,CU00004029,2025-08-14,Call Centre,Complaint,36.61,5
IN00000944,CU00003595,2025-10-07,Call Centre,Service request,13.51,4
IN00000945,CU00004801,2025-12-10,Chat,Digital help,8.33,5
IN00000946,CU00004041,2025-06-25,Call Centre,Service request,26.62,4
IN00000947,CU00000296,2025-09-12,Branch,KYC,18.94,4
IN00000948,CU00003987,2026-02-13,Chat,KYC,24.13,4
IN00000949,CU00002043,2024-09-01,Email,Complaint,23.39,5
IN00000950,CU00002903,2024-12-06,Call Centre,Complaint,12.55,4
IN00000951,CU00002601,2024-11-06,App,Service request,10.13,4
IN00000952,CU00003522,2024-09-14,Call Centre,Complaint,8.4,3
IN00000953,CU00003384,2025-10-02,Chat,KYC,14.71,4
IN00000954,CU00003208,2026-05-08,Branch,Loan enquiry,7.68,4
IN00000955,CU00001436,2025-01-21,Call Centre,Digital help,46.97,4
IN00000956,CU00001373,2024-11-07,Branch,Card issue,45.85,4
IN00000957,CU00002635,2025-10-08,Branch,Digital help,28.5,5
IN00000958,CU00000961,2026-07-08,App,Service request,7.11,3
IN00000959,CU00003733,2025-05-31,Chat,KYC,22.05,4
IN00000960,CU00004617,2026-04-11,Call Centre,Complaint,47.93,4
IN00000961,CU00001960,2025-05-23,Chat,Digital help,12.54,3
IN00000962,CU00004494,2026-03-06,Branch,Complaint,26.31,4
IN00000963,CU00000391,2025-07-08,Call Centre,Digital help,10.19,5
IN00000964,CU00004425,2025-12-20,Call Centre,Card issue,10.7,2
IN00000965,CU00001657,2026-05-15,Branch,Service request,6.4,1
IN00000966,CU00002618,2026-04-09,App,KYC,28.5,3
IN00000967,CU00004340,2025-04-29,Call Centre,KYC,21.59,3
IN00000968,CU00002715,2026-08-05,Email,Complaint,5.04,1
IN00000969,CU00001588,2025-03-07,Call Centre,Digital help,13.01,3
IN00000970,CU00004341,2025-08-13,Chat,Service request,12.18,5
IN00000971,CU00000899,2024-09-28,Chat,Loan enquiry,35.98,4
IN00000972,CU00003581,2026-03-08,App,Complaint,13.99,4
IN00000973,CU00003870,2025-02-08,Chat,KYC,15.08,5
IN00000974,CU00000152,2025-05-29,App,Card issue,30.86,5
IN00000975,CU00004691,2026-06-10,Chat,Card issue,45.66,4
IN00000976,CU00003160,2025-07-14,Call Centre,Complaint,16.16,5
IN00000977,CU00000972,2026-08-09,Email,Digital help,24.31,3
IN00000978,CU00000717,2026-01-11,Branch,KYC,29.55,5
IN00000979,CU00001250,2025-06-26,Email,Loan enquiry,8.18,2
IN00000980,CU00004007,2026-07-23,Call Centre,Complaint,5.32,3
IN00000981,CU00004719,2024-10-21,App,Loan enquiry,13.41,5
IN00000982,CU00000322,2024-09-30,Email,Complaint,18.41,4
IN00000983,CU00004396,2026-01-14,Email,Loan enquiry,32.22,5
IN00000984,CU00001541,2026-04-05,Chat,Digital help,12.72,5
IN00000985,CU00004138,2025-02-04,Branch,Digital help,8.46,5
IN00000986,CU00003101,2025-07-22,Branch,KYC,16.17,4
IN00000987,CU00001091,2026-05-03,Chat,Complaint,13.11,4
IN00000988,CU00004637,2026-07-27,Chat,KYC,11.92,4
IN00000989,CU00000909,2026-05-03,Call Centre,Complaint,7.66,5
IN00000990,CU00003002,2025-01-07,App,Digital help,7.6,5
IN00000991,CU00003480,2026-03-31,Branch,Card issue,44.37,4
IN00000992,CU00003954,2024-10-01,Email,Digital help,22.06,4
IN00000993,CU00004178,2025-03-16,App,Complaint,41.44,2
IN00000994,CU00004833,2025-03-28,Call Centre,Card issue,5.8,4
IN00000995,CU00000299,2024-11-19,Call Centre,Loan enquiry,23.63,3
IN00000996,CU00004632,2026-08-09,Branch,Card issue,3.2,3
IN00000997,CU00001868,2025-07-06,App,Complaint,9.88,4
IN00000998,CU00003302,2025-04-27,Call Centre,Service request,8.6,4
IN00000999,CU00002274,2025-01-09,Call Centre,KYC,15.27,4
IN00001000,CU00003143,2025-03-02,Call Centre,Service request,30.7,4
IN00001001,CU00002230,2026-08-10,Email,KYC,27.88,5
IN00001002,CU00000105,2025-03-06,Email,Service request,9.69,5
IN00001003,CU00000650,2025-01-23,Chat,Card issue,45.0,3
IN00001004,CU00002216,2025-11-01,Call Centre,Loan enquiry,24.08,4
IN00001005,CU00004685,2026-08-05,Branch,Loan enquiry,15.15,5
IN00001006,CU00001321,2026-03-11,Branch,Service request,20.14,4
IN00001007,CU00002573,2025-09-08,Email,Complaint,24.52,3
IN00001008,CU00000352,2025-07-10,Email,Loan enquiry,21.31,5
IN00001009,CU00003204,2024-09-04,Email,KYC,27.41,2
IN00001010,CU00004048,2025-07-13,Branch,KYC,13.21,4
IN00001011,CU00003356,2025-05-25,Call Centre,Digital help,8.72,3
IN00001012,CU00003046,2025-05-28,App,Loan enquiry,12.57,5
IN00001013,CU00001272,2026-03-14,Branch,Loan enquiry,4.62,5
IN00001014,CU00004367,2025-12-15,Chat,Card issue,7.99,5
IN00001015,CU00001841,2025-06-30,Email,Complaint,15.71,4
IN00001016,CU00001208,2026-05-27,Email,Digital help,21.29,4
IN00001017,CU00003124,2024-10-23,Branch,Digital help,16.33,1
IN00001018,CU00003154,2024-09-19,Email,KYC,21.39,5
IN00001019,CU00003781,2025-03-24,App,Digital help,4.9,5
IN00001020,CU00004025,2025-05-03,Email,Service request,23.38,5
IN00001021,CU00000715,2024-09-18,Call Centre,Digital help,3.68,5
IN00001022,CU00000704,2026-06-13,Branch,KYC,22.32,4
IN00001023,CU00002820,2025-07-12,Chat,Service request,25.06,5
IN00001024,CU00003199,2025-04-15,Chat,Digital help,31.04,1
IN00001025,CU00000715,2025-08-12,App,Service request,8.25,5
IN00001026,CU00003288,2025-11-01,Email,KYC,38.77,5
IN00001027,CU00003477,2026-06-15,App,Card issue,7.17,4
IN00001028,CU00001302,2025-06-06,Branch,Service request,15.31,4
IN00001029,CU00003325,2025-06-30,Chat,Complaint,3.36,4
IN00001030,CU00002621,2026-02-12,Email,Loan enquiry,40.43,4
IN00001031,CU00003360,2024-10-10,Branch,Complaint,11.12,3
IN00001032,CU00000024,2025-08-26,Email,KYC,5.39,3
IN00001033,CU00002163,2026-05-08,Email,Card issue,21.78,4
IN00001034,CU00002552,2025-11-13,Call Centre,Card issue,16.58,4
IN00001035,CU00004896,2026-01-09,App,Service request,7.04,4
IN00001036,CU00004635,2024-11-24,Email,Digital help,8.02,5
IN00001037,CU00002204,2026-06-09,Chat,Loan enquiry,31.22,5
IN00001038,CU00001591,2026-03-19,Email,KYC,15.77,4
IN00001039,CU00001221,2025-08-29,App,KYC,14.87,5
IN00001040,CU00001329,2025-08-05,Call Centre,Card issue,21.63,2
IN00001041,CU00004992,2025-07-07,Branch,Service request,28.52,4
IN00001042,CU00001393,2025-11-16,App,Service request,18.85,3
IN00001043,CU00004723,2025-03-02,App,KYC,5.55,5
IN00001044,CU00001496,2025-09-28,Branch,Digital help,18.73,4
IN00001045,CU00004425,2026-08-26,Call Centre,Complaint,26.49,5
IN00001046,CU00000553,2024-09-12,Chat,Card issue,14.38,4
IN00001047,CU00002809,2024-09-30,App,Card issue,12.71,2
IN00001048,CU00004762,2025-07-30,App,KYC,7.63,3
IN00001049,CU00002790,2026-04-15,App,Complaint,55.92,3
IN00001050,CU00004359,2025-04-26,Call Centre,KYC,2.23,5
IN00001051,CU00000183,2026-06-11,App,Complaint,20.61,5
IN00001052,CU00003923,2025-10-11,Email,Complaint,42.15,4
IN00001053,CU00004981,2024-12-30,Chat,KYC,19.62,5
IN00001054,CU00000883,2025-12-08,Branch,Digital help,11.58,2
IN00001055,CU00003586,2026-07-23,App,Digital help,11.27,5
IN00001056,CU00004762,2025-12-12,Email,Card issue,4.63,5
IN00001057,CU00004248,2026-03-15,Call Centre,Loan enquiry,30.36,4
IN00001058,CU00003071,2025-04-26,Call Centre,Digital help,18.87,3
IN00001059,CU00002344,2024-10-19,App,Service request,4.54,4
IN00001060,CU00000832,2025-03-09,Branch,KYC,16.69,5
IN00001061,CU00003158,2026-04-14,App,Digital help,42.88,2
IN00001062,CU00002629,2025-02-26,App,Card issue,5.1,4
IN00001063,CU00000034,2026-04-25,Email,Complaint,6.16,4
IN00001064,CU00002310,2025-08-11,Branch,Loan enquiry,17.81,4
IN00001065,CU00003961,2025-11-05,App,Loan enquiry,31.05,1
IN00001066,CU00001092,2026-02-11,Branch,Complaint,11.96,3
IN00001067,CU00000052,2025-04-17,Email,Complaint,13.84,5
IN00001068,CU00002360,2024-10-28,Email,Loan enquiry,13.05,4
IN00001069,CU00000308,2026-08-09,App,Card issue,9.13,4
IN00001070,CU00000873,2026-03-25,Branch,Complaint,19.15,1
IN00001071,CU00000052,2025-12-26,Branch,KYC,12.97,4
IN00001072,CU00001655,2025-01-01,Branch,Digital help,25.63,4
IN00001073,CU00003046,2025-11-29,Branch,KYC,9.7,5
IN00001074,CU00000401,2025-12-25,Chat,Service request,7.99,2
IN00001075,CU00001106,2026-04-25,Call Centre,Loan enquiry,7.31,3
IN00001076,CU00003310,2026-06-21,App,Loan enquiry,11.61,5
IN00001077,CU00003232,2025-12-09,App,Complaint,5.02,2
IN00001078,CU00004525,2026-06-21,Email,Complaint,16.28,4
IN00001079,CU00002112,2025-05-11,Call Centre,KYC,14.55,4
IN00001080,CU00004631,2026-04-17,Branch,Digital help,16.59,4
IN00001081,CU00004209,2026-03-06,Call Centre,KYC,24.66,5
IN00001082,CU00002951,2024-12-21,Email,Complaint,17.42,4
IN00001083,CU00002799,2026-02-17,Email,Loan enquiry,10.58,3
IN00001084,CU00002020,2024-10-18,Chat,Complaint,11.1,3
IN00001085,CU00000970,2025-12-18,Branch,KYC,7.33,4
IN00001086,CU00001634,2026-02-07,Call Centre,Loan enquiry,15.94,5
IN00001087,CU00000279,2024-12-01,App,Card issue,12.0,5
IN00001088,CU00000606,2025-01-08,Branch,Loan enquiry,10.63,5
IN00001089,CU00000534,2026-07-19,App,Service request,24.15,5
IN00001090,CU00003412,2025-07-04,Branch,KYC,15.31,5
IN00001091,CU00001261,2026-01-12,Call Centre,Card issue,1.23,3
IN00001092,CU00000433,2026-02-14,Call Centre,Loan enquiry,13.19,4
IN00001093,CU00003330,2025-09-01,App,Complaint,14.14,4
IN00001094,CU00001762,2024-09-02,Branch,Loan enquiry,13.43,5
IN00001095,CU00001579,2026-05-29,Branch,Loan enquiry,13.66,3
IN00001096,CU00000222,2025-03-10,Branch,Service request,15.14,5
IN00001097,CU00000359,2025-11-04,App,Loan enquiry,15.04,3
IN00001098,CU00000500,2026-05-31,Branch,Digital help,3.78,2
IN00001099,CU00003302,2025-11-15,Chat,Complaint,3.06,5
IN00001100,CU00001727,2025-03-05,Email,KYC,50.37,3
IN00001101,CU00001743,2024-11-20,Email,KYC,5.02,4
IN00001102,CU00000379,2025-05-27,App,Digital help,12.73,3
IN00001103,CU00000584,2026-05-24,Email,Complaint,20.91,2
IN00001104,CU00003631,2026-06-09,Call Centre,KYC,33.27,5
IN00001105,CU00002925,2026-04-04,Email,Service request,5.65,5
IN00001106,CU00000282,2025-05-20,Email,Digital help,17.01,5
IN00001107,CU00000992,2025-11-17,App,Complaint,10.16,4
IN00001108,CU00003089,2025-05-17,App,Loan enquiry,16.99,4
IN00001109,CU00002717,2026-05-03,Chat,Card issue,11.53,4
IN00001110,CU00002758,2025-01-09,Call Centre,Service request,11.14,4
IN00001111,CU00002536,2024-10-08,Call Centre,KYC,46.89,4
IN00001112,CU00003087,2025-09-30,Email,Service request,2.65,4
IN00001113,CU00000368,2025-09-10,Chat,Service request,11.49,5
IN00001114,CU00004562,2025-01-03,Call Centre,Complaint,8.31,5
IN00001115,CU00000072,2025-01-20,Email,Digital help,34.04,4
IN00001116,CU00003995,2025-02-16,Call Centre,Service request,18.9,4
IN00001117,CU00000653,2025-04-05,Branch,KYC,74.01,5
IN00001118,CU00000766,2026-07-18,Branch,Digital help,6.27,5
IN00001119,CU00003972,2025-04-14,App,Loan enquiry,27.74,3
IN00001120,CU00003874,2024-12-23,Branch,Loan enquiry,12.45,4
IN00001121,CU00000287,2024-09-11,Branch,Card issue,21.67,5
IN00001122,CU00002958,2025-02-26,Call Centre,Loan enquiry,36.01,5
IN00001123,CU00002515,2025-07-10,App,KYC,27.32,4
IN00001124,CU00000475,2025-06-24,Email,Digital help,2.56,5
IN00001125,CU00003186,2025-04-24,Call Centre,Loan enquiry,9.63,4
IN00001126,CU00004534,2025-11-03,Call Centre,Complaint,14.77,3
IN00001127,CU00003048,2025-07-15,Email,KYC,12.1,4
IN00001128,CU00000937,2025-10-18,Call Centre,Digital help,16.9,4
IN00001129,CU00002200,2026-05-30,Chat,Service request,27.32,3
IN00001130,CU00002377,2024-12-10,Chat,Service request,15.5,5
IN00001131,CU00003024,2024-09-24,Call Centre,Service request,12.59,5
IN00001132,CU00002035,2025-06-22,Email,Loan enquiry,9.42,4
IN00001133,CU00002640,2025-09-20,Chat,Service request,20.61,4
IN00001134,CU00002069,2025-07-17,App,Loan enquiry,31.01,5
IN00001135,CU00003395,2025-11-15,Branch,Digital help,14.44,3
IN00001136,CU00000936,2025-06-03,Email,Digital help,18.26,2
IN00001137,CU00004150,2025-01-03,Email,Loan enquiry,11.87,4
IN00001138,CU00000369,2025-03-14,Branch,Digital help,39.29,5
IN00001139,CU00004919,2026-06-11,Branch,KYC,9.16,3
IN00001140,CU00001135,2026-07-31,Chat,Service request,23.0,4
IN00001141,CU00000870,2024-12-29,Email,Card issue,22.5,4
IN00001142,CU00000431,2025-07-26,Call Centre,Digital help,25.88,4
IN00001143,CU00003302,2026-01-27,Chat,Loan enquiry,11.6,3
IN00001144,CU00001168,2026-02-28,Call Centre,Service request,5.78,3
IN00001145,CU00004370,2026-06-03,Chat,Card issue,21.39,2
IN00001146,CU00000790,2025-09-19,Call Centre,Loan enquiry,17.22,3
IN00001147,CU00000514,2026-03-04,Chat,KYC,31.6,5
IN00001148,CU00002923,2026-05-12,Branch,Card issue,10.89,2
IN00001149,CU00003335,2025-05-26,Email,Complaint,19.99,4
IN00001150,CU00004342,2024-11-23,Email,Card issue,6.41,4
IN00001151,CU00004802,2025-07-26,App,Service request,23.12,4
IN00001152,CU00002287,2026-08-27,Branch,Card issue,15.76,5
IN00001153,CU00002618,2025-01-15,App,Service request,7.1,3
IN00001154,CU00001404,2025-09-09,Email,KYC,6.2,5
IN00001155,CU00004792,2025-03-22,App,Service request,11.76,4
IN00001156,CU00004983,2024-11-18,Branch,Complaint,19.35,4
IN00001157,CU00002262,2025-01-18,Branch,KYC,17.66,5
IN00001158,CU00001091,2025-06-28,Branch,Digital help,26.83,5
IN00001159,CU00000761,2025-11-22,Email,KYC,13.71,4
IN00001160,CU00004667,2024-12-28,Call Centre,Loan enquiry,22.14,5
IN00001161,CU00000931,2026-03-27,Chat,Digital help,11.08,3
IN00001162,CU00000582,2025-04-29,App,Service request,11.22,5
IN00001163,CU00000041,2024-11-18,App,Loan enquiry,15.94,4
IN00001164,CU00002910,2026-04-02,App,KYC,4.41,4
IN00001165,CU00001573,2026-03-08,Branch,Loan enquiry,23.64,5
IN00001166,CU00004491,2025-09-23,Chat,KYC,24.1,4
IN00001167,CU00000176,2025-11-26,Email,Loan enquiry,14.11,4
IN00001168,CU00000538,2025-10-12,Email,Digital help,12.27,4
IN00001169,CU00002148,2025-05-04,Chat,Card issue,19.46,4
IN00001170,CU00001174,2024-10-02,Email,Complaint,6.25,4
IN00001171,CU00004447,2024-10-03,App,KYC,5.83,5
IN00001172,CU00000061,2026-04-09,Call Centre,Card issue,38.99,5
IN00001173,CU00004680,2025-09-29,App,Digital help,21.6,5
IN00001174,CU00000841,2025-02-28,Call Centre,Service request,18.67,2
IN00001175,CU00002426,2025-09-28,Branch,Loan enquiry,17.68,4
IN00001176,CU00002629,2025-06-03,Email,Loan enquiry,2.86,5
IN00001177,CU00004533,2024-12-03,Branch,Digital help,9.65,4
IN00001178,CU00003521,2026-01-01,Email,Digital help,9.16,5
IN00001179,CU00001551,2025-04-13,Call Centre,Digital help,31.51,4
IN00001180,CU00004820,2026-02-01,Chat,Complaint,13.62,4
IN00001181,CU00002336,2025-01-31,App,Loan enquiry,13.49,4
IN00001182,CU00002939,2025-11-16,Chat,Complaint,11.23,5
IN00001183,CU00001597,2025-04-18,Call Centre,Loan enquiry,11.29,4
IN00001184,CU00002898,2026-02-25,Call Centre,Complaint,11.59,3
IN00001185,CU00001190,2025-07-17,Chat,KYC,19.06,3
IN00001186,CU00001027,2024-12-16,Chat,Complaint,16.31,5
IN00001187,CU00001763,2026-08-12,Call Centre,Digital help,14.04,2
IN00001188,CU00003927,2025-09-15,Call Centre,KYC,5.25,4
IN00001189,CU00002516,2025-10-27,Chat,Service request,9.29,4
IN00001190,CU00001516,2026-03-07,Branch,Service request,10.54,5
IN00001191,CU00004466,2025-06-17,Chat,Complaint,11.57,3
IN00001192,CU00002458,2026-05-17,App,KYC,24.28,3
IN00001193,CU00002281,2026-07-07,Chat,Digital help,7.53,2
IN00001194,CU00000694,2026-01-03,Chat,Loan enquiry,9.66,4
IN00001195,CU00004738,2025-07-12,App,Digital help,9.7,2
IN00001196,CU00000359,2026-03-26,App,Digital help,21.68,4
IN00001197,CU00003742,2026-01-18,Call Centre,Loan enquiry,6.09,5
IN00001198,CU00002190,2026-02-02,App,KYC,15.96,5
IN00001199,CU00002115,2025-08-15,Branch,Complaint,10.62,4
IN00001200,CU00004290,2026-06-22,Branch,KYC,7.86,5
IN00001201,CU00000545,2026-07-13,Call Centre,Digital help,5.93,4
IN00001202,CU00004957,2024-10-21,Branch,Digital help,10.9,4
IN00001203,CU00003421,2024-11-08,Call Centre,Digital help,9.42,2
IN00001204,CU00003133,2025-05-05,App,Loan enquiry,12.98,4
IN00001205,CU00003136,2025-04-04,Email,Service request,13.41,3
IN00001206,CU00000183,2026-08-03,Chat,Digital help,14.39,4
IN00001207,CU00004363,2025-07-20,App,Loan enquiry,25.72,2
IN00001208,CU00000417,2024-10-18,Call Centre,Service request,10.87,1
IN00001209,CU00001033,2024-09-27,Branch,Loan enquiry,5.06,4
IN00001210,CU00004047,2026-07-17,Call Centre,Complaint,20.51,4
IN00001211,CU00003873,2026-03-29,App,Card issue,37.37,3
IN00001212,CU00000453,2026-06-11,App,Complaint,21.86,4
IN00001213,CU00001206,2025-01-12,Chat,Complaint,20.42,4
IN00001214,CU00004307,2025-08-19,App,KYC,12.98,4
IN00001215,CU00004589,2025-06-13,Branch,KYC,10.83,5
IN00001216,CU00004776,2025-05-03,Email,Card issue,11.57,3
IN00001217,CU00001170,2024-10-25,Call Centre,Loan enquiry,11.55,5
IN00001218,CU00002045,2026-07-07,Branch,Loan enquiry,29.93,5
IN00001219,CU00003991,2025-06-19,Call Centre,Complaint,11.35,1
IN00001220,CU00004744,2026-04-02,Call Centre,Digital help,18.2,5
IN00001221,CU00003517,2025-01-26,Email,Card issue,23.7,5
IN00001222,CU00004956,2026-04-21,Chat,Card issue,21.88,3
IN00001223,CU00000875,2025-10-04,App,Complaint,24.23,5
IN00001224,CU00003937,2026-08-22,App,Loan enquiry,23.8,2
IN00001225,CU00000519,2026-04-06,App,Complaint,33.28,2
IN00001226,CU00004564,2025-06-26,App,KYC,9.71,3
IN00001227,CU00001895,2025-08-14,Branch,Service request,13.33,4
IN00001228,CU00000044,2026-08-08,Call Centre,KYC,12.48,3
IN00001229,CU00004702,2026-05-23,Branch,Digital help,16.91,4
IN00001230,CU00002867,2026-01-01,Email,Service request,6.89,3
IN00001231,CU00001561,2024-10-08,Email,KYC,15.64,1
IN00001232,CU00001103,2024-11-27,Chat,Complaint,10.9,2
IN00001233,CU00002480,2026-07-24,Branch,Service request,14.78,3
IN00001234,CU00003813,2026-04-09,Email,Card issue,47.29,5
IN00001235,CU00000066,2025-04-22,App,Digital help,7.95,3
IN00001236,CU00002932,2025-11-25,Call Centre,Digital help,11.89,4
IN00001237,CU00003297,2025-07-14,Call Centre,Digital help,17.4,4
IN00001238,CU00004729,2026-05-22,Email,Loan enquiry,31.73,4
IN00001239,CU00000726,2026-07-27,Email,KYC,33.93,4
IN00001240,CU00000656,2024-11-01,Branch,KYC,4.74,3
IN00001241,CU00002021,2025-01-30,Chat,Service request,15.3,3
IN00001242,CU00001282,2025-01-21,App,Complaint,4.41,1
IN00001243,CU00003909,2024-09-01,Email,Complaint,15.67,3
IN00001244,CU00003678,2025-02-27,Chat,Service request,28.39,5
IN00001245,CU00003964,2024-10-22,Chat,Complaint,6.9,3
IN00001246,CU00004420,2025-07-22,Call Centre,Card issue,19.42,5
IN00001247,CU00003594,2026-04-17,Email,Card issue,6.23,1
IN00001248,CU00004346,2026-03-01,Call Centre,Card issue,30.76,4
IN00001249,CU00004864,2026-02-08,Call Centre,KYC,8.15,5
IN00001250,CU00001629,2026-05-25,Branch,KYC,25.54,4
IN00001251,CU00002565,2025-04-16,Call Centre,Digital help,3.78,1
IN00001252,CU00004472,2025-08-22,Chat,Service request,13.71,3
IN00001253,CU00003428,2024-09-11,Call Centre,Loan enquiry,5.01,5
IN00001254,CU00001078,2025-07-25,Call Centre,KYC,21.41,5
IN00001255,CU00003345,2025-12-03,App,Service request,12.42,4
IN00001256,CU00003097,2025-07-31,Branch,Digital help,14.42,3
IN00001257,CU00001814,2024-12-12,App,KYC,0.83,3
IN00001258,CU00000490,2024-10-12,App,Card issue,8.41,4
IN00001259,CU00001551,2024-11-29,Chat,Card issue,17.0,4
IN00001260,CU00002859,2024-12-31,Email,Service request,4.75,5
IN00001261,CU00004462,2026-06-11,Chat,Service request,11.88,4
IN00001262,CU00003745,2025-02-19,Chat,Card issue,9.01,3
IN00001263,CU00003270,2026-01-25,Branch,Complaint,10.1,5
IN00001264,CU00000936,2024-10-16,Email,Loan enquiry,18.74,5
IN00001265,CU00003574,2024-12-16,Call Centre,Loan enquiry,11.96,4
IN00001266,CU00002091,2026-01-17,Email,Service request,26.28,4
IN00001267,CU00002804,2026-04-08,Call Centre,Loan enquiry,15.45,5
IN00001268,CU00003858,2025-11-28,App,Service request,15.26,5
IN00001269,CU00001166,2026-04-10,Chat,KYC,4.03,4
IN00001270,CU00004068,2026-05-17,Branch,Loan enquiry,10.87,5
IN00001271,CU00000540,2024-12-17,Branch,Card issue,0.81,3
IN00001272,CU00002623,2024-09-20,Branch,KYC,18.43,4
IN00001273,CU00000281,2026-01-01,Chat,Digital help,18.59,4
IN00001274,CU00001478,2025-03-24,Chat,Loan enquiry,15.64,3
IN00001275,CU00000558,2024-10-31,App,Complaint,8.37,4
IN00001276,CU00004980,2025-11-03,Call Centre,Card issue,4.25,3
IN00001277,CU00000139,2025-05-28,Branch,KYC,33.08,4
IN00001278,CU00000892,2025-06-11,Branch,Loan enquiry,14.12,4
IN00001279,CU00001964,2026-01-06,App,Service request,18.5,5
IN00001280,CU00004323,2024-11-17,Email,Complaint,8.9,4
IN00001281,CU00001594,2026-04-22,Chat,Digital help,13.1,5
IN00001282,CU00000304,2024-09-23,Chat,Loan enquiry,26.29,5
IN00001283,CU00001740,2025-09-10,Call Centre,KYC,19.44,4
IN00001284,CU00002797,2025-12-31,App,Card issue,9.59,5
IN00001285,CU00000150,2025-12-29,App,Service request,16.25,5
IN00001286,CU00004919,2025-04-07,Call Centre,Complaint,3.49,4
IN00001287,CU00001341,2024-11-12,Branch,KYC,9.0,4
IN00001288,CU00002000,2024-11-10,Chat,Service request,24.89,4
IN00001289,CU00002832,2025-12-16,Call Centre,Loan enquiry,2.9,1
IN00001290,CU00000280,2024-09-07,Email,Digital help,24.38,4
IN00001291,CU00002699,2025-05-23,Email,Loan enquiry,13.29,4
IN00001292,CU00000253,2026-08-17,App,KYC,18.22,5
IN00001293,CU00001652,2026-07-28,Branch,Digital help,13.36,4
IN00001294,CU00000424,2025-06-03,Call Centre,Loan enquiry,3.5,4
IN00001295,CU00004124,2025-06-27,Call Centre,KYC,12.65,5
IN00001296,CU00002120,2025-03-05,Chat,Complaint,16.87,3
IN00001297,CU00002597,2026-03-05,Branch,Loan enquiry,16.78,4
IN00001298,CU00003340,2024-10-14,App,Digital help,20.18,5
IN00001299,CU00001304,2025-02-15,Chat,KYC,41.95,2
IN00001300,CU00000245,2025-11-13,Email,Card issue,16.35,2
IN00001301,CU00001789,2026-03-03,App,KYC,7.49,4
IN00001302,CU00000592,2024-09-08,App,Complaint,9.95,2
IN00001303,CU00004458,2026-08-15,Call Centre,Digital help,32.82,3
IN00001304,CU00001778,2026-03-31,Branch,Loan enquiry,14.3,5
IN00001305,CU00001493,2026-03-07,Email,Service request,11.99,2
IN00001306,CU00004034,2026-04-16,Chat,Loan enquiry,2.43,4
IN00001307,CU00001990,2024-11-01,Branch,Loan enquiry,25.43,3
IN00001308,CU00000983,2026-01-07,Email,Digital help,20.01,4
IN00001309,CU00003393,2025-09-19,App,KYC,13.08,3
IN00001310,CU00003306,2025-09-19,App,Digital help,3.74,3
IN00001311,CU00000835,2026-07-26,Branch,Complaint,43.77,4
IN00001312,CU00002358,2026-02-27,Chat,Digital help,15.34,5
IN00001313,CU00002292,2024-10-05,App,Digital help,2.53,5
IN00001314,CU00002841,2025-07-31,Branch,Card issue,16.33,4
IN00001315,CU00000965,2026-08-21,Email,Service request,17.82,3
IN00001316,CU00003936,2026-02-06,Chat,Service request,2.43,5
IN00001317,CU00003516,2024-09-17,Email,KYC,9.01,5
IN00001318,CU00001437,2026-01-10,App,Digital help,20.03,4
IN00001319,CU00000694,2025-12-04,Branch,Loan enquiry,1.53,1
IN00001320,CU00002075,2025-10-09,Branch,Loan enquiry,18.82,5
IN00001321,CU00001469,2026-08-24,Email,Card issue,39.6,4
IN00001322,CU00003366,2025-08-09,App,Card issue,6.87,3
IN00001323,CU00002640,2024-10-21,Call Centre,Digital help,30.99,3
IN00001324,CU00002251,2025-05-04,App,KYC,21.82,2
IN00001325,CU00003576,2026-03-28,Branch,Loan enquiry,30.73,3
IN00001326,CU00000731,2026-07-03,Chat,KYC,25.23,3
IN00001327,CU00001355,2026-01-19,Call Centre,Complaint,20.33,4
IN00001328,CU00003271,2025-09-24,Email,KYC,3.68,5
IN00001329,CU00001728,2025-04-14,Chat,Service request,18.07,5
IN00001330,CU00001369,2026-03-24,App,Digital help,5.11,3
IN00001331,CU00001342,2026-05-24,Call Centre,Complaint,24.5,4
IN00001332,CU00002945,2024-12-19,Chat,Service request,1.66,4
IN00001333,CU00001335,2025-07-02,App,Loan enquiry,24.92,3
IN00001334,CU00000329,2026-07-06,Chat,Service request,60.97,5
IN00001335,CU00000988,2026-07-14,Chat,Card issue,6.41,2
IN00001336,CU00001992,2024-09-12,Email,Card issue,9.89,4
IN00001337,CU00001900,2025-03-19,App,Digital help,19.46,3
IN00001338,CU00001719,2025-01-06,Email,Digital help,7.7,4
IN00001339,CU00003126,2025-10-11,Email,KYC,12.86,5
IN00001340,CU00004145,2026-08-03,Branch,Service request,13.64,4
IN00001341,CU00000768,2025-10-29,Call Centre,Digital help,16.77,3
IN00001342,CU00002313,2025-03-07,Email,Complaint,8.69,5
IN00001343,CU00000309,2026-03-01,Call Centre,Loan enquiry,18.78,2
IN00001344,CU00000016,2025-07-12,Email,Complaint,6.61,2
IN00001345,CU00004090,2026-01-10,Branch,Digital help,31.51,5
IN00001346,CU00001516,2026-05-24,Branch,Card issue,23.9,4
IN00001347,CU00003078,2026-07-22,Chat,Digital help,19.56,4
IN00001348,CU00001728,2025-10-30,Branch,KYC,7.38,4
IN00001349,CU00004722,2026-04-09,Email,Digital help,1.07,1
IN00001350,CU00002072,2026-06-10,App,KYC,7.98,2
IN00001351,CU00000235,2026-02-17,Call Centre,Service request,32.09,5
IN00001352,CU00003281,2024-11-18,Chat,Complaint,29.43,4
IN00001353,CU00000015,2025-07-22,Email,Complaint,6.81,4
IN00001354,CU00003218,2026-03-09,Chat,KYC,12.08,3
IN00001355,CU00004098,2025-07-21,Chat,KYC,4.93,5
IN00001356,CU00000406,2026-05-03,Chat,Loan enquiry,12.69,4
IN00001357,CU00000737,2025-06-19,Chat,KYC,22.36,2
IN00001358,CU00002492,2026-06-15,Branch,Card issue,26.11,1
IN00001359,CU00000706,2026-06-25,Email,Card issue,17.43,5
IN00001360,CU00002397,2024-12-13,App,Service request,18.06,5
IN00001361,CU00001197,2026-04-04,Branch,Complaint,49.07,5
IN00001362,CU00003842,2026-03-29,Email,Complaint,27.02,1
IN00001363,CU00001880,2025-11-24,Chat,Loan enquiry,32.34,5
IN00001364,CU00000110,2025-01-16,Call Centre,Card issue,25.18,4
IN00001365,CU00004068,2024-09-17,Branch,KYC,8.33,3
IN00001366,CU00001332,2024-10-09,Branch,Digital help,4.03,5
IN00001367,CU00002615,2026-07-19,Email,Card issue,10.12,5
IN00001368,CU00004975,2026-01-27,Email,Complaint,45.6,5
IN00001369,CU00001100,2026-03-19,Branch,Service request,16.53,5
IN00001370,CU00000387,2025-07-15,App,Digital help,22.39,5
IN00001371,CU00002171,2025-06-23,Email,Service request,2.3,3
IN00001372,CU00003815,2024-11-28,Email,Digital help,14.5,3
IN00001373,CU00001584,2025-06-16,App,Complaint,18.34,5
IN00001374,CU00004371,2025-11-22,Branch,Loan enquiry,17.36,3
IN00001375,CU00002433,2026-07-06,Chat,Complaint,2.91,5
IN00001376,CU00004269,2025-10-13,Branch,Service request,39.48,1
IN00001377,CU00001441,2025-08-10,Chat,Loan enquiry,9.43,4
IN00001378,CU00001566,2026-03-04,Branch,Card issue,7.09,5
IN00001379,CU00001207,2024-09-06,Email,Card issue,19.13,4
IN00001380,CU00000237,2026-02-19,Email,Loan enquiry,10.38,3
IN00001381,CU00004166,2026-01-06,Branch,Digital help,4.91,4
IN00001382,CU00001695,2025-05-17,Branch,KYC,26.55,5
IN00001383,CU00004403,2025-01-14,Branch,Loan enquiry,9.2,2
IN00001384,CU00000346,2025-05-03,App,Loan enquiry,6.63,4
IN00001385,CU00000778,2025-03-24,Email,KYC,22.25,3
IN00001386,CU00000805,2025-03-01,Email,Card issue,5.17,3
IN00001387,CU00001195,2026-01-27,Call Centre,Loan enquiry,12.56,5
IN00001388,CU00001871,2024-09-08,Email,Complaint,25.57,5
IN00001389,CU00000184,2026-03-23,Email,Service request,3.35,3
IN00001390,CU00004138,2026-05-02,App,Service request,21.17,5
IN00001391,CU00000668,2025-06-15,Call Centre,Loan enquiry,20.31,5
IN00001392,CU00003833,2026-01-23,Email,KYC,16.79,3
IN00001393,CU00001149,2025-04-25,Branch,Card issue,13.95,2
IN00001394,CU00000336,2025-01-15,Branch,Digital help,11.2,2
IN00001395,CU00002308,2026-02-17,App,KYC,35.81,4
IN00001396,CU00000004,2024-09-06,App,Card issue,12.88,4
IN00001397,CU00001957,2025-12-11,App,KYC,40.71,3
IN00001398,CU00001761,2026-05-21,Call Centre,Service request,18.4,1
IN00001399,CU00001889,2025-01-07,Branch,Complaint,47.29,4
IN00001400,CU00003226,2025-05-31,Chat,Card issue,10.94,5
IN00001401,CU00000498,2024-11-06,Branch,Card issue,8.22,4
IN00001402,CU00001398,2025-09-29,App,Complaint,61.5,4
IN00001403,CU00004562,2026-07-17,Email,Service request,30.61,3
IN00001404,CU00001088,2025-08-19,Chat,Complaint,10.07,1
IN00001405,CU00004439,2024-11-12,Chat,Complaint,19.3,1
IN00001406,CU00001637,2025-12-07,Branch,Digital help,18.59,2
IN00001407,CU00001856,2024-10-30,Email,KYC,26.07,3
IN00001408,CU00004102,2026-03-05,App,Card issue,6.71,5
IN00001409,CU00003199,2026-06-28,Branch,KYC,22.73,4
IN00001410,CU00002469,2026-06-06,Chat,Service request,12.95,4
IN00001411,CU00004840,2026-03-06,Call Centre,Complaint,7.97,4
IN00001412,CU00004260,2025-04-04,Email,Card issue,6.42,4
IN00001413,CU00001153,2026-05-22,Chat,Complaint,22.76,5
IN00001414,CU00000304,2024-10-29,Call Centre,Digital help,26.1,5
IN00001415,CU00003246,2025-06-28,App,Service request,10.39,5
IN00001416,CU00002336,2024-10-24,Email,Loan enquiry,15.22,4
IN00001417,CU00002595,2024-09-21,Email,Service request,30.71,4
IN00001418,CU00002676,2026-07-16,Call Centre,Card issue,15.28,5
IN00001419,CU00004070,2026-06-12,App,Digital help,11.57,5
IN00001420,CU00004082,2026-05-23,Branch,Complaint,7.75,4
IN00001421,CU00004012,2025-11-13,Branch,Loan enquiry,14.3,2
IN00001422,CU00001531,2026-03-29,Email,Loan enquiry,12.89,5
IN00001423,CU00000056,2026-03-25,Chat,Service request,6.96,5
IN00001424,CU00004339,2026-08-03,Email,KYC,17.94,4
IN00001425,CU00001966,2025-02-25,App,Service request,21.69,3
IN00001426,CU00004307,2025-08-15,Branch,KYC,18.92,5
IN00001427,CU00002432,2026-01-04,App,Digital help,22.04,3
IN00001428,CU00003484,2025-09-04,Chat,Service request,12.16,4
IN00001429,CU00001362,2025-02-25,Chat,Card issue,37.48,4
IN00001430,CU00002641,2026-07-09,Email,KYC,9.44,1
IN00001431,CU00001883,2025-07-19,Call Centre,Digital help,9.32,2
IN00001432,CU00001904,2026-02-06,Chat,Digital help,5.99,4
IN00001433,CU00003989,2026-01-24,Email,Card issue,10.48,5
IN00001434,CU00002148,2025-08-20,Branch,Service request,22.09,4
IN00001435,CU00001384,2025-03-20,Branch,Complaint,13.82,4
IN00001436,CU00003288,2026-05-24,Branch,Digital help,14.15,2
IN00001437,CU00000466,2026-02-05,Call Centre,Complaint,11.97,4
IN00001438,CU00002083,2024-09-23,Chat,Complaint,26.51,5
IN00001439,CU00004800,2025-04-15,Email,Loan enquiry,13.67,3
IN00001440,CU00000135,2024-12-27,Call Centre,Service request,2.79,4
IN00001441,CU00000022,2026-07-02,Email,KYC,27.36,4
IN00001442,CU00002503,2025-05-29,Branch,Card issue,13.66,3
IN00001443,CU00004552,2025-11-11,Call Centre,Loan enquiry,12.39,5
IN00001444,CU00004655,2025-03-09,Call Centre,Service request,16.14,4
IN00001445,CU00004765,2024-12-26,App,KYC,9.1,2
IN00001446,CU00001331,2025-09-10,App,KYC,14.74,5
IN00001447,CU00002783,2025-02-16,Email,Card issue,9.24,3
IN00001448,CU00001867,2025-02-24,Call Centre,Digital help,36.24,3
IN00001449,CU00001670,2024-09-16,Chat,Card issue,17.87,5
IN00001450,CU00000448,2024-11-03,Email,Service request,43.77,3
IN00001451,CU00001548,2026-03-25,Chat,Card issue,6.72,5
IN00001452,CU00000716,2025-09-26,App,Digital help,9.57,4
IN00001453,CU00004989,2024-12-06,App,Digital help,9.32,4
IN00001454,CU00002680,2025-10-25,Branch,KYC,8.21,5
IN00001455,CU00002534,2025-07-18,App,Loan enquiry,5.43,4
IN00001456,CU00002362,2024-11-16,Call Centre,Card issue,25.08,3
IN00001457,CU00004453,2026-03-16,Chat,Digital help,14.93,5
IN00001458,CU00003174,2026-07-02,App,Card issue,19.36,5
IN00001459,CU00004842,2026-08-30,Call Centre,Loan enquiry,5.5,1
IN00001460,CU00002658,2025-08-09,App,KYC,13.89,3
IN00001461,CU00004042,2025-01-19,Branch,Complaint,8.78,2
IN00001462,CU00002957,2025-08-15,Call Centre,KYC,32.37,4
IN00001463,CU00002111,2025-06-09,Call Centre,Service request,16.84,4
IN00001464,CU00002929,2026-01-25,Chat,KYC,5.53,4
IN00001465,CU00004295,2025-07-30,Call Centre,Loan enquiry,4.9,3
IN00001466,CU00004575,2025-11-13,Email,KYC,15.66,5
IN00001467,CU00004134,2026-07-18,Chat,Complaint,9.99,4
IN00001468,CU00002992,2025-03-26,App,Service request,34.26,4
IN00001469,CU00003977,2026-04-09,Branch,Loan enquiry,24.32,2
IN00001470,CU00003241,2025-12-09,Email,Digital help,22.19,5
IN00001471,CU00000968,2025-04-02,Branch,Card issue,13.09,5
IN00001472,CU00004746,2025-01-09,Call Centre,Complaint,22.68,4
IN00001473,CU00002916,2025-08-17,App,Service request,4.33,5
IN00001474,CU00000757,2026-07-15,App,Loan enquiry,11.34,2
IN00001475,CU00000327,2024-10-21,Call Centre,Digital help,29.72,3
IN00001476,CU00000280,2026-05-16,Chat,Service request,43.61,4
IN00001477,CU00000762,2025-04-30,App,KYC,13.67,5
IN00001478,CU00004771,2025-02-24,Call Centre,Loan enquiry,13.62,3
IN00001479,CU00003893,2026-06-11,Chat,Card issue,1.62,3
IN00001480,CU00003140,2024-12-09,Chat,Digital help,9.42,4
IN00001481,CU00002054,2025-03-02,Email,Complaint,7.2,5
IN00001482,CU00002801,2025-08-01,Email,Card issue,16.92,2
IN00001483,CU00003921,2025-06-26,Email,Loan enquiry,17.0,4
IN00001484,CU00000594,2026-07-13,Chat,Digital help,10.28,5
IN00001485,CU00003276,2026-04-26,Branch,Card issue,13.18,4
IN00001486,CU00000794,2024-12-06,Email,Complaint,3.13,4
IN00001487,CU00000256,2026-04-20,Branch,Complaint,7.2,5
IN00001488,CU00001854,2024-10-20,Call Centre,Digital help,31.15,5
IN00001489,CU00002443,2026-08-14,Call Centre,Service request,6.92,5
IN00001490,CU00003016,2026-04-21,Chat,Digital help,5.98,3
IN00001491,CU00004414,2026-07-16,Email,Loan enquiry,11.53,4
IN00001492,CU00003007,2025-06-12,Call Centre,Service request,6.93,5
IN00001493,CU00000872,2026-08-31,Call Centre,KYC,44.18,2
IN00001494,CU00003462,2025-05-05,Email,KYC,8.47,5
IN00001495,CU00004712,2025-01-28,Email,Digital help,39.17,3
IN00001496,CU00001760,2025-09-02,Email,Loan enquiry,13.87,5
IN00001497,CU00004015,2024-10-24,Branch,Complaint,8.71,5
IN00001498,CU00002899,2024-09-09,Chat,Card issue,8.77,4
IN00001499,CU00002135,2024-10-13,App,Card issue,21.93,4
IN00001500,CU00003988,2025-09-20,Branch,Digital help,6.57,4
IN00001501,CU00000114,2024-10-13,App,Loan enquiry,16.74,2
IN00001502,CU00001447,2024-11-25,Email,Loan enquiry,17.46,5
IN00001503,CU00003327,2024-10-05,Call Centre,KYC,12.47,4
IN00001504,CU00000689,2024-09-29,Branch,KYC,36.32,2
IN00001505,CU00000358,2025-12-23,Email,Card issue,32.38,5
IN00001506,CU00000374,2024-12-16,Branch,Service request,0.12,4
IN00001507,CU00003595,2024-12-06,Chat,Card issue,12.49,5
IN00001508,CU00004918,2025-03-21,Call Centre,Complaint,9.03,5
IN00001509,CU00002270,2025-03-17,App,Digital help,21.79,4
IN00001510,CU00000337,2025-05-09,Email,KYC,12.24,5
IN00001511,CU00002698,2026-07-31,Chat,Complaint,28.8,5
IN00001512,CU00004447,2026-06-13,Call Centre,Service request,9.3,5
IN00001513,CU00004963,2025-07-07,App,Service request,8.17,5
IN00001514,CU00003868,2025-08-18,App,KYC,15.28,3
IN00001515,CU00001460,2025-09-13,Branch,Loan enquiry,9.68,3
IN00001516,CU00003516,2025-10-21,Chat,Card issue,7.09,5
IN00001517,CU00001880,2026-01-05,Chat,Card issue,8.1,5
IN00001518,CU00003357,2026-06-05,Chat,Card issue,27.97,4
IN00001519,CU00002818,2025-01-02,Email,Complaint,19.13,4
IN00001520,CU00003453,2026-01-29,Email,Loan enquiry,7.86,4
IN00001521,CU00004924,2025-07-16,App,Card issue,17.18,5
IN00001522,CU00001627,2025-01-24,Call Centre,Digital help,38.97,1
IN00001523,CU00001698,2025-04-23,Branch,Complaint,10.9,5
IN00001524,CU00000885,2025-05-12,Chat,Loan enquiry,32.23,4
IN00001525,CU00000122,2026-08-07,Chat,Digital help,10.36,4
IN00001526,CU00000032,2025-02-18,Branch,Digital help,24.68,5
IN00001527,CU00002159,2025-05-10,Call Centre,KYC,16.64,2
IN00001528,CU00001320,2025-08-08,Branch,Digital help,46.0,4
IN00001529,CU00003844,2025-05-08,Branch,Card issue,3.67,5
IN00001530,CU00003702,2024-12-06,Call Centre,Loan enquiry,22.39,4
IN00001531,CU00003145,2025-09-05,Chat,Service request,10.24,1
IN00001532,CU00003090,2024-11-21,Chat,Service request,7.91,4
IN00001533,CU00003554,2026-01-25,Branch,KYC,6.9,4
IN00001534,CU00002759,2025-02-25,App,Complaint,19.82,3
IN00001535,CU00001505,2026-05-30,App,Digital help,10.11,5
IN00001536,CU00004350,2026-02-07,Email,Loan enquiry,2.32,5
IN00001537,CU00003320,2026-07-27,Chat,KYC,6.32,4
IN00001538,CU00002354,2025-12-25,App,Service request,12.86,4
IN00001539,CU00000769,2025-05-26,Branch,KYC,10.58,4
IN00001540,CU00004755,2025-08-28,Email,Service request,11.02,4
IN00001541,CU00002162,2025-09-09,App,KYC,15.2,4
IN00001542,CU00002139,2025-06-24,Email,Complaint,23.66,5
IN00001543,CU00004546,2025-01-21,Branch,Digital help,14.44,4
IN00001544,CU00002207,2026-04-20,App,KYC,3.64,4
IN00001545,CU00000185,2026-03-15,Email,Service request,13.42,4
IN00001546,CU00004077,2025-01-14,App,Service request,17.95,2
IN00001547,CU00001445,2026-03-21,Call Centre,Service request,23.63,3
IN00001548,CU00003214,2025-03-06,App,Digital help,3.27,4
IN00001549,CU00004221,2024-12-22,App,KYC,25.51,3
IN00001550,CU00002966,2024-09-03,Email,KYC,40.58,2
IN00001551,CU00000070,2025-12-25,Chat,Complaint,27.59,4
IN00001552,CU00000020,2026-07-03,Branch,Digital help,11.33,5
IN00001553,CU00002497,2025-10-31,Call Centre,KYC,18.35,5
IN00001554,CU00004592,2025-02-23,Call Centre,Card issue,39.02,2
IN00001555,CU00003079,2025-12-02,Email,Loan enquiry,15.81,4
IN00001556,CU00004689,2025-09-23,Chat,Service request,12.9,5
IN00001557,CU00001350,2026-01-20,Chat,Loan enquiry,8.46,4
IN00001558,CU00002582,2024-10-31,App,Service request,28.22,5
IN00001559,CU00001276,2025-05-16,Call Centre,Card issue,17.58,2
IN00001560,CU00004020,2025-06-07,Email,Service request,2.06,3
IN00001561,CU00001016,2025-05-03,Branch,Loan enquiry,24.99,2
IN00001562,CU00000133,2025-02-08,Branch,Card issue,2.75,1
IN00001563,CU00002751,2025-01-29,Branch,Digital help,4.8,4
IN00001564,CU00003814,2026-02-16,App,KYC,24.57,2
IN00001565,CU00000441,2025-01-05,Chat,Loan enquiry,38.88,5
IN00001566,CU00004424,2025-08-10,App,Digital help,12.57,5
IN00001567,CU00001369,2025-11-04,Chat,Loan enquiry,5.41,5
IN00001568,CU00003608,2025-07-14,Email,Complaint,8.39,4
IN00001569,CU00004399,2025-12-23,Email,Service request,51.45,3
IN00001570,CU00003668,2024-12-13,Email,Loan enquiry,20.79,3
IN00001571,CU00000541,2024-09-18,Branch,Complaint,13.66,3
IN00001572,CU00004745,2025-06-14,App,Card issue,11.37,3
IN00001573,CU00003393,2024-12-29,Chat,Service request,12.02,4
IN00001574,CU00003844,2026-07-28,Chat,Loan enquiry,3.51,4
IN00001575,CU00004281,2026-01-21,Email,Digital help,6.04,4
IN00001576,CU00001562,2024-12-26,Branch,Loan enquiry,1.45,4
IN00001577,CU00000093,2024-12-02,App,Complaint,23.49,2
IN00001578,CU00003232,2024-09-09,Call Centre,Complaint,3.43,4
IN00001579,CU00003172,2026-05-08,Call Centre,KYC,36.63,5
IN00001580,CU00002028,2025-11-15,Chat,Loan enquiry,21.78,4
IN00001581,CU00004429,2026-05-03,Chat,Digital help,16.66,2
IN00001582,CU00001395,2024-09-28,Chat,Digital help,19.72,3
IN00001583,CU00002159,2025-10-27,App,Service request,37.12,4
IN00001584,CU00003781,2025-11-10,App,KYC,42.55,3
IN00001585,CU00002209,2024-09-20,Email,Complaint,27.14,3
IN00001586,CU00004398,2024-11-07,Email,KYC,58.6,2
IN00001587,CU00004323,2025-05-31,Call Centre,KYC,24.61,2
IN00001588,CU00002917,2025-01-06,Email,Card issue,14.92,1
IN00001589,CU00004955,2024-09-19,Branch,KYC,28.57,3
IN00001590,CU00000036,2025-03-01,Call Centre,Digital help,24.91,4
IN00001591,CU00001711,2025-05-07,Email,Card issue,17.73,5
IN00001592,CU00003095,2026-03-23,App,Complaint,4.88,3
IN00001593,CU00004435,2024-10-15,Chat,Service request,9.64,5
IN00001594,CU00002282,2026-08-08,Email,KYC,39.36,4
IN00001595,CU00003215,2025-07-08,App,Complaint,2.92,4
IN00001596,CU00002359,2026-05-17,Branch,Service request,17.04,5
IN00001597,CU00001356,2026-04-12,App,Service request,9.94,5
IN00001598,CU00000194,2026-07-28,Branch,Digital help,8.4,4
IN00001599,CU00000430,2025-12-24,App,KYC,8.84,5
IN00001600,CU00001468,2025-04-30,Email,Card issue,8.37,5
IN00001601,CU00001205,2026-07-24,Chat,Service request,4.73,3
IN00001602,CU00002688,2026-05-16,Branch,Service request,42.21,2
IN00001603,CU00001418,2025-08-10,Branch,Service request,21.0,3
IN00001604,CU00004859,2025-01-23,Email,Digital help,28.32,3
IN00001605,CU00000382,2024-11-29,Chat,Service request,17.4,5
IN00001606,CU00000070,2025-10-31,Email,Complaint,4.26,5
IN00001607,CU00002147,2024-09-14,Call Centre,Loan enquiry,7.8,3
IN00001608,CU00000384,2024-11-02,Chat,Digital help,18.52,2
IN00001609,CU00001216,2024-10-13,Chat,Complaint,11.67,4
IN00001610,CU00000020,2025-08-07,Email,Complaint,9.03,4
IN00001611,CU00003240,2025-11-22,Chat,Card issue,7.09,4
IN00001612,CU00001094,2026-07-27,App,Loan enquiry,10.28,4
IN00001613,CU00003739,2026-06-26,Email,KYC,20.46,5
IN00001614,CU00003000,2025-04-14,Branch,Service request,26.67,3
IN00001615,CU00004909,2025-10-15,Branch,Loan enquiry,6.91,4
IN00001616,CU00000575,2025-08-20,App,Loan enquiry,10.81,5
IN00001617,CU00003901,2025-05-18,Call Centre,Digital help,14.71,5
IN00001618,CU00002301,2026-08-09,Call Centre,Card issue,11.69,5
IN00001619,CU00002147,2025-11-25,Call Centre,Service request,12.98,3
IN00001620,CU00003774,2026-04-06,Branch,Digital help,8.76,5
IN00001621,CU00000398,2025-12-08,Branch,KYC,25.06,4
IN00001622,CU00003291,2025-03-15,Chat,Loan enquiry,15.63,3
IN00001623,CU00000923,2026-03-25,Call Centre,Loan enquiry,37.5,4
IN00001624,CU00002309,2025-08-17,Chat,Loan enquiry,9.82,5
IN00001625,CU00000576,2024-11-13,Email,KYC,23.94,4
IN00001626,CU00004004,2024-11-26,App,Loan enquiry,5.54,5
IN00001627,CU00002292,2026-03-13,Branch,Loan enquiry,36.9,3
IN00001628,CU00004478,2025-07-03,App,KYC,7.87,3
IN00001629,CU00004300,2025-01-28,Branch,Service request,18.1,4
IN00001630,CU00004253,2024-09-10,Email,Service request,2.95,2
IN00001631,CU00002373,2024-12-24,Call Centre,KYC,4.67,5
IN00001632,CU00004726,2025-01-14,App,Digital help,16.82,3
IN00001633,CU00004912,2025-08-30,Branch,Card issue,30.76,4
IN00001634,CU00000953,2025-01-12,Chat,Card issue,13.92,4
IN00001635,CU00000405,2025-05-31,Call Centre,Service request,20.2,5
IN00001636,CU00001297,2025-12-30,Branch,KYC,3.85,1
IN00001637,CU00000836,2026-02-14,Chat,KYC,14.04,3
IN00001638,CU00002537,2026-08-29,Email,Card issue,5.6,2
IN00001639,CU00001072,2025-04-05,Call Centre,Card issue,12.98,3
IN00001640,CU00001882,2025-08-09,Email,Card issue,15.33,3
IN00001641,CU00003232,2026-04-21,Email,Service request,14.37,4
IN00001642,CU00001895,2025-10-19,Call Centre,KYC,6.32,5
IN00001643,CU00003511,2024-09-25,App,Service request,7.37,5
IN00001644,CU00000234,2025-10-30,Email,Card issue,20.16,4
IN00001645,CU00002787,2025-02-16,App,Service request,10.27,3
IN00001646,CU00004827,2025-04-09,Chat,Digital help,43.36,5
IN00001647,CU00004974,2025-05-10,Email,Service request,19.56,5
IN00001648,CU00004832,2025-07-08,Chat,Service request,5.14,5
IN00001649,CU00004703,2025-09-16,App,Complaint,15.66,4
IN00001650,CU00002484,2024-09-14,Call Centre,KYC,6.49,4
IN00001651,CU00004860,2026-05-29,Chat,Card issue,5.11,4
IN00001652,CU00000425,2025-09-19,Email,Complaint,4.37,2
IN00001653,CU00001898,2026-02-06,Chat,Digital help,14.96,3
IN00001654,CU00003326,2026-08-25,App,KYC,23.45,5
IN00001655,CU00004900,2025-12-07,App,Loan enquiry,7.59,5
IN00001656,CU00004523,2026-03-21,App,KYC,22.02,3
IN00001657,CU00002636,2025-02-17,Branch,Loan enquiry,17.88,3
IN00001658,CU00003970,2025-05-19,Chat,Loan enquiry,22.43,5
IN00001659,CU00003116,2025-01-22,Chat,Digital help,5.56,5
IN00001660,CU00004658,2025-04-06,Branch,Loan enquiry,21.7,2
IN00001661,CU00004953,2026-05-05,Email,Service request,28.15,4
IN00001662,CU00004070,2025-07-29,Call Centre,Digital help,7.68,2
IN00001663,CU00001708,2026-07-11,Branch,Complaint,23.16,5
IN00001664,CU00001149,2025-03-10,Call Centre,Service request,14.42,5
IN00001665,CU00000196,2025-02-26,Chat,Loan enquiry,13.85,4
IN00001666,CU00002744,2026-08-25,Chat,Complaint,25.25,2
IN00001667,CU00003860,2026-07-03,App,Loan enquiry,10.62,5
IN00001668,CU00004224,2025-10-18,Branch,Loan enquiry,29.78,5
IN00001669,CU00001730,2025-08-03,App,KYC,13.17,1
IN00001670,CU00001619,2026-01-26,Branch,Service request,20.67,3
IN00001671,CU00004901,2025-09-16,Branch,Complaint,25.71,5
IN00001672,CU00003211,2026-08-01,Email,KYC,5.69,4
IN00001673,CU00002995,2025-04-04,Branch,Complaint,9.84,4
IN00001674,CU00002786,2025-04-09,Branch,Service request,22.46,5
IN00001675,CU00001115,2025-06-03,App,Digital help,24.89,3
IN00001676,CU00002748,2026-04-20,Call Centre,Service request,20.1,4
IN00001677,CU00002685,2025-05-30,Chat,KYC,5.5,4
IN00001678,CU00000280,2025-08-22,Branch,KYC,6.33,2
IN00001679,CU00003796,2026-05-16,Email,Digital help,8.11,3
IN00001680,CU00000363,2025-04-18,Chat,Card issue,23.49,4
IN00001681,CU00001749,2026-03-02,Call Centre,Card issue,35.17,4
IN00001682,CU00001590,2025-12-29,Branch,Digital help,22.26,3
IN00001683,CU00003114,2025-12-22,App,Card issue,26.86,5
IN00001684,CU00004656,2025-06-09,Branch,Card issue,17.5,4
IN00001685,CU00002869,2026-03-26,Chat,Complaint,23.47,3
IN00001686,CU00000550,2025-09-29,Email,Card issue,8.33,5
IN00001687,CU00002065,2026-05-03,Chat,Loan enquiry,21.09,4
IN00001688,CU00002331,2026-08-06,Branch,Card issue,19.82,3
IN00001689,CU00002415,2025-04-10,Chat,Complaint,16.19,4
IN00001690,CU00001653,2025-12-11,Branch,Loan enquiry,13.05,4
IN00001691,CU00003850,2024-09-14,Branch,Complaint,40.94,4
IN00001692,CU00000375,2025-09-21,Chat,Complaint,12.66,5
IN00001693,CU00004557,2025-02-15,App,Loan enquiry,16.21,3
IN00001694,CU00004364,2026-06-29,Branch,Card issue,8.12,4
IN00001695,CU00001341,2026-04-30,App,Loan enquiry,34.61,4
IN00001696,CU00001447,2025-08-11,Branch,Loan enquiry,13.61,4
IN00001697,CU00003687,2025-05-19,Branch,Card issue,13.62,3
IN00001698,CU00001239,2026-03-04,Call Centre,Card issue,23.28,5
IN00001699,CU00000495,2025-01-03,Email,Loan enquiry,9.58,4
IN00001700,CU00004421,2025-11-03,App,Digital help,10.73,4
IN00001701,CU00003286,2024-11-18,App,KYC,26.96,5
IN00001702,CU00000499,2025-01-20,App,KYC,5.76,3
IN00001703,CU00001621,2026-05-25,Chat,Digital help,10.68,4
IN00001704,CU00000545,2025-02-21,Branch,Service request,3.52,4
IN00001705,CU00004542,2025-04-16,Call Centre,Complaint,6.72,5
IN00001706,CU00003814,2026-05-27,Chat,KYC,4.82,4
IN00001707,CU00004470,2025-03-09,Branch,KYC,25.79,3
IN00001708,CU00003761,2025-02-04,Chat,Loan enquiry,10.55,5
IN00001709,CU00004727,2025-04-22,Call Centre,Service request,5.6,4
IN00001710,CU00002986,2026-04-05,App,Digital help,15.1,3
IN00001711,CU00002503,2026-03-04,Chat,KYC,25.38,5
IN00001712,CU00004201,2026-06-07,App,Service request,14.42,5
IN00001713,CU00003254,2025-05-02,App,Loan enquiry,22.04,5
IN00001714,CU00001438,2024-09-04,App,Service request,6.66,2
IN00001715,CU00002155,2025-06-05,Chat,Card issue,39.63,5
IN00001716,CU00003933,2026-04-23,Branch,Card issue,16.71,5
IN00001717,CU00002110,2025-08-14,App,Card issue,36.29,5
IN00001718,CU00004728,2026-01-18,Branch,Digital help,2.89,4
IN00001719,CU00000037,2024-09-01,App,Loan enquiry,16.2,4
IN00001720,CU00001185,2024-10-31,App,Service request,25.31,3
IN00001721,CU00002264,2025-01-14,Branch,Complaint,20.68,4
IN00001722,CU00002072,2025-06-20,App,KYC,22.39,5
IN00001723,CU00002643,2024-11-30,Chat,KYC,15.81,2
IN00001724,CU00000513,2026-01-11,Email,Service request,8.65,3
IN00001725,CU00001209,2026-06-26,Branch,Digital help,37.58,5
IN00001726,CU00001981,2026-07-28,Email,Service request,25.09,4
IN00001727,CU00003130,2025-10-04,Chat,Loan enquiry,10.75,4
IN00001728,CU00004018,2025-07-31,Call Centre,Loan enquiry,9.23,3
IN00001729,CU00003675,2026-01-11,Branch,Digital help,31.88,4
IN00001730,CU00004198,2024-12-31,App,Service request,21.41,5
IN00001731,CU00003402,2026-07-06,Chat,Complaint,3.02,5
IN00001732,CU00001369,2025-10-02,Chat,Card issue,5.45,1
IN00001733,CU00003403,2026-02-28,Branch,Loan enquiry,10.42,5
IN00001734,CU00004777,2025-09-05,Email,Digital help,20.3,4
IN00001735,CU00004679,2026-08-20,Branch,KYC,29.46,4
IN00001736,CU00003670,2025-08-28,Chat,KYC,20.17,5
IN00001737,CU00001504,2025-04-20,Email,Complaint,20.12,4
IN00001738,CU00000525,2025-04-05,App,Service request,18.57,5
IN00001739,CU00003045,2026-08-22,Call Centre,Card issue,11.52,4
IN00001740,CU00003275,2026-04-22,Call Centre,Card issue,14.53,4
IN00001741,CU00000994,2025-10-28,Chat,Digital help,12.28,3
IN00001742,CU00002996,2025-06-05,Email,Complaint,3.2,2
IN00001743,CU00004518,2025-09-23,Call Centre,KYC,3.3,4
IN00001744,CU00003300,2024-09-14,Call Centre,Digital help,14.0,3
IN00001745,CU00001555,2025-04-02,Call Centre,KYC,25.5,5
IN00001746,CU00002479,2024-10-21,Branch,Complaint,24.03,3
IN00001747,CU00000527,2026-05-29,Call Centre,Card issue,25.97,3
IN00001748,CU00000646,2025-11-13,Email,Digital help,11.26,3
IN00001749,CU00000958,2025-09-17,Email,KYC,2.69,5
IN00001750,CU00003349,2024-10-14,App,Card issue,8.65,5
IN00001751,CU00003864,2026-04-15,App,Loan enquiry,31.46,3
IN00001752,CU00000782,2025-08-18,Chat,Loan enquiry,10.82,3
IN00001753,CU00000134,2025-07-29,Email,KYC,23.06,4
IN00001754,CU00004576,2025-01-31,Chat,KYC,6.66,5
IN00001755,CU00000006,2026-03-15,Call Centre,Service request,13.12,2
IN00001756,CU00000870,2025-08-25,App,Loan enquiry,8.38,5
IN00001757,CU00002854,2026-07-08,Email,Loan enquiry,18.0,5
IN00001758,CU00001009,2025-03-11,Call Centre,Complaint,16.67,5
IN00001759,CU00004008,2024-10-21,Branch,Loan enquiry,34.83,4
IN00001760,CU00001685,2024-12-15,Call Centre,KYC,4.08,4
IN00001761,CU00003317,2026-02-22,Branch,Service request,47.53,5
IN00001762,CU00000487,2024-09-18,App,Service request,45.53,5
IN00001763,CU00001456,2025-04-14,Call Centre,Digital help,6.87,5
IN00001764,CU00001830,2025-07-13,App,Complaint,17.52,4
IN00001765,CU00002873,2025-02-28,Chat,Service request,25.84,5
IN00001766,CU00003398,2024-09-08,Call Centre,Digital help,39.0,4
IN00001767,CU00001734,2025-02-09,App,Card issue,35.32,1
IN00001768,CU00003268,2025-10-19,Email,Digital help,25.0,2
IN00001769,CU00002100,2026-01-24,Branch,Complaint,25.5,4
IN00001770,CU00004913,2025-07-25,App,Loan enquiry,15.03,4
IN00001771,CU00002679,2026-05-30,Branch,KYC,15.32,5
IN00001772,CU00002105,2025-04-22,App,KYC,36.16,4
IN00001773,CU00002879,2025-01-29,App,Loan enquiry,8.27,5
IN00001774,CU00001607,2026-04-03,Call Centre,Card issue,1.48,5
IN00001775,CU00003867,2024-09-15,Email,KYC,11.15,5
IN00001776,CU00002498,2025-06-14,Chat,Card issue,11.99,4
IN00001777,CU00002870,2025-07-11,App,Digital help,12.71,3
IN00001778,CU00001562,2024-11-09,Call Centre,KYC,29.76,2
IN00001779,CU00000394,2025-07-09,Branch,KYC,11.18,3
IN00001780,CU00004076,2026-04-17,Chat,Loan enquiry,14.86,5
IN00001781,CU00003448,2024-12-29,Chat,Service request,7.5,5
IN00001782,CU00004954,2025-06-03,Call Centre,KYC,39.7,4
IN00001783,CU00003413,2025-10-09,Branch,Digital help,25.08,4
IN00001784,CU00004900,2025-01-06,App,KYC,16.01,5
IN00001785,CU00001557,2026-07-26,Call Centre,Service request,11.35,4
IN00001786,CU00002234,2026-06-17,Branch,KYC,41.37,3
IN00001787,CU00004177,2025-02-27,Branch,Loan enquiry,21.71,4
IN00001788,CU00004479,2025-06-22,App,Complaint,29.73,2
IN00001789,CU00002270,2024-09-25,Call Centre,KYC,11.68,4
IN00001790,CU00004357,2024-12-11,Branch,Card issue,16.24,5
IN00001791,CU00004333,2024-12-03,App,KYC,21.24,4
IN00001792,CU00002840,2026-01-01,Call Centre,Loan enquiry,3.34,4
IN00001793,CU00003715,2024-11-18,Branch,Complaint,19.84,5
IN00001794,CU00000170,2026-03-24,Email,Loan enquiry,3.85,4
IN00001795,CU00000729,2026-01-24,Chat,Service request,18.02,4
IN00001796,CU00003299,2026-03-04,App,Card issue,18.31,4
IN00001797,CU00004551,2026-07-23,Branch,Loan enquiry,30.19,4
IN00001798,CU00003783,2025-06-19,Call Centre,Service request,7.96,4
IN00001799,CU00004359,2025-03-16,Email,Card issue,24.93,4
IN00001800,CU00002435,2025-09-14,Call Centre,Digital help,70.88,1
IN00001801,CU00002775,2024-11-30,Email,Complaint,25.43,2
IN00001802,CU00003502,2025-03-13,Chat,Service request,16.14,4
IN00001803,CU00001743,2025-05-28,App,Complaint,10.15,5
IN00001804,CU00000977,2026-04-26,App,Card issue,34.4,5
IN00001805,CU00001078,2026-06-16,Email,Digital help,20.31,4
IN00001806,CU00001634,2025-10-26,Chat,Digital help,5.39,4
IN00001807,CU00000623,2025-02-25,Email,Service request,8.7,4
IN00001808,CU00004092,2025-11-27,Call Centre,Service request,31.65,4
IN00001809,CU00001505,2025-07-26,Chat,Card issue,12.85,4
IN00001810,CU00004952,2025-10-25,Chat,Digital help,28.86,4
IN00001811,CU00001242,2025-01-25,Call Centre,Loan enquiry,4.51,4
IN00001812,CU00001946,2025-08-16,Call Centre,Service request,12.7,2
IN00001813,CU00003478,2025-10-11,Branch,Digital help,4.4,1
IN00001814,CU00003715,2025-12-19,Branch,Loan enquiry,16.94,5
IN00001815,CU00004868,2026-04-23,Branch,Complaint,12.69,2
IN00001816,CU00001343,2025-10-09,Call Centre,KYC,9.71,4
IN00001817,CU00004658,2025-01-05,Branch,Service request,9.36,5
IN00001818,CU00001452,2025-12-26,Chat,KYC,8.15,4
IN00001819,CU00004313,2024-09-27,Branch,Complaint,10.51,4
IN00001820,CU00003245,2024-09-01,Call Centre,Card issue,27.29,3
IN00001821,CU00000072,2025-02-10,App,Card issue,30.9,1
IN00001822,CU00003347,2025-05-27,Branch,KYC,15.35,5
IN00001823,CU00000213,2025-02-18,Branch,Loan enquiry,22.88,3
IN00001824,CU00002847,2025-06-18,Chat,Card issue,10.4,3
IN00001825,CU00002478,2025-04-15,Chat,KYC,25.43,5
IN00001826,CU00000099,2025-09-23,Chat,Loan enquiry,34.98,4
IN00001827,CU00004473,2025-08-11,Email,Loan enquiry,3.43,4
IN00001828,CU00002160,2026-06-13,Chat,Service request,53.73,1
IN00001829,CU00000279,2025-08-19,Email,Digital help,13.36,3
IN00001830,CU00003029,2025-02-06,Branch,Digital help,4.62,4
IN00001831,CU00001977,2024-11-09,Branch,Loan enquiry,4.7,3
IN00001832,CU00001284,2025-01-08,Email,Loan enquiry,5.43,5
IN00001833,CU00001322,2024-12-25,App,Card issue,11.51,4
IN00001834,CU00004537,2025-07-04,Call Centre,Card issue,22.37,3
IN00001835,CU00001878,2025-02-20,App,Digital help,14.82,4
IN00001836,CU00000074,2026-06-04,Branch,Digital help,9.52,4
IN00001837,CU00004486,2025-08-05,Email,Complaint,13.17,5
IN00001838,CU00002111,2024-11-28,Email,KYC,8.58,4
IN00001839,CU00000546,2025-07-25,Branch,KYC,29.34,4
IN00001840,CU00000182,2025-07-06,Call Centre,Complaint,28.28,5
IN00001841,CU00004703,2024-12-21,Call Centre,KYC,10.62,1
IN00001842,CU00003008,2026-07-16,Branch,Loan enquiry,9.94,3
IN00001843,CU00004704,2026-03-03,App,Complaint,24.22,5
IN00001844,CU00001857,2025-11-10,Call Centre,Loan enquiry,33.47,4
IN00001845,CU00004956,2025-01-12,Email,Service request,16.71,4
IN00001846,CU00004192,2026-01-04,Branch,Service request,16.43,5
IN00001847,CU00001968,2026-06-15,App,KYC,5.25,4
IN00001848,CU00004706,2025-09-28,Email,KYC,19.52,2
IN00001849,CU00002631,2025-05-18,App,KYC,9.53,3
IN00001850,CU00001305,2026-08-09,Chat,Card issue,6.82,4
IN00001851,CU00002221,2026-01-08,Email,Service request,8.36,4
IN00001852,CU00004278,2025-12-08,Branch,Service request,8.8,5
IN00001853,CU00003114,2026-07-08,Email,Service request,38.2,3
IN00001854,CU00002592,2025-11-16,Branch,Loan enquiry,10.64,3
IN00001855,CU00000203,2024-11-11,Branch,Loan enquiry,50.58,3
IN00001856,CU00004884,2024-11-10,Call Centre,KYC,20.78,4
IN00001857,CU00001986,2026-08-12,Email,Service request,7.47,4
IN00001858,CU00003573,2025-11-21,Chat,Complaint,28.53,4
IN00001859,CU00002531,2024-09-13,Email,Card issue,14.45,3
IN00001860,CU00001340,2025-01-14,Call Centre,Loan enquiry,15.01,5
IN00001861,CU00003404,2025-12-05,Chat,KYC,15.5,5
IN00001862,CU00002973,2026-07-23,Email,Complaint,7.97,4
IN00001863,CU00001245,2025-01-08,Chat,Digital help,14.19,4
IN00001864,CU00004788,2025-12-20,Branch,Service request,14.03,3
IN00001865,CU00004722,2025-07-02,Branch,Complaint,14.19,4
IN00001866,CU00000350,2025-03-26,Email,Loan enquiry,47.22,3
IN00001867,CU00000440,2025-12-02,Chat,Digital help,13.12,5
IN00001868,CU00003594,2025-11-29,App,Card issue,20.17,5
IN00001869,CU00004344,2024-11-06,Email,Service request,16.82,5
IN00001870,CU00001971,2026-06-01,Chat,Service request,32.43,5
IN00001871,CU00003800,2024-12-23,Branch,Service request,11.53,3
IN00001872,CU00000063,2025-10-30,Branch,Digital help,11.4,5
IN00001873,CU00004486,2025-12-25,App,Digital help,4.26,5
IN00001874,CU00000229,2024-10-20,App,Complaint,14.98,1
IN00001875,CU00002170,2025-01-11,Call Centre,Complaint,14.04,4
IN00001876,CU00004291,2025-06-07,Call Centre,Complaint,3.51,5
IN00001877,CU00002146,2025-09-16,Email,Card issue,40.24,5
IN00001878,CU00003282,2025-02-16,Email,KYC,24.23,4
IN00001879,CU00004638,2026-04-20,Email,Card issue,9.52,4
IN00001880,CU00000370,2026-01-24,Branch,Service request,34.85,3
IN00001881,CU00001723,2025-12-02,Branch,Loan enquiry,14.22,3
IN00001882,CU00003295,2024-11-03,App,Complaint,11.97,4
IN00001883,CU00002531,2025-07-15,Branch,Digital help,6.14,3
IN00001884,CU00000702,2026-05-25,Call Centre,Card issue,41.68,5
IN00001885,CU00000613,2026-02-12,Chat,Service request,38.55,5
IN00001886,CU00000540,2024-11-04,Chat,Service request,18.63,3
IN00001887,CU00001689,2026-07-20,Branch,Digital help,6.29,4
IN00001888,CU00003273,2025-11-06,Call Centre,Card issue,12.76,3
IN00001889,CU00003168,2025-12-07,Branch,Loan enquiry,10.77,4
IN00001890,CU00002196,2025-04-26,App,Service request,16.16,5
IN00001891,CU00004543,2025-10-16,Branch,KYC,4.4,5
IN00001892,CU00003325,2024-10-06,Branch,Complaint,20.45,5
IN00001893,CU00001987,2026-03-30,Email,Card issue,42.26,3
IN00001894,CU00001426,2026-03-31,Call Centre,Digital help,30.72,2
IN00001895,CU00001988,2026-07-16,Email,Service request,19.55,5
IN00001896,CU00001551,2025-05-05,Email,Card issue,15.44,3
IN00001897,CU00003683,2026-04-09,Email,Loan enquiry,40.84,5
IN00001898,CU00004103,2025-02-01,Email,Loan enquiry,29.73,3
IN00001899,CU00000536,2025-05-21,Email,Loan enquiry,27.63,3
IN00001900,CU00003961,2025-11-08,Email,Digital help,5.87,3
IN00001901,CU00003678,2025-06-24,App,Digital help,8.43,4
IN00001902,CU00000103,2026-01-27,Chat,Digital help,13.85,4
IN00001903,CU00001206,2026-03-19,Email,Complaint,18.53,5
IN00001904,CU00002726,2026-07-15,Email,Service request,9.35,4
IN00001905,CU00002341,2024-11-24,Email,Service request,18.6,3
IN00001906,CU00001552,2025-01-02,Branch,Digital help,12.29,5
IN00001907,CU00001439,2025-08-15,App,Complaint,1.84,2
IN00001908,CU00001620,2025-09-17,Email,KYC,31.73,3
IN00001909,CU00000677,2024-11-20,Chat,Loan enquiry,38.01,5
IN00001910,CU00000738,2025-08-19,Call Centre,Loan enquiry,59.52,5
IN00001911,CU00003649,2025-02-11,App,Service request,44.29,5
IN00001912,CU00004036,2025-04-04,Email,KYC,38.91,4
IN00001913,CU00002341,2026-03-06,Email,Card issue,20.86,4
IN00001914,CU00004376,2025-09-06,Branch,Digital help,9.56,4
IN00001915,CU00002239,2025-01-10,Email,Digital help,16.73,4
IN00001916,CU00000511,2025-11-29,Email,Digital help,11.08,1
IN00001917,CU00002755,2025-05-07,Chat,Complaint,10.1,5
IN00001918,CU00001571,2026-03-04,Chat,Loan enquiry,12.63,3
IN00001919,CU00002992,2024-11-16,App,Complaint,44.25,5
IN00001920,CU00004585,2025-06-03,Chat,Service request,26.6,4
IN00001921,CU00003745,2024-10-03,Branch,KYC,16.77,4
IN00001922,CU00000365,2025-07-09,Call Centre,Digital help,22.48,5
IN00001923,CU00000038,2025-12-30,Chat,Complaint,21.35,4
IN00001924,CU00002003,2026-05-14,Call Centre,Digital help,5.52,5
IN00001925,CU00004596,2025-03-31,Call Centre,Complaint,17.05,3
IN00001926,CU00002445,2025-11-30,Email,KYC,27.09,5
IN00001927,CU00000751,2026-06-12,Email,Complaint,9.23,4
IN00001928,CU00003237,2025-12-08,Email,Loan enquiry,34.11,4
IN00001929,CU00003953,2025-04-24,Email,Loan enquiry,10.98,5
IN00001930,CU00003494,2026-01-24,App,Digital help,36.63,4
IN00001931,CU00001434,2026-01-25,Call Centre,Loan enquiry,21.97,4
IN00001932,CU00000416,2026-05-17,App,Service request,1.23,2
IN00001933,CU00002043,2024-11-08,Branch,Service request,12.34,3
IN00001934,CU00001088,2025-11-30,Call Centre,Service request,11.97,4
IN00001935,CU00002889,2026-01-26,Call Centre,Loan enquiry,9.54,4
IN00001936,CU00001946,2025-02-02,Branch,Digital help,1.53,3
IN00001937,CU00000473,2026-04-09,App,Loan enquiry,30.75,5
IN00001938,CU00000072,2024-11-13,Call Centre,Digital help,22.9,3
IN00001939,CU00001166,2024-09-01,App,Service request,15.65,3
IN00001940,CU00001017,2026-02-24,Email,Complaint,35.9,5
IN00001941,CU00001688,2025-06-15,Chat,KYC,6.41,3
IN00001942,CU00001826,2025-06-18,Chat,KYC,19.03,5
IN00001943,CU00000519,2025-01-31,Email,Service request,3.43,5
IN00001944,CU00004880,2026-05-10,Call Centre,Service request,8.18,4
IN00001945,CU00003029,2026-05-09,Call Centre,Card issue,3.0,3
IN00001946,CU00001793,2024-12-01,Call Centre,KYC,32.76,5
IN00001947,CU00001672,2024-10-20,Call Centre,Card issue,11.81,3
IN00001948,CU00002936,2025-04-16,Email,Digital help,13.25,4
IN00001949,CU00003555,2024-11-24,Branch,Card issue,23.74,4
IN00001950,CU00004034,2025-12-15,Call Centre,Digital help,30.62,5
IN00001951,CU00004298,2024-11-26,Chat,KYC,4.44,5
IN00001952,CU00000974,2025-02-17,Email,Complaint,22.53,5
IN00001953,CU00000450,2026-03-09,Branch,Loan enquiry,27.61,4
IN00001954,CU00000743,2025-11-22,Email,Service request,4.02,4
IN00001955,CU00003554,2024-12-04,Branch,Card issue,12.94,4
IN00001956,CU00000759,2026-06-26,App,Card issue,5.52,4
IN00001957,CU00001169,2025-10-17,App,Digital help,19.92,3
IN00001958,CU00003443,2024-12-04,App,Complaint,33.99,5
IN00001959,CU00002675,2026-07-06,Email,Service request,27.64,5
IN00001960,CU00004631,2026-06-11,Call Centre,Digital help,16.69,4
IN00001961,CU00002742,2025-07-31,Email,KYC,4.77,4
IN00001962,CU00004250,2025-11-03,Email,KYC,18.8,5
IN00001963,CU00001374,2025-08-02,App,Loan enquiry,11.47,4
IN00001964,CU00001505,2025-11-14,Email,Card issue,39.08,4
IN00001965,CU00003725,2026-05-13,App,Card issue,38.87,2
IN00001966,CU00003221,2026-08-07,Call Centre,Service request,8.03,5
IN00001967,CU00000198,2026-01-30,Chat,Loan enquiry,10.94,5
IN00001968,CU00001267,2025-10-16,Chat,Card issue,23.64,3
IN00001969,CU00002444,2024-10-19,Chat,Complaint,25.47,3
IN00001970,CU00001378,2025-08-03,Branch,KYC,20.45,4
IN00001971,CU00003027,2024-12-19,Branch,Loan enquiry,17.2,4
IN00001972,CU00004559,2026-08-09,Branch,Loan enquiry,29.25,5
IN00001973,CU00002493,2025-04-02,Chat,Complaint,7.0,5
IN00001974,CU00000747,2025-07-16,Email,Card issue,24.39,3
IN00001975,CU00000944,2025-06-25,Email,Loan enquiry,6.49,4
IN00001976,CU00004257,2026-05-29,Email,Loan enquiry,9.8,4
IN00001977,CU00004088,2025-11-18,Email,Loan enquiry,21.17,4
IN00001978,CU00002160,2026-02-24,App,Complaint,8.86,5
IN00001979,CU00004249,2026-07-20,Branch,Loan enquiry,17.29,5
IN00001980,CU00001789,2025-03-20,Chat,Digital help,4.77,5
IN00001981,CU00001845,2026-02-03,Chat,Complaint,3.31,3
IN00001982,CU00003915,2025-08-27,App,Digital help,4.65,3
IN00001983,CU00004814,2025-08-13,App,KYC,2.63,3
IN00001984,CU00001918,2025-03-30,Call Centre,KYC,31.57,3
IN00001985,CU00001863,2024-10-30,Branch,Loan enquiry,24.63,4
IN00001986,CU00000517,2024-09-12,App,Loan enquiry,21.48,4
IN00001987,CU00004829,2026-07-14,Chat,Loan enquiry,20.7,4
IN00001988,CU00002868,2025-10-31,Branch,Complaint,1.85,2
IN00001989,CU00004811,2024-09-09,Branch,Card issue,13.52,4
IN00001990,CU00001624,2025-11-10,Branch,Digital help,18.64,2
IN00001991,CU00002143,2025-05-15,Branch,Service request,20.99,4
IN00001992,CU00004296,2024-12-24,App,Loan enquiry,5.78,4
IN00001993,CU00002487,2025-07-10,Call Centre,KYC,21.72,4
IN00001994,CU00002413,2025-12-02,Call Centre,KYC,42.8,4
IN00001995,CU00000636,2026-04-29,Chat,Service request,7.24,4
IN00001996,CU00002802,2025-10-22,Chat,Service request,26.98,5
IN00001997,CU00004744,2025-08-09,Chat,Loan enquiry,61.63,5
IN00001998,CU00002928,2026-03-31,Call Centre,Card issue,17.63,4
IN00001999,CU00000861,2025-10-02,App,Service request,31.91,2
IN00002000,CU00004391,2026-05-16,Chat,Card issue,25.54,5
IN00002001,CU00002700,2025-09-24,Branch,Complaint,17.43,4
IN00002002,CU00003277,2025-07-07,Chat,KYC,14.52,4
IN00002003,CU00000938,2025-07-23,Chat,Digital help,14.78,3
IN00002004,CU00001414,2026-05-23,App,KYC,16.47,4
IN00002005,CU00000392,2024-10-12,Branch,Card issue,3.7,4
IN00002006,CU00001911,2025-10-05,Email,Digital help,38.36,4
IN00002007,CU00004030,2025-06-16,Chat,KYC,26.58,4
IN00002008,CU00002555,2026-06-28,Chat,KYC,6.3,4
IN00002009,CU00001293,2026-05-27,Call Centre,KYC,57.47,5
IN00002010,CU00004775,2025-10-26,Call Centre,Service request,26.16,5
IN00002011,CU00004792,2025-07-12,App,Complaint,46.41,4
IN00002012,CU00000036,2025-05-27,Call Centre,Loan enquiry,10.66,4
IN00002013,CU00001394,2025-01-02,Call Centre,KYC,18.95,4
IN00002014,CU00001687,2025-10-02,Call Centre,Card issue,4.62,2
IN00002015,CU00002856,2025-12-06,Email,Loan enquiry,11.14,3
IN00002016,CU00001132,2025-08-02,App,KYC,3.65,4
IN00002017,CU00003881,2026-04-26,Chat,Complaint,13.21,4
IN00002018,CU00002176,2024-11-22,App,Complaint,34.7,3
IN00002019,CU00000998,2026-04-20,Chat,Service request,10.59,2
IN00002020,CU00001039,2025-01-20,Call Centre,Service request,6.79,5
IN00002021,CU00001077,2025-01-28,Branch,Card issue,4.11,4
IN00002022,CU00004682,2024-11-29,Email,Service request,18.71,5
IN00002023,CU00002942,2026-04-19,Chat,Loan enquiry,0.98,4
IN00002024,CU00000441,2026-07-27,Call Centre,Complaint,17.47,5
IN00002025,CU00000761,2025-10-18,Branch,Complaint,20.05,5
IN00002026,CU00003036,2026-08-16,Email,Loan enquiry,7.78,5
IN00002027,CU00004287,2026-01-01,Branch,Digital help,11.77,4
IN00002028,CU00002469,2024-11-10,Email,KYC,2.63,4
IN00002029,CU00003103,2026-07-22,App,KYC,13.49,3
IN00002030,CU00002480,2025-01-24,Email,Card issue,15.52,4
IN00002031,CU00000128,2026-02-01,Chat,Loan enquiry,31.69,4
IN00002032,CU00001652,2026-02-19,Call Centre,Complaint,5.39,4
IN00002033,CU00001876,2025-10-16,Call Centre,Digital help,31.48,4
IN00002034,CU00002764,2026-03-23,App,Loan enquiry,17.86,5
IN00002035,CU00001034,2024-09-14,App,Service request,5.65,4
IN00002036,CU00000755,2026-03-08,Email,KYC,3.37,5
IN00002037,CU00004429,2025-09-26,Call Centre,Loan enquiry,5.7,4
IN00002038,CU00001348,2024-12-10,App,Service request,19.37,3
IN00002039,CU00000344,2024-11-21,Email,Card issue,15.25,4
IN00002040,CU00002051,2026-02-27,App,Loan enquiry,20.29,5
IN00002041,CU00000902,2025-07-26,Call Centre,Complaint,26.64,3
IN00002042,CU00004225,2024-09-15,Email,KYC,12.79,4
IN00002043,CU00003199,2026-02-10,Branch,Complaint,41.22,4
IN00002044,CU00001019,2026-08-07,Email,Service request,20.27,5
IN00002045,CU00004125,2025-12-25,Branch,Loan enquiry,11.03,4
IN00002046,CU00003396,2024-09-11,Branch,Loan enquiry,39.45,3
IN00002047,CU00004642,2026-02-24,Chat,Digital help,1.96,2
IN00002048,CU00003959,2024-09-08,Branch,Service request,4.43,5
IN00002049,CU00003345,2026-03-07,Call Centre,KYC,3.02,4
IN00002050,CU00000857,2025-05-02,Branch,Card issue,5.57,5
IN00002051,CU00004977,2026-05-17,Branch,Digital help,6.79,3
IN00002052,CU00002213,2025-06-16,Email,KYC,21.98,4
IN00002053,CU00002695,2026-08-24,App,Complaint,3.28,3
IN00002054,CU00003725,2025-12-19,Email,Digital help,8.03,5
IN00002055,CU00002332,2025-11-11,Branch,Loan enquiry,7.33,4
IN00002056,CU00001003,2025-07-11,Branch,Card issue,34.46,5
IN00002057,CU00004389,2026-04-30,Email,Loan enquiry,2.48,4
IN00002058,CU00000387,2025-05-19,Email,Complaint,17.73,5
IN00002059,CU00003957,2026-02-01,App,Loan enquiry,19.16,3
IN00002060,CU00002724,2026-08-27,Email,Digital help,27.74,3
IN00002061,CU00001639,2025-02-01,Branch,Digital help,22.75,4
IN00002062,CU00003490,2026-05-04,App,Service request,7.54,2
IN00002063,CU00004881,2026-06-06,Chat,Service request,28.45,4
IN00002064,CU00002849,2026-03-14,Call Centre,Loan enquiry,47.51,5
IN00002065,CU00001541,2025-04-05,Branch,Digital help,7.21,5
IN00002066,CU00002308,2025-11-28,Call Centre,Digital help,8.76,4
IN00002067,CU00002985,2025-07-01,App,Card issue,5.16,5
IN00002068,CU00001808,2026-06-17,Call Centre,Loan enquiry,23.85,3
IN00002069,CU00004253,2025-12-29,Chat,Service request,62.18,5
IN00002070,CU00000493,2026-08-24,App,Loan enquiry,5.69,4
IN00002071,CU00003338,2025-02-17,App,Loan enquiry,11.75,2
IN00002072,CU00002023,2026-01-21,Email,KYC,1.04,4
IN00002073,CU00000168,2026-05-31,App,Digital help,13.36,4
IN00002074,CU00003705,2026-02-06,Chat,KYC,9.93,3
IN00002075,CU00001386,2026-02-08,Chat,Digital help,14.39,2
IN00002076,CU00003170,2025-04-16,Email,KYC,49.1,4
IN00002077,CU00000363,2025-01-06,App,KYC,1.68,5
IN00002078,CU00000700,2026-04-19,Call Centre,Digital help,5.74,3
IN00002079,CU00003648,2025-01-15,Chat,Service request,8.9,5
IN00002080,CU00002107,2024-12-15,App,Loan enquiry,41.09,5
IN00002081,CU00000367,2025-04-30,Branch,Service request,22.19,3
IN00002082,CU00001367,2024-10-15,Email,KYC,37.92,5
IN00002083,CU00002431,2025-11-03,Call Centre,Loan enquiry,24.84,4
IN00002084,CU00001311,2024-09-07,Chat,Service request,21.46,4
IN00002085,CU00002108,2024-12-15,Chat,KYC,14.22,4
IN00002086,CU00003996,2026-06-03,App,Card issue,14.62,4
IN00002087,CU00001238,2025-12-18,Branch,Digital help,23.76,4
IN00002088,CU00000115,2025-08-02,App,Digital help,13.52,3
IN00002089,CU00003691,2026-08-31,Email,Complaint,27.92,1
IN00002090,CU00000916,2025-07-02,App,Service request,23.48,3
IN00002091,CU00004689,2026-05-03,Email,Digital help,1.71,4
IN00002092,CU00004323,2025-10-21,Branch,Loan enquiry,16.59,4
IN00002093,CU00004180,2025-10-11,Chat,Complaint,27.38,5
IN00002094,CU00002837,2026-07-19,Call Centre,KYC,11.43,4
IN00002095,CU00003849,2026-04-18,Call Centre,KYC,29.78,4
IN00002096,CU00004377,2025-09-17,Chat,KYC,26.41,4
IN00002097,CU00002309,2025-09-07,Email,KYC,6.56,4
IN00002098,CU00004757,2025-04-19,Call Centre,KYC,4.87,2
IN00002099,CU00003424,2025-08-20,Email,Loan enquiry,25.45,4
IN00002100,CU00002541,2026-08-04,Branch,Service request,13.02,4
IN00002101,CU00003147,2025-07-31,Email,KYC,1.65,5
IN00002102,CU00001845,2026-07-11,App,Service request,23.17,4
IN00002103,CU00004817,2025-10-09,Chat,Card issue,18.06,2
IN00002104,CU00004840,2025-05-12,Call Centre,KYC,8.03,1
IN00002105,CU00004598,2026-03-06,Call Centre,Card issue,21.27,5
IN00002106,CU00004878,2024-10-02,Email,Loan enquiry,3.97,4
IN00002107,CU00001656,2025-07-25,App,Loan enquiry,15.35,4
IN00002108,CU00004304,2024-12-04,Call Centre,Complaint,19.71,5
IN00002109,CU00002117,2026-03-04,Branch,Loan enquiry,6.28,4
IN00002110,CU00004187,2026-01-29,Branch,Digital help,9.06,5
IN00002111,CU00003288,2025-06-19,Branch,Loan enquiry,20.76,3
IN00002112,CU00001286,2025-12-24,Email,Card issue,14.12,2
IN00002113,CU00001228,2025-12-12,Branch,Service request,19.28,3
IN00002114,CU00000661,2025-12-29,Chat,Service request,15.47,3
IN00002115,CU00002862,2026-07-08,Chat,Complaint,12.1,4
IN00002116,CU00002205,2026-02-19,Chat,Card issue,36.22,4
IN00002117,CU00003907,2025-02-19,Email,Card issue,21.55,4
IN00002118,CU00004855,2026-01-14,Email,KYC,12.1,5
IN00002119,CU00004673,2026-04-07,App,Loan enquiry,22.16,4
IN00002120,CU00002859,2024-11-11,Email,Service request,25.63,4
IN00002121,CU00001115,2026-01-28,Chat,KYC,14.13,4
IN00002122,CU00003058,2026-08-05,Chat,Complaint,19.68,5
IN00002123,CU00001840,2025-08-30,App,Card issue,33.91,2
IN00002124,CU00004983,2024-12-31,Call Centre,Loan enquiry,20.98,1
IN00002125,CU00003858,2026-01-20,App,Digital help,14.88,5
IN00002126,CU00000413,2026-03-24,Chat,Card issue,20.06,5
IN00002127,CU00000116,2024-09-11,Chat,Loan enquiry,9.07,5
IN00002128,CU00000877,2026-08-14,Email,Digital help,7.45,3
IN00002129,CU00002382,2026-06-12,App,Card issue,27.27,5
IN00002130,CU00000418,2026-05-05,Chat,Loan enquiry,14.06,4
IN00002131,CU00002853,2026-08-18,Chat,Card issue,12.89,5
IN00002132,CU00001123,2026-02-28,Call Centre,Complaint,24.44,4
IN00002133,CU00003059,2025-04-16,Chat,Digital help,21.08,5
IN00002134,CU00002713,2026-04-03,Chat,Card issue,13.77,2
IN00002135,CU00001975,2025-02-09,Email,Complaint,26.58,4
IN00002136,CU00000847,2026-08-30,Email,Service request,19.48,3
IN00002137,CU00003387,2025-07-09,Email,Complaint,4.08,4
IN00002138,CU00001877,2026-06-18,App,KYC,15.6,3
IN00002139,CU00002537,2025-09-22,Branch,Complaint,29.06,4
IN00002140,CU00000899,2025-02-14,Call Centre,Service request,15.28,5
IN00002141,CU00004315,2025-03-19,App,Card issue,0.74,5
IN00002142,CU00000902,2025-06-03,Chat,Service request,15.83,4
IN00002143,CU00000094,2025-03-24,Branch,Service request,8.73,5
IN00002144,CU00004021,2025-12-21,Call Centre,Complaint,24.96,5
IN00002145,CU00004455,2024-12-26,Email,Card issue,1.78,1
IN00002146,CU00002887,2026-01-26,Branch,Service request,9.3,4
IN00002147,CU00003523,2025-02-14,Email,Loan enquiry,19.53,3
IN00002148,CU00004158,2025-09-05,Branch,Complaint,87.63,5
IN00002149,CU00004068,2026-04-21,Email,Loan enquiry,30.5,3
IN00002150,CU00001989,2024-12-02,Call Centre,Card issue,18.24,4
IN00002151,CU00001914,2024-09-20,Chat,Complaint,5.86,5
IN00002152,CU00000968,2025-03-12,Branch,Digital help,6.16,5
IN00002153,CU00001168,2026-05-06,Branch,KYC,30.77,5
IN00002154,CU00004077,2025-12-03,App,KYC,18.34,3
IN00002155,CU00000528,2026-04-19,Chat,KYC,10.89,5
IN00002156,CU00002310,2025-12-24,Chat,Digital help,6.43,5
IN00002157,CU00004082,2025-12-08,Email,Complaint,15.8,3
IN00002158,CU00004628,2024-10-16,Email,Service request,11.64,2
IN00002159,CU00003366,2025-08-24,Chat,Loan enquiry,20.58,4
IN00002160,CU00002604,2026-05-07,Call Centre,KYC,15.47,5
IN00002161,CU00000002,2026-06-28,Email,Complaint,16.34,4
IN00002162,CU00003151,2025-04-17,Chat,Card issue,11.16,5
IN00002163,CU00000804,2024-10-18,Branch,Service request,22.78,4
IN00002164,CU00002354,2026-05-31,Branch,KYC,17.45,5
IN00002165,CU00002373,2025-05-12,Chat,Loan enquiry,36.42,5
IN00002166,CU00002469,2025-04-12,Email,Service request,12.61,4
IN00002167,CU00004091,2025-05-23,Call Centre,Digital help,4.16,5
IN00002168,CU00003667,2026-06-23,App,Card issue,26.09,2
IN00002169,CU00001035,2026-04-06,Branch,Service request,9.01,3
IN00002170,CU00004521,2025-07-05,Call Centre,Card issue,30.25,4
IN00002171,CU00004490,2025-03-07,Branch,Card issue,8.86,4
IN00002172,CU00000498,2024-10-14,Branch,Digital help,30.98,4
IN00002173,CU00003440,2024-10-16,Email,Loan enquiry,7.21,5
IN00002174,CU00000445,2024-10-25,App,Digital help,8.03,3
IN00002175,CU00000563,2024-09-13,Branch,Card issue,14.14,4
IN00002176,CU00003127,2026-07-06,Branch,Card issue,36.93,4
IN00002177,CU00001280,2024-12-24,App,Service request,7.34,5
IN00002178,CU00001317,2026-06-21,Email,Service request,12.24,4
IN00002179,CU00004885,2024-12-09,App,Digital help,27.16,4
IN00002180,CU00001515,2025-12-18,Chat,Loan enquiry,17.35,3
IN00002181,CU00000755,2025-08-26,App,KYC,5.7,5
IN00002182,CU00004584,2025-07-11,Branch,Complaint,19.5,4
IN00002183,CU00003704,2024-11-06,Branch,Card issue,21.53,4
IN00002184,CU00001850,2026-06-26,Branch,KYC,6.71,4
IN00002185,CU00004829,2025-10-11,Chat,Loan enquiry,9.45,4
IN00002186,CU00001651,2026-06-02,Email,Digital help,29.86,4
IN00002187,CU00001573,2025-08-17,Email,Digital help,1.13,5
IN00002188,CU00000016,2025-05-04,Email,KYC,35.68,5
IN00002189,CU00001456,2025-01-14,Branch,Complaint,18.48,4
IN00002190,CU00000487,2024-12-21,Email,Digital help,27.76,5
IN00002191,CU00000960,2026-03-06,Chat,KYC,46.46,3
IN00002192,CU00002931,2025-04-02,App,KYC,17.27,3
IN00002193,CU00000876,2026-02-18,Email,Service request,1.54,5
IN00002194,CU00003868,2025-05-20,Call Centre,Digital help,30.01,4
IN00002195,CU00000938,2025-01-08,Chat,Digital help,10.11,3
IN00002196,CU00003133,2025-10-31,Chat,Digital help,10.66,4
IN00002197,CU00004914,2026-08-27,Chat,Digital help,12.68,2
IN00002198,CU00002949,2025-06-12,Email,Digital help,25.56,5
IN00002199,CU00003214,2024-09-26,Chat,Complaint,8.98,4
IN00002200,CU00004118,2026-05-27,Email,Digital help,33.8,5
IN00002201,CU00001334,2026-02-09,Email,Card issue,7.13,5
IN00002202,CU00000810,2026-01-31,Call Centre,Digital help,14.48,5
IN00002203,CU00000192,2025-05-14,Email,Loan enquiry,8.13,5
IN00002204,CU00003745,2026-03-28,Call Centre,Service request,37.27,4
IN00002205,CU00001424,2026-07-17,App,Service request,32.69,3
IN00002206,CU00002806,2024-09-20,Branch,Complaint,25.12,3
IN00002207,CU00004934,2025-11-27,App,Service request,8.29,4
IN00002208,CU00003303,2025-02-01,Chat,Loan enquiry,9.39,2
IN00002209,CU00001505,2025-03-05,Chat,Card issue,18.37,5
IN00002210,CU00002762,2025-10-19,Call Centre,Digital help,19.53,5
IN00002211,CU00002679,2025-04-29,Call Centre,Card issue,21.93,5
IN00002212,CU00002182,2024-12-19,App,KYC,6.14,2
IN00002213,CU00002922,2025-04-04,Call Centre,Digital help,18.34,5
IN00002214,CU00002299,2025-07-06,Call Centre,KYC,39.6,3
IN00002215,CU00002872,2025-09-25,Call Centre,Complaint,3.99,3
IN00002216,CU00003688,2026-05-04,Email,Loan enquiry,12.03,3
IN00002217,CU00002074,2025-06-24,Chat,Loan enquiry,5.06,2
IN00002218,CU00003272,2024-09-22,Branch,Digital help,4.55,4
IN00002219,CU00001306,2025-05-14,Email,Loan enquiry,8.16,4
IN00002220,CU00001747,2025-07-05,Branch,Loan enquiry,3.99,1
IN00002221,CU00004433,2026-01-22,Chat,Loan enquiry,8.31,3
IN00002222,CU00004505,2026-07-25,Branch,Complaint,14.69,5
IN00002223,CU00000482,2025-09-18,Call Centre,Service request,19.33,4
IN00002224,CU00002538,2026-03-24,App,Card issue,21.09,3
IN00002225,CU00004281,2025-05-02,Call Centre,Loan enquiry,14.84,4
IN00002226,CU00001623,2025-05-22,Branch,Service request,10.51,4
IN00002227,CU00004118,2025-06-08,Call Centre,Digital help,1.92,1
IN00002228,CU00001347,2026-06-20,Email,Digital help,11.59,4
IN00002229,CU00000359,2024-10-17,Call Centre,KYC,4.45,4
IN00002230,CU00000572,2025-07-31,Branch,Service request,39.35,2
IN00002231,CU00003605,2025-09-26,Branch,Digital help,11.95,4
IN00002232,CU00000912,2025-02-11,Chat,KYC,15.29,4
IN00002233,CU00004517,2025-06-16,Email,KYC,7.01,3
IN00002234,CU00000410,2026-02-15,Chat,KYC,41.97,5
IN00002235,CU00000414,2024-12-17,App,KYC,29.15,4
IN00002236,CU00003970,2025-09-07,App,Service request,19.53,5
IN00002237,CU00001691,2024-10-18,Branch,Loan enquiry,2.26,4
IN00002238,CU00004135,2025-10-24,App,Digital help,15.61,3
IN00002239,CU00001343,2025-02-28,Email,Loan enquiry,18.21,5
IN00002240,CU00004647,2025-12-19,App,Digital help,34.53,4
IN00002241,CU00001668,2025-12-10,Branch,Card issue,40.14,4
IN00002242,CU00003665,2025-02-09,Call Centre,Service request,4.45,4
IN00002243,CU00000873,2026-01-16,App,Card issue,14.5,5
IN00002244,CU00002658,2025-12-18,Branch,Complaint,30.54,3
IN00002245,CU00002924,2025-10-23,Branch,Complaint,12.05,1
IN00002246,CU00000341,2025-02-02,App,Digital help,20.22,2
IN00002247,CU00000361,2026-07-31,Call Centre,Card issue,16.1,5
IN00002248,CU00000866,2025-03-07,Email,Loan enquiry,9.18,4
IN00002249,CU00004914,2025-05-07,Call Centre,Digital help,34.39,5
IN00002250,CU00001213,2025-07-20,Chat,KYC,0.84,5
IN00002251,CU00003485,2026-08-13,Email,Service request,20.82,5
IN00002252,CU00001953,2026-07-19,Call Centre,Service request,11.51,2
IN00002253,CU00001040,2026-04-19,Chat,Complaint,2.99,4
IN00002254,CU00003244,2025-04-17,App,Complaint,21.19,3
IN00002255,CU00004817,2025-01-01,Branch,Service request,31.12,4
IN00002256,CU00004965,2025-02-16,App,Digital help,3.92,4
IN00002257,CU00004587,2026-08-10,Email,Complaint,12.84,5
IN00002258,CU00001350,2026-02-09,Branch,Service request,13.32,5
IN00002259,CU00003551,2025-11-26,Email,Card issue,10.73,2
IN00002260,CU00004105,2025-02-27,App,Digital help,7.64,5
IN00002261,CU00001362,2026-04-11,Branch,Service request,10.94,4
IN00002262,CU00003266,2024-12-18,Email,KYC,26.73,5
IN00002263,CU00002197,2025-03-24,Chat,Card issue,5.63,4
IN00002264,CU00001708,2026-06-13,Chat,Loan enquiry,20.44,2
IN00002265,CU00003784,2025-10-01,Branch,Loan enquiry,21.04,2
IN00002266,CU00002040,2025-07-23,Chat,Service request,8.01,4
IN00002267,CU00001096,2025-07-16,Call Centre,Complaint,6.38,4
IN00002268,CU00001221,2026-05-12,Call Centre,Card issue,16.16,4
IN00002269,CU00003708,2025-07-28,Email,Loan enquiry,12.65,3
IN00002270,CU00004030,2024-11-06,Branch,Complaint,8.63,5
IN00002271,CU00003483,2025-07-24,App,Digital help,57.3,1
IN00002272,CU00003234,2026-06-03,Call Centre,Service request,24.27,3
IN00002273,CU00003358,2025-07-05,Email,KYC,29.9,4
IN00002274,CU00001404,2025-08-17,Call Centre,Card issue,10.49,5
IN00002275,CU00004344,2026-05-19,Call Centre,KYC,15.59,2
IN00002276,CU00003193,2024-09-07,Branch,Complaint,1.93,5
IN00002277,CU00001433,2024-10-15,App,Complaint,37.59,5
IN00002278,CU00000906,2024-09-12,Email,Card issue,18.25,5
IN00002279,CU00000700,2026-06-24,Email,Service request,8.8,4
IN00002280,CU00001253,2025-08-28,Chat,Complaint,24.54,4
IN00002281,CU00002520,2024-09-22,Email,Loan enquiry,26.99,3
IN00002282,CU00004879,2026-07-15,Branch,KYC,11.97,4
IN00002283,CU00000187,2025-09-21,Email,Complaint,7.75,4
IN00002284,CU00003640,2024-10-01,Branch,Complaint,4.43,4
IN00002285,CU00004946,2025-05-10,Call Centre,Digital help,43.54,3
IN00002286,CU00002304,2025-01-17,Email,Digital help,13.33,2
IN00002287,CU00003611,2025-01-26,Chat,Service request,22.15,5
IN00002288,CU00003101,2025-02-20,Branch,Card issue,21.32,5
IN00002289,CU00003440,2026-05-12,Call Centre,KYC,2.11,5
IN00002290,CU00004066,2025-04-21,App,Digital help,18.12,2
IN00002291,CU00004339,2024-09-03,Email,KYC,18.58,4
IN00002292,CU00004374,2026-04-09,Email,KYC,3.5,1
IN00002293,CU00004116,2025-09-27,Chat,Loan enquiry,21.73,5
IN00002294,CU00002605,2025-01-31,Chat,Card issue,2.5,5
IN00002295,CU00001358,2026-04-28,Email,Service request,5.9,3
IN00002296,CU00003856,2025-04-21,Branch,Service request,4.31,4
IN00002297,CU00002102,2025-06-18,Email,Service request,22.9,4
IN00002298,CU00000771,2024-12-23,Branch,Card issue,43.08,4
IN00002299,CU00001555,2024-11-06,Branch,Service request,25.89,5
IN00002300,CU00001684,2025-06-18,Chat,Complaint,15.48,4
IN00002301,CU00003769,2025-09-22,Email,Service request,26.56,5
IN00002302,CU00000172,2025-10-30,Chat,KYC,8.7,5
IN00002303,CU00003747,2026-04-04,Chat,KYC,25.33,5
IN00002304,CU00001930,2024-11-19,App,Loan enquiry,23.97,5
IN00002305,CU00003593,2026-01-13,App,Service request,4.53,4
IN00002306,CU00002987,2024-10-11,Chat,Digital help,16.28,5
IN00002307,CU00004611,2025-06-13,App,Service request,44.82,4
IN00002308,CU00000545,2025-09-25,Call Centre,Loan enquiry,7.85,4
IN00002309,CU00002894,2026-05-03,Chat,KYC,20.07,5
IN00002310,CU00002153,2025-01-08,App,Card issue,13.35,4
IN00002311,CU00004588,2025-06-01,Call Centre,KYC,12.94,5
IN00002312,CU00001543,2026-01-11,Email,Loan enquiry,7.96,5
IN00002313,CU00001445,2024-09-24,Branch,Loan enquiry,37.39,4
IN00002314,CU00003871,2025-07-11,Chat,Digital help,21.53,4
IN00002315,CU00001942,2024-10-19,Call Centre,Service request,17.81,4
IN00002316,CU00002272,2024-12-01,Email,KYC,23.11,4
IN00002317,CU00000924,2026-04-17,App,Complaint,22.4,5
IN00002318,CU00004754,2025-04-03,App,KYC,24.18,3
IN00002319,CU00004796,2026-05-16,App,Digital help,40.99,4
IN00002320,CU00000502,2026-04-24,App,Service request,14.57,5
IN00002321,CU00001926,2026-06-09,Email,Digital help,41.33,2
IN00002322,CU00002487,2025-06-25,Chat,Digital help,42.63,4
IN00002323,CU00004410,2026-02-13,Branch,Loan enquiry,15.61,5
IN00002324,CU00004551,2024-11-02,Email,Card issue,24.91,3
IN00002325,CU00003054,2026-01-27,Chat,Complaint,27.57,5
IN00002326,CU00002880,2026-01-20,Branch,KYC,5.98,4
IN00002327,CU00000212,2025-07-15,Email,KYC,23.9,5
IN00002328,CU00004157,2024-11-26,App,KYC,27.5,5
IN00002329,CU00000477,2026-06-05,App,Loan enquiry,14.58,5
IN00002330,CU00003535,2026-04-03,Call Centre,Service request,33.45,5
IN00002331,CU00004291,2025-05-27,Email,Card issue,38.65,3
IN00002332,CU00000963,2024-09-29,App,Complaint,28.64,4
IN00002333,CU00004018,2025-06-09,Branch,Complaint,12.7,4
IN00002334,CU00001217,2025-01-09,Chat,KYC,13.64,4
IN00002335,CU00000516,2025-07-29,Chat,Service request,3.83,5
IN00002336,CU00002481,2025-04-29,Call Centre,Card issue,8.63,4
IN00002337,CU00003637,2025-04-02,App,Digital help,24.14,4
IN00002338,CU00002841,2025-05-03,Branch,Service request,13.82,4
IN00002339,CU00000227,2025-07-12,App,Loan enquiry,7.87,2
IN00002340,CU00003794,2026-04-07,Call Centre,KYC,25.1,5
IN00002341,CU00000501,2026-03-03,Call Centre,Card issue,12.25,5
IN00002342,CU00001767,2025-04-21,Email,Loan enquiry,10.29,4
IN00002343,CU00004165,2025-10-01,Email,Complaint,38.77,4
IN00002344,CU00001912,2026-06-26,Call Centre,KYC,3.81,5
IN00002345,CU00000407,2025-06-09,App,Service request,42.46,5
IN00002346,CU00004354,2025-06-07,Email,Loan enquiry,10.93,4
IN00002347,CU00003112,2026-08-27,Call Centre,Digital help,17.82,4
IN00002348,CU00001681,2026-05-18,App,Digital help,25.75,4
IN00002349,CU00003293,2025-06-13,Email,Service request,16.3,5
IN00002350,CU00001048,2024-12-07,Branch,Service request,14.35,4
IN00002351,CU00003503,2025-11-06,App,Loan enquiry,13.24,5
IN00002352,CU00003491,2026-06-09,Call Centre,Loan enquiry,6.65,5
IN00002353,CU00000256,2025-04-22,Chat,Digital help,22.32,5
IN00002354,CU00001889,2026-08-20,Call Centre,Complaint,20.39,5
IN00002355,CU00003682,2026-04-13,Call Centre,Complaint,3.8,2
IN00002356,CU00001211,2025-08-12,Email,KYC,38.61,5
IN00002357,CU00003061,2025-03-08,Chat,Complaint,11.03,2
IN00002358,CU00004777,2025-12-25,App,Card issue,14.07,3
IN00002359,CU00004755,2026-04-27,Email,KYC,18.48,4
IN00002360,CU00001618,2025-06-27,Branch,Digital help,56.25,4
IN00002361,CU00002233,2026-01-23,Branch,Digital help,22.24,2
IN00002362,CU00002662,2026-08-11,Email,KYC,33.91,4
IN00002363,CU00001422,2025-04-16,Branch,Card issue,6.31,4
IN00002364,CU00003091,2025-01-20,Email,Service request,28.56,3
IN00002365,CU00003191,2025-05-30,Chat,Digital help,24.0,4
IN00002366,CU00003565,2026-05-19,Chat,KYC,39.62,4
IN00002367,CU00004107,2026-04-12,Chat,Complaint,11.97,4
IN00002368,CU00000994,2026-08-13,App,KYC,9.38,1
IN00002369,CU00002730,2025-12-14,App,Loan enquiry,37.04,5
IN00002370,CU00003040,2026-05-03,Call Centre,Card issue,34.63,4
IN00002371,CU00001034,2026-04-22,App,Digital help,8.72,5
IN00002372,CU00001474,2024-09-12,Call Centre,KYC,27.14,5
IN00002373,CU00004858,2026-06-27,Call Centre,Loan enquiry,9.64,5
IN00002374,CU00003359,2025-05-22,Chat,Digital help,3.17,4
IN00002375,CU00000296,2025-01-05,Email,Complaint,12.11,5
IN00002376,CU00004770,2026-04-09,Branch,Digital help,11.72,3
IN00002377,CU00000328,2026-07-10,Email,Complaint,2.58,4
IN00002378,CU00003042,2024-09-08,Chat,Card issue,11.45,4
IN00002379,CU00001983,2025-11-17,Chat,Complaint,17.52,5
IN00002380,CU00001534,2024-11-28,Chat,Complaint,24.63,5
IN00002381,CU00000283,2025-11-30,Chat,Loan enquiry,13.46,2
IN00002382,CU00003009,2024-10-11,Branch,KYC,5.17,5
IN00002383,CU00000047,2024-12-01,Branch,Card issue,5.34,4
IN00002384,CU00004653,2025-08-07,Call Centre,KYC,20.06,4
IN00002385,CU00004388,2025-03-14,Email,Digital help,11.11,4
IN00002386,CU00003195,2024-09-16,Chat,Digital help,18.93,4
IN00002387,CU00001581,2025-08-17,Chat,Service request,59.41,4
IN00002388,CU00004930,2026-03-23,Branch,KYC,17.95,5
IN00002389,CU00003619,2025-12-17,App,Service request,35.62,4
IN00002390,CU00000747,2025-08-15,Chat,KYC,7.08,3
IN00002391,CU00002122,2026-08-08,Call Centre,KYC,7.24,1
IN00002392,CU00000261,2026-02-13,Chat,Card issue,7.56,3
IN00002393,CU00002663,2025-02-08,Email,Complaint,24.18,4
IN00002394,CU00000399,2025-11-05,Chat,KYC,25.19,5
IN00002395,CU00000434,2026-04-09,Branch,KYC,10.33,4
IN00002396,CU00001821,2025-08-16,App,Digital help,18.44,4
IN00002397,CU00001569,2026-05-02,Branch,Service request,21.05,2
IN00002398,CU00000056,2025-11-18,Call Centre,Service request,7.38,2
IN00002399,CU00001476,2025-09-21,Call Centre,Loan enquiry,16.8,5
IN00002400,CU00001651,2025-02-25,Call Centre,Digital help,6.84,4
IN00002401,CU00003469,2024-10-06,App,KYC,30.74,4
IN00002402,CU00001033,2026-08-14,Call Centre,Service request,12.14,3
IN00002403,CU00002104,2025-07-14,Call Centre,Loan enquiry,27.15,4
IN00002404,CU00000974,2026-06-05,App,Complaint,26.29,4
IN00002405,CU00000987,2026-02-21,App,Service request,30.51,3
IN00002406,CU00002773,2024-12-27,Email,Complaint,44.25,4
IN00002407,CU00003302,2026-05-18,Branch,KYC,14.82,4
IN00002408,CU00000304,2026-07-07,Email,Complaint,12.57,2
IN00002409,CU00004732,2025-02-20,Email,Service request,21.92,4
IN00002410,CU00003189,2025-06-17,App,Card issue,8.27,4
IN00002411,CU00004129,2026-07-04,App,Digital help,12.55,5
IN00002412,CU00002294,2024-12-23,Branch,Digital help,52.47,4
IN00002413,CU00002492,2024-11-12,Call Centre,Digital help,46.24,2
IN00002414,CU00003052,2025-03-07,Email,Loan enquiry,3.74,3
IN00002415,CU00004999,2026-04-08,Chat,Card issue,3.07,5
IN00002416,CU00000546,2024-10-31,Email,Digital help,18.38,2
IN00002417,CU00003625,2025-06-28,App,Card issue,17.91,4
IN00002418,CU00003722,2025-03-01,Call Centre,Digital help,14.4,4
IN00002419,CU00002380,2024-12-21,Chat,Service request,18.78,4
IN00002420,CU00003306,2025-11-28,Call Centre,Digital help,10.93,4
IN00002421,CU00002877,2026-01-17,Call Centre,Service request,36.1,3
IN00002422,CU00001568,2025-03-11,Branch,Loan enquiry,10.83,5
IN00002423,CU00001585,2026-01-12,Call Centre,Card issue,2.79,4
IN00002424,CU00003214,2025-01-25,Call Centre,Complaint,19.78,4
IN00002425,CU00004643,2026-05-28,Branch,Service request,14.5,5
IN00002426,CU00002079,2025-06-09,Email,Card issue,19.9,5
IN00002427,CU00003680,2025-09-15,Chat,Service request,8.31,4
IN00002428,CU00003725,2024-12-09,Branch,Card issue,8.68,5
IN00002429,CU00000740,2025-10-31,App,Card issue,6.92,5
IN00002430,CU00003991,2025-05-13,Call Centre,KYC,29.99,3
IN00002431,CU00001051,2024-10-19,Chat,Card issue,24.87,1
IN00002432,CU00002517,2024-10-07,Email,Card issue,10.67,4
IN00002433,CU00002032,2026-06-01,Email,Loan enquiry,8.33,5
IN00002434,CU00002698,2026-05-01,App,KYC,32.6,4
IN00002435,CU00004009,2025-06-08,Chat,Digital help,10.19,4
IN00002436,CU00003231,2025-06-02,App,KYC,19.65,2
IN00002437,CU00002472,2026-08-18,Email,Card issue,27.82,3
IN00002438,CU00003388,2025-11-25,Email,KYC,15.8,4
IN00002439,CU00001332,2025-10-25,App,Complaint,16.37,5
IN00002440,CU00003075,2024-12-27,Call Centre,Digital help,22.62,5
IN00002441,CU00004843,2025-04-24,Call Centre,KYC,43.13,4
IN00002442,CU00002920,2025-08-19,Chat,KYC,5.99,5
IN00002443,CU00003313,2026-02-03,App,Service request,10.41,5
IN00002444,CU00003570,2025-07-27,Email,Service request,14.73,4
IN00002445,CU00004061,2024-12-20,Call Centre,Digital help,17.69,5
IN00002446,CU00003913,2026-03-31,Email,Loan enquiry,15.34,4
IN00002447,CU00002392,2026-02-09,Chat,Complaint,13.08,5
IN00002448,CU00000962,2025-11-11,App,Complaint,25.12,4
IN00002449,CU00003872,2025-06-27,Email,KYC,13.86,2
IN00002450,CU00003774,2025-08-28,App,Complaint,9.04,4
IN00002451,CU00004479,2026-07-11,Email,KYC,57.29,5
IN00002452,CU00002372,2025-05-01,Chat,Complaint,14.15,3
IN00002453,CU00004637,2026-01-11,Call Centre,Complaint,9.66,4
IN00002454,CU00002351,2025-03-21,Call Centre,Loan enquiry,23.58,5
IN00002455,CU00001366,2025-03-01,Chat,Loan enquiry,45.65,5
IN00002456,CU00004167,2025-03-11,Chat,Service request,18.71,5
IN00002457,CU00004807,2024-12-04,Branch,Digital help,41.61,5
IN00002458,CU00003674,2025-01-09,App,KYC,25.62,5
IN00002459,CU00002479,2026-02-14,Chat,Service request,1.46,5
IN00002460,CU00004606,2026-04-03,Call Centre,Digital help,26.57,5
IN00002461,CU00004696,2026-03-10,Call Centre,Card issue,9.4,4
IN00002462,CU00001579,2025-08-10,Email,Card issue,16.41,3
IN00002463,CU00002545,2024-10-19,Email,Digital help,2.32,4
IN00002464,CU00002434,2026-05-06,Chat,Card issue,9.77,5
IN00002465,CU00004468,2025-06-20,Branch,Service request,51.85,2
IN00002466,CU00003016,2026-01-28,Email,Card issue,27.35,2
IN00002467,CU00000261,2025-02-06,Email,Complaint,5.42,4
IN00002468,CU00003018,2024-09-02,Chat,Loan enquiry,24.98,5
IN00002469,CU00000301,2026-08-15,App,Complaint,12.73,2
IN00002470,CU00004940,2025-07-02,Call Centre,Loan enquiry,3.02,1
IN00002471,CU00000278,2025-12-07,Chat,Complaint,17.19,4
IN00002472,CU00002836,2025-10-01,Branch,Digital help,6.58,1
IN00002473,CU00001619,2026-05-13,Branch,Card issue,24.21,2
IN00002474,CU00004110,2025-09-27,Chat,Complaint,10.34,4
IN00002475,CU00004781,2026-06-23,Branch,KYC,37.11,4
IN00002476,CU00003952,2025-11-04,Branch,Card issue,35.13,5
IN00002477,CU00003385,2026-06-01,App,Card issue,10.86,4
IN00002478,CU00004720,2026-03-29,Call Centre,Complaint,32.85,4
IN00002479,CU00003046,2025-10-28,App,Digital help,6.15,4
IN00002480,CU00001774,2026-05-14,Call Centre,KYC,19.02,4
IN00002481,CU00003286,2025-04-16,Chat,Digital help,4.12,4
IN00002482,CU00003291,2024-11-04,Chat,KYC,14.02,5
IN00002483,CU00000339,2026-08-15,Chat,Loan enquiry,14.09,4
IN00002484,CU00002126,2025-10-03,Chat,Card issue,21.1,4
IN00002485,CU00004264,2024-12-10,Chat,Service request,6.22,5
IN00002486,CU00002441,2025-04-28,Branch,Card issue,9.62,4
IN00002487,CU00001340,2024-10-28,Email,Complaint,38.08,3
IN00002488,CU00002405,2024-12-06,Email,Loan enquiry,71.7,1
IN00002489,CU00003366,2026-05-09,Chat,KYC,2.82,4
IN00002490,CU00004146,2025-05-13,Branch,Service request,16.83,4
IN00002491,CU00004146,2026-04-15,Chat,Loan enquiry,7.43,2
IN00002492,CU00000151,2025-03-25,Call Centre,Service request,8.55,5
IN00002493,CU00003880,2025-11-02,Branch,Loan enquiry,4.16,5
IN00002494,CU00001003,2025-06-17,Chat,Digital help,4.88,4
IN00002495,CU00003415,2025-08-29,Branch,Service request,1.26,1
IN00002496,CU00004492,2025-10-31,Chat,Loan enquiry,5.55,5
IN00002497,CU00001969,2025-11-22,Branch,Card issue,22.28,4
IN00002498,CU00004659,2025-08-08,Branch,KYC,24.51,4
IN00002499,CU00002744,2025-09-21,Email,Card issue,9.07,3
IN00002500,CU00000586,2026-02-28,Branch,Loan enquiry,21.39,3
IN00002501,CU00004334,2026-06-25,Chat,Service request,9.04,4
IN00002502,CU00000331,2025-07-28,Call Centre,Card issue,51.91,5
IN00002503,CU00004772,2026-02-26,Branch,Complaint,16.27,2
IN00002504,CU00000624,2025-09-05,Chat,KYC,25.0,4
IN00002505,CU00001661,2026-05-20,Call Centre,Loan enquiry,3.54,3
IN00002506,CU00000095,2025-08-17,Branch,Complaint,19.08,3
IN00002507,CU00002479,2025-02-11,Chat,Complaint,10.16,2
IN00002508,CU00002172,2025-04-12,Chat,Card issue,24.57,5
IN00002509,CU00003772,2025-07-08,Email,KYC,19.36,5
IN00002510,CU00003912,2026-05-28,Branch,Digital help,11.5,4
IN00002511,CU00000555,2026-01-27,Chat,KYC,18.9,4
IN00002512,CU00004091,2026-08-05,Call Centre,Complaint,23.98,3
IN00002513,CU00003198,2026-02-16,Chat,Loan enquiry,17.16,5
IN00002514,CU00002262,2025-10-06,Branch,Loan enquiry,8.76,5
IN00002515,CU00001667,2024-11-08,App,Complaint,6.51,5
IN00002516,CU00001245,2025-10-04,App,Card issue,17.53,5
IN00002517,CU00002397,2024-09-12,Branch,Loan enquiry,26.2,4
IN00002518,CU00004689,2025-10-15,Branch,Loan enquiry,8.58,3
IN00002519,CU00003669,2025-11-26,Chat,Card issue,28.9,4
IN00002520,CU00000145,2025-03-13,Branch,Digital help,15.95,4
IN00002521,CU00004737,2025-05-28,Branch,Card issue,10.4,4
IN00002522,CU00004836,2025-01-01,Email,Complaint,52.3,4
IN00002523,CU00004028,2025-04-25,Email,Loan enquiry,24.47,5
IN00002524,CU00004071,2025-03-14,Email,KYC,34.84,3
IN00002525,CU00001230,2024-09-16,Branch,Complaint,13.54,4
IN00002526,CU00003456,2026-03-13,Branch,Digital help,20.94,3
IN00002527,CU00000462,2025-08-22,Email,Complaint,25.31,5
IN00002528,CU00000522,2026-06-22,Call Centre,Service request,7.32,3
IN00002529,CU00004275,2025-02-28,Branch,Loan enquiry,16.57,5
IN00002530,CU00001787,2025-03-23,Branch,KYC,18.64,5
IN00002531,CU00002685,2026-06-11,Branch,Loan enquiry,16.63,1
IN00002532,CU00003939,2025-07-26,Call Centre,KYC,12.95,3
IN00002533,CU00004080,2025-01-27,Chat,Complaint,3.4,5
IN00002534,CU00004295,2024-12-30,Email,Loan enquiry,5.88,5
IN00002535,CU00003559,2025-02-08,Email,Loan enquiry,31.69,3
IN00002536,CU00001324,2025-08-01,Call Centre,Service request,34.94,5
IN00002537,CU00000768,2025-07-13,Email,Digital help,11.59,4
IN00002538,CU00003121,2024-11-25,Chat,Loan enquiry,4.38,2
IN00002539,CU00003293,2024-11-06,Email,Digital help,9.25,5
IN00002540,CU00002442,2025-11-15,Chat,Complaint,16.33,5
IN00002541,CU00004840,2025-07-24,App,Card issue,20.63,4
IN00002542,CU00001394,2025-08-22,Call Centre,Card issue,22.38,3
IN00002543,CU00001935,2024-10-02,App,Service request,10.86,5
IN00002544,CU00003988,2025-10-23,Chat,KYC,4.17,5
IN00002545,CU00004009,2025-01-26,Chat,Card issue,27.06,4
IN00002546,CU00003837,2025-09-19,Chat,Complaint,16.28,5
IN00002547,CU00001796,2024-11-09,Chat,Card issue,45.67,2
IN00002548,CU00004750,2025-12-24,Email,Digital help,29.86,5
IN00002549,CU00002809,2026-06-15,Chat,Complaint,13.4,4
IN00002550,CU00004486,2025-06-05,Email,Card issue,6.93,2
IN00002551,CU00000229,2025-07-18,Email,Loan enquiry,44.7,4
IN00002552,CU00002985,2025-03-11,Email,Loan enquiry,24.48,2
IN00002553,CU00002462,2024-12-01,Call Centre,Loan enquiry,7.84,5
IN00002554,CU00001645,2025-11-10,Call Centre,Service request,19.83,4
IN00002555,CU00003258,2025-07-21,Call Centre,KYC,5.4,2
IN00002556,CU00001538,2025-08-05,Chat,Digital help,18.32,5
IN00002557,CU00001374,2025-10-22,App,Digital help,13.01,4
IN00002558,CU00002774,2025-06-21,Branch,Digital help,11.11,4
IN00002559,CU00000359,2026-08-12,Chat,Complaint,12.96,4
IN00002560,CU00004471,2026-07-20,Chat,Service request,14.11,5
IN00002561,CU00001411,2024-09-12,Call Centre,Digital help,14.67,5
IN00002562,CU00001771,2025-10-29,Call Centre,Card issue,24.0,5
IN00002563,CU00003033,2024-11-13,App,Loan enquiry,22.68,5
IN00002564,CU00001689,2025-11-26,Chat,KYC,15.24,5
IN00002565,CU00000089,2025-01-05,Email,KYC,30.64,4
IN00002566,CU00003752,2025-03-25,Call Centre,Digital help,8.23,5
IN00002567,CU00001882,2025-08-20,Call Centre,Digital help,13.68,4
IN00002568,CU00001701,2024-11-16,Call Centre,KYC,20.37,4
IN00002569,CU00004840,2026-08-23,Branch,Card issue,9.89,3
IN00002570,CU00004117,2025-05-07,App,Loan enquiry,4.34,5
IN00002571,CU00002508,2026-08-28,Call Centre,Digital help,4.75,3
IN00002572,CU00000765,2025-10-04,Email,Complaint,10.43,5
IN00002573,CU00000166,2025-03-06,Email,Loan enquiry,13.91,4
IN00002574,CU00001505,2026-07-08,Email,Loan enquiry,4.13,4
IN00002575,CU00004267,2025-10-09,App,Digital help,37.66,5
IN00002576,CU00002987,2026-03-16,App,Card issue,10.25,5
IN00002577,CU00003606,2025-01-18,Branch,Loan enquiry,45.48,5
IN00002578,CU00004317,2025-09-04,App,Complaint,15.22,4
IN00002579,CU00004785,2024-11-12,Email,Digital help,10.66,4
IN00002580,CU00001606,2025-03-20,App,Digital help,12.14,4
IN00002581,CU00001187,2025-11-13,Email,Card issue,19.06,5
IN00002582,CU00001484,2026-07-07,App,Loan enquiry,62.4,3
IN00002583,CU00002557,2024-12-25,Call Centre,Loan enquiry,27.47,5
IN00002584,CU00000518,2026-03-03,App,Digital help,8.76,3
IN00002585,CU00001112,2025-05-08,Call Centre,Digital help,33.26,4
IN00002586,CU00004070,2025-02-24,Chat,Service request,13.68,3
IN00002587,CU00004176,2024-10-12,Email,Digital help,11.2,3
IN00002588,CU00003247,2026-07-22,Chat,Digital help,17.74,4
IN00002589,CU00004595,2025-04-30,Email,Service request,2.21,5
IN00002590,CU00002825,2026-01-14,Chat,Loan enquiry,9.92,4
IN00002591,CU00003197,2025-01-26,App,Card issue,13.99,2
IN00002592,CU00001691,2026-02-11,Chat,Complaint,3.96,3
IN00002593,CU00003715,2026-07-15,Call Centre,Service request,10.04,2
IN00002594,CU00003303,2025-07-14,Chat,KYC,14.64,5
IN00002595,CU00003766,2025-06-01,Email,Service request,12.15,5
IN00002596,CU00003408,2026-06-05,Email,Service request,31.97,5
IN00002597,CU00002486,2024-09-07,App,KYC,32.62,4
IN00002598,CU00001952,2025-07-18,Chat,Loan enquiry,37.29,5
IN00002599,CU00003607,2024-11-20,App,Complaint,11.06,5
IN00002600,CU00001989,2026-04-15,Call Centre,Complaint,19.32,4
IN00002601,CU00000645,2024-10-03,Call Centre,Loan enquiry,10.9,4
IN00002602,CU00001869,2026-06-12,Chat,Digital help,28.07,3
IN00002603,CU00001217,2026-08-16,Email,Loan enquiry,6.09,3
IN00002604,CU00000245,2025-02-01,Call Centre,Card issue,12.95,4
IN00002605,CU00003059,2025-06-04,App,Service request,16.78,5
IN00002606,CU00003364,2025-09-10,Branch,Digital help,2.7,2
IN00002607,CU00004659,2026-05-12,Chat,Service request,1.19,3
IN00002608,CU00003223,2026-02-14,Chat,KYC,42.6,4
IN00002609,CU00003220,2025-02-05,Email,Service request,13.05,5
IN00002610,CU00003329,2026-04-06,App,Digital help,19.29,4
IN00002611,CU00003286,2025-04-13,App,Service request,9.42,5
IN00002612,CU00001423,2025-04-16,App,Service request,16.32,2
IN00002613,CU00001929,2025-03-25,App,Card issue,19.22,4
IN00002614,CU00004916,2025-07-31,Call Centre,Loan enquiry,17.4,5
IN00002615,CU00002406,2026-03-09,Branch,Service request,20.11,4
IN00002616,CU00000652,2025-07-05,Call Centre,Card issue,14.56,4
IN00002617,CU00002281,2026-08-09,Call Centre,Complaint,17.9,5
IN00002618,CU00004144,2026-04-30,Email,Digital help,23.34,2
IN00002619,CU00002733,2025-07-15,App,Digital help,12.18,4
IN00002620,CU00001695,2025-10-26,Branch,Digital help,24.72,4
IN00002621,CU00003799,2025-02-25,App,Digital help,38.2,4
IN00002622,CU00001298,2025-06-11,App,Card issue,39.12,3
IN00002623,CU00003880,2025-02-24,Call Centre,Loan enquiry,14.05,5
IN00002624,CU00003897,2025-01-18,Email,Loan enquiry,6.84,2
IN00002625,CU00003740,2025-02-06,Branch,Loan enquiry,11.28,3
IN00002626,CU00003858,2026-01-22,Email,Service request,6.66,3
IN00002627,CU00002049,2025-01-30,Call Centre,KYC,30.09,3
IN00002628,CU00001187,2026-08-21,App,Complaint,17.99,3
IN00002629,CU00002429,2024-12-28,Chat,Service request,24.82,1
IN00002630,CU00002714,2026-05-12,Chat,Card issue,57.87,5
IN00002631,CU00001320,2025-07-20,Email,Digital help,15.27,4
IN00002632,CU00000894,2026-04-17,App,Digital help,34.86,3
IN00002633,CU00003721,2024-11-22,Email,Complaint,8.11,2
IN00002634,CU00001323,2026-05-20,App,KYC,13.05,4
IN00002635,CU00001319,2025-09-24,Chat,Card issue,5.85,1
IN00002636,CU00003771,2026-02-07,App,Digital help,23.57,1
IN00002637,CU00001486,2025-10-19,Branch,Digital help,19.68,5
IN00002638,CU00002529,2024-10-05,Chat,KYC,59.64,4
IN00002639,CU00000691,2026-07-27,Branch,KYC,15.88,5
IN00002640,CU00004838,2026-02-03,Email,Loan enquiry,5.41,4
IN00002641,CU00001974,2026-03-08,Email,Loan enquiry,11.91,3
IN00002642,CU00002228,2025-06-04,Call Centre,Digital help,6.0,4
IN00002643,CU00003439,2025-09-09,App,Loan enquiry,25.95,4
IN00002644,CU00004869,2025-08-08,App,Card issue,35.76,5
IN00002645,CU00004214,2025-03-07,Call Centre,Complaint,11.97,3
IN00002646,CU00004040,2026-03-28,App,Loan enquiry,13.21,3
IN00002647,CU00002338,2025-09-24,Email,Service request,22.99,5
IN00002648,CU00002014,2026-04-30,Call Centre,Complaint,17.83,4
IN00002649,CU00000310,2025-12-04,Chat,Service request,19.31,5
IN00002650,CU00000006,2025-08-06,Call Centre,Loan enquiry,12.25,3
IN00002651,CU00002830,2025-10-16,App,Complaint,7.65,4
IN00002652,CU00000963,2024-12-22,Email,Loan enquiry,13.57,4
IN00002653,CU00000945,2024-09-03,App,Digital help,14.94,4
IN00002654,CU00000361,2025-03-14,Email,KYC,1.53,5
IN00002655,CU00004108,2026-07-22,Chat,Digital help,16.96,3
IN00002656,CU00000015,2025-11-16,App,Digital help,11.21,4
IN00002657,CU00001209,2025-05-12,Email,Service request,27.63,4
IN00002658,CU00002185,2025-04-11,Chat,Service request,23.49,5
IN00002659,CU00002538,2025-04-12,App,Card issue,11.94,2
IN00002660,CU00002190,2025-07-22,App,KYC,13.97,5
IN00002661,CU00002502,2025-04-04,Branch,Loan enquiry,12.73,5
IN00002662,CU00001862,2025-12-18,App,Service request,17.62,5
IN00002663,CU00004439,2025-03-29,Chat,Loan enquiry,4.35,5
IN00002664,CU00000144,2025-07-19,Email,Card issue,63.53,4
IN00002665,CU00002663,2024-10-31,Chat,Digital help,9.29,5
IN00002666,CU00004332,2026-04-21,Call Centre,Digital help,13.54,1
IN00002667,CU00003126,2026-05-18,Chat,KYC,3.54,3
IN00002668,CU00000776,2025-04-16,Call Centre,Loan enquiry,9.02,5
IN00002669,CU00000688,2025-03-23,Email,Card issue,22.33,4
IN00002670,CU00003858,2025-01-23,Call Centre,Digital help,1.24,4
IN00002671,CU00003956,2025-10-01,Email,Complaint,31.64,4
IN00002672,CU00001794,2026-06-20,Call Centre,Complaint,6.06,4
IN00002673,CU00000787,2025-06-14,Branch,KYC,18.94,5
IN00002674,CU00004510,2025-10-11,Call Centre,Service request,27.53,4
IN00002675,CU00004277,2024-10-11,Email,KYC,8.3,2
IN00002676,CU00003944,2026-07-11,Email,Digital help,10.72,5
IN00002677,CU00003875,2025-02-18,App,KYC,29.71,5
IN00002678,CU00001361,2025-01-25,App,Digital help,2.81,4
IN00002679,CU00001731,2025-08-27,App,Card issue,19.64,4
IN00002680,CU00002127,2024-10-05,Call Centre,KYC,2.59,3
IN00002681,CU00003547,2026-02-28,Branch,Service request,38.26,3
IN00002682,CU00001935,2026-08-30,Email,Loan enquiry,30.37,3
IN00002683,CU00004744,2025-06-13,App,Complaint,37.33,3
IN00002684,CU00004060,2025-07-10,Branch,Card issue,4.62,4
IN00002685,CU00000749,2024-09-03,Email,Complaint,19.49,5
IN00002686,CU00003335,2025-02-09,Branch,Loan enquiry,6.28,4
IN00002687,CU00004550,2024-11-29,Branch,Loan enquiry,11.39,5
IN00002688,CU00003809,2026-04-18,Branch,Complaint,4.64,4
IN00002689,CU00001359,2026-05-07,Chat,Loan enquiry,22.33,5
IN00002690,CU00002719,2025-06-15,Chat,Digital help,27.02,3
IN00002691,CU00002578,2026-03-05,App,Loan enquiry,16.69,5
IN00002692,CU00001008,2026-08-14,Branch,Card issue,35.69,5
IN00002693,CU00002996,2025-03-26,Call Centre,KYC,18.28,2
IN00002694,CU00001728,2025-03-19,Branch,Card issue,10.4,5
IN00002695,CU00004130,2024-12-04,Email,Digital help,11.72,1
IN00002696,CU00003657,2026-05-30,Chat,Loan enquiry,21.21,3
IN00002697,CU00001300,2025-02-19,Call Centre,Card issue,4.95,1
IN00002698,CU00002557,2025-10-14,Email,Loan enquiry,9.42,4
IN00002699,CU00002097,2025-09-06,Chat,KYC,27.84,4
IN00002700,CU00002482,2025-05-28,App,Digital help,5.23,4
IN00002701,CU00001462,2024-09-19,Branch,Service request,3.98,5
IN00002702,CU00002626,2026-05-20,App,Digital help,7.34,5
IN00002703,CU00002508,2024-09-27,App,Service request,20.0,5
IN00002704,CU00000943,2025-08-18,App,Digital help,25.45,4
IN00002705,CU00001485,2024-12-19,Branch,KYC,9.1,4
IN00002706,CU00004120,2026-05-01,App,Service request,41.71,5
IN00002707,CU00002222,2026-01-22,App,KYC,2.89,4
IN00002708,CU00002525,2025-07-15,Chat,KYC,25.0,5
IN00002709,CU00002251,2025-07-28,Chat,Loan enquiry,10.36,3
IN00002710,CU00003488,2026-03-10,Branch,Card issue,19.4,4
IN00002711,CU00001021,2026-07-06,Branch,Complaint,2.47,3
IN00002712,CU00002375,2026-07-30,Call Centre,Card issue,51.91,2
IN00002713,CU00000680,2026-05-19,Call Centre,Loan enquiry,2.51,3
IN00002714,CU00002445,2026-05-19,App,KYC,67.4,4
IN00002715,CU00002435,2025-11-24,Call Centre,Card issue,8.2,4
IN00002716,CU00003479,2024-10-05,Email,Loan enquiry,68.28,4
IN00002717,CU00001216,2026-02-02,Chat,Card issue,29.66,5
IN00002718,CU00001696,2025-10-19,Call Centre,Complaint,8.83,5
IN00002719,CU00001840,2025-11-25,Chat,Card issue,13.09,4
IN00002720,CU00001600,2026-05-11,Branch,KYC,53.44,4
IN00002721,CU00003012,2026-02-14,Chat,Service request,6.24,4
IN00002722,CU00000064,2026-08-22,Call Centre,Complaint,7.5,5
IN00002723,CU00004936,2026-08-17,Email,Complaint,16.62,4
IN00002724,CU00001516,2025-04-29,App,Service request,22.62,5
IN00002725,CU00002266,2025-08-22,Chat,KYC,25.11,4
IN00002726,CU00002036,2026-01-02,Call Centre,Complaint,15.99,4
IN00002727,CU00003750,2025-12-13,Call Centre,Service request,7.64,5
IN00002728,CU00003308,2024-10-21,Call Centre,Complaint,25.26,5
IN00002729,CU00001803,2025-05-21,Email,Digital help,12.28,3
IN00002730,CU00004740,2025-07-29,App,KYC,0.73,4
IN00002731,CU00002216,2024-09-15,Email,Loan enquiry,14.15,5
IN00002732,CU00001191,2025-07-01,Chat,Complaint,12.98,3
IN00002733,CU00003799,2025-08-21,App,Service request,31.01,4
IN00002734,CU00003058,2026-08-13,Chat,Digital help,17.11,5
IN00002735,CU00003093,2025-06-04,App,Service request,35.68,5
IN00002736,CU00004208,2025-03-13,Branch,KYC,20.97,4
IN00002737,CU00000856,2025-08-24,Call Centre,Service request,6.45,4
IN00002738,CU00000351,2026-05-27,Email,Card issue,37.91,4
IN00002739,CU00002546,2025-12-04,Branch,Complaint,4.04,5
IN00002740,CU00003774,2024-11-14,Email,Card issue,19.44,4
IN00002741,CU00002318,2025-08-11,Call Centre,Digital help,37.94,4
IN00002742,CU00001085,2024-10-18,App,Card issue,17.83,5
IN00002743,CU00003267,2025-09-30,App,Digital help,4.91,5
IN00002744,CU00004503,2026-06-26,App,KYC,22.13,4
IN00002745,CU00004480,2025-11-18,Email,Complaint,15.39,3
IN00002746,CU00002693,2026-02-25,App,Loan enquiry,8.28,5
IN00002747,CU00003116,2025-12-08,Email,KYC,10.56,2
IN00002748,CU00001596,2026-02-28,Call Centre,Service request,17.63,4
IN00002749,CU00003604,2026-05-17,Call Centre,Card issue,17.08,5
IN00002750,CU00003634,2025-04-26,Call Centre,Service request,13.28,1
IN00002751,CU00002244,2025-03-02,App,Digital help,6.35,3
IN00002752,CU00004017,2025-10-08,App,Complaint,20.21,5
IN00002753,CU00003021,2025-06-26,Email,Loan enquiry,21.58,4
IN00002754,CU00002167,2026-02-28,App,Card issue,27.46,2
IN00002755,CU00000575,2026-05-20,Branch,Card issue,23.31,4
IN00002756,CU00003371,2025-03-25,Chat,Digital help,18.21,4
IN00002757,CU00004267,2025-12-25,Branch,Digital help,4.98,4
IN00002758,CU00004321,2026-03-18,Call Centre,Card issue,5.78,4
IN00002759,CU00003229,2026-04-05,Branch,Loan enquiry,24.06,5
IN00002760,CU00001982,2024-11-04,Branch,Card issue,24.25,1
IN00002761,CU00004515,2025-08-27,Chat,Digital help,15.98,4
IN00002762,CU00003964,2025-01-14,Email,Loan enquiry,13.07,4
IN00002763,CU00000949,2025-05-23,Chat,Loan enquiry,22.52,5
IN00002764,CU00000950,2026-03-07,Call Centre,Complaint,7.38,4
IN00002765,CU00003996,2026-03-16,Chat,Loan enquiry,12.55,3
IN00002766,CU00000986,2026-02-20,Call Centre,Loan enquiry,9.62,4
IN00002767,CU00003929,2025-05-01,Call Centre,Digital help,19.44,5
IN00002768,CU00001652,2025-11-17,Chat,Service request,17.87,5
IN00002769,CU00000845,2026-04-04,Call Centre,Loan enquiry,16.82,5
IN00002770,CU00001504,2026-08-15,Chat,Complaint,21.39,5
IN00002771,CU00000029,2025-01-02,Call Centre,Card issue,29.93,3
IN00002772,CU00001668,2025-01-23,Chat,Digital help,8.79,4
IN00002773,CU00000476,2024-12-22,Branch,Card issue,18.2,5
IN00002774,CU00002347,2026-07-23,Branch,Service request,15.6,1
IN00002775,CU00000505,2025-06-20,Chat,Complaint,18.26,5
IN00002776,CU00004070,2025-02-19,Branch,Card issue,16.8,4
IN00002777,CU00003244,2026-03-09,App,Service request,13.99,5
IN00002778,CU00002571,2025-08-30,Chat,Digital help,3.11,4
IN00002779,CU00002283,2025-11-22,Branch,Digital help,13.22,4
IN00002780,CU00004126,2025-07-26,Chat,Card issue,7.27,2
IN00002781,CU00000004,2024-12-13,App,Complaint,16.72,5
IN00002782,CU00001917,2025-07-11,App,Loan enquiry,28.19,3
IN00002783,CU00003622,2026-08-01,Call Centre,Complaint,3.83,4
IN00002784,CU00000611,2026-05-07,App,Complaint,13.77,3
IN00002785,CU00004642,2025-11-27,Chat,Digital help,63.05,3
IN00002786,CU00002263,2025-10-03,Chat,Service request,3.01,4
IN00002787,CU00000373,2024-10-06,Call Centre,Complaint,11.21,2
IN00002788,CU00000021,2025-02-14,Call Centre,Loan enquiry,1.48,3
IN00002789,CU00004630,2024-11-02,Branch,KYC,11.02,3
IN00002790,CU00002876,2025-03-16,Branch,Loan enquiry,8.74,5
IN00002791,CU00000705,2025-09-06,Email,Service request,12.52,5
IN00002792,CU00004213,2025-01-05,Chat,KYC,5.87,4
IN00002793,CU00000500,2026-05-15,Chat,Loan enquiry,27.39,5
IN00002794,CU00000772,2025-12-12,Call Centre,Loan enquiry,6.35,5
IN00002795,CU00002896,2025-04-03,Call Centre,Service request,6.78,1
IN00002796,CU00004557,2025-10-20,Chat,Service request,19.43,4
IN00002797,CU00003173,2025-01-07,App,Card issue,7.55,2
IN00002798,CU00004008,2026-02-28,App,Card issue,33.75,5
IN00002799,CU00002680,2026-03-01,Branch,Service request,21.54,4
IN00002800,CU00004441,2024-11-22,Call Centre,Card issue,12.2,5
IN00002801,CU00004488,2025-10-26,Chat,Service request,52.74,5
IN00002802,CU00001277,2026-03-03,App,Digital help,23.24,5
IN00002803,CU00002164,2025-02-28,Email,KYC,25.38,5
IN00002804,CU00003138,2025-05-18,App,Complaint,26.08,4
IN00002805,CU00001201,2025-11-24,Email,Service request,14.55,4
IN00002806,CU00001063,2025-08-23,App,Digital help,8.46,3
IN00002807,CU00000829,2025-10-10,App,Digital help,27.93,4
IN00002808,CU00002055,2026-03-13,Chat,Card issue,23.11,4
IN00002809,CU00003529,2025-08-28,Branch,Card issue,7.97,2
IN00002810,CU00001787,2026-01-19,Chat,Card issue,18.06,1
IN00002811,CU00001944,2025-02-16,Branch,Loan enquiry,3.86,3
IN00002812,CU00003317,2025-02-18,Branch,Complaint,43.86,2
IN00002813,CU00004219,2025-09-28,Branch,Digital help,16.79,5
IN00002814,CU00001957,2025-08-20,App,Service request,22.38,5
IN00002815,CU00000152,2025-11-09,Email,Card issue,58.91,5
IN00002816,CU00003679,2025-12-15,App,Digital help,21.19,4
IN00002817,CU00001911,2025-11-18,Call Centre,Loan enquiry,0.56,4
IN00002818,CU00003208,2025-07-24,Branch,Loan enquiry,29.86,5
IN00002819,CU00000925,2025-10-12,Call Centre,Complaint,16.4,5
IN00002820,CU00003282,2025-05-29,Chat,Loan enquiry,15.51,1
IN00002821,CU00004256,2025-12-16,Chat,Service request,7.66,4
IN00002822,CU00003854,2024-12-05,Branch,KYC,25.95,5
IN00002823,CU00004883,2024-09-15,Chat,Service request,37.88,4
IN00002824,CU00003814,2026-01-26,Call Centre,Service request,18.13,5
IN00002825,CU00001550,2024-10-26,App,Service request,15.43,4
IN00002826,CU00003858,2026-08-31,App,Service request,6.91,3
IN00002827,CU00000220,2025-08-07,App,Digital help,12.39,4
IN00002828,CU00004541,2025-12-12,Chat,Complaint,3.1,4
IN00002829,CU00000683,2026-04-27,App,Card issue,31.73,4
IN00002830,CU00000668,2025-04-11,Chat,Loan enquiry,11.87,5
IN00002831,CU00002631,2025-06-15,App,Complaint,25.17,5
IN00002832,CU00004061,2026-04-13,Branch,Card issue,6.53,5
IN00002833,CU00002786,2025-07-21,Call Centre,Digital help,2.01,3
IN00002834,CU00001820,2026-06-02,Call Centre,Loan enquiry,21.22,4
IN00002835,CU00001192,2025-04-16,Email,KYC,23.06,5
IN00002836,CU00002527,2025-12-07,App,Complaint,7.59,4
IN00002837,CU00000605,2024-12-01,Email,Loan enquiry,20.65,5
IN00002838,CU00000794,2025-09-29,Email,Digital help,13.76,3
IN00002839,CU00003931,2024-10-05,Email,Card issue,2.48,2
IN00002840,CU00003391,2026-02-15,Email,Complaint,16.31,3
IN00002841,CU00001985,2026-04-06,Chat,Loan enquiry,8.7,2
IN00002842,CU00000343,2026-04-22,Email,Loan enquiry,6.05,2
IN00002843,CU00004979,2025-09-09,App,Complaint,6.01,4
IN00002844,CU00003836,2025-02-11,Chat,Complaint,5.71,5
IN00002845,CU00000544,2025-04-01,App,Loan enquiry,8.87,5
IN00002846,CU00000314,2025-09-08,Chat,Service request,8.12,5
IN00002847,CU00003186,2026-01-11,Email,Digital help,12.19,1
IN00002848,CU00000384,2024-11-03,App,Service request,25.0,5
IN00002849,CU00003139,2025-03-11,Chat,Loan enquiry,18.37,2
IN00002850,CU00004812,2026-08-12,Branch,Card issue,10.98,4
IN00002851,CU00001142,2026-05-30,App,Complaint,11.06,3
IN00002852,CU00004327,2024-09-08,Chat,Service request,13.13,5
IN00002853,CU00001525,2025-10-18,Call Centre,Complaint,13.26,4
IN00002854,CU00003906,2026-02-21,App,Service request,43.01,4
IN00002855,CU00004146,2025-11-27,Chat,Digital help,24.73,4
IN00002856,CU00004217,2026-03-31,Call Centre,Service request,22.91,2
IN00002857,CU00002944,2025-08-19,App,Service request,16.77,1
IN00002858,CU00000542,2025-11-10,Branch,KYC,11.77,3
IN00002859,CU00000731,2025-12-27,Email,Card issue,6.63,5
IN00002860,CU00003391,2025-07-15,App,Card issue,17.66,3
IN00002861,CU00003500,2026-04-23,Chat,KYC,34.18,4
IN00002862,CU00003511,2025-01-10,Call Centre,KYC,17.98,4
IN00002863,CU00004830,2024-09-27,Call Centre,Card issue,22.28,2
IN00002864,CU00003677,2025-08-21,App,Service request,2.63,4
IN00002865,CU00003792,2026-04-06,Branch,Service request,29.48,5
IN00002866,CU00003476,2026-07-20,Branch,Complaint,8.43,5
IN00002867,CU00001655,2025-04-27,Email,Loan enquiry,11.39,5
IN00002868,CU00004376,2024-12-22,Call Centre,KYC,27.1,3
IN00002869,CU00004344,2025-10-03,Chat,Complaint,10.74,5
IN00002870,CU00002519,2025-03-10,App,Card issue,11.85,4
IN00002871,CU00002236,2024-09-25,Call Centre,Card issue,13.22,5
IN00002872,CU00002086,2024-09-29,Branch,Service request,17.32,5
IN00002873,CU00004784,2026-01-16,Call Centre,Complaint,4.75,5
IN00002874,CU00001881,2025-03-23,Chat,Service request,7.62,4
IN00002875,CU00001271,2025-02-14,Call Centre,Service request,44.47,4
IN00002876,CU00002546,2025-05-11,Chat,Service request,34.36,3
IN00002877,CU00004742,2025-06-02,Call Centre,Card issue,6.71,3
IN00002878,CU00000624,2025-03-09,Call Centre,KYC,8.1,3
IN00002879,CU00004234,2025-08-02,Call Centre,Loan enquiry,12.65,4
IN00002880,CU00000676,2024-09-04,App,KYC,5.71,3
IN00002881,CU00004877,2025-09-17,Email,Loan enquiry,14.14,3
IN00002882,CU00004263,2025-09-07,Call Centre,Service request,13.49,4
IN00002883,CU00000003,2024-11-20,Email,Loan enquiry,35.99,4
IN00002884,CU00002283,2024-09-16,Call Centre,Digital help,50.88,5
IN00002885,CU00003851,2024-11-08,App,KYC,19.47,3
IN00002886,CU00002403,2026-08-10,Branch,Digital help,3.26,4
IN00002887,CU00003814,2025-11-09,Call Centre,Complaint,14.13,4
IN00002888,CU00000261,2026-04-02,Email,Card issue,17.66,3
IN00002889,CU00002142,2026-08-22,Call Centre,Digital help,2.46,3
IN00002890,CU00000720,2025-06-26,Chat,Card issue,2.01,5
IN00002891,CU00000746,2026-07-29,Call Centre,Complaint,28.88,4
IN00002892,CU00001412,2025-03-25,App,Loan enquiry,6.17,5
IN00002893,CU00003950,2025-11-11,App,Loan enquiry,11.28,5
IN00002894,CU00003556,2025-08-14,Call Centre,Service request,58.97,5
IN00002895,CU00001088,2025-10-23,Call Centre,Card issue,15.84,4
IN00002896,CU00003779,2025-11-26,Call Centre,Loan enquiry,12.81,3
IN00002897,CU00001127,2025-03-15,Chat,Card issue,15.75,4
IN00002898,CU00001098,2026-07-21,App,Loan enquiry,26.17,4
IN00002899,CU00002475,2026-05-12,App,Digital help,14.56,4
IN00002900,CU00004748,2025-11-09,App,Loan enquiry,26.52,5
IN00002901,CU00000082,2024-09-24,Email,Complaint,20.66,3
IN00002902,CU00003202,2026-07-30,Call Centre,Loan enquiry,6.01,4
IN00002903,CU00004748,2024-09-07,Call Centre,Service request,29.41,4
IN00002904,CU00001815,2026-07-08,Call Centre,Digital help,10.09,5
IN00002905,CU00001115,2025-10-23,Branch,KYC,23.82,4
IN00002906,CU00001191,2026-02-26,Email,Card issue,20.84,3
IN00002907,CU00002258,2026-01-31,Branch,Loan enquiry,22.86,5
IN00002908,CU00000814,2025-03-23,Call Centre,Digital help,14.86,5
IN00002909,CU00001628,2025-06-12,App,Service request,29.92,4
IN00002910,CU00004259,2025-04-19,Branch,Loan enquiry,27.54,4
IN00002911,CU00003033,2024-10-08,Call Centre,Loan enquiry,5.91,5
IN00002912,CU00003627,2026-06-16,Branch,Digital help,31.04,4
IN00002913,CU00001431,2025-09-12,Branch,Service request,29.08,5
IN00002914,CU00000042,2025-03-10,Email,Card issue,16.1,4
IN00002915,CU00001292,2025-12-15,Chat,KYC,26.78,4
IN00002916,CU00002309,2024-11-11,Branch,Complaint,16.52,5
IN00002917,CU00000330,2024-11-11,Call Centre,Card issue,30.18,5
IN00002918,CU00002470,2026-03-26,Email,KYC,8.17,5
IN00002919,CU00004086,2026-03-30,Branch,KYC,9.23,4
IN00002920,CU00004554,2025-03-18,Branch,Complaint,11.74,4
IN00002921,CU00000434,2025-06-08,Chat,Service request,14.69,4
IN00002922,CU00001660,2025-01-05,Branch,Service request,10.37,2
IN00002923,CU00000488,2026-01-09,Email,Complaint,15.1,2
IN00002924,CU00002269,2026-03-30,Chat,Loan enquiry,5.78,5
IN00002925,CU00002490,2026-08-13,Email,Digital help,14.89,5
IN00002926,CU00003267,2025-08-26,Email,Digital help,26.66,4
IN00002927,CU00000770,2025-12-29,Email,KYC,26.41,5
IN00002928,CU00002228,2026-08-10,Email,Loan enquiry,12.69,3
IN00002929,CU00001414,2025-06-28,Email,Card issue,4.13,4
IN00002930,CU00000373,2026-08-23,Chat,KYC,2.26,4
IN00002931,CU00001925,2026-07-30,App,Loan enquiry,5.29,4
IN00002932,CU00000150,2024-12-30,Call Centre,KYC,9.95,5
IN00002933,CU00004146,2024-09-27,Chat,Loan enquiry,4.94,3
IN00002934,CU00001591,2024-10-17,Chat,Service request,31.94,5
IN00002935,CU00003439,2024-12-14,Email,Complaint,16.7,4
IN00002936,CU00000767,2025-09-13,App,Card issue,20.57,5
IN00002937,CU00001765,2025-03-26,Chat,Service request,22.09,3
IN00002938,CU00000894,2025-06-12,App,Loan enquiry,31.16,5
IN00002939,CU00000556,2024-09-01,Call Centre,Complaint,33.75,5
IN00002940,CU00001911,2026-05-04,Email,KYC,11.15,2
IN00002941,CU00000482,2025-07-22,Call Centre,Service request,37.95,5
IN00002942,CU00000018,2025-06-11,Call Centre,Loan enquiry,17.03,2
IN00002943,CU00004619,2026-04-10,Call Centre,Loan enquiry,15.94,4
IN00002944,CU00003410,2026-08-22,Branch,Complaint,11.39,5
IN00002945,CU00004578,2026-04-05,Call Centre,Card issue,22.89,3
IN00002946,CU00001253,2025-06-30,Chat,Digital help,6.43,5
IN00002947,CU00002749,2025-12-18,Chat,Card issue,15.95,3
IN00002948,CU00001566,2026-08-30,Chat,Service request,24.45,5
IN00002949,CU00001775,2026-07-09,Call Centre,Card issue,25.7,5
IN00002950,CU00002897,2026-06-26,App,Service request,13.31,2
IN00002951,CU00001636,2025-04-07,Call Centre,KYC,11.8,3
IN00002952,CU00001656,2026-03-09,Email,Service request,0.92,5
IN00002953,CU00002897,2024-11-23,Branch,Loan enquiry,34.06,4
IN00002954,CU00004179,2024-10-16,App,Loan enquiry,12.36,5
IN00002955,CU00002250,2025-09-21,Call Centre,Loan enquiry,36.4,5
IN00002956,CU00002525,2025-01-06,Branch,KYC,12.92,3
IN00002957,CU00000137,2024-11-28,Branch,Digital help,4.89,4
IN00002958,CU00004084,2025-02-18,Branch,Complaint,43.42,4
IN00002959,CU00004970,2024-09-20,Chat,Service request,12.82,4
IN00002960,CU00002432,2025-06-21,Branch,Service request,30.07,3
IN00002961,CU00003696,2026-03-13,Branch,Complaint,14.47,5
IN00002962,CU00001038,2025-07-30,Branch,Loan enquiry,17.52,4
IN00002963,CU00003676,2024-12-02,Email,Service request,5.26,4
IN00002964,CU00001922,2025-03-28,Branch,Digital help,14.7,4
IN00002965,CU00002493,2026-03-16,Call Centre,Loan enquiry,22.95,4
IN00002966,CU00004137,2024-12-20,Chat,KYC,7.3,4
IN00002967,CU00002728,2025-07-26,Email,Digital help,41.14,1
IN00002968,CU00000017,2024-10-09,Chat,Service request,3.71,5
IN00002969,CU00002926,2025-04-22,Chat,Service request,24.51,1
IN00002970,CU00000231,2025-04-17,App,Loan enquiry,15.02,4
IN00002971,CU00001396,2025-05-24,Email,Loan enquiry,27.02,5
IN00002972,CU00000419,2025-08-07,App,Complaint,24.69,5
IN00002973,CU00003491,2026-08-22,Call Centre,KYC,6.79,5
IN00002974,CU00000065,2025-11-25,App,Digital help,14.58,5
IN00002975,CU00003092,2024-10-24,Email,Loan enquiry,22.47,4
IN00002976,CU00001767,2025-09-27,Call Centre,Digital help,17.74,4
IN00002977,CU00004030,2025-04-23,App,KYC,5.83,5
IN00002978,CU00000046,2025-04-27,App,Digital help,17.18,5
IN00002979,CU00003042,2026-04-21,Chat,Service request,29.32,1
IN00002980,CU00002848,2025-02-09,Chat,KYC,19.28,5
IN00002981,CU00001229,2026-04-27,Chat,Loan enquiry,20.78,2
IN00002982,CU00001072,2025-06-14,Chat,Loan enquiry,23.11,3
IN00002983,CU00002627,2026-07-29,App,Loan enquiry,22.42,4
IN00002984,CU00001312,2026-05-24,Call Centre,Digital help,17.35,4
IN00002985,CU00000598,2025-02-16,Chat,KYC,12.03,2
IN00002986,CU00003851,2026-06-18,Branch,Complaint,18.02,4
IN00002987,CU00003118,2026-05-05,Chat,Service request,8.74,4
IN00002988,CU00000493,2025-03-28,Email,Complaint,28.82,4
IN00002989,CU00000702,2025-07-03,Chat,Card issue,4.92,2
IN00002990,CU00001000,2025-10-09,Branch,KYC,14.53,3
IN00002991,CU00003159,2026-02-04,Branch,Service request,9.57,4
IN00002992,CU00000115,2024-12-09,Email,Service request,14.51,4
IN00002993,CU00000015,2025-06-08,Email,Loan enquiry,24.91,4
IN00002994,CU00002011,2024-12-03,Chat,Card issue,34.78,3
IN00002995,CU00002638,2026-05-04,Chat,Complaint,3.3,4
IN00002996,CU00002621,2025-05-26,Branch,Complaint,24.41,5
IN00002997,CU00003754,2026-02-02,Call Centre,Service request,25.6,4
IN00002998,CU00000531,2024-10-29,Chat,Complaint,16.47,5
IN00002999,CU00001862,2025-03-29,Call Centre,KYC,4.35,5
IN00003000,CU00001996,2024-11-07,Chat,Service request,20.89,3
IN00003001,CU00000953,2025-08-03,Call Centre,Complaint,22.19,3
IN00003002,CU00001428,2024-10-24,Chat,Service request,20.02,2
IN00003003,CU00004939,2025-08-01,Chat,KYC,14.5,4
IN00003004,CU00003101,2025-04-01,Email,Card issue,11.97,3
IN00003005,CU00000769,2025-11-09,Call Centre,Complaint,16.14,2
IN00003006,CU00004570,2025-01-28,Branch,Digital help,10.37,3
IN00003007,CU00001494,2026-06-07,Email,Loan enquiry,19.44,4
IN00003008,CU00004442,2025-11-30,Chat,Complaint,5.06,4
IN00003009,CU00002344,2025-10-02,Chat,KYC,22.89,4
IN00003010,CU00001797,2026-02-12,Branch,Card issue,33.91,5
IN00003011,CU00002593,2024-11-11,Call Centre,Complaint,7.37,5
IN00003012,CU00002721,2025-02-05,App,Service request,8.07,5
IN00003013,CU00003162,2025-11-14,Email,Digital help,31.27,4
IN00003014,CU00004752,2025-12-07,App,Card issue,4.06,4
IN00003015,CU00004498,2024-09-23,Chat,Digital help,26.97,1
IN00003016,CU00001653,2024-09-07,Email,KYC,20.85,4
IN00003017,CU00004368,2025-01-27,Call Centre,Digital help,8.13,5
IN00003018,CU00004128,2026-03-07,Call Centre,Digital help,13.74,5
IN00003019,CU00001252,2025-03-21,Chat,KYC,6.66,1
IN00003020,CU00001893,2025-10-11,Branch,Service request,1.07,5
IN00003021,CU00000908,2026-06-19,Call Centre,Digital help,22.66,2
IN00003022,CU00004824,2025-01-17,Email,Loan enquiry,10.87,4
IN00003023,CU00002561,2025-07-05,Chat,Digital help,4.79,3
IN00003024,CU00003735,2026-07-19,Branch,Card issue,14.08,4
IN00003025,CU00004268,2025-06-17,Branch,Card issue,23.79,5
IN00003026,CU00002202,2025-06-27,Chat,Card issue,8.59,4
IN00003027,CU00003738,2026-04-16,Email,Digital help,22.73,5
IN00003028,CU00003058,2026-03-15,App,Card issue,40.03,4
IN00003029,CU00002257,2025-09-01,Email,Loan enquiry,37.3,1
IN00003030,CU00002405,2025-06-08,Branch,Service request,12.7,5
IN00003031,CU00004691,2025-08-20,Chat,Card issue,12.86,5
IN00003032,CU00000898,2025-02-21,Call Centre,KYC,30.99,4
IN00003033,CU00002339,2024-10-17,Chat,KYC,27.5,4
IN00003034,CU00003829,2025-04-09,App,KYC,25.44,1
IN00003035,CU00001978,2025-04-05,Chat,KYC,11.03,4
IN00003036,CU00003524,2025-12-04,Email,Card issue,8.3,5
IN00003037,CU00004770,2026-07-06,Branch,KYC,8.44,5
IN00003038,CU00002880,2026-06-16,Branch,Loan enquiry,12.79,4
IN00003039,CU00003308,2026-05-27,Chat,Loan enquiry,15.36,5
IN00003040,CU00004579,2024-12-10,Call Centre,Service request,3.97,3
IN00003041,CU00001171,2025-10-18,Chat,Complaint,36.29,2
IN00003042,CU00004121,2025-09-14,App,Service request,32.04,4
IN00003043,CU00001765,2026-06-20,Branch,Loan enquiry,26.56,5
IN00003044,CU00002519,2026-01-03,App,Digital help,17.66,4
IN00003045,CU00000452,2026-05-13,Email,Complaint,23.98,4
IN00003046,CU00001474,2026-01-19,Branch,Complaint,13.82,5
IN00003047,CU00000663,2025-09-11,App,Complaint,13.01,5
IN00003048,CU00004568,2025-10-28,Email,Card issue,4.08,3
IN00003049,CU00000303,2025-01-01,Branch,Digital help,6.03,4
IN00003050,CU00001132,2025-09-03,Email,Card issue,16.13,4
IN00003051,CU00001466,2025-08-11,Call Centre,Digital help,16.27,3
IN00003052,CU00001498,2024-09-15,Chat,Service request,10.98,5
IN00003053,CU00000474,2026-05-25,Email,Digital help,22.15,5
IN00003054,CU00003480,2025-10-28,Chat,Digital help,12.68,5
IN00003055,CU00000097,2026-01-03,Email,KYC,7.35,5
IN00003056,CU00001500,2026-05-19,Email,Card issue,3.65,2
IN00003057,CU00004295,2026-01-24,Branch,Service request,12.96,5
IN00003058,CU00002348,2025-08-08,Call Centre,Card issue,18.29,3
IN00003059,CU00004316,2026-03-01,App,Complaint,40.22,4
IN00003060,CU00001552,2024-12-22,Call Centre,Complaint,23.55,5
IN00003061,CU00001308,2025-06-22,Email,KYC,11.36,2
IN00003062,CU00001806,2025-05-01,Branch,Loan enquiry,26.1,5
IN00003063,CU00001139,2024-09-10,Call Centre,Card issue,16.84,2
IN00003064,CU00002626,2026-04-26,Chat,Service request,12.48,2
IN00003065,CU00003592,2025-09-26,Email,Service request,2.41,4
IN00003066,CU00004190,2025-09-27,App,Card issue,3.28,4
IN00003067,CU00004500,2024-10-28,Branch,Digital help,6.51,1
IN00003068,CU00003311,2026-08-23,Chat,KYC,16.9,3
IN00003069,CU00003058,2026-08-28,Call Centre,Card issue,39.44,5
IN00003070,CU00001828,2026-04-02,Chat,Complaint,26.45,3
IN00003071,CU00000031,2026-01-26,Call Centre,Card issue,19.06,4
IN00003072,CU00004875,2026-05-24,Chat,Loan enquiry,29.51,1
IN00003073,CU00001872,2025-05-28,App,KYC,13.0,4
IN00003074,CU00004258,2025-07-29,Call Centre,Complaint,8.79,4
IN00003075,CU00000715,2025-01-06,Branch,Card issue,16.77,5
IN00003076,CU00001542,2025-12-16,Chat,Card issue,11.12,4
IN00003077,CU00002462,2026-08-08,Chat,Card issue,24.89,4
IN00003078,CU00000289,2025-03-22,Call Centre,Loan enquiry,6.63,4
IN00003079,CU00000047,2026-02-24,Branch,Card issue,18.88,5
IN00003080,CU00003573,2026-08-17,Email,Digital help,35.07,2
IN00003081,CU00000373,2025-04-21,Email,Digital help,16.31,5
IN00003082,CU00004745,2024-10-24,App,Service request,4.64,1
IN00003083,CU00001845,2025-10-08,Chat,Card issue,7.35,5
IN00003084,CU00004063,2025-11-16,Branch,Complaint,14.66,5
IN00003085,CU00000618,2025-11-19,Email,Card issue,4.31,3
IN00003086,CU00004764,2025-12-29,Email,Service request,15.85,3
IN00003087,CU00001628,2025-12-09,Chat,Service request,17.47,4
IN00003088,CU00000015,2026-02-23,App,Service request,26.14,1
IN00003089,CU00003801,2025-12-24,Email,KYC,12.43,4
IN00003090,CU00004429,2026-04-06,Call Centre,KYC,17.1,4
IN00003091,CU00003269,2025-08-31,App,Complaint,40.39,5
IN00003092,CU00000329,2025-11-29,Call Centre,Digital help,3.92,3
IN00003093,CU00002849,2026-08-29,App,Service request,25.76,3
IN00003094,CU00001811,2025-07-25,Branch,Complaint,9.64,5
IN00003095,CU00004755,2026-03-13,Chat,Digital help,10.7,5
IN00003096,CU00002410,2026-04-25,App,Service request,3.83,3
IN00003097,CU00001281,2025-12-27,Call Centre,KYC,25.34,2
IN00003098,CU00003848,2024-11-25,Email,Service request,16.65,4
IN00003099,CU00002234,2026-03-13,Call Centre,Loan enquiry,26.46,2
IN00003100,CU00001733,2025-03-31,App,KYC,12.43,4
IN00003101,CU00001718,2024-10-08,Call Centre,Digital help,32.02,2
IN00003102,CU00003039,2024-10-07,Email,Loan enquiry,17.82,4
IN00003103,CU00004965,2026-02-25,Chat,Digital help,41.3,3
IN00003104,CU00000351,2024-09-08,Chat,Service request,45.84,4
IN00003105,CU00001275,2025-06-27,App,KYC,30.26,3
IN00003106,CU00002915,2025-04-05,App,Digital help,28.9,2
IN00003107,CU00001357,2026-08-06,Branch,Card issue,9.65,1
IN00003108,CU00004795,2024-10-26,App,KYC,13.59,4
IN00003109,CU00004150,2026-08-17,Chat,Card issue,19.27,2
IN00003110,CU00000072,2025-11-06,Email,Card issue,8.55,4
IN00003111,CU00002015,2024-10-26,Email,Loan enquiry,6.24,4
IN00003112,CU00004100,2024-11-24,Chat,Loan enquiry,27.43,5
IN00003113,CU00003658,2026-08-27,Branch,Service request,11.84,5
IN00003114,CU00000319,2025-08-16,Email,Digital help,7.38,4
IN00003115,CU00003625,2025-01-01,Email,Loan enquiry,18.24,5
IN00003116,CU00002925,2026-04-22,Chat,Loan enquiry,37.88,5
IN00003117,CU00004037,2024-09-01,Branch,Digital help,24.66,2
IN00003118,CU00000883,2026-01-14,Branch,Card issue,19.34,3
IN00003119,CU00000573,2026-05-21,Branch,Service request,5.81,3
IN00003120,CU00003464,2025-01-16,App,Card issue,57.8,4
IN00003121,CU00003243,2025-02-04,Chat,Card issue,10.47,5
IN00003122,CU00003663,2024-10-16,Call Centre,Complaint,21.35,4
IN00003123,CU00000478,2025-10-28,Branch,Loan enquiry,38.88,4
IN00003124,CU00003950,2025-12-15,Email,Complaint,6.05,5
IN00003125,CU00000606,2025-08-09,Branch,KYC,33.64,3
IN00003126,CU00003328,2026-05-11,Call Centre,Card issue,14.12,2
IN00003127,CU00002058,2025-03-16,Email,Card issue,7.15,5
IN00003128,CU00000302,2026-01-27,Email,KYC,26.76,3
IN00003129,CU00003225,2024-12-24,Chat,Service request,15.71,4
IN00003130,CU00001916,2025-03-03,App,Service request,15.96,5
IN00003131,CU00004581,2024-12-29,Chat,Card issue,2.43,4
IN00003132,CU00001867,2025-04-13,Email,Card issue,25.65,5
IN00003133,CU00000074,2024-10-25,App,Loan enquiry,14.27,5
IN00003134,CU00001352,2026-07-08,Call Centre,Card issue,2.23,5
IN00003135,CU00003615,2025-03-17,Email,Digital help,7.62,5
IN00003136,CU00003546,2025-06-12,Email,Digital help,17.61,4
IN00003137,CU00003823,2025-02-24,App,Loan enquiry,0.99,5
IN00003138,CU00004308,2025-12-30,Email,Card issue,81.96,5
IN00003139,CU00000107,2024-11-28,Call Centre,KYC,7.76,4
IN00003140,CU00003166,2024-09-12,Chat,Service request,16.91,4
IN00003141,CU00003965,2025-11-21,Chat,Service request,25.86,4
IN00003142,CU00000537,2025-02-27,Email,Loan enquiry,17.6,5
IN00003143,CU00004700,2025-10-09,App,Complaint,28.24,5
IN00003144,CU00000716,2026-04-29,Branch,Loan enquiry,17.46,5
IN00003145,CU00002136,2025-02-04,Chat,Service request,31.7,2
IN00003146,CU00004086,2024-12-29,Chat,Card issue,2.13,4
IN00003147,CU00004755,2025-12-23,Chat,Card issue,18.81,3
IN00003148,CU00002125,2026-05-13,App,Loan enquiry,2.2,5
IN00003149,CU00001309,2025-01-05,Call Centre,Loan enquiry,17.85,4
IN00003150,CU00001363,2026-07-21,Branch,Service request,31.76,4
IN00003151,CU00001755,2026-03-11,Chat,Loan enquiry,1.56,2
IN00003152,CU00001475,2024-10-30,Email,Service request,21.37,3
IN00003153,CU00003438,2026-08-04,Email,Digital help,15.3,2
IN00003154,CU00001956,2025-12-18,Email,Loan enquiry,13.3,4
IN00003155,CU00003873,2025-07-17,Email,Card issue,8.54,5
IN00003156,CU00004837,2026-02-06,Call Centre,Digital help,27.88,4
IN00003157,CU00003184,2026-02-16,App,Complaint,16.16,5
IN00003158,CU00000809,2026-03-13,Chat,KYC,18.2,3
IN00003159,CU00002019,2025-09-25,Call Centre,Complaint,5.53,4
IN00003160,CU00000066,2026-08-23,App,KYC,22.02,3
IN00003161,CU00001595,2025-06-29,Branch,Loan enquiry,18.17,5
IN00003162,CU00002774,2026-06-08,App,Digital help,18.89,3
IN00003163,CU00002247,2025-02-04,Chat,Service request,20.64,5
IN00003164,CU00004444,2025-02-16,Call Centre,Card issue,4.7,4
IN00003165,CU00001955,2025-12-20,Branch,Card issue,3.1,4
IN00003166,CU00000817,2025-11-29,App,Loan enquiry,11.59,5
IN00003167,CU00000137,2026-01-09,Call Centre,Service request,10.58,5
IN00003168,CU00002738,2024-11-30,App,KYC,31.36,4
IN00003169,CU00000210,2025-03-15,Branch,Digital help,5.39,3
IN00003170,CU00001749,2026-03-18,Call Centre,Digital help,43.22,5
IN00003171,CU00003038,2025-04-19,Branch,Complaint,25.77,3
IN00003172,CU00003347,2025-02-07,Email,Complaint,10.2,2
IN00003173,CU00002741,2026-01-13,App,Service request,11.66,3
IN00003174,CU00000767,2025-08-11,Call Centre,Complaint,12.3,4
IN00003175,CU00000867,2026-01-02,App,KYC,9.2,5
IN00003176,CU00002455,2026-03-18,Email,Complaint,12.0,5
IN00003177,CU00000090,2024-12-17,App,KYC,1.52,4
IN00003178,CU00000677,2026-01-06,Call Centre,Digital help,15.43,1
IN00003179,CU00003409,2026-04-22,Email,Digital help,48.96,3
IN00003180,CU00002305,2025-09-24,Email,Service request,3.53,4
IN00003181,CU00004269,2024-11-02,App,Card issue,23.51,4
IN00003182,CU00004866,2026-05-26,Chat,Digital help,44.05,5
IN00003183,CU00001690,2025-04-10,App,KYC,25.78,4
IN00003184,CU00001330,2026-02-28,Call Centre,Loan enquiry,19.58,5
IN00003185,CU00004539,2024-12-05,Branch,Service request,11.38,4
IN00003186,CU00003961,2024-11-20,Chat,Complaint,38.93,3
IN00003187,CU00002407,2025-05-18,Email,KYC,48.45,3
IN00003188,CU00004571,2025-11-18,Email,Card issue,6.33,5
IN00003189,CU00004014,2025-02-26,Email,Complaint,2.53,4
IN00003190,CU00003963,2025-01-05,Branch,Card issue,4.48,5
IN00003191,CU00001924,2026-01-28,Chat,KYC,12.48,5
IN00003192,CU00003617,2025-11-06,Chat,Card issue,12.47,3
IN00003193,CU00003887,2026-05-21,Chat,Complaint,11.66,4
IN00003194,CU00004842,2024-10-11,Chat,KYC,29.04,2
IN00003195,CU00001527,2026-08-29,Email,Digital help,12.41,4
IN00003196,CU00002562,2025-04-12,Call Centre,Digital help,11.89,3
IN00003197,CU00003275,2025-04-04,Call Centre,Digital help,22.97,5
IN00003198,CU00001531,2025-12-03,Branch,Complaint,46.12,5
IN00003199,CU00003167,2024-09-07,App,Service request,16.58,4
IN00003200,CU00002324,2024-12-07,Branch,Card issue,36.43,4
IN00003201,CU00003544,2026-04-26,Branch,Card issue,31.63,3
IN00003202,CU00000356,2025-09-29,App,Complaint,17.02,2
IN00003203,CU00000299,2026-07-11,Branch,Digital help,4.96,3
IN00003204,CU00000437,2026-06-12,Call Centre,Complaint,36.0,4
IN00003205,CU00003776,2025-02-24,App,Complaint,46.52,3
IN00003206,CU00003142,2025-07-16,Chat,Service request,3.28,4
IN00003207,CU00004818,2025-04-19,App,Complaint,37.04,5
IN00003208,CU00000805,2024-10-23,Branch,Service request,3.02,5
IN00003209,CU00003626,2024-10-15,App,Loan enquiry,8.29,4
IN00003210,CU00003214,2026-07-08,Email,Service request,9.98,2
IN00003211,CU00002159,2026-01-30,App,Loan enquiry,58.04,5
IN00003212,CU00000163,2024-09-21,Email,Digital help,30.05,5
IN00003213,CU00002809,2024-11-22,Branch,Loan enquiry,32.66,1
IN00003214,CU00004821,2025-06-05,Chat,Service request,13.74,3
IN00003215,CU00004911,2026-04-23,Branch,Service request,39.13,5
IN00003216,CU00004673,2024-12-20,Email,Complaint,32.9,5
IN00003217,CU00000304,2026-02-14,Chat,Card issue,26.42,4
IN00003218,CU00001192,2025-06-22,Chat,Digital help,19.2,4
IN00003219,CU00001329,2025-07-20,Call Centre,Loan enquiry,16.13,5
IN00003220,CU00003023,2025-05-11,Branch,Service request,10.58,5
IN00003221,CU00000132,2024-09-06,Email,KYC,12.72,4
IN00003222,CU00002366,2024-11-23,Call Centre,KYC,15.08,4
IN00003223,CU00002492,2026-08-28,App,Complaint,23.32,4
IN00003224,CU00002461,2025-09-17,Email,Loan enquiry,20.75,3
IN00003225,CU00003604,2025-01-24,Chat,Digital help,12.4,5
IN00003226,CU00000773,2026-04-24,Email,Card issue,36.06,5
IN00003227,CU00001464,2025-10-13,Email,Service request,30.36,3
IN00003228,CU00003313,2026-04-30,Branch,Service request,9.79,3
IN00003229,CU00003338,2025-05-10,App,Digital help,12.96,4
IN00003230,CU00003097,2026-06-01,App,Complaint,8.55,4
IN00003231,CU00000670,2026-02-12,Email,Digital help,13.68,5
IN00003232,CU00002294,2024-11-14,App,KYC,13.01,5
IN00003233,CU00004444,2026-07-18,Call Centre,KYC,34.27,5
IN00003234,CU00000876,2026-01-03,Call Centre,Complaint,15.22,3
IN00003235,CU00004255,2026-05-03,Email,Digital help,15.16,5
IN00003236,CU00001145,2024-10-02,Email,KYC,34.91,4
IN00003237,CU00002581,2026-06-11,App,Service request,18.17,4
IN00003238,CU00000134,2026-07-09,Call Centre,Service request,19.82,5
IN00003239,CU00003716,2025-12-19,Call Centre,Digital help,11.59,4
IN00003240,CU00002548,2024-11-10,Email,Service request,7.56,4
IN00003241,CU00000990,2026-01-08,Call Centre,Service request,10.23,5
IN00003242,CU00003901,2025-06-18,Branch,Loan enquiry,26.79,5
IN00003243,CU00000760,2025-08-03,Chat,KYC,16.18,4
IN00003244,CU00000937,2026-07-22,Email,Complaint,23.66,5
IN00003245,CU00004226,2026-03-01,Branch,Service request,34.83,3
IN00003246,CU00003255,2025-08-05,App,Loan enquiry,8.63,4
IN00003247,CU00001257,2025-04-01,Chat,Card issue,1.09,4
IN00003248,CU00001797,2025-08-31,Call Centre,Complaint,42.52,3
IN00003249,CU00001031,2025-04-12,Call Centre,Complaint,6.31,5
IN00003250,CU00002325,2025-08-06,Call Centre,KYC,24.36,5
IN00003251,CU00002214,2026-01-03,Chat,Digital help,5.54,4
IN00003252,CU00001968,2026-06-08,Chat,Service request,29.13,4
IN00003253,CU00002162,2026-06-04,Call Centre,Complaint,6.37,5
IN00003254,CU00000279,2025-04-16,Email,Loan enquiry,22.4,3
IN00003255,CU00003427,2026-01-05,App,Loan enquiry,7.45,4
IN00003256,CU00001203,2025-03-31,Chat,Loan enquiry,40.1,3
IN00003257,CU00004181,2025-11-08,Chat,Service request,27.1,5
IN00003258,CU00004144,2025-09-14,Email,Loan enquiry,17.63,3
IN00003259,CU00003511,2025-03-31,Branch,KYC,37.5,5
IN00003260,CU00002890,2025-11-04,Email,Digital help,29.6,5
IN00003261,CU00003562,2025-08-11,Branch,Digital help,19.79,3
IN00003262,CU00002880,2026-01-07,App,Service request,56.01,3
IN00003263,CU00001567,2024-11-22,Branch,Loan enquiry,23.51,5
IN00003264,CU00000984,2025-06-11,Chat,KYC,13.09,4
IN00003265,CU00001777,2026-02-18,Call Centre,KYC,5.05,5
IN00003266,CU00001106,2026-07-11,Call Centre,Loan enquiry,10.57,3
IN00003267,CU00001385,2024-09-10,Branch,Service request,38.53,4
IN00003268,CU00000414,2025-09-05,Email,Card issue,2.35,4
IN00003269,CU00002941,2025-10-05,Email,Loan enquiry,6.14,3
IN00003270,CU00000877,2024-11-09,App,Service request,11.02,4
IN00003271,CU00001613,2025-06-10,Email,Digital help,21.77,4
IN00003272,CU00002825,2025-11-08,Branch,Digital help,7.3,1
IN00003273,CU00002484,2026-04-25,Email,Service request,13.97,5
IN00003274,CU00003389,2026-04-24,Call Centre,KYC,13.73,4
IN00003275,CU00002979,2026-08-05,Chat,Service request,19.18,4
IN00003276,CU00003515,2025-11-13,Call Centre,Digital help,48.18,5
IN00003277,CU00002358,2025-10-08,Branch,Digital help,7.05,3
IN00003278,CU00002328,2025-08-31,Branch,KYC,23.16,5
IN00003279,CU00001124,2025-09-29,App,KYC,2.64,4
IN00003280,CU00004856,2025-09-17,Email,Complaint,34.53,5
IN00003281,CU00003626,2025-09-23,Call Centre,KYC,16.27,3
IN00003282,CU00002917,2025-06-27,Branch,Digital help,7.7,4
IN00003283,CU00001236,2025-10-20,Branch,Service request,20.81,2
IN00003284,CU00003153,2026-08-26,App,Service request,21.61,4
IN00003285,CU00004908,2026-06-25,Email,Complaint,1.97,2
IN00003286,CU00001219,2026-03-21,Branch,Service request,21.39,4
IN00003287,CU00003569,2025-03-21,App,Digital help,39.97,4
IN00003288,CU00002950,2026-04-15,Call Centre,Digital help,12.68,5
IN00003289,CU00000665,2025-05-22,Branch,Service request,7.1,5
IN00003290,CU00003712,2025-03-18,Branch,KYC,21.08,5
IN00003291,CU00000422,2026-04-05,Email,Loan enquiry,1.03,3
IN00003292,CU00001232,2025-01-21,Chat,KYC,25.64,4
IN00003293,CU00003584,2024-09-02,Branch,KYC,8.68,2
IN00003294,CU00002692,2024-09-29,Branch,KYC,20.83,2
IN00003295,CU00000904,2026-06-30,Email,Digital help,14.14,1
IN00003296,CU00001563,2025-04-15,Chat,Card issue,23.24,3
IN00003297,CU00004583,2026-02-23,App,Loan enquiry,38.25,5
IN00003298,CU00001293,2025-11-07,App,Service request,19.52,5
IN00003299,CU00003411,2026-06-04,App,Card issue,30.9,4
IN00003300,CU00000504,2026-01-13,Chat,Card issue,13.64,4
IN00003301,CU00000003,2025-04-15,Branch,Service request,15.65,4
IN00003302,CU00002169,2026-07-29,Email,Card issue,39.01,5
IN00003303,CU00004088,2024-09-30,Email,Digital help,23.2,5
IN00003304,CU00003469,2026-04-06,Branch,Digital help,9.05,2
IN00003305,CU00004302,2025-11-18,Email,Loan enquiry,35.16,2
IN00003306,CU00001628,2025-08-02,Email,Card issue,9.91,5
IN00003307,CU00002656,2026-05-14,Chat,Service request,12.51,5
IN00003308,CU00000767,2024-09-09,Branch,Card issue,38.11,4
IN00003309,CU00004426,2025-09-17,Branch,Digital help,13.49,2
IN00003310,CU00003376,2025-03-30,Call Centre,KYC,35.79,5
IN00003311,CU00000527,2026-05-08,App,Complaint,25.94,5
IN00003312,CU00003570,2024-11-10,Email,Card issue,11.93,4
IN00003313,CU00004454,2025-10-16,Chat,KYC,8.78,5
IN00003314,CU00003761,2026-08-30,Email,Card issue,14.81,4
IN00003315,CU00003035,2026-04-20,Call Centre,Service request,8.09,4
IN00003316,CU00000977,2026-04-05,Email,Digital help,24.26,1
IN00003317,CU00002014,2026-05-20,App,Card issue,16.41,5
IN00003318,CU00004297,2025-10-26,Chat,Complaint,12.9,4
IN00003319,CU00001327,2025-10-05,Branch,Loan enquiry,20.41,5
IN00003320,CU00003752,2026-02-22,Call Centre,KYC,17.28,4
IN00003321,CU00001086,2025-08-01,Email,Card issue,12.3,4
IN00003322,CU00000742,2024-11-15,Call Centre,KYC,18.14,4
IN00003323,CU00003673,2026-08-06,Email,Loan enquiry,20.87,5
IN00003324,CU00002777,2026-07-20,Branch,Loan enquiry,5.77,4
IN00003325,CU00003112,2024-11-29,Email,Complaint,13.26,2
IN00003326,CU00003379,2026-05-30,Branch,Service request,24.62,4
IN00003327,CU00000510,2025-04-14,Chat,Digital help,3.93,5
IN00003328,CU00000004,2024-10-03,Call Centre,Card issue,11.7,5
IN00003329,CU00000274,2025-03-31,Call Centre,Service request,7.93,2
IN00003330,CU00003615,2026-02-03,Branch,Complaint,29.86,3
IN00003331,CU00001149,2024-11-11,Email,KYC,2.62,3
IN00003332,CU00002674,2024-11-26,Branch,Complaint,26.83,3
IN00003333,CU00001953,2025-07-14,Call Centre,Digital help,14.46,5
IN00003334,CU00000368,2025-10-06,Call Centre,Complaint,8.45,5
IN00003335,CU00004480,2025-05-03,Branch,Loan enquiry,31.1,4
IN00003336,CU00000182,2025-08-02,Chat,Digital help,27.69,4
IN00003337,CU00000829,2025-09-23,Chat,Complaint,19.48,2
IN00003338,CU00002715,2026-03-19,App,Card issue,22.96,4
IN00003339,CU00001654,2025-11-14,Branch,Service request,9.85,5
IN00003340,CU00003636,2026-02-23,App,KYC,22.27,1
IN00003341,CU00003902,2025-09-04,App,Complaint,18.49,4
IN00003342,CU00001530,2026-03-17,App,Card issue,14.05,4
IN00003343,CU00001714,2025-09-04,Call Centre,Service request,8.9,3
IN00003344,CU00001615,2026-04-25,App,Card issue,3.79,1
IN00003345,CU00001618,2025-02-19,Chat,Complaint,1.47,4
IN00003346,CU00003957,2024-11-13,App,Card issue,18.37,5
IN00003347,CU00000223,2025-07-31,Branch,Card issue,8.09,3
IN00003348,CU00001114,2025-05-06,Chat,Service request,0.94,5
IN00003349,CU00004519,2024-10-21,Branch,Card issue,6.35,4
IN00003350,CU00004510,2024-12-10,App,Loan enquiry,5.6,4
IN00003351,CU00002601,2026-02-11,Branch,KYC,42.69,4
IN00003352,CU00001481,2024-11-10,Branch,Digital help,12.47,4
IN00003353,CU00000674,2025-10-13,Chat,Complaint,19.0,1
IN00003354,CU00004763,2025-02-09,App,KYC,2.73,5
IN00003355,CU00000858,2026-03-28,Chat,Digital help,31.82,5
IN00003356,CU00000670,2026-06-12,Chat,Digital help,13.97,5
IN00003357,CU00004446,2025-08-13,Email,Service request,11.99,4
IN00003358,CU00004061,2025-05-23,Chat,KYC,11.47,3
IN00003359,CU00003239,2024-09-30,Email,Loan enquiry,30.18,5
IN00003360,CU00004281,2026-03-10,App,KYC,13.96,5
IN00003361,CU00002555,2024-11-20,Call Centre,Complaint,21.31,2
IN00003362,CU00002167,2025-12-23,Branch,Card issue,11.52,4
IN00003363,CU00002423,2024-09-26,Call Centre,Card issue,5.91,3
IN00003364,CU00004305,2026-05-03,Branch,Complaint,18.31,4
IN00003365,CU00003259,2026-05-26,Chat,Complaint,5.74,5
IN00003366,CU00004264,2025-12-24,Call Centre,Service request,11.98,4
IN00003367,CU00001533,2025-04-26,Branch,KYC,20.53,4
IN00003368,CU00002399,2026-05-06,Call Centre,Complaint,20.43,4
IN00003369,CU00001425,2025-09-21,Email,Digital help,7.73,4
IN00003370,CU00000607,2026-06-23,Chat,Complaint,10.02,5
IN00003371,CU00003444,2026-02-09,Email,Loan enquiry,15.27,3
IN00003372,CU00004247,2025-10-24,Email,KYC,37.95,3
IN00003373,CU00003089,2026-07-12,Call Centre,Service request,4.92,4
IN00003374,CU00003950,2025-05-21,Branch,Card issue,3.34,4
IN00003375,CU00000106,2026-08-15,App,Service request,4.22,5
IN00003376,CU00000308,2024-11-02,Email,Loan enquiry,17.53,5
IN00003377,CU00003220,2024-11-14,Email,Loan enquiry,6.29,3
IN00003378,CU00001785,2025-06-18,App,Loan enquiry,33.32,5
IN00003379,CU00000795,2024-09-08,Chat,Digital help,10.71,5
IN00003380,CU00003722,2025-08-31,App,Complaint,17.15,4
IN00003381,CU00000569,2026-01-24,Call Centre,Complaint,7.45,5
IN00003382,CU00001042,2025-04-08,App,KYC,3.95,4
IN00003383,CU00000965,2024-09-16,App,Complaint,14.52,3
IN00003384,CU00001625,2026-07-09,Call Centre,Loan enquiry,37.46,4
IN00003385,CU00001561,2026-06-26,Call Centre,Digital help,13.85,4
IN00003386,CU00002192,2025-05-31,Email,Complaint,8.24,3
IN00003387,CU00003349,2025-05-02,Call Centre,Loan enquiry,14.49,5
IN00003388,CU00000426,2024-11-10,App,Digital help,4.22,5
IN00003389,CU00004393,2026-07-18,App,Loan enquiry,6.74,5
IN00003390,CU00003520,2024-11-11,Call Centre,Card issue,4.93,3
IN00003391,CU00001854,2026-08-21,Email,Card issue,34.69,4
IN00003392,CU00000831,2025-12-01,Call Centre,Service request,3.81,4
IN00003393,CU00001684,2025-04-15,Call Centre,Loan enquiry,11.59,3
IN00003394,CU00004842,2025-11-17,Call Centre,Digital help,6.34,4
IN00003395,CU00004011,2025-05-14,Branch,KYC,18.53,4
IN00003396,CU00001777,2026-03-22,App,Loan enquiry,9.07,4
IN00003397,CU00003654,2025-08-25,Call Centre,Loan enquiry,15.38,4
IN00003398,CU00001012,2025-01-09,App,KYC,6.36,4
IN00003399,CU00003972,2024-12-31,Call Centre,Complaint,25.34,4
IN00003400,CU00004974,2025-09-16,Chat,Complaint,15.23,4
IN00003401,CU00000720,2025-02-07,Chat,Loan enquiry,6.91,2
IN00003402,CU00002934,2025-08-29,Call Centre,Loan enquiry,7.67,4
IN00003403,CU00002837,2024-10-24,Call Centre,KYC,25.42,3
IN00003404,CU00000411,2025-10-20,Branch,Card issue,20.53,1
IN00003405,CU00001732,2026-08-13,Email,Complaint,5.18,3
IN00003406,CU00001948,2026-08-23,App,Complaint,16.14,4
IN00003407,CU00001526,2024-10-27,App,Loan enquiry,13.9,5
IN00003408,CU00000328,2025-12-18,Email,Loan enquiry,5.47,5
IN00003409,CU00001513,2026-02-25,Email,Complaint,49.23,2
IN00003410,CU00002915,2025-04-28,Email,Card issue,21.24,5
IN00003411,CU00003766,2025-03-22,Branch,Loan enquiry,12.72,5
IN00003412,CU00001538,2026-08-07,Email,Service request,27.79,5
IN00003413,CU00002892,2026-05-16,Branch,Loan enquiry,6.26,4
IN00003414,CU00003429,2026-03-04,Branch,KYC,12.61,2
IN00003415,CU00001025,2025-07-20,Branch,Service request,3.97,5
IN00003416,CU00000990,2025-07-23,Call Centre,Digital help,3.39,3
IN00003417,CU00001800,2025-11-06,App,Card issue,7.72,3
IN00003418,CU00002694,2025-09-19,Chat,KYC,15.05,4
IN00003419,CU00004809,2024-11-04,Branch,Complaint,11.37,4
IN00003420,CU00003465,2025-02-15,App,Card issue,3.73,5
IN00003421,CU00004839,2025-09-24,Chat,Loan enquiry,34.02,1
IN00003422,CU00002922,2026-05-13,Call Centre,Complaint,12.85,3
IN00003423,CU00002952,2026-08-13,Branch,Loan enquiry,7.09,2
IN00003424,CU00000292,2026-04-27,App,Digital help,21.93,4
IN00003425,CU00001668,2026-06-15,Branch,Digital help,18.32,2
IN00003426,CU00003744,2026-08-28,App,Service request,39.26,4
IN00003427,CU00000523,2024-10-28,Email,Loan enquiry,23.37,3
IN00003428,CU00004018,2025-07-19,Branch,Service request,27.58,3
IN00003429,CU00004497,2025-11-20,Branch,Card issue,13.74,4
IN00003430,CU00003636,2026-04-09,Branch,KYC,1.44,5
IN00003431,CU00001673,2026-01-10,Email,Digital help,12.32,4
IN00003432,CU00004569,2024-12-03,App,Digital help,11.36,5
IN00003433,CU00000312,2026-05-07,Call Centre,KYC,8.78,3
IN00003434,CU00002943,2025-05-12,App,Complaint,35.54,4
IN00003435,CU00002895,2026-02-13,App,Complaint,16.97,4
IN00003436,CU00002894,2025-08-18,Email,KYC,12.62,5
IN00003437,CU00002178,2026-06-30,Email,Loan enquiry,19.15,5
IN00003438,CU00002622,2025-04-24,Email,Card issue,18.16,5
IN00003439,CU00004100,2024-10-07,Call Centre,Service request,44.01,5
IN00003440,CU00001371,2025-12-06,App,Loan enquiry,11.0,4
IN00003441,CU00000701,2025-05-11,Branch,Complaint,20.02,5
IN00003442,CU00000176,2025-07-24,Chat,Digital help,4.94,3
IN00003443,CU00002155,2025-06-20,Email,Digital help,15.04,5
IN00003444,CU00003826,2026-08-13,Call Centre,Card issue,7.46,4
IN00003445,CU00002184,2026-08-19,App,Card issue,8.91,5
IN00003446,CU00000092,2025-03-27,Chat,Card issue,19.98,4
IN00003447,CU00004981,2026-08-03,Call Centre,Service request,3.23,5
IN00003448,CU00003196,2026-01-08,Email,Card issue,23.36,4
IN00003449,CU00001093,2026-07-14,Call Centre,KYC,19.31,4
IN00003450,CU00001417,2025-07-09,Email,KYC,23.44,1
IN00003451,CU00001780,2026-01-08,Branch,Digital help,39.02,2
IN00003452,CU00004887,2026-01-26,Chat,Digital help,34.2,4
IN00003453,CU00002205,2025-11-13,App,Loan enquiry,24.72,5
IN00003454,CU00003643,2024-11-12,Chat,Digital help,8.48,5
IN00003455,CU00001959,2025-10-01,App,Card issue,8.42,4
IN00003456,CU00001593,2025-11-19,Call Centre,Loan enquiry,11.29,5
IN00003457,CU00001294,2026-06-22,Chat,Card issue,48.73,4
IN00003458,CU00001722,2026-07-03,App,KYC,7.16,3
IN00003459,CU00000355,2026-04-27,Call Centre,Service request,34.08,5
IN00003460,CU00003489,2025-08-11,App,Service request,15.97,4
IN00003461,CU00003556,2024-12-23,Call Centre,KYC,10.44,2
IN00003462,CU00003539,2024-10-18,Call Centre,Service request,6.87,1
IN00003463,CU00003999,2026-06-02,Chat,Card issue,56.5,4
IN00003464,CU00001346,2024-10-12,Branch,Digital help,34.61,3
IN00003465,CU00003968,2025-09-04,Email,Digital help,6.8,4
IN00003466,CU00004983,2024-10-29,Email,Complaint,17.89,4
IN00003467,CU00003191,2025-11-19,App,Digital help,16.85,2
IN00003468,CU00003277,2025-07-11,Email,Card issue,20.03,5
IN00003469,CU00000790,2025-04-28,Email,Digital help,55.82,4
IN00003470,CU00001022,2025-04-14,Chat,Digital help,15.49,5
IN00003471,CU00004106,2025-05-15,Call Centre,Digital help,20.06,4
IN00003472,CU00001964,2025-09-26,Branch,Loan enquiry,3.29,3
IN00003473,CU00001559,2025-11-19,Call Centre,Loan enquiry,26.78,3
IN00003474,CU00000695,2024-11-07,Chat,Service request,14.48,4
IN00003475,CU00001233,2025-10-11,Call Centre,Loan enquiry,5.6,5
IN00003476,CU00004541,2026-03-29,App,Service request,51.39,5
IN00003477,CU00001889,2025-08-25,Branch,Loan enquiry,6.68,4
IN00003478,CU00002213,2025-08-25,Call Centre,Loan enquiry,29.14,4
IN00003479,CU00002034,2026-02-21,Call Centre,Digital help,25.71,3
IN00003480,CU00003305,2026-08-05,App,Loan enquiry,15.56,4
IN00003481,CU00003223,2025-07-14,Branch,Loan enquiry,3.78,1
IN00003482,CU00004251,2025-09-16,Branch,Complaint,8.63,2
IN00003483,CU00001508,2024-09-21,Email,Complaint,1.57,4
IN00003484,CU00002013,2025-04-17,App,KYC,11.67,3
IN00003485,CU00000077,2024-10-11,Call Centre,Service request,17.26,4
IN00003486,CU00001824,2025-02-06,Branch,Complaint,30.05,5
IN00003487,CU00000984,2025-06-20,Call Centre,Complaint,5.18,4
IN00003488,CU00003078,2025-07-01,Chat,Loan enquiry,8.03,5
IN00003489,CU00001309,2025-02-25,Call Centre,Loan enquiry,5.94,5
IN00003490,CU00004369,2025-08-19,Call Centre,KYC,6.95,5
IN00003491,CU00000991,2025-07-29,App,Digital help,18.02,5
IN00003492,CU00002954,2025-12-25,Branch,Complaint,7.67,5
IN00003493,CU00004305,2025-04-29,Chat,Loan enquiry,21.69,4
IN00003494,CU00002385,2024-10-23,Call Centre,Complaint,14.9,3
IN00003495,CU00003150,2026-02-14,Branch,Card issue,25.12,2
IN00003496,CU00001800,2025-04-03,App,Loan enquiry,35.48,5
IN00003497,CU00002112,2025-08-07,Call Centre,KYC,4.05,4
IN00003498,CU00002524,2025-03-28,Branch,Service request,28.0,5
IN00003499,CU00004271,2026-07-16,App,Loan enquiry,69.07,4
IN00003500,CU00004716,2024-09-30,Call Centre,Card issue,42.37,5
IN00003501,CU00001806,2024-12-18,Chat,Complaint,43.07,5
IN00003502,CU00003924,2024-09-04,Email,Complaint,7.62,4
IN00003503,CU00004794,2024-09-23,App,Complaint,27.49,5
IN00003504,CU00001813,2024-11-30,Email,KYC,16.73,3
IN00003505,CU00000954,2025-11-27,Branch,Loan enquiry,17.31,4
IN00003506,CU00003085,2026-01-09,Email,Service request,9.07,4
IN00003507,CU00002637,2026-02-19,App,Service request,37.42,4
IN00003508,CU00002123,2025-11-07,Call Centre,Digital help,21.02,4
IN00003509,CU00001042,2026-02-23,Chat,Digital help,12.48,3
IN00003510,CU00003728,2025-12-19,Branch,Loan enquiry,22.95,5
IN00003511,CU00001404,2024-10-22,App,Digital help,15.71,5
IN00003512,CU00004056,2025-11-02,Chat,Digital help,7.37,2
IN00003513,CU00002301,2025-02-24,Branch,Complaint,4.94,3
IN00003514,CU00002330,2025-05-25,Call Centre,Service request,3.98,4
IN00003515,CU00003638,2025-01-12,Email,Loan enquiry,21.22,4
IN00003516,CU00002478,2026-06-26,Email,Service request,9.66,4
IN00003517,CU00003456,2025-12-04,Call Centre,Card issue,23.12,4
IN00003518,CU00002518,2024-12-30,Call Centre,KYC,19.99,5
IN00003519,CU00000307,2024-10-06,Email,Service request,18.6,4
IN00003520,CU00003321,2025-03-23,Email,Complaint,9.26,3
IN00003521,CU00000527,2026-03-14,Email,Digital help,11.65,2
IN00003522,CU00001434,2025-02-15,Chat,Complaint,21.26,4
IN00003523,CU00002960,2025-01-09,App,Complaint,4.44,5
IN00003524,CU00000832,2024-10-08,Chat,Loan enquiry,22.06,4
IN00003525,CU00000448,2026-06-06,Email,KYC,12.89,3
IN00003526,CU00000843,2025-07-24,Call Centre,Digital help,8.84,5
IN00003527,CU00004994,2025-06-17,Chat,Service request,32.1,5
IN00003528,CU00001978,2026-06-20,Branch,KYC,23.33,2
IN00003529,CU00000416,2025-09-06,Chat,Complaint,15.03,4
IN00003530,CU00003189,2025-09-17,Email,Digital help,11.95,2
IN00003531,CU00002898,2025-09-05,Call Centre,Loan enquiry,5.92,2
IN00003532,CU00000941,2026-02-04,Email,Card issue,5.78,4
IN00003533,CU00003363,2025-09-28,Call Centre,Digital help,16.06,2
IN00003534,CU00000222,2024-10-21,Branch,Loan enquiry,17.26,5
IN00003535,CU00001350,2025-10-31,Branch,Complaint,5.44,3
IN00003536,CU00003371,2025-12-05,Branch,KYC,6.22,1
IN00003537,CU00003891,2026-06-28,Chat,Digital help,19.11,5
IN00003538,CU00000075,2025-10-03,App,Loan enquiry,20.53,2
IN00003539,CU00001757,2026-07-09,Branch,Digital help,29.87,1
IN00003540,CU00003914,2025-07-19,Email,Digital help,9.24,5
IN00003541,CU00004375,2025-09-04,Chat,Complaint,27.24,4
IN00003542,CU00003834,2026-02-04,Email,Digital help,34.89,4
IN00003543,CU00000642,2025-07-07,Branch,Digital help,7.51,5
IN00003544,CU00004269,2026-02-09,App,Complaint,23.51,5
IN00003545,CU00001259,2026-01-10,Call Centre,KYC,32.34,3
IN00003546,CU00003665,2025-02-03,Branch,Complaint,14.03,4
IN00003547,CU00002297,2025-03-23,Chat,Loan enquiry,12.79,3
IN00003548,CU00001144,2025-01-31,App,Service request,8.96,4
IN00003549,CU00003978,2025-08-30,Call Centre,Service request,28.38,3
IN00003550,CU00001769,2025-04-02,Call Centre,KYC,21.89,5
IN00003551,CU00004995,2025-10-23,App,Service request,14.04,3
IN00003552,CU00001927,2024-09-09,Email,KYC,11.92,5
IN00003553,CU00001254,2025-02-15,Email,Loan enquiry,16.27,3
IN00003554,CU00004913,2025-08-06,Call Centre,KYC,31.53,5
IN00003555,CU00001146,2026-01-03,App,KYC,17.27,1
IN00003556,CU00002041,2025-08-02,App,Digital help,14.17,3
IN00003557,CU00004012,2025-08-13,Chat,Digital help,21.92,4
IN00003558,CU00001624,2025-01-30,Branch,Digital help,15.48,4
IN00003559,CU00001265,2025-02-12,Chat,Service request,20.87,4
IN00003560,CU00002631,2025-08-17,App,KYC,14.18,5
IN00003561,CU00003977,2025-11-10,Chat,Service request,12.3,1
IN00003562,CU00004893,2024-09-23,Email,Service request,21.4,4
IN00003563,CU00002742,2026-06-09,Call Centre,Digital help,7.82,4
IN00003564,CU00000852,2026-07-01,Chat,KYC,33.46,5
IN00003565,CU00004655,2026-04-12,Call Centre,Service request,36.41,4
IN00003566,CU00001465,2026-03-13,Email,Service request,16.44,3
IN00003567,CU00004216,2025-01-17,Call Centre,KYC,33.36,1
IN00003568,CU00001553,2024-09-03,App,Card issue,11.08,3
IN00003569,CU00000990,2025-06-15,Email,Card issue,16.12,5
IN00003570,CU00003489,2026-02-08,Email,Complaint,8.23,5
IN00003571,CU00003730,2026-03-03,Call Centre,Complaint,15.94,4
IN00003572,CU00002142,2025-10-17,Email,Loan enquiry,7.02,2
IN00003573,CU00000411,2026-06-02,App,Loan enquiry,15.86,4
IN00003574,CU00004818,2026-03-03,Call Centre,Loan enquiry,39.01,5
IN00003575,CU00002963,2024-12-22,Email,KYC,11.37,1
IN00003576,CU00000305,2025-09-01,App,Digital help,21.97,3
IN00003577,CU00000691,2026-04-29,Branch,Complaint,4.85,4
IN00003578,CU00001584,2025-01-22,Chat,Complaint,30.18,3
IN00003579,CU00001985,2024-12-24,Email,Card issue,9.64,5
IN00003580,CU00000333,2026-01-17,Chat,Digital help,14.63,4
IN00003581,CU00003831,2026-08-06,Branch,Card issue,6.6,5
IN00003582,CU00003504,2025-11-19,Email,Card issue,1.59,3
IN00003583,CU00003948,2026-06-16,Call Centre,Complaint,11.57,4
IN00003584,CU00002963,2025-06-14,Chat,Complaint,3.31,5
IN00003585,CU00000501,2025-07-06,Chat,KYC,31.83,4
IN00003586,CU00000665,2025-01-25,Email,Digital help,13.16,2
IN00003587,CU00001988,2025-05-01,Call Centre,Loan enquiry,9.24,5
IN00003588,CU00003423,2026-01-23,Call Centre,Digital help,27.87,4
IN00003589,CU00000031,2025-10-09,Branch,Loan enquiry,24.31,4
IN00003590,CU00003294,2024-11-04,Call Centre,Digital help,16.17,4
IN00003591,CU00003669,2024-12-18,Chat,Complaint,4.13,3
IN00003592,CU00004750,2024-10-15,Branch,Complaint,21.5,4
IN00003593,CU00001917,2026-04-23,Branch,Digital help,14.21,4
IN00003594,CU00000627,2025-06-25,App,Loan enquiry,15.52,5
IN00003595,CU00001631,2026-07-19,App,Service request,17.01,4
IN00003596,CU00000135,2024-11-04,Email,Complaint,8.96,5
IN00003597,CU00004374,2026-01-10,Email,Digital help,19.55,2
IN00003598,CU00003627,2026-01-31,Call Centre,Loan enquiry,23.11,5
IN00003599,CU00002216,2026-01-02,Call Centre,Service request,7.5,5
IN00003600,CU00000502,2026-08-24,Call Centre,KYC,8.19,4
IN00003601,CU00000799,2025-07-31,Call Centre,KYC,18.6,5
IN00003602,CU00003150,2025-10-19,App,KYC,15.95,3
IN00003603,CU00002696,2025-02-01,Call Centre,Complaint,33.24,3
IN00003604,CU00002957,2026-06-11,App,Digital help,9.05,5
IN00003605,CU00001093,2026-04-30,Call Centre,Complaint,40.92,4
IN00003606,CU00000838,2026-01-23,App,Complaint,29.77,4
IN00003607,CU00003828,2026-08-22,App,Card issue,8.33,5
IN00003608,CU00001606,2026-02-09,Chat,Card issue,3.44,4
IN00003609,CU00000398,2025-01-08,App,Complaint,10.57,3
IN00003610,CU00004725,2024-10-25,Call Centre,Card issue,27.41,4
IN00003611,CU00001776,2024-10-10,Email,Complaint,14.2,2
IN00003612,CU00004392,2025-06-18,Call Centre,Complaint,3.52,4
IN00003613,CU00002987,2025-10-17,Email,Digital help,11.91,3
IN00003614,CU00000677,2026-08-27,Branch,Service request,14.81,4
IN00003615,CU00000100,2026-06-13,Call Centre,KYC,19.92,5
IN00003616,CU00004281,2025-12-04,App,Card issue,31.1,1
IN00003617,CU00000978,2025-07-19,Branch,Card issue,16.19,5
IN00003618,CU00002810,2025-11-14,Branch,Digital help,50.47,3
IN00003619,CU00002744,2025-08-03,Branch,Service request,22.16,3
IN00003620,CU00000927,2026-07-08,Chat,Loan enquiry,20.68,4
IN00003621,CU00001479,2024-10-18,Call Centre,Service request,14.22,3
IN00003622,CU00001983,2025-12-26,Email,Loan enquiry,32.15,3
IN00003623,CU00000100,2025-10-20,Call Centre,Digital help,9.92,2
IN00003624,CU00000437,2025-07-09,Call Centre,Digital help,27.68,5
IN00003625,CU00001086,2026-07-11,Chat,Loan enquiry,30.42,3
IN00003626,CU00004784,2026-03-09,App,Service request,29.72,5
IN00003627,CU00004598,2024-10-05,App,Loan enquiry,52.07,4
IN00003628,CU00002184,2026-07-04,Email,Loan enquiry,71.23,2
IN00003629,CU00001697,2026-07-02,Call Centre,KYC,12.46,4
IN00003630,CU00000079,2026-02-16,Chat,Loan enquiry,4.34,5
IN00003631,CU00003580,2025-12-26,Chat,KYC,15.83,2
IN00003632,CU00003353,2026-03-16,Chat,KYC,13.94,2
IN00003633,CU00004162,2024-09-09,App,Digital help,5.69,5
IN00003634,CU00004462,2026-01-14,App,Loan enquiry,10.01,4
IN00003635,CU00000654,2026-01-13,Email,Digital help,17.29,3
IN00003636,CU00001515,2026-04-24,Branch,Digital help,18.06,3
IN00003637,CU00000073,2026-05-26,Email,Loan enquiry,38.17,3
IN00003638,CU00002328,2025-02-12,Email,Complaint,15.48,4
IN00003639,CU00001695,2025-01-12,App,Complaint,5.01,4
IN00003640,CU00002384,2024-12-23,App,Digital help,1.69,4
IN00003641,CU00003853,2026-08-20,Branch,Loan enquiry,15.8,5
IN00003642,CU00003470,2026-08-20,Email,Service request,20.57,5
IN00003643,CU00003449,2025-10-09,Branch,KYC,10.08,2
IN00003644,CU00002797,2024-11-30,Chat,KYC,22.67,5
IN00003645,CU00000344,2026-01-27,App,Digital help,37.78,5
IN00003646,CU00001248,2025-12-04,Call Centre,Loan enquiry,8.63,5
IN00003647,CU00003670,2025-03-09,Chat,Digital help,13.75,3
IN00003648,CU00004876,2025-12-16,Chat,Complaint,19.79,4
IN00003649,CU00001434,2025-07-04,Call Centre,Complaint,11.52,4
IN00003650,CU00002906,2026-06-04,App,Card issue,25.56,4
IN00003651,CU00000025,2026-03-08,Chat,Loan enquiry,43.2,5
IN00003652,CU00004027,2025-07-31,Call Centre,Loan enquiry,10.55,4
IN00003653,CU00000370,2025-05-11,Call Centre,Complaint,12.29,1
IN00003654,CU00001151,2025-01-18,App,KYC,49.31,3
IN00003655,CU00000409,2026-04-09,Chat,Service request,24.24,1
IN00003656,CU00003792,2025-10-19,Call Centre,Card issue,29.84,5
IN00003657,CU00004566,2025-06-17,Chat,Service request,7.79,4
IN00003658,CU00001682,2024-12-27,Branch,Digital help,30.48,4
IN00003659,CU00000882,2026-08-09,Branch,Service request,12.34,1
IN00003660,CU00001739,2024-11-13,Chat,KYC,16.76,1
IN00003661,CU00004777,2026-08-21,App,Service request,7.94,5
IN00003662,CU00001310,2025-09-20,Branch,Card issue,5.63,5
IN00003663,CU00003262,2026-08-13,Call Centre,Service request,25.64,4
IN00003664,CU00004179,2026-08-04,Email,Digital help,15.14,4
IN00003665,CU00002098,2025-09-07,Email,Digital help,6.71,4
IN00003666,CU00002290,2025-03-24,Call Centre,Service request,18.9,5
IN00003667,CU00003095,2026-01-14,Email,Loan enquiry,10.12,3
IN00003668,CU00000872,2026-02-09,Chat,Digital help,19.83,4
IN00003669,CU00002943,2024-09-24,Branch,Service request,6.82,5
IN00003670,CU00004881,2026-01-18,Chat,Complaint,26.65,4
IN00003671,CU00001954,2025-01-20,Chat,Loan enquiry,5.99,5
IN00003672,CU00001987,2025-12-07,Chat,Loan enquiry,11.82,3
IN00003673,CU00002058,2026-04-22,Chat,KYC,4.22,4
IN00003674,CU00004066,2026-01-28,Chat,KYC,8.43,1
IN00003675,CU00002886,2025-06-08,App,Complaint,19.0,3
IN00003676,CU00004606,2025-10-04,Call Centre,Digital help,8.91,4
IN00003677,CU00001979,2025-07-03,Branch,Card issue,6.25,4
IN00003678,CU00003148,2024-12-07,App,Card issue,3.08,5
IN00003679,CU00004664,2025-09-17,Branch,KYC,9.11,4
IN00003680,CU00002433,2025-04-19,Call Centre,KYC,39.84,2
IN00003681,CU00002723,2026-05-15,Call Centre,Loan enquiry,18.61,2
IN00003682,CU00002665,2024-10-07,Branch,KYC,15.02,3
IN00003683,CU00003355,2026-08-05,Email,Service request,3.45,2
IN00003684,CU00001503,2024-10-17,App,Complaint,15.79,4
IN00003685,CU00004750,2026-05-23,App,Complaint,10.07,2
IN00003686,CU00002524,2025-08-08,Call Centre,KYC,22.49,5
IN00003687,CU00003781,2026-06-30,Email,Card issue,7.35,3
IN00003688,CU00003064,2025-07-05,App,KYC,12.17,3
IN00003689,CU00000612,2024-10-15,App,Digital help,9.08,5
IN00003690,CU00004018,2025-07-01,Call Centre,Digital help,25.17,3
IN00003691,CU00002307,2024-11-15,Email,Card issue,30.4,3
IN00003692,CU00004256,2026-04-12,Chat,Loan enquiry,32.91,5
IN00003693,CU00004005,2026-04-20,Chat,Card issue,16.3,5
IN00003694,CU00004348,2025-11-09,Email,Complaint,24.74,1
IN00003695,CU00000227,2026-06-21,Email,Loan enquiry,43.78,1
IN00003696,CU00004886,2026-08-29,Call Centre,Digital help,4.45,1
IN00003697,CU00003571,2025-07-01,Call Centre,KYC,37.11,3
IN00003698,CU00002388,2024-12-05,Branch,Loan enquiry,16.51,1
IN00003699,CU00001095,2025-01-29,Branch,Service request,37.89,3
IN00003700,CU00004222,2025-06-08,Branch,Complaint,29.99,4
IN00003701,CU00004037,2026-06-07,App,KYC,9.88,5
IN00003702,CU00002838,2024-12-17,App,Service request,10.31,5
IN00003703,CU00001811,2025-03-31,Email,Service request,11.32,4
IN00003704,CU00002424,2025-07-04,Chat,Loan enquiry,12.43,2
IN00003705,CU00000431,2025-06-23,Call Centre,Digital help,5.2,5
IN00003706,CU00004569,2026-05-19,Call Centre,Card issue,21.13,3
IN00003707,CU00004458,2025-02-23,Chat,Service request,10.63,3
IN00003708,CU00002300,2026-08-17,Branch,Loan enquiry,25.25,5
IN00003709,CU00004686,2025-07-13,Branch,Card issue,21.57,4
IN00003710,CU00000901,2025-11-28,Call Centre,Complaint,17.9,4
IN00003711,CU00002221,2025-06-29,App,KYC,43.36,4
IN00003712,CU00000519,2025-03-29,Chat,KYC,30.95,4
IN00003713,CU00000912,2026-01-23,Call Centre,Loan enquiry,19.17,3
IN00003714,CU00002464,2025-11-27,Branch,Digital help,14.86,4
IN00003715,CU00004173,2025-03-02,Call Centre,Digital help,21.32,5
IN00003716,CU00000739,2025-06-06,Branch,Digital help,30.74,4
IN00003717,CU00001037,2026-03-11,Email,KYC,4.32,5
IN00003718,CU00004900,2025-10-24,App,Service request,18.62,4
IN00003719,CU00003101,2026-06-14,Call Centre,Digital help,3.28,4
IN00003720,CU00001554,2026-03-08,Chat,KYC,15.18,5
IN00003721,CU00000001,2025-04-24,App,Loan enquiry,30.94,4
IN00003722,CU00003744,2024-09-19,Email,Loan enquiry,18.51,5
IN00003723,CU00000751,2026-01-13,Email,Service request,16.04,4
IN00003724,CU00003520,2024-11-15,Call Centre,Service request,15.6,5
IN00003725,CU00000719,2025-07-07,Branch,KYC,17.21,5
IN00003726,CU00003538,2026-03-24,Email,Service request,9.2,3
IN00003727,CU00004275,2025-04-29,App,Card issue,30.42,3
IN00003728,CU00001267,2026-04-25,App,Loan enquiry,9.67,4
IN00003729,CU00001338,2025-02-03,Branch,Loan enquiry,24.81,5
IN00003730,CU00003095,2025-03-04,Email,Card issue,23.09,5
IN00003731,CU00001685,2025-08-30,Call Centre,Complaint,7.17,5
IN00003732,CU00000977,2026-06-22,Call Centre,Card issue,35.92,2
IN00003733,CU00000282,2025-07-05,App,Complaint,27.72,5
IN00003734,CU00003716,2025-03-09,Email,Loan enquiry,31.86,5
IN00003735,CU00003591,2026-06-16,Branch,KYC,31.38,4
IN00003736,CU00002323,2026-06-14,Branch,Digital help,22.46,4
IN00003737,CU00001317,2024-09-27,Branch,Digital help,21.78,5
IN00003738,CU00003571,2025-12-09,Call Centre,Digital help,29.77,5
IN00003739,CU00004433,2025-04-03,Chat,Loan enquiry,3.24,5
IN00003740,CU00002877,2025-05-02,Email,Service request,5.39,1
IN00003741,CU00004471,2025-06-09,Email,Digital help,41.52,4
IN00003742,CU00004523,2026-06-21,Call Centre,Complaint,35.39,5
IN00003743,CU00001007,2026-05-06,App,KYC,44.1,4
IN00003744,CU00002732,2025-03-05,Branch,Loan enquiry,17.93,4
IN00003745,CU00001338,2026-04-18,Chat,Complaint,11.78,4
IN00003746,CU00004604,2025-07-08,App,Loan enquiry,11.88,4
IN00003747,CU00001489,2025-03-14,Chat,Service request,5.41,4
IN00003748,CU00003790,2025-08-07,Chat,Complaint,12.96,2
IN00003749,CU00000504,2026-01-11,Email,KYC,56.45,4
IN00003750,CU00002485,2024-09-08,Call Centre,Digital help,6.61,1
IN00003751,CU00002203,2025-05-18,App,Complaint,12.04,1
IN00003752,CU00004868,2026-01-30,Chat,Card issue,18.06,4
IN00003753,CU00001514,2025-11-02,Chat,KYC,2.23,1
IN00003754,CU00000805,2025-07-02,App,Loan enquiry,11.07,5
IN00003755,CU00002110,2025-07-01,Chat,Digital help,15.01,5
IN00003756,CU00004637,2025-07-12,Branch,Card issue,4.03,5
IN00003757,CU00004507,2025-04-16,Branch,Service request,8.88,4
IN00003758,CU00001570,2025-09-12,App,Digital help,21.07,2
IN00003759,CU00003867,2025-11-04,App,Loan enquiry,15.02,5
IN00003760,CU00004496,2026-08-10,Branch,Service request,10.58,5
IN00003761,CU00000585,2026-04-03,App,Complaint,29.1,5
IN00003762,CU00003819,2025-10-17,Chat,Complaint,22.64,5
IN00003763,CU00000625,2025-01-17,Email,Service request,31.43,5
IN00003764,CU00003974,2025-01-23,App,Card issue,5.66,4
IN00003765,CU00000456,2025-12-12,App,Card issue,11.34,4
IN00003766,CU00000331,2026-02-22,Email,Card issue,19.51,4
IN00003767,CU00000454,2025-01-11,App,KYC,35.59,5
IN00003768,CU00001812,2026-08-19,Call Centre,Service request,23.57,4
IN00003769,CU00004301,2025-03-14,Branch,Loan enquiry,19.04,3
IN00003770,CU00003799,2025-08-21,Call Centre,Complaint,25.82,4
IN00003771,CU00000131,2025-11-03,Call Centre,Digital help,22.75,4
IN00003772,CU00002143,2026-07-23,Call Centre,Digital help,21.92,4
IN00003773,CU00001866,2025-02-22,Branch,KYC,15.84,5
IN00003774,CU00002026,2025-05-27,App,Loan enquiry,23.81,3
IN00003775,CU00000128,2026-03-02,App,KYC,9.47,4
IN00003776,CU00004984,2026-02-15,Email,Digital help,30.57,5
IN00003777,CU00004699,2025-03-17,Branch,Digital help,17.78,4
IN00003778,CU00000797,2025-01-23,App,Digital help,12.41,5
IN00003779,CU00003637,2026-05-13,Chat,Loan enquiry,12.25,4
IN00003780,CU00004785,2024-11-11,Branch,Service request,13.82,3
IN00003781,CU00001579,2026-05-14,Email,KYC,5.5,4
IN00003782,CU00003026,2025-03-12,Email,Digital help,7.44,5
IN00003783,CU00003561,2026-07-11,Chat,Service request,21.87,2
IN00003784,CU00004711,2025-12-16,Email,KYC,1.64,5
IN00003785,CU00003787,2025-11-01,Chat,Service request,22.89,5
IN00003786,CU00004854,2026-01-22,Chat,Digital help,16.27,5
IN00003787,CU00000661,2025-05-16,Call Centre,Complaint,7.26,4
IN00003788,CU00004231,2026-04-30,Branch,Service request,14.58,3
IN00003789,CU00003890,2024-12-05,App,KYC,45.36,2
IN00003790,CU00004193,2026-05-05,Email,KYC,9.83,3
IN00003791,CU00003940,2026-01-15,Call Centre,Loan enquiry,18.59,3
IN00003792,CU00001751,2026-03-04,Chat,Loan enquiry,11.06,4
IN00003793,CU00003498,2026-02-24,Branch,Loan enquiry,16.76,4
IN00003794,CU00000454,2025-03-26,Email,Complaint,7.9,4
IN00003795,CU00001723,2025-02-08,Branch,KYC,49.29,3
IN00003796,CU00002454,2025-12-07,App,Digital help,1.23,4
IN00003797,CU00004382,2025-11-30,Branch,Digital help,1.86,5
IN00003798,CU00001814,2024-12-17,Call Centre,Card issue,11.19,5
IN00003799,CU00004618,2025-06-05,Chat,KYC,16.7,2
IN00003800,CU00004897,2025-01-21,Call Centre,Digital help,8.56,5
IN00003801,CU00000810,2026-02-08,Chat,Loan enquiry,34.68,4
IN00003802,CU00002296,2026-08-15,App,Loan enquiry,39.06,2
IN00003803,CU00000094,2026-07-25,Branch,Card issue,1.12,3
IN00003804,CU00001914,2025-05-29,Branch,Service request,35.22,4
IN00003805,CU00000076,2026-03-19,Call Centre,Card issue,21.57,3
IN00003806,CU00003561,2026-03-05,Call Centre,Card issue,11.25,5
IN00003807,CU00001435,2025-02-16,Email,Digital help,18.51,5
IN00003808,CU00001243,2024-09-03,Email,KYC,15.02,4
IN00003809,CU00002448,2024-11-17,Email,Complaint,14.6,2
IN00003810,CU00001597,2026-07-25,Branch,Loan enquiry,14.92,4
IN00003811,CU00003512,2025-08-25,Call Centre,Loan enquiry,5.28,3
IN00003812,CU00004707,2024-10-22,Email,Service request,5.16,5
IN00003813,CU00001104,2026-05-13,Branch,Complaint,23.33,4
IN00003814,CU00003600,2026-05-22,Email,Complaint,4.79,4
IN00003815,CU00000746,2024-09-15,Call Centre,Card issue,33.31,5
IN00003816,CU00004979,2026-05-19,App,Service request,9.03,4
IN00003817,CU00002842,2026-02-17,Branch,Loan enquiry,10.95,5
IN00003818,CU00001884,2025-10-06,Call Centre,Complaint,45.8,4
IN00003819,CU00004521,2025-03-02,Chat,Digital help,16.57,4
IN00003820,CU00001311,2024-11-21,App,Digital help,28.26,5
IN00003821,CU00003661,2025-03-18,Chat,Complaint,6.72,3
IN00003822,CU00004716,2026-08-05,Branch,Loan enquiry,13.89,4
IN00003823,CU00004774,2026-08-17,Email,KYC,26.13,4
IN00003824,CU00004843,2025-04-17,Call Centre,Complaint,24.92,5
IN00003825,CU00001921,2024-12-12,Email,Service request,15.67,5
IN00003826,CU00003157,2025-02-08,Branch,Complaint,26.39,4
IN00003827,CU00001598,2025-10-05,Chat,Service request,6.34,4
IN00003828,CU00001648,2025-09-18,Branch,Service request,5.45,5
IN00003829,CU00001802,2026-02-11,App,Digital help,3.59,5
IN00003830,CU00004936,2025-02-17,App,Loan enquiry,13.14,4
IN00003831,CU00002747,2025-07-12,App,Service request,4.38,2
IN00003832,CU00000352,2026-03-22,Call Centre,Service request,5.31,4
IN00003833,CU00001630,2026-07-29,Email,Complaint,10.45,5
IN00003834,CU00001774,2024-12-08,App,Digital help,2.83,5
IN00003835,CU00002343,2024-09-16,Call Centre,Service request,2.57,4
IN00003836,CU00000920,2026-04-24,App,Digital help,31.32,3
IN00003837,CU00003640,2026-05-02,App,KYC,13.99,3
IN00003838,CU00003522,2024-09-11,App,KYC,21.56,5
IN00003839,CU00004474,2026-01-17,Chat,Loan enquiry,3.64,4
IN00003840,CU00002084,2025-09-11,Call Centre,Digital help,5.2,3
IN00003841,CU00003064,2025-12-06,Branch,Complaint,5.58,4
IN00003842,CU00001867,2025-03-12,Chat,KYC,37.97,4
IN00003843,CU00004637,2024-12-07,Branch,Service request,6.44,5
IN00003844,CU00000733,2025-11-27,Chat,Digital help,7.9,3
IN00003845,CU00000508,2026-03-29,Chat,Loan enquiry,2.21,4
IN00003846,CU00002542,2025-01-10,App,Loan enquiry,24.57,4
IN00003847,CU00000416,2025-05-04,Email,Digital help,8.06,4
IN00003848,CU00003459,2026-03-21,Chat,KYC,3.72,5
IN00003849,CU00000876,2025-10-29,Call Centre,KYC,2.96,4
IN00003850,CU00000328,2025-10-09,Branch,Card issue,14.02,5
IN00003851,CU00000080,2025-06-03,Email,Loan enquiry,61.51,4
IN00003852,CU00003971,2025-04-28,Call Centre,Complaint,8.07,4
IN00003853,CU00004147,2026-07-05,Call Centre,Loan enquiry,31.14,4
IN00003854,CU00004192,2025-05-16,Branch,Service request,19.62,3
IN00003855,CU00000434,2026-01-08,Email,Complaint,15.0,3
IN00003856,CU00002591,2025-09-14,App,Digital help,18.19,4
IN00003857,CU00003163,2025-01-21,App,Card issue,5.19,5
IN00003858,CU00002360,2025-07-08,App,Complaint,1.86,3
IN00003859,CU00004941,2026-04-09,Call Centre,Loan enquiry,29.14,4
IN00003860,CU00003022,2025-05-26,Email,Card issue,11.33,3
IN00003861,CU00004810,2024-10-08,Chat,Complaint,26.6,3
IN00003862,CU00003321,2025-03-15,Branch,Loan enquiry,18.02,2
IN00003863,CU00002326,2025-10-16,Chat,Card issue,1.56,3
IN00003864,CU00001638,2026-03-22,Branch,Digital help,2.67,4
IN00003865,CU00002847,2025-01-11,Email,Card issue,15.89,5
IN00003866,CU00004579,2026-04-08,Email,Digital help,15.8,4
IN00003867,CU00000112,2026-07-26,Email,Digital help,22.66,5
IN00003868,CU00004877,2025-07-11,Email,Digital help,16.58,4
IN00003869,CU00004076,2025-07-22,Email,Card issue,36.16,4
IN00003870,CU00003287,2025-09-23,Chat,Service request,10.14,2
IN00003871,CU00003655,2025-05-23,App,Complaint,13.43,5
IN00003872,CU00004489,2026-08-25,Branch,KYC,10.36,5
IN00003873,CU00002545,2024-11-07,Chat,Complaint,33.27,4
IN00003874,CU00004376,2026-01-09,Chat,Loan enquiry,3.01,2
IN00003875,CU00000946,2026-03-12,Chat,Complaint,33.56,1
IN00003876,CU00003681,2024-10-07,Branch,KYC,49.64,4
IN00003877,CU00001515,2025-07-13,Chat,Service request,31.67,3
IN00003878,CU00002820,2025-12-02,Chat,Service request,10.3,5
IN00003879,CU00003952,2025-05-22,Call Centre,Loan enquiry,27.09,5
IN00003880,CU00000759,2025-03-31,Branch,Loan enquiry,11.15,2
IN00003881,CU00003506,2026-02-18,Call Centre,Card issue,6.49,3
IN00003882,CU00003505,2025-05-14,Email,Digital help,9.38,4
IN00003883,CU00002788,2026-05-29,Branch,Loan enquiry,8.31,2
IN00003884,CU00002919,2026-01-13,Branch,Card issue,3.86,2
IN00003885,CU00001677,2024-09-07,Call Centre,Digital help,42.65,3
IN00003886,CU00003552,2025-10-23,Email,Digital help,12.53,5
IN00003887,CU00000458,2025-07-16,Email,Card issue,11.91,4
IN00003888,CU00004310,2025-02-17,Chat,Complaint,14.4,2
IN00003889,CU00004381,2025-11-06,Call Centre,Card issue,24.58,4
IN00003890,CU00002302,2026-02-04,Call Centre,Service request,11.49,5
IN00003891,CU00004274,2025-04-06,Chat,Digital help,18.14,4
IN00003892,CU00001027,2026-07-14,Chat,Complaint,13.64,4
IN00003893,CU00004445,2026-03-20,Branch,Complaint,24.93,4
IN00003894,CU00003799,2025-01-07,App,Loan enquiry,9.33,5
IN00003895,CU00002903,2025-08-15,Branch,Card issue,16.63,3
IN00003896,CU00003086,2025-03-03,Call Centre,Complaint,7.89,3
IN00003897,CU00002530,2025-09-21,Branch,Card issue,17.09,5
IN00003898,CU00001784,2026-02-05,Email,Card issue,24.47,4
IN00003899,CU00001607,2025-04-29,Chat,Digital help,46.52,5
IN00003900,CU00003885,2025-03-27,Chat,KYC,25.98,4
IN00003901,CU00000986,2024-09-04,Email,Digital help,11.67,5
IN00003902,CU00004022,2025-02-11,Call Centre,Complaint,6.69,4
IN00003903,CU00003284,2026-07-01,App,Loan enquiry,50.06,4
IN00003904,CU00000629,2025-04-18,Chat,Complaint,2.39,3
IN00003905,CU00002140,2026-08-27,Chat,Digital help,20.06,4
IN00003906,CU00001560,2025-06-25,Email,KYC,6.84,4
IN00003907,CU00000229,2024-12-13,App,Digital help,29.45,4
IN00003908,CU00002834,2026-03-08,Email,Complaint,20.7,5
IN00003909,CU00003153,2025-12-18,Email,Loan enquiry,21.1,3
IN00003910,CU00002919,2025-05-31,Chat,Card issue,12.59,4
IN00003911,CU00001368,2026-04-20,Email,Service request,18.85,3
IN00003912,CU00003943,2024-09-30,Branch,Loan enquiry,14.1,5
IN00003913,CU00002270,2026-05-05,Call Centre,Card issue,5.78,5
IN00003914,CU00002370,2026-05-03,Branch,Service request,15.49,4
IN00003915,CU00003341,2025-12-10,Chat,Digital help,8.06,5
IN00003916,CU00004506,2025-10-13,App,Card issue,30.41,4
IN00003917,CU00002455,2024-09-08,Chat,Digital help,6.1,4
IN00003918,CU00004623,2024-10-19,Chat,Digital help,9.13,5
IN00003919,CU00004614,2025-10-13,Chat,Digital help,19.21,4
IN00003920,CU00000003,2025-03-16,Chat,Service request,22.53,3
IN00003921,CU00001963,2026-04-07,Branch,KYC,4.34,3
IN00003922,CU00004948,2025-11-07,Chat,Digital help,12.96,4
IN00003923,CU00002034,2025-05-31,Email,Digital help,12.7,2
IN00003924,CU00001915,2025-07-24,Call Centre,Complaint,38.61,5
IN00003925,CU00002493,2026-07-12,Call Centre,Service request,5.56,4
IN00003926,CU00004207,2025-08-23,App,Complaint,45.77,3
IN00003927,CU00001085,2025-02-16,Chat,Complaint,11.0,3
IN00003928,CU00001945,2026-03-08,Email,Service request,14.36,5
IN00003929,CU00004365,2024-10-16,Email,Loan enquiry,19.39,4
IN00003930,CU00000310,2025-02-14,App,Service request,30.34,4
IN00003931,CU00001000,2025-07-09,App,Complaint,3.46,1
IN00003932,CU00004228,2025-07-13,Branch,Complaint,6.38,5
IN00003933,CU00003474,2026-07-24,Call Centre,Complaint,6.25,3
IN00003934,CU00002486,2025-01-31,Call Centre,Complaint,8.97,3
IN00003935,CU00004135,2024-11-28,Branch,Card issue,10.29,4
IN00003936,CU00003844,2026-01-29,Email,Card issue,13.04,2
IN00003937,CU00001165,2025-05-01,Chat,KYC,17.75,4
IN00003938,CU00002933,2025-03-01,Call Centre,Digital help,12.51,1
IN00003939,CU00000105,2025-01-21,Branch,Loan enquiry,21.7,4
IN00003940,CU00000257,2025-06-27,Email,Complaint,12.31,5
IN00003941,CU00001235,2026-08-07,Call Centre,Card issue,34.96,5
IN00003942,CU00002302,2026-03-30,Chat,Card issue,17.1,5
IN00003943,CU00004483,2025-05-15,Email,Service request,1.28,4
IN00003944,CU00004190,2025-04-07,Chat,Service request,9.15,5
IN00003945,CU00000346,2025-04-08,App,Loan enquiry,11.04,4
IN00003946,CU00002231,2026-03-13,Chat,Card issue,4.95,2
IN00003947,CU00004292,2025-09-20,Chat,Complaint,21.64,5
IN00003948,CU00004185,2026-08-08,Branch,KYC,54.62,4
IN00003949,CU00003108,2024-09-12,Chat,KYC,14.23,3
IN00003950,CU00003361,2024-09-22,Email,Service request,18.57,1
IN00003951,CU00003664,2026-05-26,Call Centre,Digital help,20.35,4
IN00003952,CU00000727,2026-08-25,Branch,KYC,35.83,5
IN00003953,CU00002769,2024-10-31,Branch,Card issue,6.94,4
IN00003954,CU00004720,2024-11-20,App,Loan enquiry,19.73,5
IN00003955,CU00003437,2026-01-22,Call Centre,Service request,21.49,5
IN00003956,CU00001554,2026-01-26,Email,Loan enquiry,3.6,2
IN00003957,CU00004258,2025-11-20,Branch,Service request,33.14,5
IN00003958,CU00002872,2025-11-19,Call Centre,Loan enquiry,7.67,4
IN00003959,CU00004742,2025-09-06,Email,Digital help,16.87,3
IN00003960,CU00004868,2026-03-21,Call Centre,Complaint,44.63,3
IN00003961,CU00004813,2026-08-04,Chat,Loan enquiry,15.2,5
IN00003962,CU00003885,2024-12-19,Branch,Complaint,8.36,4
IN00003963,CU00002466,2025-01-06,Email,KYC,15.98,5
IN00003964,CU00003921,2025-09-12,Branch,Card issue,15.96,5
IN00003965,CU00001071,2025-06-08,Branch,KYC,18.8,3
IN00003966,CU00004184,2024-10-05,App,Loan enquiry,43.55,5
IN00003967,CU00000221,2026-05-07,Chat,Service request,20.7,5
IN00003968,CU00000141,2025-05-14,Chat,Service request,6.56,4
IN00003969,CU00001535,2024-09-06,App,Card issue,29.49,4
IN00003970,CU00003259,2025-08-31,Call Centre,Digital help,15.45,4
IN00003971,CU00004453,2024-12-06,Email,Service request,28.45,4
IN00003972,CU00003433,2025-01-06,App,Service request,30.38,4
IN00003973,CU00003873,2025-01-22,Branch,KYC,29.79,3
IN00003974,CU00002545,2026-01-23,Email,Complaint,10.22,4
IN00003975,CU00003334,2024-11-24,App,KYC,20.55,4
IN00003976,CU00002474,2026-05-08,Call Centre,Card issue,15.36,5
IN00003977,CU00000596,2026-01-05,Email,Loan enquiry,24.62,3
IN00003978,CU00003702,2025-12-19,Chat,Loan enquiry,10.12,3
IN00003979,CU00003948,2025-12-02,App,KYC,13.95,4
IN00003980,CU00004270,2025-07-05,Chat,KYC,18.9,2
IN00003981,CU00004825,2026-03-19,App,Service request,19.53,5
IN00003982,CU00004489,2026-01-25,Email,Complaint,20.55,4
IN00003983,CU00002851,2026-06-14,Branch,Complaint,33.46,5
IN00003984,CU00001499,2024-11-21,Call Centre,Complaint,4.37,2
IN00003985,CU00000986,2024-09-06,App,Complaint,17.01,4
IN00003986,CU00003221,2024-11-15,Chat,Service request,22.5,5
IN00003987,CU00000712,2024-09-06,App,Card issue,60.88,4
IN00003988,CU00003110,2026-07-22,Call Centre,Loan enquiry,10.79,4
IN00003989,CU00003744,2025-04-15,Email,KYC,16.77,3
IN00003990,CU00003677,2025-06-26,Email,Digital help,15.79,5
IN00003991,CU00000006,2026-04-03,Chat,KYC,36.16,5
IN00003992,CU00004252,2025-01-25,App,Card issue,13.15,1
IN00003993,CU00003216,2024-10-10,Call Centre,Loan enquiry,15.11,4
IN00003994,CU00004603,2025-09-09,Call Centre,KYC,4.9,4
IN00003995,CU00003432,2025-02-12,Branch,Loan enquiry,25.8,5
IN00003996,CU00003350,2025-07-31,Call Centre,Complaint,25.27,5
IN00003997,CU00002653,2024-09-15,Chat,Card issue,25.45,4
IN00003998,CU00003448,2025-05-22,Email,Service request,7.94,3
IN00003999,CU00002900,2025-06-23,Call Centre,Loan enquiry,29.16,3
IN00004000,CU00001935,2026-05-26,App,Digital help,26.25,5
IN00004001,CU00001288,2026-02-22,Email,KYC,3.06,4
IN00004002,CU00001985,2024-11-29,Chat,Card issue,11.92,3
IN00004003,CU00004371,2024-11-04,Call Centre,Digital help,9.31,4
IN00004004,CU00000035,2025-04-23,Email,Loan enquiry,34.24,1
IN00004005,CU00002592,2025-10-06,Call Centre,Loan enquiry,47.33,1
IN00004006,CU00004125,2024-11-22,Email,Digital help,17.99,4
IN00004007,CU00000111,2026-01-28,Call Centre,Service request,12.95,3
IN00004008,CU00000136,2024-09-22,Branch,Loan enquiry,1.97,4
IN00004009,CU00002970,2025-09-30,Call Centre,Digital help,3.88,4
IN00004010,CU00001159,2024-10-20,Chat,Card issue,27.27,2
IN00004011,CU00000450,2026-01-03,Call Centre,Card issue,38.55,4
IN00004012,CU00003277,2026-04-09,Email,KYC,11.66,5
IN00004013,CU00003259,2025-11-13,Chat,Complaint,9.28,5
IN00004014,CU00004454,2026-05-02,Branch,Loan enquiry,21.14,5
IN00004015,CU00004260,2026-05-14,Call Centre,Digital help,4.62,3
IN00004016,CU00002162,2025-10-22,Email,Complaint,21.81,4
IN00004017,CU00004256,2025-12-14,Call Centre,Complaint,26.24,5
IN00004018,CU00004544,2025-11-16,Call Centre,Complaint,42.53,1
IN00004019,CU00004755,2025-06-10,Branch,KYC,11.52,4
IN00004020,CU00000932,2026-04-14,Chat,Card issue,5.84,3
IN00004021,CU00001950,2025-06-06,Call Centre,Service request,29.18,3
IN00004022,CU00002428,2024-10-01,Chat,Card issue,13.78,4
IN00004023,CU00004229,2026-08-08,Branch,Loan enquiry,38.42,5
IN00004024,CU00002701,2025-01-05,Branch,Complaint,31.3,5
IN00004025,CU00002611,2026-02-20,Call Centre,Loan enquiry,31.17,4
IN00004026,CU00001357,2025-08-05,App,Card issue,4.72,4
IN00004027,CU00001768,2026-03-16,Chat,Card issue,22.18,4
IN00004028,CU00002231,2024-09-25,Email,Complaint,10.68,4
IN00004029,CU00000028,2026-04-02,Email,Card issue,20.02,4
IN00004030,CU00001436,2025-07-27,App,Digital help,5.52,2
IN00004031,CU00002731,2025-05-08,Chat,Loan enquiry,20.88,4
IN00004032,CU00003904,2025-04-28,Email,Digital help,23.48,5
IN00004033,CU00004514,2026-06-29,Branch,Card issue,12.46,5
IN00004034,CU00001353,2025-08-05,App,Digital help,16.65,3
IN00004035,CU00000593,2026-05-28,Call Centre,Loan enquiry,36.56,3
IN00004036,CU00000619,2026-02-13,Branch,Digital help,53.71,5
IN00004037,CU00000376,2024-10-08,Branch,Card issue,4.64,4
IN00004038,CU00004842,2026-03-26,Branch,KYC,27.93,5
IN00004039,CU00002096,2025-03-07,App,Digital help,32.47,4
IN00004040,CU00003887,2026-07-27,Call Centre,Card issue,39.07,4
IN00004041,CU00003484,2025-09-24,Call Centre,Complaint,10.0,2
IN00004042,CU00004074,2024-12-14,App,Service request,34.6,3
IN00004043,CU00001935,2025-03-22,Chat,Service request,8.34,5
IN00004044,CU00002110,2026-06-05,App,Digital help,10.69,3
IN00004045,CU00003115,2025-11-21,Branch,Service request,51.15,4
IN00004046,CU00000628,2026-05-12,Branch,Loan enquiry,8.47,5
IN00004047,CU00003803,2025-12-18,Branch,Complaint,27.16,3
IN00004048,CU00000440,2025-07-16,Chat,Digital help,28.81,3
IN00004049,CU00004867,2025-07-26,Chat,Service request,3.93,3
IN00004050,CU00003558,2026-01-05,Chat,Service request,36.24,5
IN00004051,CU00003907,2025-08-26,Call Centre,Card issue,8.61,5
IN00004052,CU00001865,2026-04-20,App,Service request,44.4,5
IN00004053,CU00000882,2025-05-30,Email,Digital help,8.96,4
IN00004054,CU00000460,2026-04-28,Branch,Loan enquiry,4.64,4
IN00004055,CU00003791,2026-08-21,Email,Complaint,8.95,3
IN00004056,CU00000039,2026-01-01,Call Centre,Loan enquiry,8.6,5
IN00004057,CU00003065,2025-06-15,Chat,Loan enquiry,3.79,3
IN00004058,CU00000587,2025-01-24,Call Centre,Loan enquiry,30.34,1
IN00004059,CU00002471,2025-02-05,Chat,Service request,34.87,5
IN00004060,CU00002744,2025-08-22,Call Centre,Complaint,5.02,4
IN00004061,CU00002467,2025-11-28,App,KYC,15.46,4
IN00004062,CU00003015,2026-02-14,Email,Loan enquiry,9.59,5
IN00004063,CU00002061,2026-04-07,Branch,Digital help,29.68,5
IN00004064,CU00003599,2025-01-13,Call Centre,Card issue,9.79,4
IN00004065,CU00002583,2025-07-26,Chat,Loan enquiry,24.79,3
IN00004066,CU00000946,2025-10-02,Email,Digital help,19.28,5
IN00004067,CU00004645,2024-09-27,Chat,Digital help,19.38,4
IN00004068,CU00003479,2026-04-05,Email,Card issue,19.48,4
IN00004069,CU00000013,2025-10-20,Email,Digital help,0.61,4
IN00004070,CU00000369,2024-10-16,Email,KYC,8.75,5
IN00004071,CU00002402,2026-01-08,Branch,Complaint,4.44,3
IN00004072,CU00003011,2024-12-11,Email,Complaint,13.65,4
IN00004073,CU00003004,2025-06-14,Email,KYC,21.27,5
IN00004074,CU00003279,2026-03-21,Call Centre,Loan enquiry,22.63,3
IN00004075,CU00002676,2026-08-12,Branch,Loan enquiry,5.51,2
IN00004076,CU00003018,2025-04-04,Call Centre,KYC,23.68,4
IN00004077,CU00000878,2025-06-28,Branch,Complaint,27.34,5
IN00004078,CU00000510,2025-10-31,Chat,KYC,45.27,3
IN00004079,CU00000836,2026-01-31,Call Centre,Service request,6.08,4
IN00004080,CU00002849,2025-06-05,Chat,Digital help,14.43,4
IN00004081,CU00000106,2025-05-31,App,KYC,24.62,5
IN00004082,CU00002668,2024-09-01,Branch,Loan enquiry,10.38,4
IN00004083,CU00000553,2025-04-27,Chat,Service request,27.15,4
IN00004084,CU00001115,2025-08-07,Call Centre,Service request,21.38,4
IN00004085,CU00003301,2025-02-03,App,Loan enquiry,31.79,3
IN00004086,CU00000359,2025-06-18,Chat,Loan enquiry,3.35,3
IN00004087,CU00000305,2025-03-17,Chat,Service request,24.51,4
IN00004088,CU00003776,2024-12-22,App,Loan enquiry,23.84,2
IN00004089,CU00004031,2024-10-04,Chat,KYC,33.33,5
IN00004090,CU00001058,2025-06-02,Branch,Card issue,2.21,5
IN00004091,CU00003703,2026-07-20,Call Centre,KYC,14.36,4
IN00004092,CU00000259,2026-02-05,Chat,Digital help,17.08,3
IN00004093,CU00004475,2025-03-20,Call Centre,Service request,9.7,4
IN00004094,CU00003902,2025-08-11,App,Loan enquiry,18.79,2
IN00004095,CU00003193,2025-03-28,App,KYC,54.24,4
IN00004096,CU00003461,2026-07-22,Branch,KYC,11.71,3
IN00004097,CU00000771,2025-12-07,App,Digital help,13.55,4
IN00004098,CU00001923,2026-04-25,Call Centre,KYC,4.69,4
IN00004099,CU00000217,2024-10-28,Email,Service request,12.04,5
IN00004100,CU00000068,2024-11-15,App,Digital help,31.87,5
IN00004101,CU00004771,2025-05-21,Branch,Loan enquiry,6.33,1
IN00004102,CU00004486,2025-01-20,Branch,Service request,5.9,3
IN00004103,CU00002230,2026-03-09,Branch,KYC,51.53,5
IN00004104,CU00001678,2026-06-12,Branch,Complaint,8.47,4
IN00004105,CU00003419,2026-01-13,App,Loan enquiry,38.55,5
IN00004106,CU00004455,2025-08-10,App,Loan enquiry,7.88,3
IN00004107,CU00001211,2025-05-18,Email,Digital help,16.47,3
IN00004108,CU00001869,2024-09-16,Chat,Loan enquiry,42.37,4
IN00004109,CU00002087,2025-06-30,Email,Loan enquiry,39.37,3
IN00004110,CU00003271,2024-10-25,App,Service request,11.45,3
IN00004111,CU00004270,2025-05-12,Email,Loan enquiry,12.3,1
IN00004112,CU00001967,2025-09-16,Branch,Loan enquiry,6.38,4
IN00004113,CU00002366,2026-08-07,Branch,Card issue,19.36,5
IN00004114,CU00002327,2025-09-20,App,KYC,7.01,4
IN00004115,CU00000366,2025-01-24,Email,Card issue,26.93,2
IN00004116,CU00001222,2024-09-21,Call Centre,Loan enquiry,11.59,3
IN00004117,CU00001358,2026-08-22,Chat,KYC,33.57,4
IN00004118,CU00003586,2025-11-04,App,Complaint,10.57,5
IN00004119,CU00002000,2026-03-17,App,Card issue,41.59,4
IN00004120,CU00000577,2025-08-01,Chat,Complaint,9.62,5
IN00004121,CU00000264,2024-11-12,Call Centre,KYC,3.95,3
IN00004122,CU00000097,2025-01-14,App,Card issue,8.86,4
IN00004123,CU00001644,2024-09-07,Email,KYC,10.71,5
IN00004124,CU00002057,2026-02-13,App,Card issue,18.69,4
IN00004125,CU00001388,2025-07-13,Email,Loan enquiry,9.22,5
IN00004126,CU00002156,2025-12-30,Call Centre,Complaint,19.61,3
IN00004127,CU00002721,2025-10-26,App,Card issue,7.39,5
IN00004128,CU00003236,2026-01-26,Branch,Loan enquiry,29.26,4
IN00004129,CU00000677,2026-08-09,Call Centre,Complaint,41.89,5
IN00004130,CU00000014,2026-08-23,Call Centre,Digital help,4.89,3
IN00004131,CU00003352,2024-12-22,Chat,Digital help,32.56,2
IN00004132,CU00003051,2025-03-03,Email,Card issue,20.75,5
IN00004133,CU00003339,2025-02-14,Chat,Digital help,24.48,2
IN00004134,CU00002753,2025-05-03,Call Centre,Service request,6.82,4
IN00004135,CU00001074,2025-04-20,Email,Service request,3.14,5
IN00004136,CU00004029,2026-06-06,Chat,Loan enquiry,21.48,5
IN00004137,CU00004495,2025-04-06,Email,Digital help,50.65,5
IN00004138,CU00000796,2026-02-13,Branch,Digital help,4.98,2
IN00004139,CU00004941,2025-05-11,Branch,Service request,10.8,3
IN00004140,CU00001955,2026-06-30,Branch,Complaint,39.97,4
IN00004141,CU00001980,2025-02-19,Email,Card issue,6.63,5
IN00004142,CU00002364,2026-01-07,App,Service request,6.12,3
IN00004143,CU00000698,2026-06-21,Email,KYC,15.13,4
IN00004144,CU00002460,2025-04-24,App,Loan enquiry,16.59,5
IN00004145,CU00001089,2026-07-09,Chat,Complaint,29.05,4
IN00004146,CU00003624,2025-11-22,Call Centre,Service request,8.85,5
IN00004147,CU00003308,2025-04-03,App,Loan enquiry,12.88,4
IN00004148,CU00004278,2025-01-11,Chat,Card issue,17.24,5
IN00004149,CU00000308,2026-03-20,Branch,Complaint,40.0,5
IN00004150,CU00001096,2025-06-01,Call Centre,Loan enquiry,33.94,5
IN00004151,CU00000236,2025-07-04,App,Complaint,47.55,4
IN00004152,CU00003518,2024-12-14,Chat,Card issue,12.01,4
IN00004153,CU00003333,2025-07-08,Email,Complaint,13.18,5
IN00004154,CU00000005,2025-11-23,App,KYC,25.67,5
IN00004155,CU00002494,2025-12-14,Chat,KYC,5.77,5
IN00004156,CU00004876,2025-06-06,App,Digital help,6.9,2
IN00004157,CU00004889,2026-07-30,Chat,Loan enquiry,12.99,1
IN00004158,CU00001997,2025-09-12,Email,KYC,25.39,3
IN00004159,CU00003861,2026-07-29,Branch,Card issue,12.56,4
IN00004160,CU00002354,2026-04-17,Chat,Complaint,49.72,1
IN00004161,CU00001462,2025-12-15,Chat,Card issue,16.5,4
IN00004162,CU00003482,2026-06-15,Branch,Complaint,10.26,4
IN00004163,CU00002066,2026-06-21,Email,Loan enquiry,26.11,4
IN00004164,CU00001115,2025-10-17,Email,Complaint,7.42,4
IN00004165,CU00004129,2026-04-09,App,KYC,17.1,5
IN00004166,CU00003712,2025-06-10,Branch,Loan enquiry,17.07,4
IN00004167,CU00002326,2025-04-10,Chat,KYC,29.23,4
IN00004168,CU00002133,2024-10-14,Call Centre,KYC,7.48,3
IN00004169,CU00003997,2025-02-15,Call Centre,Loan enquiry,14.77,5
IN00004170,CU00002365,2025-09-12,Branch,Digital help,21.56,5
IN00004171,CU00003668,2025-03-28,Chat,Service request,40.89,4
IN00004172,CU00004136,2025-06-11,Call Centre,Complaint,12.11,5
IN00004173,CU00000008,2025-02-19,Branch,Loan enquiry,23.51,5
IN00004174,CU00000532,2025-04-11,App,Service request,17.36,5
IN00004175,CU00000290,2026-02-18,App,Complaint,5.43,5
IN00004176,CU00003563,2025-08-31,Email,KYC,3.01,4
IN00004177,CU00003166,2025-03-30,Branch,Service request,3.47,5
IN00004178,CU00002523,2024-10-28,Branch,Card issue,10.0,5
IN00004179,CU00000722,2025-02-23,Branch,Complaint,14.73,3
IN00004180,CU00004923,2026-04-05,App,KYC,26.28,5
IN00004181,CU00004131,2025-09-12,Call Centre,KYC,16.8,1
IN00004182,CU00000403,2025-03-05,Chat,Loan enquiry,18.37,3
IN00004183,CU00003430,2024-12-20,Branch,Card issue,14.09,4
IN00004184,CU00004381,2024-11-06,Chat,Service request,2.33,5
IN00004185,CU00004772,2025-04-27,Branch,KYC,16.46,4
IN00004186,CU00002923,2025-01-08,Branch,Loan enquiry,35.85,5
IN00004187,CU00002959,2024-10-15,Chat,Card issue,23.13,4
IN00004188,CU00001499,2026-03-05,App,Digital help,34.78,5
IN00004189,CU00004574,2025-01-19,Call Centre,Loan enquiry,8.35,4
IN00004190,CU00004136,2026-01-10,App,KYC,10.4,4
IN00004191,CU00001716,2024-09-26,Branch,Digital help,32.55,4
IN00004192,CU00003503,2025-05-18,Branch,Digital help,10.72,5
IN00004193,CU00000287,2026-05-08,Chat,Complaint,9.14,3
IN00004194,CU00000427,2025-12-12,Call Centre,Card issue,53.92,4
IN00004195,CU00002100,2026-04-11,Call Centre,Card issue,17.39,5
IN00004196,CU00004424,2025-11-07,Branch,Card issue,13.5,4
IN00004197,CU00001505,2025-08-22,App,Complaint,7.0,4
IN00004198,CU00002950,2026-06-01,App,KYC,16.82,4
IN00004199,CU00004865,2025-01-26,Call Centre,Complaint,4.56,5
IN00004200,CU00001576,2026-05-22,Call Centre,Complaint,15.85,4
IN00004201,CU00000484,2025-01-24,App,Service request,2.74,4
IN00004202,CU00001485,2026-06-07,Email,Digital help,18.75,5
IN00004203,CU00004162,2025-07-29,Chat,Digital help,5.29,4
IN00004204,CU00000016,2025-04-24,Chat,Service request,36.64,3
IN00004205,CU00004730,2025-04-23,Call Centre,Card issue,15.21,5
IN00004206,CU00004412,2026-06-17,App,Card issue,41.14,5
IN00004207,CU00000423,2026-08-23,Email,Complaint,2.82,3
IN00004208,CU00001873,2025-07-19,App,Loan enquiry,3.36,4
IN00004209,CU00004842,2024-11-12,App,Loan enquiry,36.94,4
IN00004210,CU00003880,2026-02-13,Branch,Card issue,16.55,4
IN00004211,CU00001874,2024-09-02,Call Centre,Service request,17.03,5
IN00004212,CU00000387,2025-03-18,Call Centre,Card issue,21.76,4
IN00004213,CU00001835,2025-10-29,Call Centre,Digital help,27.78,4
IN00004214,CU00001680,2026-04-28,Call Centre,Loan enquiry,13.09,4
IN00004215,CU00004584,2025-12-20,Chat,Service request,37.37,5
IN00004216,CU00001862,2026-02-13,Email,Service request,11.61,4
IN00004217,CU00001616,2024-12-13,Chat,Loan enquiry,21.39,5
IN00004218,CU00001410,2026-05-02,App,Digital help,1.49,5
IN00004219,CU00001099,2024-09-30,Email,Digital help,16.06,4
IN00004220,CU00003481,2025-07-21,Branch,Loan enquiry,8.98,5
IN00004221,CU00001078,2025-06-25,Chat,Service request,30.2,4
IN00004222,CU00000859,2024-12-22,Chat,Loan enquiry,17.96,4
IN00004223,CU00003674,2025-10-03,Chat,Loan enquiry,3.04,5
IN00004224,CU00000255,2024-10-21,Call Centre,Loan enquiry,7.94,5
IN00004225,CU00000298,2026-02-18,Chat,Service request,31.61,4
IN00004226,CU00000415,2026-01-16,Call Centre,Card issue,46.81,5
IN00004227,CU00000016,2026-04-09,Branch,Complaint,12.91,4
IN00004228,CU00003271,2025-01-11,Branch,Digital help,16.14,5
IN00004229,CU00002669,2026-02-25,App,Service request,6.27,2
IN00004230,CU00000727,2025-03-01,Call Centre,Loan enquiry,22.38,4
IN00004231,CU00002689,2026-02-23,Chat,Digital help,20.7,4
IN00004232,CU00004389,2024-12-02,Branch,Digital help,40.29,4
IN00004233,CU00003720,2026-08-16,App,Service request,19.73,5
IN00004234,CU00003439,2025-06-22,Branch,KYC,12.25,5
IN00004235,CU00004073,2024-12-27,Email,Digital help,6.38,3
IN00004236,CU00002804,2025-08-30,Call Centre,Loan enquiry,8.31,1
IN00004237,CU00002320,2026-07-30,App,Complaint,24.09,4
IN00004238,CU00003793,2025-07-09,Branch,KYC,3.43,5
IN00004239,CU00003514,2025-05-15,Branch,Digital help,6.08,5
IN00004240,CU00003175,2025-07-14,Email,Card issue,26.03,5
IN00004241,CU00001565,2025-07-23,Call Centre,Card issue,18.25,4
IN00004242,CU00001926,2025-12-31,Call Centre,Card issue,15.05,2
IN00004243,CU00004538,2026-01-31,Branch,Digital help,5.04,3
IN00004244,CU00004376,2026-08-30,App,Card issue,13.38,1
IN00004245,CU00000022,2025-01-27,Branch,Complaint,65.4,4
IN00004246,CU00003458,2026-01-07,Branch,Card issue,30.61,5
IN00004247,CU00002279,2025-01-17,Email,KYC,52.3,5
IN00004248,CU00004722,2024-09-02,Branch,Complaint,8.65,2
IN00004249,CU00001428,2025-04-21,Email,Complaint,8.61,5
IN00004250,CU00001481,2026-04-26,Branch,Service request,21.66,5
IN00004251,CU00000764,2024-11-10,Call Centre,KYC,3.05,5
IN00004252,CU00004291,2024-10-08,App,Card issue,11.89,2
IN00004253,CU00000547,2024-09-26,Call Centre,Digital help,22.9,5
IN00004254,CU00002195,2025-10-13,Chat,Service request,18.29,2
IN00004255,CU00003549,2025-10-08,App,Loan enquiry,13.43,5
IN00004256,CU00000795,2025-06-06,Email,KYC,26.52,5
IN00004257,CU00002037,2026-05-15,Branch,Digital help,3.53,3
IN00004258,CU00003203,2024-12-03,Chat,Loan enquiry,32.3,3
IN00004259,CU00001308,2025-07-03,Chat,Card issue,12.47,4
IN00004260,CU00001687,2025-10-06,Chat,Card issue,1.54,2
IN00004261,CU00004426,2025-03-20,Chat,Complaint,11.63,3
IN00004262,CU00001263,2026-06-05,Email,Card issue,13.02,4
IN00004263,CU00004644,2026-05-16,App,Service request,4.89,5
IN00004264,CU00003596,2026-06-20,Email,Loan enquiry,19.08,4
IN00004265,CU00002410,2025-11-26,Email,Service request,16.05,4
IN00004266,CU00001941,2025-09-06,Email,Complaint,43.21,4
IN00004267,CU00000554,2025-05-06,Call Centre,Service request,3.34,1
IN00004268,CU00000596,2024-12-20,App,Complaint,2.1,4
IN00004269,CU00001400,2024-10-27,Call Centre,KYC,14.89,2
IN00004270,CU00002742,2026-02-26,Email,Loan enquiry,16.92,4
IN00004271,CU00004253,2024-09-06,App,Digital help,24.72,4
IN00004272,CU00000064,2026-05-14,Call Centre,Complaint,13.69,5
IN00004273,CU00001902,2025-07-17,Chat,KYC,1.44,5
IN00004274,CU00003776,2024-12-29,App,Service request,1.55,5
IN00004275,CU00000557,2026-06-29,Chat,Service request,19.95,4
IN00004276,CU00004464,2025-06-28,Chat,KYC,30.89,5
IN00004277,CU00001545,2025-05-07,Chat,Digital help,14.37,2
IN00004278,CU00003391,2024-10-12,Chat,Service request,18.73,4
IN00004279,CU00002915,2025-09-23,App,Digital help,13.23,5
IN00004280,CU00004854,2026-07-02,Chat,Card issue,12.49,4
IN00004281,CU00001569,2024-11-20,Branch,Card issue,35.52,3
IN00004282,CU00004292,2026-01-10,Chat,Card issue,12.62,2
IN00004283,CU00002940,2026-08-12,Call Centre,Digital help,22.35,5
IN00004284,CU00001810,2025-03-12,Email,Card issue,8.43,1
IN00004285,CU00002331,2025-12-15,Call Centre,Card issue,10.94,3
IN00004286,CU00004569,2025-08-12,Chat,KYC,24.47,2
IN00004287,CU00002392,2025-04-14,App,Digital help,27.09,2
IN00004288,CU00004040,2026-05-06,Chat,Complaint,40.87,5
IN00004289,CU00002446,2025-03-25,Chat,KYC,26.67,4
IN00004290,CU00002384,2026-02-16,App,Card issue,13.66,4
IN00004291,CU00001796,2025-05-11,Email,Loan enquiry,4.22,3
IN00004292,CU00000688,2024-12-06,Branch,Card issue,13.59,5
IN00004293,CU00000768,2026-03-28,Chat,Card issue,30.49,2
IN00004294,CU00004958,2025-08-19,App,Complaint,9.15,5
IN00004295,CU00002487,2024-10-26,Branch,Digital help,10.82,3
IN00004296,CU00002888,2026-07-03,App,Card issue,6.71,5
IN00004297,CU00001215,2024-11-23,App,Digital help,24.68,4
IN00004298,CU00003450,2026-07-15,Branch,Complaint,13.86,5
IN00004299,CU00001051,2025-12-01,Chat,KYC,29.2,4
IN00004300,CU00003439,2026-05-15,Branch,Service request,50.65,2
IN00004301,CU00001199,2026-03-22,App,Loan enquiry,31.67,4
IN00004302,CU00002828,2026-02-09,Email,Digital help,10.97,4
IN00004303,CU00000789,2026-08-07,App,Digital help,11.2,3
IN00004304,CU00002778,2024-09-06,Chat,KYC,9.74,3
IN00004305,CU00003040,2026-02-28,Call Centre,KYC,2.43,3
IN00004306,CU00004937,2025-01-03,Chat,Service request,17.18,5
IN00004307,CU00004642,2026-04-19,Chat,Service request,7.21,4
IN00004308,CU00003225,2025-07-14,Branch,Loan enquiry,27.5,4
IN00004309,CU00002118,2026-03-12,Call Centre,Service request,17.7,5
IN00004310,CU00000186,2024-11-01,Call Centre,Digital help,12.36,5
IN00004311,CU00002789,2025-04-24,Email,Service request,8.35,4
IN00004312,CU00002701,2025-05-12,Chat,Complaint,3.3,4
IN00004313,CU00001738,2026-08-03,Call Centre,KYC,21.23,3
IN00004314,CU00002638,2025-10-21,Call Centre,Digital help,12.06,5
IN00004315,CU00000180,2025-05-02,Email,Complaint,25.79,5
IN00004316,CU00003131,2026-04-06,Chat,KYC,5.19,4
IN00004317,CU00004060,2026-05-02,Branch,Complaint,40.49,5
IN00004318,CU00004307,2026-03-06,Branch,KYC,16.93,4
IN00004319,CU00001906,2026-04-29,Chat,Digital help,27.0,3
IN00004320,CU00002718,2025-12-16,App,Loan enquiry,7.11,5
IN00004321,CU00003584,2025-07-11,App,Digital help,5.15,4
IN00004322,CU00001131,2026-04-22,Chat,Service request,53.89,5
IN00004323,CU00001058,2025-07-20,Chat,KYC,4.5,4
IN00004324,CU00002796,2025-08-15,Email,Loan enquiry,23.69,4
IN00004325,CU00004045,2024-10-23,Chat,Card issue,41.22,4
IN00004326,CU00002753,2024-11-02,Email,Card issue,16.17,5
IN00004327,CU00001590,2026-08-28,App,KYC,21.11,5
IN00004328,CU00004277,2026-06-13,Branch,Service request,36.88,4
IN00004329,CU00004617,2025-03-08,Branch,Loan enquiry,18.11,4
IN00004330,CU00004078,2026-03-03,Branch,Digital help,16.52,5
IN00004331,CU00003286,2025-01-29,Chat,KYC,24.33,3
IN00004332,CU00003548,2026-07-03,Chat,KYC,21.55,2
IN00004333,CU00004848,2024-12-09,App,Digital help,11.99,4
IN00004334,CU00002060,2025-04-28,Branch,Card issue,16.88,4
IN00004335,CU00001860,2026-02-11,Email,Complaint,30.32,3
IN00004336,CU00002022,2024-10-11,Branch,Digital help,12.33,3
IN00004337,CU00001662,2026-07-26,App,Card issue,48.9,4
IN00004338,CU00004543,2025-10-27,Branch,KYC,4.12,3
IN00004339,CU00004526,2025-03-02,Email,Loan enquiry,19.91,4
IN00004340,CU00000275,2025-02-06,Branch,Service request,18.23,5
IN00004341,CU00001192,2024-10-06,Call Centre,Digital help,27.03,4
IN00004342,CU00005000,2026-04-20,Branch,Card issue,16.48,4
IN00004343,CU00001267,2026-05-04,Chat,Digital help,12.85,4
IN00004344,CU00004858,2025-05-11,Chat,Loan enquiry,11.42,4
IN00004345,CU00000380,2026-03-18,Email,Service request,28.08,5
IN00004346,CU00002996,2026-01-07,Chat,Digital help,9.59,4
IN00004347,CU00000210,2025-06-29,Chat,Card issue,10.44,1
IN00004348,CU00004501,2025-07-09,Chat,KYC,35.77,4
IN00004349,CU00004923,2025-09-28,App,Service request,5.16,5
IN00004350,CU00002057,2025-12-18,Email,Service request,11.91,4
IN00004351,CU00002799,2026-03-26,Chat,Card issue,5.39,2
IN00004352,CU00001180,2026-07-19,Call Centre,KYC,0.95,4
IN00004353,CU00004974,2025-08-01,Email,Card issue,30.11,2
IN00004354,CU00002156,2026-04-23,App,Complaint,10.08,4
IN00004355,CU00002584,2026-06-21,Email,Complaint,41.33,5
IN00004356,CU00003338,2026-03-03,Chat,Service request,18.18,5
IN00004357,CU00002705,2025-12-23,Chat,Digital help,8.98,4
IN00004358,CU00002913,2026-08-04,Branch,Loan enquiry,8.13,3
IN00004359,CU00000554,2024-11-01,Chat,KYC,15.96,3
IN00004360,CU00000709,2025-05-21,App,Card issue,21.79,4
IN00004361,CU00000996,2025-08-03,App,Loan enquiry,32.49,3
IN00004362,CU00002767,2026-01-17,Email,Digital help,5.07,5
IN00004363,CU00004860,2025-09-02,Call Centre,KYC,35.02,5
IN00004364,CU00003489,2024-09-14,Call Centre,Complaint,11.57,5
IN00004365,CU00001288,2024-10-20,Email,Digital help,13.68,5
IN00004366,CU00000105,2026-02-12,Branch,Card issue,27.39,3
IN00004367,CU00003052,2026-07-21,Branch,Card issue,14.2,5
IN00004368,CU00002177,2025-07-05,Email,KYC,30.37,4
IN00004369,CU00004273,2024-11-05,Branch,Loan enquiry,21.38,4
IN00004370,CU00004276,2026-07-12,Chat,KYC,9.07,4
IN00004371,CU00004948,2025-03-31,Call Centre,Digital help,11.45,3
IN00004372,CU00000814,2026-01-10,Branch,Digital help,9.58,4
IN00004373,CU00003521,2024-12-07,Email,Card issue,2.61,2
IN00004374,CU00000062,2025-01-17,Branch,Digital help,10.14,5
IN00004375,CU00004601,2026-03-07,Branch,KYC,14.44,2
IN00004376,CU00004844,2024-09-05,Email,Card issue,16.05,5
IN00004377,CU00002761,2026-03-28,Chat,KYC,7.21,4
IN00004378,CU00000781,2026-01-25,Call Centre,Loan enquiry,1.61,4
IN00004379,CU00003210,2026-02-02,Email,Card issue,26.72,5
IN00004380,CU00000726,2025-12-03,Call Centre,Complaint,4.28,5
IN00004381,CU00004771,2024-12-06,Email,Digital help,4.02,5
IN00004382,CU00003808,2025-01-30,App,Loan enquiry,14.96,5
IN00004383,CU00000902,2026-04-08,Call Centre,Complaint,42.82,5
IN00004384,CU00004370,2026-06-06,Chat,Service request,21.98,3
IN00004385,CU00002202,2025-06-06,Email,KYC,3.23,5
IN00004386,CU00002058,2024-10-25,Call Centre,Service request,6.39,3
IN00004387,CU00001959,2025-03-05,Call Centre,Complaint,19.48,5
IN00004388,CU00000043,2024-09-28,Branch,Card issue,4.44,4
IN00004389,CU00004643,2025-09-07,App,Digital help,15.98,4
IN00004390,CU00000881,2026-03-14,Email,Loan enquiry,24.67,4
IN00004391,CU00003094,2025-10-07,Email,Loan enquiry,18.78,5
IN00004392,CU00002387,2024-10-06,Branch,Complaint,5.94,5
IN00004393,CU00004304,2025-12-04,Call Centre,Loan enquiry,5.56,4
IN00004394,CU00003785,2025-11-14,App,Service request,17.75,4
IN00004395,CU00000892,2026-02-12,Branch,Service request,11.84,3
IN00004396,CU00002761,2025-08-31,Email,Service request,5.7,2
IN00004397,CU00002313,2024-11-23,Branch,Complaint,15.95,3
IN00004398,CU00002539,2026-07-01,Call Centre,KYC,23.06,4
IN00004399,CU00003616,2025-03-31,Branch,Complaint,24.67,4
IN00004400,CU00003401,2025-11-08,Email,Card issue,6.83,5
IN00004401,CU00000314,2024-10-11,Chat,Loan enquiry,12.58,4
IN00004402,CU00000820,2025-03-15,Branch,Complaint,27.56,3
IN00004403,CU00003454,2025-12-01,Email,Complaint,14.58,5
IN00004404,CU00003642,2025-08-26,Chat,Complaint,23.93,5
IN00004405,CU00002757,2025-05-25,Call Centre,Complaint,4.17,5
IN00004406,CU00003032,2025-04-10,App,Loan enquiry,3.22,5
IN00004407,CU00000279,2025-05-07,App,Card issue,28.55,2
IN00004408,CU00001327,2026-01-20,Call Centre,Complaint,18.58,4
IN00004409,CU00001809,2025-12-31,Email,Service request,28.6,4
IN00004410,CU00000431,2025-12-30,App,KYC,15.2,5
IN00004411,CU00001905,2026-03-03,Email,Loan enquiry,15.05,4
IN00004412,CU00001886,2026-03-07,Chat,Digital help,4.14,4
IN00004413,CU00004953,2025-09-24,Branch,Complaint,9.04,5
IN00004414,CU00002577,2024-12-23,Branch,Card issue,3.85,4
IN00004415,CU00001736,2025-05-19,Branch,Card issue,33.82,5
IN00004416,CU00001310,2025-11-20,App,KYC,13.89,3
IN00004417,CU00004714,2025-01-29,Chat,Loan enquiry,22.1,4
IN00004418,CU00002033,2026-04-01,Call Centre,Complaint,15.91,1
IN00004419,CU00000499,2025-12-04,Branch,KYC,19.64,3
IN00004420,CU00002182,2024-12-03,Branch,KYC,29.31,5
IN00004421,CU00000860,2026-02-23,Call Centre,Card issue,7.84,5
IN00004422,CU00001566,2024-11-24,Chat,Card issue,29.06,4
IN00004423,CU00003332,2026-06-25,Chat,Card issue,17.71,5
IN00004424,CU00000958,2025-11-24,Chat,Loan enquiry,13.01,4
IN00004425,CU00002696,2026-05-13,Call Centre,Card issue,7.57,3
IN00004426,CU00003555,2026-01-31,App,Complaint,3.29,5
IN00004427,CU00002278,2025-02-22,Email,Service request,14.42,4
IN00004428,CU00001140,2025-02-24,Email,Card issue,5.25,4
IN00004429,CU00000784,2025-12-19,Email,KYC,46.02,4
IN00004430,CU00003595,2024-11-24,Branch,Complaint,14.84,4
IN00004431,CU00001734,2024-11-13,Branch,Card issue,44.57,2
IN00004432,CU00003237,2025-03-16,Email,Complaint,35.89,4
IN00004433,CU00004229,2025-04-24,Branch,KYC,10.18,4
IN00004434,CU00000903,2025-09-18,App,Service request,2.7,3
IN00004435,CU00000263,2025-06-24,Call Centre,Loan enquiry,26.0,4
IN00004436,CU00001740,2024-11-14,Call Centre,KYC,20.43,4
IN00004437,CU00004272,2025-03-13,Chat,Service request,28.23,4
IN00004438,CU00000961,2026-04-10,Chat,Service request,19.1,5
IN00004439,CU00001830,2025-11-21,Branch,Card issue,24.54,4
IN00004440,CU00000222,2025-02-07,Email,Service request,15.24,4
IN00004441,CU00002091,2026-06-18,Chat,Loan enquiry,18.85,3
IN00004442,CU00002890,2026-03-08,Call Centre,KYC,8.44,5
IN00004443,CU00000097,2025-06-06,Branch,Card issue,14.29,5
IN00004444,CU00000782,2026-06-26,Chat,Card issue,29.24,4
IN00004445,CU00000490,2026-05-19,Chat,Service request,13.54,5
IN00004446,CU00004334,2025-04-28,Call Centre,Complaint,10.27,4
IN00004447,CU00004451,2025-01-12,Branch,Loan enquiry,17.37,4
IN00004448,CU00002728,2025-05-24,Chat,Card issue,9.65,4
IN00004449,CU00004514,2025-07-21,Branch,KYC,12.88,4
IN00004450,CU00003173,2025-10-26,Chat,Loan enquiry,13.06,5
IN00004451,CU00004629,2024-11-16,Chat,Card issue,27.57,5
IN00004452,CU00003762,2024-09-19,Branch,Card issue,12.86,3
IN00004453,CU00003105,2025-05-01,App,Loan enquiry,18.0,3
IN00004454,CU00000764,2026-02-28,Call Centre,Card issue,19.82,4
IN00004455,CU00001947,2026-01-15,App,KYC,14.1,5
IN00004456,CU00002550,2026-03-25,Call Centre,Service request,9.88,4
IN00004457,CU00003254,2025-03-24,Branch,Complaint,33.96,3
IN00004458,CU00004871,2025-07-20,Chat,Digital help,21.91,4
IN00004459,CU00003294,2025-07-12,App,KYC,14.54,4
IN00004460,CU00003215,2025-01-03,Chat,KYC,16.82,4
IN00004461,CU00002907,2025-08-13,Branch,Digital help,9.75,4
IN00004462,CU00000226,2026-05-05,Call Centre,Loan enquiry,11.79,3
IN00004463,CU00004701,2025-05-31,Email,Digital help,33.64,2
IN00004464,CU00000888,2025-01-18,Chat,Card issue,13.54,4
IN00004465,CU00004598,2025-08-05,App,Service request,31.95,4
IN00004466,CU00003457,2026-07-29,Chat,Service request,6.64,4
IN00004467,CU00001610,2025-10-26,Branch,Loan enquiry,11.22,5
IN00004468,CU00002753,2026-01-24,Chat,Loan enquiry,7.55,4
IN00004469,CU00000785,2025-10-02,Email,Card issue,21.04,4
IN00004470,CU00004157,2026-07-22,Call Centre,Complaint,5.55,5
IN00004471,CU00001477,2026-06-09,Email,Card issue,26.41,5
IN00004472,CU00000914,2026-07-13,App,Digital help,15.36,5
IN00004473,CU00002173,2025-06-16,Email,Loan enquiry,11.27,1
IN00004474,CU00004624,2026-05-21,Email,Loan enquiry,8.27,5
IN00004475,CU00001406,2025-11-15,Call Centre,Card issue,26.24,1
IN00004476,CU00002691,2025-02-11,Branch,Service request,12.14,4
IN00004477,CU00000230,2026-03-03,Branch,Digital help,6.35,5
IN00004478,CU00004069,2025-12-04,App,KYC,19.05,5
IN00004479,CU00004487,2026-07-02,Branch,Digital help,29.44,5
IN00004480,CU00004815,2026-05-16,App,Service request,9.89,1
IN00004481,CU00002424,2026-04-08,App,Loan enquiry,19.91,5
IN00004482,CU00004107,2024-12-19,Branch,Loan enquiry,38.92,5
IN00004483,CU00000250,2024-12-31,Branch,Card issue,24.26,4
IN00004484,CU00003524,2026-03-13,Chat,Complaint,11.25,5
IN00004485,CU00001460,2024-12-14,Email,Digital help,16.71,3
IN00004486,CU00004008,2025-02-22,Email,Service request,4.38,4
IN00004487,CU00000579,2025-04-30,Chat,Service request,11.93,5
IN00004488,CU00000795,2026-07-08,Branch,Loan enquiry,12.49,4
IN00004489,CU00002230,2025-12-07,Email,Digital help,27.46,5
IN00004490,CU00001920,2026-03-18,Email,Complaint,4.07,5
IN00004491,CU00000197,2025-07-01,Chat,KYC,26.34,3
IN00004492,CU00004191,2026-08-05,Email,KYC,27.56,4
IN00004493,CU00003813,2026-06-11,App,Card issue,16.14,3
IN00004494,CU00003637,2026-02-23,Branch,KYC,50.34,3
IN00004495,CU00003753,2026-05-22,Call Centre,Digital help,11.7,2
IN00004496,CU00004676,2026-07-21,Chat,Complaint,28.21,4
IN00004497,CU00004637,2024-12-25,Branch,Card issue,16.85,4
IN00004498,CU00000845,2025-11-27,Chat,Digital help,9.97,1
IN00004499,CU00004485,2025-05-14,Chat,Card issue,4.67,3
IN00004500,CU00004918,2025-06-23,Branch,Service request,17.8,5
