loan_id,customer_id,branch_id,loan_type,origination_date,principal_amount,outstanding_amount,interest_rate,term_months,days_past_due,credit_score,loan_status
LN00000001,CU00004952,BR001,Education,2026-02-26,1454170.36,1041770.55,16.32,36,0,620,Current
LN00000002,CU00003156,BR009,Business,2022-06-06,196526.34,141420.4,17.98,120,0,711,Current
LN00000003,CU00001642,BR006,Home,2022-08-14,52101.66,40628.26,17.93,36,0,798,Current
LN00000004,CU00003782,BR021,Home,2022-07-07,376407.55,64315.8,18.74,240,0,717,Current
LN00000005,CU00004144,BR017,Education,2022-07-28,3417156.54,1903703.01,16.92,180,0,560,Current
LN00000006,CU00002781,BR007,Business,2023-12-13,917322.92,432003.01,7.86,180,0,761,Current
LN00000007,CU00003356,BR008,Business,2023-12-24,333837.65,131038.03,15.99,60,0,767,Current
LN00000008,CU00000418,BR008,Personal,2022-02-28,1219571.69,1093078.0,16.32,60,0,675,Current
LN00000009,CU00001967,BR015,Personal,2024-12-01,1886896.19,1243028.69,15.69,60,0,820,Current
LN00000010,CU00001054,BR002,Vehicle,2025-10-23,376965.32,285202.83,12.3,12,0,810,Current
LN00000011,CU00000732,BR007,Business,2022-11-29,368525.83,283619.97,17.88,12,0,694,Current
LN00000012,CU00000796,BR003,Vehicle,2021-12-24,222922.02,91590.73,16.36,120,0,620,Current
LN00000013,CU00002240,BR013,Personal,2026-01-01,329560.66,168504.79,10.46,36,0,712,Current
LN00000014,CU00001628,BR001,Vehicle,2026-03-23,141249.64,110334.11,17.34,120,0,763,Current
LN00000015,CU00004289,BR021,Home,2021-12-22,149839.43,23907.54,9.2,60,0,721,Current
LN00000016,CU00001652,BR018,Home,2024-10-30,2092016.86,1350767.72,17.89,36,0,741,Current
LN00000017,CU00002187,BR006,Vehicle,2024-10-29,3521878.17,1576775.11,18.91,36,0,647,Current
LN00000018,CU00002753,BR017,Home,2026-05-14,653540.54,127315.81,9.63,120,0,637,Current
LN00000019,CU00002135,BR019,Vehicle,2024-10-11,98982.13,38186.31,13.7,12,0,793,Current
LN00000020,CU00003734,BR004,Education,2025-12-01,264637.16,190465.91,17.24,24,0,629,Current
LN00000021,CU00001900,BR012,Home,2020-12-30,1616513.19,966156.2,18.37,180,0,703,Current
LN00000022,CU00002575,BR008,Home,2024-09-01,598810.53,233548.45,13.62,180,0,689,Current
LN00000023,CU00001831,BR023,Business,2021-09-16,1339151.14,1194921.43,9.71,240,0,651,Current
LN00000024,CU00000290,BR006,Home,2021-08-21,722750.63,393791.04,9.64,60,0,794,Current
LN00000025,CU00003634,BR006,Vehicle,2021-11-14,2676083.91,1760376.97,12.47,120,0,779,Current
LN00000026,CU00000391,BR005,Vehicle,2025-07-12,50000.0,34098.72,12.0,120,0,706,Current
LN00000027,CU00002770,BR021,Home,2020-12-28,550723.64,482489.13,13.2,24,0,557,Current
LN00000028,CU00000015,BR003,Education,2022-11-27,119618.56,58427.23,12.16,24,0,700,Current
LN00000029,CU00001014,BR003,Home,2026-04-06,128238.26,26898.04,8.42,24,0,763,Current
LN00000030,CU00003865,BR010,Home,2021-03-28,110544.11,59984.71,18.15,120,0,712,Current
LN00000031,CU00004416,BR018,Education,2024-09-05,1085801.6,784453.03,7.63,36,0,808,Current
LN00000032,CU00000963,BR010,Personal,2023-03-24,324610.76,244580.19,18.36,120,0,789,Current
LN00000033,CU00000151,BR022,Vehicle,2026-05-22,193164.83,46745.46,9.35,120,15,707,Current
LN00000034,CU00003713,BR003,Home,2021-12-23,673709.07,357722.91,9.98,12,120,656,Non-performing
LN00000035,CU00001769,BR024,Home,2023-11-06,50000.0,25256.22,10.37,12,0,656,Current
LN00000036,CU00000098,BR017,Vehicle,2025-02-24,225503.03,116661.56,17.76,60,30,751,Delinquent
LN00000037,CU00002127,BR003,Business,2023-09-03,75549.66,13452.0,8.46,60,0,588,Current
LN00000038,CU00002502,BR001,Business,2023-04-15,1103353.23,873787.4,11.62,36,0,716,Current
LN00000039,CU00000904,BR001,Personal,2023-03-23,1166650.22,320431.72,8.0,24,30,640,Delinquent
LN00000040,CU00001138,BR011,Vehicle,2022-04-30,532748.0,302484.38,8.18,60,0,692,Current
LN00000041,CU00002257,BR014,Home,2022-06-19,1233212.55,911789.27,9.46,240,60,683,Delinquent
LN00000042,CU00001169,BR015,Personal,2021-01-17,219506.54,107130.24,14.27,60,15,685,Current
LN00000043,CU00002677,BR007,Home,2023-09-20,287404.17,248599.07,19.23,240,0,777,Current
LN00000044,CU00002272,BR008,Home,2021-06-09,224620.76,137695.15,11.86,120,0,730,Current
LN00000045,CU00003083,BR019,Home,2023-06-15,2021246.61,799531.87,9.27,180,0,600,Current
LN00000046,CU00004166,BR024,Personal,2024-10-24,434910.07,167967.21,16.24,240,0,771,Current
LN00000047,CU00004098,BR001,Vehicle,2025-09-15,493304.98,435660.39,9.52,120,30,784,Delinquent
LN00000048,CU00004212,BR017,Personal,2021-11-17,537950.14,232165.45,16.56,120,0,834,Current
LN00000049,CU00001092,BR009,Business,2023-05-11,198081.39,128047.49,9.58,120,0,639,Current
LN00000050,CU00002208,BR009,Business,2021-12-23,355517.83,268041.19,16.08,240,0,725,Current
LN00000051,CU00002933,BR004,Home,2022-01-18,2500109.35,1266347.32,18.65,36,30,740,Delinquent
LN00000052,CU00003805,BR013,Home,2023-03-14,784062.84,579495.24,14.31,120,0,728,Current
LN00000053,CU00000100,BR005,Vehicle,2022-05-17,119271.73,40416.5,16.32,12,0,710,Current
LN00000054,CU00000360,BR018,Home,2024-12-03,420520.44,234374.22,11.6,36,0,849,Current
LN00000055,CU00001589,BR020,Business,2021-11-11,600921.01,137230.83,14.91,180,0,666,Current
LN00000056,CU00003498,BR004,Home,2023-07-04,1243487.95,609198.62,7.65,36,0,729,Current
LN00000057,CU00000942,BR005,Business,2026-06-26,115282.53,88278.03,17.72,12,0,689,Current
LN00000058,CU00003167,BR011,Business,2024-12-02,77901.11,20732.59,18.15,180,0,698,Current
LN00000059,CU00002426,BR004,Personal,2023-11-18,6580342.36,2865912.38,18.38,240,0,763,Current
LN00000060,CU00004132,BR003,Education,2020-10-03,3581596.75,767571.41,11.68,180,90,728,Non-performing
LN00000061,CU00000429,BR014,Business,2024-04-11,294447.96,274117.29,18.0,24,0,717,Current
LN00000062,CU00004533,BR007,Home,2022-11-14,91008.04,20417.9,9.01,24,120,739,Non-performing
LN00000063,CU00001917,BR013,Vehicle,2024-03-29,393626.8,367465.46,11.33,120,0,779,Current
LN00000064,CU00003819,BR014,Education,2020-12-21,587988.67,168569.61,12.13,24,0,683,Current
LN00000065,CU00000631,BR004,Personal,2024-09-25,150301.31,128809.16,17.18,60,15,755,Current
LN00000066,CU00003564,BR021,Personal,2021-06-18,86997.23,75140.76,18.06,120,90,824,Non-performing
LN00000067,CU00004577,BR019,Personal,2022-10-02,1093570.82,950225.26,14.67,240,0,685,Current
LN00000068,CU00004898,BR002,Home,2025-01-18,50000.0,17378.41,16.4,12,60,696,Delinquent
LN00000069,CU00001139,BR012,Business,2021-02-21,1043420.73,398490.7,19.25,36,0,659,Current
LN00000070,CU00001291,BR017,Business,2021-02-15,210119.92,85995.99,19.18,120,0,641,Current
LN00000071,CU00001322,BR001,Home,2021-02-03,240020.53,206864.15,16.61,12,30,611,Delinquent
LN00000072,CU00000073,BR004,Personal,2024-07-17,50000.0,37612.13,10.03,240,0,755,Current
LN00000073,CU00004461,BR019,Home,2020-09-10,2153674.35,1538099.93,15.22,24,0,850,Current
LN00000074,CU00000593,BR002,Business,2023-10-22,1149362.33,392541.18,11.46,24,30,786,Delinquent
LN00000075,CU00001067,BR022,Personal,2025-12-18,336511.09,148135.89,15.23,60,15,784,Current
LN00000076,CU00004276,BR015,Vehicle,2025-08-04,188539.4,39795.25,10.66,180,0,732,Current
LN00000077,CU00004426,BR023,Business,2022-10-18,463211.47,311505.67,12.98,120,0,850,Current
LN00000078,CU00000423,BR016,Business,2021-07-28,760945.03,674939.05,7.63,12,0,717,Current
LN00000079,CU00003491,BR023,Personal,2023-08-01,962064.59,600171.47,19.21,120,0,711,Current
LN00000080,CU00001348,BR017,Home,2021-05-20,300025.84,118216.12,19.42,180,30,670,Delinquent
LN00000081,CU00004499,BR017,Home,2021-07-23,2148641.42,1477411.83,10.88,180,0,614,Current
LN00000082,CU00003500,BR002,Vehicle,2022-07-09,220120.34,80646.92,11.87,180,30,719,Delinquent
LN00000083,CU00001078,BR002,Home,2021-07-31,175557.14,55128.07,18.9,240,0,744,Current
LN00000084,CU00002085,BR011,Home,2022-09-26,78128.56,15843.96,10.3,24,0,767,Current
LN00000085,CU00001981,BR004,Personal,2025-10-01,582475.77,222733.24,8.95,12,0,819,Current
LN00000086,CU00000295,BR016,Education,2024-05-19,431791.52,195289.71,18.7,120,0,707,Current
LN00000087,CU00002499,BR007,Home,2025-06-13,1230990.58,418121.31,10.74,120,15,726,Current
LN00000088,CU00001356,BR001,Personal,2024-03-20,256078.39,197350.63,7.83,60,60,640,Delinquent
LN00000089,CU00001926,BR015,Personal,2020-11-30,151549.58,37327.2,17.05,120,0,751,Current
LN00000090,CU00002778,BR019,Business,2022-01-02,54169.52,17801.8,17.15,24,0,712,Current
LN00000091,CU00000080,BR023,Personal,2023-09-12,242577.37,125060.99,11.86,24,0,665,Current
LN00000092,CU00000961,BR017,Education,2021-08-25,1192196.28,828954.9,13.53,120,90,685,Non-performing
LN00000093,CU00000686,BR018,Personal,2025-11-24,600427.02,373463.49,13.3,24,0,753,Current
LN00000094,CU00004551,BR013,Personal,2022-05-18,264562.03,94784.34,9.03,24,0,712,Current
LN00000095,CU00003662,BR018,Business,2026-04-03,758458.66,376553.74,12.91,180,0,751,Current
LN00000096,CU00001089,BR014,Vehicle,2026-05-12,189656.82,32062.3,15.05,120,0,839,Current
LN00000097,CU00004219,BR018,Home,2024-07-31,218069.06,26778.39,8.74,24,0,737,Current
LN00000098,CU00004757,BR007,Education,2024-06-17,285477.56,36102.65,16.8,180,0,850,Current
LN00000099,CU00002299,BR022,Vehicle,2022-11-16,585233.36,474165.05,15.38,240,0,775,Current
LN00000100,CU00000272,BR005,Home,2024-09-14,142553.42,76351.52,17.17,120,0,706,Current
LN00000101,CU00004269,BR004,Education,2022-09-12,454539.29,250635.07,18.22,12,0,724,Current
LN00000102,CU00002786,BR019,Personal,2020-12-18,2000622.9,520096.16,9.66,36,15,669,Current
LN00000103,CU00001252,BR023,Business,2024-03-26,2755348.85,537765.85,9.43,12,0,683,Current
LN00000104,CU00004040,BR006,Business,2021-12-06,967449.58,712145.4,10.47,12,0,661,Current
LN00000105,CU00000102,BR015,Education,2022-04-23,250272.83,182323.7,9.66,120,0,838,Current
LN00000106,CU00002701,BR007,Home,2022-07-12,122760.02,16146.37,18.88,240,0,683,Current
LN00000107,CU00003273,BR002,Home,2022-02-07,954536.41,473520.62,19.34,24,0,792,Current
LN00000108,CU00000551,BR001,Personal,2025-11-20,285082.84,245720.44,18.25,60,30,722,Delinquent
LN00000109,CU00002390,BR021,Education,2021-06-09,938608.76,804229.19,17.57,120,0,623,Current
LN00000110,CU00003352,BR012,Personal,2022-07-01,1278294.92,552628.3,10.11,240,0,813,Current
LN00000111,CU00004628,BR008,Personal,2025-09-19,1707280.85,1496853.18,13.08,60,15,744,Current
LN00000112,CU00002368,BR014,Vehicle,2025-11-25,1559150.91,1015097.35,13.77,60,30,700,Delinquent
LN00000113,CU00004556,BR011,Business,2024-04-11,1030063.88,126684.0,17.18,60,0,752,Current
LN00000114,CU00004511,BR020,Home,2026-01-03,2321858.97,1839046.82,15.33,60,0,731,Current
LN00000115,CU00000404,BR020,Home,2021-10-29,677368.12,319471.63,16.75,24,0,752,Current
LN00000116,CU00004450,BR001,Home,2024-07-18,994469.25,559674.32,14.09,120,0,613,Current
LN00000117,CU00002378,BR006,Business,2021-05-27,1675893.97,586500.19,14.04,12,0,686,Current
LN00000118,CU00003477,BR020,Home,2022-06-13,305895.64,144567.48,14.35,24,0,719,Current
LN00000119,CU00000328,BR005,Education,2025-08-12,9045374.86,1325115.03,18.66,240,0,850,Current
LN00000120,CU00004895,BR003,Home,2023-10-24,2814266.16,1456937.58,16.49,60,0,763,Current
LN00000121,CU00002857,BR007,Education,2026-01-11,462713.64,270251.3,15.02,240,0,703,Current
LN00000122,CU00000009,BR010,Personal,2024-08-27,488119.81,278307.65,12.81,12,0,818,Current
LN00000123,CU00004382,BR005,Personal,2021-08-13,187075.23,22968.56,10.57,60,0,776,Current
LN00000124,CU00002931,BR021,Home,2021-03-26,139609.0,71778.72,19.05,240,0,732,Current
LN00000125,CU00003068,BR015,Vehicle,2023-06-22,288288.13,142730.95,15.01,24,0,696,Current
LN00000126,CU00001026,BR006,Home,2024-06-19,474142.97,159653.38,8.97,36,0,715,Current
LN00000127,CU00004673,BR017,Personal,2024-05-03,870229.28,237005.1,17.42,180,0,786,Current
LN00000128,CU00004714,BR016,Home,2025-10-29,1085712.3,503053.13,14.18,12,0,682,Current
LN00000129,CU00001958,BR020,Personal,2021-05-11,424872.29,53053.26,13.14,12,0,775,Current
LN00000130,CU00002512,BR005,Personal,2021-12-08,340574.88,108688.3,15.97,240,0,534,Current
LN00000131,CU00002315,BR013,Education,2026-04-13,554150.07,308499.31,13.94,24,0,766,Current
LN00000132,CU00003552,BR016,Vehicle,2023-10-03,169379.69,143642.23,17.51,12,0,720,Current
LN00000133,CU00002225,BR020,Education,2022-12-15,680346.66,511444.54,16.67,36,90,707,Non-performing
LN00000134,CU00002779,BR008,Business,2024-12-22,500592.15,194927.08,8.37,24,0,718,Current
LN00000135,CU00001125,BR007,Home,2023-07-15,99171.37,33173.75,16.53,120,0,730,Current
LN00000136,CU00000027,BR021,Home,2024-12-24,1529252.29,1410692.31,8.55,120,0,727,Current
LN00000137,CU00002647,BR007,Vehicle,2023-11-11,445239.4,232917.31,8.34,36,0,823,Current
LN00000138,CU00001611,BR001,Business,2022-03-27,222623.69,52875.14,12.11,180,0,692,Current
LN00000139,CU00003748,BR014,Personal,2024-05-05,1403098.48,1042820.29,12.3,60,0,730,Current
LN00000140,CU00002393,BR018,Personal,2023-06-12,173447.35,102541.51,11.07,240,0,768,Current
LN00000141,CU00000240,BR013,Business,2024-10-14,149780.14,81475.91,16.92,240,0,695,Current
LN00000142,CU00003665,BR021,Business,2024-07-24,376780.5,148920.98,18.36,12,0,646,Current
LN00000143,CU00002887,BR012,Business,2024-11-04,126339.3,84693.01,9.96,240,0,621,Current
LN00000144,CU00003140,BR003,Home,2025-10-19,538022.28,184766.27,12.29,180,0,758,Current
LN00000145,CU00001440,BR007,Vehicle,2021-10-26,1925430.35,552773.96,15.49,24,90,656,Non-performing
LN00000146,CU00001372,BR018,Personal,2022-09-07,726553.09,167451.91,8.75,36,0,811,Current
LN00000147,CU00003454,BR011,Personal,2025-01-29,1696291.11,1536381.89,17.51,60,0,691,Current
LN00000148,CU00004168,BR003,Business,2025-11-27,1356136.66,1084368.14,17.24,12,0,833,Current
LN00000149,CU00002198,BR010,Vehicle,2022-09-17,50000.0,47638.0,18.59,120,0,787,Current
LN00000150,CU00003799,BR024,Vehicle,2021-01-22,150685.96,29898.48,16.14,180,0,722,Current
LN00000151,CU00004803,BR012,Personal,2023-07-28,696458.95,644482.15,17.37,120,0,803,Current
LN00000152,CU00004470,BR007,Personal,2024-01-22,452043.28,382849.22,10.85,12,0,744,Current
LN00000153,CU00003871,BR007,Personal,2023-09-28,229624.1,105634.64,10.56,60,0,715,Current
LN00000154,CU00002199,BR011,Home,2023-03-30,95780.66,84991.07,11.26,60,0,811,Current
LN00000155,CU00003118,BR008,Business,2020-12-30,262873.88,110788.68,10.51,180,0,758,Current
LN00000156,CU00001872,BR013,Personal,2023-01-12,349263.06,118238.65,19.26,240,0,718,Current
LN00000157,CU00003803,BR004,Home,2026-03-06,71786.28,23704.61,15.77,36,15,703,Current
LN00000158,CU00002044,BR022,Personal,2021-09-27,274969.61,226438.5,10.27,36,0,798,Current
LN00000159,CU00001266,BR023,Personal,2020-12-12,78312.9,15232.4,8.29,24,0,739,Current
LN00000160,CU00004216,BR022,Personal,2021-06-18,1786947.18,1448800.36,9.66,60,0,755,Current
LN00000161,CU00001637,BR024,Home,2025-03-17,3989558.71,988965.26,16.96,240,60,751,Delinquent
LN00000162,CU00001002,BR023,Personal,2026-01-23,129926.2,89828.77,19.15,60,0,737,Current
LN00000163,CU00000490,BR006,Personal,2025-05-11,340856.34,120735.09,15.23,12,0,761,Current
LN00000164,CU00000168,BR007,Business,2025-08-07,304643.18,67221.87,13.98,24,0,629,Current
LN00000165,CU00003386,BR015,Home,2023-10-27,220558.9,101709.56,11.82,240,0,649,Current
LN00000166,CU00001871,BR003,Education,2021-01-28,91477.6,74301.12,12.8,240,90,730,Non-performing
LN00000167,CU00000330,BR007,Personal,2025-08-22,660778.11,505325.75,9.76,36,0,657,Current
LN00000168,CU00002780,BR010,Home,2022-12-25,1660485.78,1359492.08,19.03,60,30,583,Delinquent
LN00000169,CU00004706,BR004,Home,2022-06-05,166865.51,145133.56,15.47,12,0,664,Current
LN00000170,CU00004852,BR018,Vehicle,2025-09-13,5161870.99,697743.18,18.15,12,0,658,Current
LN00000171,CU00000170,BR007,Home,2026-05-21,146146.09,75093.38,10.41,180,0,719,Current
LN00000172,CU00003309,BR009,Personal,2024-08-19,143292.65,120511.43,9.56,180,30,789,Delinquent
LN00000173,CU00001742,BR023,Personal,2024-08-23,578382.67,432940.4,18.31,60,0,621,Current
LN00000174,CU00002699,BR012,Home,2024-07-25,331855.99,99356.89,15.52,24,0,763,Current
LN00000175,CU00000671,BR004,Home,2026-02-18,1543129.37,1072647.97,11.01,60,0,734,Current
LN00000176,CU00004209,BR005,Personal,2021-05-18,579177.52,403065.06,8.82,60,0,689,Current
LN00000177,CU00002108,BR021,Vehicle,2025-06-25,88577.93,49853.33,17.06,180,0,850,Current
LN00000178,CU00000058,BR024,Education,2020-10-01,147712.82,27268.86,17.01,60,15,708,Current
LN00000179,CU00002735,BR011,Personal,2024-09-04,63782.3,35134.0,15.3,180,0,691,Current
LN00000180,CU00002609,BR016,Personal,2024-06-03,308737.55,272862.18,17.26,36,0,750,Current
LN00000181,CU00000180,BR010,Vehicle,2024-11-16,804207.83,432552.12,15.45,12,0,613,Current
LN00000182,CU00003738,BR024,Home,2026-05-02,637944.48,403674.93,7.98,60,0,675,Current
LN00000183,CU00001884,BR007,Business,2024-11-03,178995.2,109627.95,8.41,36,90,625,Non-performing
LN00000184,CU00003682,BR004,Education,2025-03-05,105386.08,41240.88,19.13,24,0,642,Current
LN00000185,CU00000501,BR005,Personal,2026-06-30,2112939.84,1912031.53,9.84,240,0,821,Current
LN00000186,CU00004752,BR009,Education,2024-06-08,612500.12,538126.88,9.92,36,0,804,Current
LN00000187,CU00002817,BR011,Personal,2025-02-08,208770.09,121487.91,10.72,120,0,675,Current
LN00000188,CU00004995,BR018,Education,2021-06-15,337463.51,314100.9,11.48,180,0,653,Current
LN00000189,CU00002875,BR007,Business,2023-10-30,291403.86,63093.13,18.94,180,0,727,Current
LN00000190,CU00001647,BR012,Education,2025-05-01,427791.52,328765.31,8.55,12,0,706,Current
LN00000191,CU00002375,BR011,Education,2024-01-29,217989.84,176100.92,14.61,240,30,752,Delinquent
LN00000192,CU00000350,BR001,Personal,2026-07-15,197145.01,149636.86,7.98,120,0,659,Current
LN00000193,CU00001498,BR005,Home,2022-07-08,401915.07,73030.03,9.88,60,0,702,Current
LN00000194,CU00000543,BR012,Vehicle,2025-12-06,1273240.47,192135.37,8.34,12,0,769,Current
LN00000195,CU00000282,BR008,Vehicle,2024-08-24,418805.53,184132.12,16.03,12,0,668,Current
LN00000196,CU00002159,BR017,Vehicle,2023-09-08,962580.31,310622.4,15.44,36,0,762,Current
LN00000197,CU00002091,BR003,Home,2023-06-19,494738.85,438883.73,13.68,60,0,643,Current
LN00000198,CU00002180,BR006,Business,2020-09-30,1871227.97,1482421.21,18.1,180,0,662,Current
LN00000199,CU00003684,BR015,Home,2022-12-01,973550.56,742166.26,10.82,60,0,715,Current
LN00000200,CU00002624,BR015,Personal,2020-08-23,1736539.07,1133509.03,18.04,240,0,606,Current
LN00000201,CU00001346,BR023,Home,2020-11-30,438316.0,308401.68,13.55,180,0,609,Current
LN00000202,CU00003825,BR013,Personal,2024-03-09,896703.29,250577.54,18.72,12,0,763,Current
LN00000203,CU00003928,BR021,Home,2025-08-10,215885.96,47981.65,10.06,180,0,704,Current
LN00000204,CU00001474,BR015,Home,2023-04-22,851294.61,731905.49,7.89,120,15,741,Current
LN00000205,CU00002468,BR024,Business,2025-01-07,202313.94,93792.19,13.32,60,15,679,Current
LN00000206,CU00004126,BR020,Business,2022-11-01,1123864.04,554181.57,11.29,240,0,700,Current
LN00000207,CU00003304,BR002,Home,2022-11-05,87192.57,58950.63,12.2,240,0,614,Current
LN00000208,CU00004105,BR011,Home,2024-05-09,261543.8,195253.26,17.17,12,0,739,Current
LN00000209,CU00000476,BR013,Vehicle,2023-09-24,151194.12,96469.59,11.06,120,0,779,Current
LN00000210,CU00003577,BR020,Home,2026-01-17,244336.46,37390.01,14.08,24,0,821,Current
LN00000211,CU00001061,BR007,Education,2026-05-05,309073.86,119726.3,11.96,120,30,622,Delinquent
LN00000212,CU00002460,BR001,Home,2024-01-18,411748.9,308238.5,12.39,24,15,672,Current
LN00000213,CU00000311,BR012,Personal,2021-02-07,5716854.92,2767692.33,14.04,180,15,812,Current
LN00000214,CU00002204,BR013,Home,2024-06-28,321466.77,308525.46,14.6,60,15,655,Current
LN00000215,CU00004460,BR021,Education,2022-12-08,143510.35,20107.04,17.64,12,90,726,Non-performing
LN00000216,CU00001938,BR022,Vehicle,2025-10-31,394996.7,373857.62,9.06,24,0,677,Current
LN00000217,CU00003947,BR006,Business,2022-03-12,909666.29,378236.43,16.21,180,90,753,Non-performing
LN00000218,CU00001768,BR013,Education,2022-07-06,118060.37,57004.06,13.02,120,0,722,Current
LN00000219,CU00000910,BR005,Business,2022-04-09,336449.94,303797.4,7.84,36,0,592,Current
LN00000220,CU00001586,BR017,Home,2025-01-23,170633.91,147799.46,16.03,12,0,693,Current
LN00000221,CU00001350,BR002,Home,2025-07-07,597943.16,183102.54,8.38,12,0,678,Current
LN00000222,CU00003658,BR009,Education,2021-07-13,1504901.98,755087.6,8.24,120,15,845,Current
LN00000223,CU00002274,BR010,Home,2024-04-29,119772.62,33774.45,18.27,120,0,797,Current
LN00000224,CU00004045,BR023,Business,2023-04-30,3487409.31,3185320.85,18.34,12,0,690,Current
LN00000225,CU00004191,BR002,Personal,2025-10-10,970549.17,403624.89,11.5,12,0,682,Current
LN00000226,CU00004208,BR017,Vehicle,2021-03-27,1161344.82,260065.22,14.62,240,0,812,Current
LN00000227,CU00000882,BR006,Personal,2024-11-01,592565.87,560129.6,11.88,120,0,674,Current
LN00000228,CU00001480,BR019,Vehicle,2022-05-16,423912.53,170273.22,7.66,24,0,664,Current
LN00000229,CU00002876,BR017,Vehicle,2021-12-03,241271.48,208032.49,19.41,240,15,645,Current
LN00000230,CU00001729,BR014,Personal,2026-07-07,130360.68,113225.38,11.11,24,0,716,Current
LN00000231,CU00004825,BR006,Personal,2023-12-05,333635.17,164223.47,14.76,120,0,765,Current
LN00000232,CU00004753,BR023,Home,2023-01-16,1293461.58,1234226.06,11.5,24,0,774,Current
LN00000233,CU00003199,BR023,Business,2020-11-25,107140.08,34862.23,14.4,120,0,850,Current
LN00000234,CU00004187,BR022,Education,2021-08-30,678831.1,608722.79,18.28,240,0,742,Current
LN00000235,CU00002577,BR007,Home,2022-08-20,503901.11,438512.88,13.4,120,0,677,Current
LN00000236,CU00002387,BR019,Education,2025-07-07,491728.98,225260.91,14.61,12,0,808,Current
LN00000237,CU00004279,BR016,Personal,2023-01-19,360052.26,326178.7,8.33,240,0,844,Current
LN00000238,CU00002680,BR003,Vehicle,2022-01-09,189133.51,176031.4,15.46,120,0,825,Current
LN00000239,CU00003581,BR020,Home,2021-09-17,949927.96,893088.17,19.46,180,0,702,Current
LN00000240,CU00000832,BR013,Personal,2022-01-07,395581.89,169026.12,8.15,12,0,640,Current
LN00000241,CU00004211,BR022,Personal,2024-02-15,211166.3,67659.38,10.1,60,0,810,Current
LN00000242,CU00004735,BR020,Personal,2025-04-29,849187.07,437072.54,14.2,24,0,724,Current
LN00000243,CU00002066,BR019,Personal,2020-10-10,218943.99,125845.77,19.19,36,0,756,Current
LN00000244,CU00004343,BR002,Home,2026-06-27,583050.65,427098.17,8.55,180,0,687,Current
LN00000245,CU00000225,BR008,Business,2024-04-25,224049.42,189962.66,12.58,120,30,711,Delinquent
LN00000246,CU00001275,BR007,Business,2026-06-19,189588.72,119019.66,15.29,24,30,750,Delinquent
LN00000247,CU00004581,BR017,Home,2025-12-10,50000.0,12102.67,17.38,24,0,756,Current
LN00000248,CU00001127,BR011,Home,2024-05-08,1809487.44,1219254.47,8.47,120,0,731,Current
LN00000249,CU00004160,BR007,Home,2025-01-11,1850439.44,1704197.62,13.37,120,0,619,Current
LN00000250,CU00000550,BR005,Vehicle,2023-05-08,136914.07,58257.66,16.92,120,0,841,Current
LN00000251,CU00001231,BR005,Personal,2025-03-08,451884.8,241893.49,12.73,36,0,737,Current
LN00000252,CU00000358,BR004,Home,2025-06-30,328988.47,139510.29,13.1,24,0,783,Current
LN00000253,CU00002692,BR002,Personal,2022-12-09,277411.74,182753.33,10.89,36,0,850,Current
LN00000254,CU00002623,BR021,Vehicle,2023-08-27,183835.42,61562.12,11.27,24,0,702,Current
LN00000255,CU00002863,BR001,Home,2023-07-28,180009.32,41542.73,15.6,60,0,588,Current
LN00000256,CU00004975,BR005,Vehicle,2025-06-28,901407.71,712670.44,17.28,24,0,708,Current
LN00000257,CU00001713,BR023,Vehicle,2023-06-10,535997.55,299227.15,15.14,240,15,759,Current
LN00000258,CU00004013,BR009,Personal,2023-04-02,604280.98,148969.12,16.43,120,0,812,Current
LN00000259,CU00003753,BR017,Education,2023-08-09,544597.84,86126.58,17.58,120,0,682,Current
LN00000260,CU00004829,BR008,Home,2025-07-28,567387.33,436720.75,9.42,12,30,697,Delinquent
LN00000261,CU00001042,BR002,Personal,2025-08-13,536575.4,232510.78,11.41,60,60,688,Delinquent
LN00000262,CU00000052,BR020,Personal,2020-10-09,953773.55,575395.89,18.31,180,0,625,Current
LN00000263,CU00001920,BR008,Personal,2023-12-19,50000.0,9014.86,8.26,120,15,690,Current
LN00000264,CU00000443,BR015,Vehicle,2023-04-10,970156.97,906185.94,17.29,120,0,792,Current
LN00000265,CU00004870,BR006,Personal,2026-06-19,1232379.39,734349.85,14.2,12,120,757,Non-performing
LN00000266,CU00002467,BR022,Business,2023-08-05,2252554.79,1058887.43,11.11,120,0,732,Current
LN00000267,CU00000488,BR005,Vehicle,2023-08-06,784269.28,731438.55,18.47,24,60,850,Delinquent
LN00000268,CU00004285,BR013,Home,2026-04-27,726045.85,444681.83,16.41,60,0,850,Current
LN00000269,CU00002534,BR015,Home,2020-09-29,225431.11,44902.78,15.48,36,15,662,Current
LN00000270,CU00000149,BR013,Business,2022-04-16,390190.99,67052.09,8.54,60,0,823,Current
LN00000271,CU00002492,BR023,Home,2021-01-12,467766.03,144498.69,7.72,24,0,744,Current
LN00000272,CU00004465,BR017,Personal,2024-10-17,2057995.36,1304775.42,10.65,36,90,689,Non-performing
LN00000273,CU00000689,BR005,Home,2026-04-22,623369.53,494023.58,10.57,120,0,777,Current
LN00000274,CU00001961,BR020,Home,2025-06-20,312258.08,75119.53,12.05,60,0,749,Current
LN00000275,CU00001782,BR017,Vehicle,2025-08-14,2927106.75,2105247.96,13.98,12,0,741,Current
LN00000276,CU00003967,BR004,Personal,2023-07-14,630793.48,99968.11,15.58,120,90,849,Non-performing
LN00000277,CU00001255,BR011,Education,2023-06-07,363975.43,199259.14,13.67,12,0,773,Current
LN00000278,CU00002206,BR022,Personal,2022-10-29,444921.45,370357.6,12.89,24,0,684,Current
LN00000279,CU00001887,BR024,Personal,2024-03-03,1875917.38,1451141.09,15.83,120,30,850,Delinquent
LN00000280,CU00000374,BR007,Education,2026-06-16,2885006.37,1249861.07,12.77,180,0,758,Current
LN00000281,CU00004169,BR003,Business,2025-11-24,1388782.17,229341.11,14.77,240,0,804,Current
LN00000282,CU00000305,BR014,Home,2024-09-25,524203.75,114272.03,10.24,60,60,692,Delinquent
LN00000283,CU00004977,BR013,Personal,2024-09-04,1148571.53,1048915.99,17.13,60,60,757,Delinquent
LN00000284,CU00001913,BR002,Education,2024-07-07,76662.53,70269.83,12.71,180,0,766,Current
LN00000285,CU00000023,BR003,Vehicle,2021-02-23,118309.68,74925.69,12.88,60,0,655,Current
LN00000286,CU00004665,BR019,Education,2024-04-20,406819.18,163715.35,16.35,120,0,662,Current
LN00000287,CU00001431,BR004,Vehicle,2024-07-16,1443011.93,363297.61,7.81,120,0,735,Current
LN00000288,CU00002850,BR015,Home,2024-10-23,285519.81,67812.63,11.24,24,0,750,Current
LN00000289,CU00000973,BR008,Home,2024-10-23,242588.64,139445.02,13.58,36,0,636,Current
LN00000290,CU00004153,BR016,Business,2022-02-04,404320.83,386074.0,16.72,24,0,703,Current
LN00000291,CU00002226,BR018,Personal,2023-11-23,935715.12,259714.77,17.5,24,0,662,Current
LN00000292,CU00004627,BR016,Personal,2024-10-10,83021.66,30764.7,12.91,120,0,732,Current
LN00000293,CU00004076,BR021,Education,2025-06-03,1366934.97,1049569.44,10.67,12,0,725,Current
LN00000294,CU00001654,BR011,Vehicle,2024-05-07,259643.68,201369.14,8.15,180,30,768,Delinquent
LN00000295,CU00000107,BR016,Business,2024-01-18,416003.85,273365.95,18.73,24,0,769,Current
LN00000296,CU00001934,BR014,Personal,2020-09-25,673970.41,88877.04,8.84,36,0,768,Current
LN00000297,CU00004003,BR016,Vehicle,2021-09-05,1546487.44,430118.88,9.54,60,0,712,Current
LN00000298,CU00004333,BR001,Business,2026-06-14,1081821.26,457970.29,14.22,12,0,822,Current
LN00000299,CU00000333,BR004,Vehicle,2024-11-07,305894.51,187398.4,19.1,240,0,687,Current
LN00000300,CU00000278,BR019,Business,2021-02-01,82147.09,69601.53,14.54,120,0,679,Current
LN00000301,CU00002433,BR004,Home,2023-12-01,818005.93,278933.29,9.82,240,0,771,Current
LN00000302,CU00004954,BR022,Business,2021-06-26,1772240.66,1519182.35,7.81,12,60,566,Delinquent
LN00000303,CU00001529,BR019,Vehicle,2023-10-17,906454.25,655328.05,13.46,180,0,774,Current
LN00000304,CU00001777,BR001,Home,2021-06-24,340228.66,303057.53,15.69,36,0,779,Current
LN00000305,CU00001077,BR005,Education,2022-05-21,709478.26,394819.87,7.57,60,0,712,Current
LN00000306,CU00004582,BR006,Business,2022-10-01,735691.23,390393.89,17.54,36,0,819,Current
LN00000307,CU00000987,BR009,Vehicle,2024-12-13,213437.49,42790.78,8.05,36,0,724,Current
LN00000308,CU00000900,BR023,Education,2023-07-11,124518.56,34673.47,16.82,120,0,642,Current
LN00000309,CU00002463,BR022,Business,2022-06-29,970517.23,447653.04,10.6,36,0,772,Current
LN00000310,CU00003270,BR019,Home,2021-02-03,477887.73,410431.11,11.33,120,0,784,Current
LN00000311,CU00004053,BR015,Home,2025-03-20,73387.92,13280.02,15.94,180,0,649,Current
LN00000312,CU00003116,BR013,Personal,2024-01-14,1641950.07,1537778.6,14.3,60,0,809,Current
LN00000313,CU00004685,BR013,Personal,2022-12-17,774279.18,316917.65,9.4,36,0,641,Current
LN00000314,CU00001422,BR007,Vehicle,2023-08-09,484891.62,65071.82,12.81,60,0,716,Current
LN00000315,CU00001684,BR018,Home,2024-09-01,1225513.02,924716.04,15.02,240,90,735,Non-performing
LN00000316,CU00001172,BR017,Education,2023-03-21,393686.88,185400.46,8.14,24,0,784,Current
LN00000317,CU00002324,BR004,Vehicle,2022-06-11,834927.75,593669.55,12.14,36,0,812,Current
LN00000318,CU00002283,BR004,Business,2025-02-19,258671.52,173883.88,16.38,60,0,601,Current
LN00000319,CU00002773,BR018,Business,2021-03-01,273443.01,55545.01,18.07,120,30,796,Delinquent
LN00000320,CU00004264,BR005,Education,2021-05-08,1212529.16,850468.4,13.03,240,60,650,Delinquent
LN00000321,CU00002413,BR009,Business,2024-02-29,1686786.88,1057270.58,15.08,12,0,814,Current
LN00000322,CU00004322,BR021,Personal,2024-03-10,460625.24,314508.21,16.44,180,0,846,Current
LN00000323,CU00001676,BR010,Home,2023-12-24,242753.02,38931.39,9.0,120,0,774,Current
LN00000324,CU00001481,BR006,Personal,2022-08-19,151029.95,94305.46,16.72,12,0,692,Current
LN00000325,CU00003656,BR008,Home,2025-01-24,221703.16,137915.63,16.17,120,0,685,Current
LN00000326,CU00000561,BR006,Personal,2023-07-14,673491.96,514922.17,8.47,240,0,755,Current
LN00000327,CU00004060,BR021,Business,2026-05-08,442073.77,276703.3,13.25,180,0,730,Current
LN00000328,CU00003984,BR005,Home,2024-03-07,634610.05,487628.96,11.25,60,0,795,Current
LN00000329,CU00004923,BR018,Vehicle,2024-04-08,626854.88,182534.97,15.1,36,15,595,Current
LN00000330,CU00001272,BR013,Business,2026-05-08,164634.0,83580.51,8.88,36,15,752,Current
LN00000331,CU00000256,BR017,Education,2023-10-15,1016312.79,666520.12,15.73,24,0,773,Current
LN00000332,CU00000669,BR004,Business,2021-09-11,721205.69,187898.07,13.18,36,0,721,Current
LN00000333,CU00004506,BR022,Home,2023-07-11,7662044.08,6841590.36,18.93,24,0,666,Current
LN00000334,CU00000783,BR004,Vehicle,2020-11-25,1055783.01,218312.57,19.38,120,15,839,Current
LN00000335,CU00000041,BR002,Vehicle,2022-03-29,268430.23,164249.66,13.58,36,0,709,Current
LN00000336,CU00001369,BR010,Business,2021-10-02,228151.79,111101.89,8.89,36,0,687,Current
LN00000337,CU00003523,BR024,Personal,2024-07-31,1105996.48,423068.01,8.26,12,0,567,Current
LN00000338,CU00001850,BR005,Home,2021-08-09,717495.78,465227.67,7.66,60,0,709,Current
LN00000339,CU00003280,BR013,Vehicle,2025-11-16,2698284.0,2503278.56,18.52,36,15,713,Current
LN00000340,CU00002554,BR015,Home,2022-03-08,1202672.51,757733.11,18.55,60,0,665,Current
LN00000341,CU00002561,BR003,Home,2023-11-17,362624.95,332377.65,14.06,120,0,689,Current
LN00000342,CU00003742,BR001,Education,2024-04-23,729107.47,271460.83,13.16,120,0,709,Current
LN00000343,CU00003389,BR018,Home,2022-11-15,600377.91,138572.62,12.96,120,0,793,Current
LN00000344,CU00001441,BR012,Personal,2025-05-14,238023.77,133484.66,10.23,60,0,724,Current
LN00000345,CU00003256,BR001,Business,2022-07-06,349587.86,216853.76,11.22,180,0,639,Current
LN00000346,CU00003743,BR014,Personal,2026-03-07,214684.33,55379.0,9.0,120,0,761,Current
LN00000347,CU00004531,BR020,Personal,2025-01-03,286432.36,88924.42,10.43,180,15,746,Current
LN00000348,CU00000727,BR023,Personal,2025-06-27,1249083.15,817205.21,15.8,24,0,680,Current
LN00000349,CU00001468,BR011,Vehicle,2021-05-20,1584653.23,379922.03,16.49,180,0,742,Current
LN00000350,CU00003707,BR012,Education,2023-12-10,315138.04,82054.48,13.71,60,0,691,Current
LN00000351,CU00003262,BR012,Personal,2023-09-09,176463.43,143511.22,13.81,12,0,754,Current
LN00000352,CU00001903,BR015,Home,2024-12-01,780011.43,281678.02,18.57,60,0,623,Current
LN00000353,CU00001488,BR019,Vehicle,2024-08-27,484226.62,197059.73,10.4,12,0,752,Current
LN00000354,CU00002149,BR021,Vehicle,2021-09-01,991027.92,826692.86,9.75,60,0,812,Current
LN00000355,CU00002540,BR023,Vehicle,2022-01-03,151883.95,97496.27,10.03,36,0,709,Current
LN00000356,CU00004616,BR003,Personal,2023-05-05,2053048.57,1803432.03,18.79,180,0,716,Current
LN00000357,CU00003807,BR014,Personal,2022-07-31,437577.97,230021.22,13.86,240,0,755,Current
LN00000358,CU00000557,BR014,Personal,2021-05-16,719315.73,401268.14,12.42,120,0,688,Current
LN00000359,CU00001869,BR006,Home,2023-06-17,150444.38,60867.15,9.47,36,0,840,Current
LN00000360,CU00004698,BR007,Personal,2021-08-01,436772.09,164529.53,8.25,24,90,729,Non-performing
LN00000361,CU00001470,BR016,Business,2020-12-27,194581.38,56478.42,17.43,120,0,738,Current
LN00000362,CU00001965,BR010,Vehicle,2024-11-22,290658.21,254936.22,17.59,180,15,671,Current
LN00000363,CU00001841,BR001,Education,2023-02-18,1607647.23,627993.85,17.18,180,0,706,Current
LN00000364,CU00001699,BR012,Vehicle,2022-08-27,551521.75,292808.97,13.21,60,0,790,Current
LN00000365,CU00002493,BR014,Education,2025-02-15,97079.59,77993.17,16.29,240,0,768,Current
LN00000366,CU00001007,BR002,Business,2021-01-26,1230759.87,995330.28,13.1,180,0,730,Current
LN00000367,CU00002605,BR007,Home,2024-04-14,1273033.03,291936.97,18.69,60,0,742,Current
LN00000368,CU00002285,BR003,Personal,2022-03-20,4035348.66,1966771.03,14.17,180,0,712,Current
LN00000369,CU00003010,BR022,Vehicle,2026-05-20,1384967.82,437782.14,11.32,12,0,694,Current
LN00000370,CU00003915,BR009,Vehicle,2023-01-01,488670.71,315387.59,18.92,36,0,757,Current
LN00000371,CU00004092,BR010,Personal,2025-02-05,1093655.67,653854.68,11.8,36,0,693,Current
LN00000372,CU00001430,BR022,Education,2024-07-31,806835.33,382818.26,13.27,120,0,736,Current
LN00000373,CU00002983,BR009,Business,2022-04-25,247592.3,38756.69,8.02,60,0,716,Current
LN00000374,CU00003668,BR002,Personal,2024-02-27,86444.65,65476.88,12.92,180,0,850,Current
LN00000375,CU00002100,BR007,Personal,2022-06-26,92520.81,41443.94,11.16,12,0,628,Current
LN00000376,CU00001764,BR018,Home,2022-10-26,383680.62,107942.11,12.44,12,0,730,Current
LN00000377,CU00002076,BR023,Home,2020-11-27,9986764.7,6401104.15,17.67,120,0,704,Current
LN00000378,CU00000255,BR007,Education,2024-12-08,448077.49,336917.06,17.59,24,0,717,Current
LN00000379,CU00000869,BR015,Education,2022-04-30,494370.19,332704.94,9.9,12,0,803,Current
LN00000380,CU00001037,BR005,Home,2025-10-30,435146.33,286808.78,7.74,240,0,723,Current
LN00000381,CU00004916,BR012,Personal,2021-06-11,379557.94,272729.27,9.86,12,0,646,Current
LN00000382,CU00002383,BR006,Personal,2025-03-01,2604318.09,657179.66,12.13,120,0,750,Current
LN00000383,CU00000174,BR003,Education,2021-05-27,1281765.53,159346.28,8.33,120,0,771,Current
LN00000384,CU00004782,BR021,Personal,2022-04-13,797845.73,699775.2,7.54,12,0,726,Current
LN00000385,CU00000643,BR005,Home,2023-01-31,2203742.56,1624093.53,17.61,24,0,798,Current
LN00000386,CU00000975,BR004,Personal,2023-07-23,617009.19,502551.36,14.56,180,0,724,Current
LN00000387,CU00002370,BR019,Business,2021-07-10,426097.57,322257.26,16.01,24,0,772,Current
LN00000388,CU00002189,BR010,Home,2020-11-04,804614.99,325570.99,11.75,240,0,762,Current
LN00000389,CU00000569,BR006,Home,2024-01-16,420357.12,212472.17,15.26,36,0,771,Current
LN00000390,CU00000642,BR022,Education,2021-12-11,322338.92,65974.99,13.3,24,0,850,Current
LN00000391,CU00001377,BR014,Business,2025-12-14,650075.93,155768.5,13.64,180,0,736,Current
LN00000392,CU00002495,BR015,Home,2023-05-07,1019796.39,688509.82,15.53,180,0,671,Current
LN00000393,CU00003343,BR001,Personal,2023-06-06,347221.65,296920.84,18.01,240,0,787,Current
LN00000394,CU00004106,BR007,Home,2025-04-22,451399.66,54859.79,17.58,120,0,636,Current
LN00000395,CU00000724,BR011,Personal,2023-04-15,326167.28,188278.72,19.47,180,0,647,Current
LN00000396,CU00004249,BR024,Education,2020-09-03,822871.66,356836.18,18.73,12,30,696,Delinquent
LN00000397,CU00000444,BR022,Personal,2024-09-13,82447.91,71761.68,12.66,60,0,646,Current
LN00000398,CU00004347,BR003,Education,2025-10-18,504528.96,195115.36,11.98,36,0,707,Current
LN00000399,CU00003011,BR005,Vehicle,2025-06-13,370455.82,168430.64,12.57,24,0,717,Current
LN00000400,CU00003699,BR022,Personal,2022-12-08,764060.15,532942.31,13.95,12,120,718,Non-performing
LN00000401,CU00001696,BR017,Vehicle,2023-01-27,669731.57,544848.37,8.64,60,60,635,Delinquent
LN00000402,CU00003079,BR017,Home,2023-01-24,354645.89,77870.4,18.21,60,0,824,Current
LN00000403,CU00001722,BR014,Personal,2023-08-22,2173336.59,792671.84,16.37,12,0,667,Current
LN00000404,CU00001112,BR021,Education,2022-08-24,133849.61,68297.94,18.78,60,0,645,Current
LN00000405,CU00001857,BR003,Education,2024-07-21,96145.15,24735.27,15.87,12,0,812,Current
LN00000406,CU00001907,BR021,Personal,2025-11-27,487101.76,80935.44,7.6,12,0,744,Current
LN00000407,CU00004312,BR013,Personal,2021-11-05,1600509.18,1169869.5,11.33,24,0,767,Current
LN00000408,CU00001919,BR008,Home,2022-07-30,124524.01,110275.61,10.73,36,0,796,Current
LN00000409,CU00003610,BR023,Education,2021-07-31,285274.33,109527.34,18.64,120,0,681,Current
LN00000410,CU00001486,BR011,Vehicle,2024-03-04,376032.6,182662.73,18.12,120,0,687,Current
LN00000411,CU00001691,BR005,Home,2022-02-03,329786.52,148122.9,14.71,120,0,796,Current
LN00000412,CU00003695,BR006,Personal,2020-12-05,664103.28,556799.27,15.72,60,0,795,Current
LN00000413,CU00001352,BR022,Home,2021-05-11,127536.51,106519.49,8.47,24,30,672,Delinquent
LN00000414,CU00003473,BR018,Home,2022-09-07,211540.79,40030.23,17.89,60,0,684,Current
LN00000415,CU00003898,BR024,Home,2025-06-10,207718.41,150823.92,14.88,180,120,791,Non-performing
LN00000416,CU00001937,BR003,Business,2021-08-27,168407.6,106258.55,17.07,12,0,645,Current
LN00000417,CU00001045,BR021,Vehicle,2021-08-25,188239.98,52263.56,16.33,180,90,773,Non-performing
LN00000418,CU00000762,BR009,Education,2023-10-03,1218354.87,265876.27,14.19,60,30,704,Delinquent
LN00000419,CU00000122,BR011,Vehicle,2023-11-21,1397605.78,477120.98,17.64,120,0,747,Current
LN00000420,CU00003832,BR014,Personal,2025-05-22,537305.07,477242.94,11.07,12,0,683,Current
LN00000421,CU00004539,BR004,Personal,2023-01-22,5663629.76,3348649.07,17.89,240,0,624,Current
LN00000422,CU00004089,BR022,Business,2025-01-05,177003.22,122927.53,14.8,60,0,734,Current
LN00000423,CU00001190,BR014,Education,2020-12-14,179405.79,80707.0,16.63,180,0,716,Current
LN00000424,CU00000129,BR014,Vehicle,2023-03-27,664354.16,131263.61,8.63,240,120,826,Non-performing
LN00000425,CU00001496,BR013,Business,2026-03-19,1170117.55,1012414.71,13.64,24,0,660,Current
LN00000426,CU00003856,BR012,Home,2025-05-06,96172.12,31220.1,13.86,120,0,719,Current
LN00000427,CU00000852,BR011,Home,2022-04-09,297094.75,118419.05,18.13,12,0,735,Current
LN00000428,CU00003244,BR001,Vehicle,2023-11-06,541474.17,306926.31,13.51,120,0,644,Current
LN00000429,CU00000067,BR020,Vehicle,2026-02-14,572909.59,149350.63,12.21,240,0,681,Current
LN00000430,CU00001604,BR013,Business,2025-09-17,576558.89,96599.91,16.04,120,0,676,Current
LN00000431,CU00004590,BR018,Personal,2026-07-06,293960.11,50355.48,9.74,120,0,744,Current
LN00000432,CU00003595,BR001,Home,2022-01-20,826505.62,366464.19,18.46,36,90,765,Non-performing
LN00000433,CU00004912,BR009,Personal,2025-11-06,73884.94,47262.37,19.41,180,90,714,Non-performing
LN00000434,CU00004867,BR014,Home,2023-09-07,180766.52,45964.06,18.92,240,0,723,Current
LN00000435,CU00003835,BR014,Home,2026-04-09,641083.71,296874.36,11.41,12,0,714,Current
LN00000436,CU00000012,BR018,Vehicle,2023-10-06,756721.98,406909.49,11.06,120,0,696,Current
LN00000437,CU00003522,BR006,Personal,2026-04-02,336910.13,293562.9,15.92,12,0,783,Current
LN00000438,CU00003561,BR022,Personal,2023-12-15,514667.89,70420.66,9.72,60,0,688,Current
LN00000439,CU00004595,BR011,Business,2026-02-19,1514362.83,1106510.78,7.58,240,0,709,Current
LN00000440,CU00003074,BR001,Personal,2025-08-05,195350.09,87434.23,12.74,120,0,703,Current
LN00000441,CU00002725,BR015,Personal,2024-01-01,1003463.42,517247.28,15.34,12,30,610,Delinquent
LN00000442,CU00001200,BR008,Personal,2025-06-04,2096204.51,1757901.88,15.92,24,0,766,Current
LN00000443,CU00004138,BR017,Personal,2026-04-22,899099.43,288456.79,10.6,120,0,677,Current
LN00000444,CU00002672,BR019,Education,2025-01-19,841683.88,688492.23,11.6,12,15,796,Current
LN00000445,CU00002281,BR023,Vehicle,2022-10-07,256688.69,65653.8,12.01,120,0,687,Current
LN00000446,CU00002136,BR024,Personal,2024-08-15,1325964.8,561567.25,11.43,36,0,794,Current
LN00000447,CU00000757,BR023,Personal,2024-06-05,810896.66,278709.81,9.13,36,30,720,Delinquent
LN00000448,CU00004614,BR009,Home,2024-09-19,1635324.31,1400404.87,8.81,60,0,694,Current
LN00000449,CU00001111,BR001,Education,2022-12-29,374773.79,277676.98,9.19,180,0,734,Current
LN00000450,CU00002767,BR022,Home,2026-01-02,425638.47,181669.66,12.19,24,0,612,Current
LN00000451,CU00001818,BR024,Home,2026-01-28,703649.5,580315.12,17.61,12,120,769,Non-performing
LN00000452,CU00000312,BR008,Business,2025-07-13,497484.19,302393.73,15.03,24,90,831,Non-performing
LN00000453,CU00002410,BR023,Personal,2023-12-29,1326567.28,1110763.04,7.94,240,30,753,Delinquent
LN00000454,CU00003785,BR003,Home,2026-03-18,1067947.63,725073.8,11.1,60,0,771,Current
LN00000455,CU00001593,BR012,Personal,2022-06-02,1691418.49,232527.42,14.03,36,0,690,Current
LN00000456,CU00000822,BR011,Education,2025-11-10,591741.39,371704.78,18.17,12,15,758,Current
LN00000457,CU00000367,BR018,Vehicle,2026-03-09,1930206.03,254730.35,11.99,240,0,802,Current
LN00000458,CU00000634,BR017,Home,2022-01-13,392208.73,50533.14,15.35,24,30,671,Delinquent
LN00000459,CU00004858,BR007,Personal,2025-03-03,335085.99,255271.39,8.46,60,0,749,Current
LN00000460,CU00003439,BR005,Personal,2026-04-24,276523.54,62438.61,15.16,24,15,688,Current
LN00000461,CU00003609,BR023,Education,2023-03-15,70026.57,35576.77,10.03,120,0,807,Current
LN00000462,CU00000633,BR021,Vehicle,2022-10-26,50000.0,19947.44,11.02,12,0,757,Current
LN00000463,CU00004286,BR002,Business,2022-09-30,1176520.82,180722.78,8.11,180,0,717,Current
LN00000464,CU00001109,BR006,Business,2024-04-27,145286.32,23850.74,12.31,24,0,738,Current
LN00000465,CU00004708,BR017,Vehicle,2021-08-30,381220.77,130086.4,15.96,180,0,715,Current
LN00000466,CU00000115,BR008,Home,2022-04-07,624575.24,430899.82,18.74,24,0,675,Current
LN00000467,CU00002941,BR004,Home,2022-06-17,1160496.46,698380.32,10.27,180,0,769,Current
LN00000468,CU00002520,BR021,Vehicle,2024-09-23,54694.94,13415.33,18.17,240,30,595,Delinquent
LN00000469,CU00001706,BR017,Home,2025-08-22,253680.01,195906.91,15.4,180,30,771,Delinquent
LN00000470,CU00003918,BR005,Personal,2024-03-04,1353483.71,1173587.95,11.07,180,0,606,Current
LN00000471,CU00003476,BR011,Vehicle,2021-12-23,360262.15,106112.49,17.83,36,0,837,Current
LN00000472,CU00001905,BR021,Personal,2023-12-20,354769.36,145901.07,17.31,180,0,779,Current
LN00000473,CU00002622,BR014,Home,2025-10-13,143961.88,53170.8,13.23,120,30,745,Delinquent
LN00000474,CU00002191,BR017,Personal,2025-07-08,241839.16,131567.72,18.61,12,30,609,Delinquent
LN00000475,CU00003353,BR013,Personal,2025-08-30,4783161.16,3930728.99,17.11,240,0,850,Current
LN00000476,CU00004704,BR012,Personal,2022-02-18,390463.4,148154.45,12.01,180,0,639,Current
LN00000477,CU00004635,BR015,Business,2024-09-18,201681.0,139158.69,15.37,36,0,668,Current
LN00000478,CU00000338,BR019,Business,2024-04-11,1415941.64,1342129.97,16.09,36,0,749,Current
LN00000479,CU00000629,BR013,Home,2025-03-10,2192569.99,1534872.53,10.99,60,0,676,Current
LN00000480,CU00002663,BR007,Personal,2023-10-30,150036.29,86438.97,13.99,240,30,726,Delinquent
LN00000481,CU00002515,BR015,Business,2024-01-14,693803.71,288757.89,18.69,120,0,695,Current
LN00000482,CU00002693,BR010,Vehicle,2022-01-22,184968.03,157838.74,18.35,36,0,696,Current
LN00000483,CU00000720,BR021,Business,2025-12-03,511637.4,207920.47,17.28,12,30,778,Delinquent
LN00000484,CU00001646,BR019,Home,2024-01-04,428057.14,120993.14,14.58,240,0,804,Current
LN00000485,CU00003894,BR014,Personal,2024-08-02,1558474.16,635230.61,8.85,12,120,751,Non-performing
LN00000486,CU00003424,BR021,Education,2023-01-02,1622106.97,819159.58,8.92,120,0,758,Current
LN00000487,CU00004447,BR011,Education,2025-11-25,484627.8,307084.65,16.69,24,60,659,Delinquent
LN00000488,CU00002934,BR009,Business,2022-05-25,1621526.52,1433683.26,13.09,24,0,666,Current
LN00000489,CU00004692,BR017,Personal,2024-12-10,358137.45,277813.9,19.21,60,0,647,Current
LN00000490,CU00000283,BR016,Education,2020-09-30,262713.81,83164.82,14.39,12,0,817,Current
LN00000491,CU00003261,BR004,Business,2022-02-14,152100.89,69672.2,17.65,60,0,677,Current
LN00000492,CU00001311,BR002,Education,2021-06-14,2643940.22,1593601.96,8.44,60,120,738,Non-performing
LN00000493,CU00002148,BR020,Vehicle,2025-08-24,173576.1,80905.07,14.82,12,90,684,Non-performing
LN00000494,CU00000113,BR002,Business,2026-06-03,825790.01,189761.26,19.26,180,15,732,Current
LN00000495,CU00000774,BR020,Education,2025-01-30,367313.02,167243.82,13.78,36,0,719,Current
LN00000496,CU00004740,BR006,Personal,2023-02-22,868025.26,578657.04,18.07,24,0,691,Current
LN00000497,CU00004022,BR021,Vehicle,2026-01-22,266287.41,41448.59,8.74,180,0,835,Current
LN00000498,CU00003300,BR017,Vehicle,2021-12-23,597021.79,243909.11,15.89,120,0,714,Current
LN00000499,CU00000428,BR019,Home,2026-06-16,447760.23,345293.33,11.42,60,0,774,Current
LN00000500,CU00003849,BR019,Personal,2022-12-29,727985.23,405687.96,17.38,24,0,679,Current
LN00000501,CU00000195,BR016,Home,2021-09-27,157779.83,130169.07,11.21,60,15,722,Current
LN00000502,CU00004674,BR010,Vehicle,2021-08-30,118335.89,55978.18,17.92,12,0,713,Current
LN00000503,CU00004755,BR004,Vehicle,2022-12-31,2015769.36,1092278.96,9.19,60,15,789,Current
LN00000504,CU00004540,BR008,Home,2024-08-05,454396.7,425855.49,9.3,240,0,740,Current
LN00000505,CU00002889,BR003,Business,2024-05-13,332566.62,96638.88,9.39,120,30,737,Delinquent
LN00000506,CU00001420,BR024,Personal,2024-02-13,2673212.23,2371476.71,16.72,36,0,669,Current
LN00000507,CU00000344,BR021,Vehicle,2025-04-22,356479.48,132734.32,17.6,12,0,850,Current
LN00000508,CU00002974,BR011,Personal,2022-06-05,111166.96,92851.44,15.11,24,0,611,Current
LN00000509,CU00004358,BR022,Personal,2024-06-01,557510.66,264828.37,11.29,60,15,607,Current
LN00000510,CU00004727,BR001,Personal,2025-11-29,1097868.04,267447.32,9.3,180,0,745,Current
LN00000511,CU00002981,BR015,Personal,2023-11-25,118187.71,56852.98,13.38,180,0,735,Current
LN00000512,CU00002453,BR002,Business,2024-10-23,382311.26,166701.51,8.65,36,60,729,Delinquent
LN00000513,CU00002300,BR014,Education,2024-09-02,575057.73,129912.07,12.9,120,0,787,Current
LN00000514,CU00002355,BR022,Business,2021-12-25,1151178.74,599001.51,13.03,120,0,843,Current
LN00000515,CU00004316,BR013,Vehicle,2021-03-13,443789.38,297427.36,15.67,180,0,727,Current
LN00000516,CU00002564,BR001,Personal,2023-06-02,339602.66,221540.08,14.99,60,0,721,Current
LN00000517,CU00004504,BR005,Business,2024-03-08,802436.51,189335.64,11.23,36,0,641,Current
LN00000518,CU00004004,BR018,Personal,2022-08-21,337503.39,49839.43,9.43,240,0,771,Current
LN00000519,CU00001455,BR014,Personal,2020-12-22,116345.28,69683.84,17.82,120,15,733,Current
LN00000520,CU00002979,BR010,Business,2021-10-13,121029.32,41665.52,18.06,24,0,687,Current
LN00000521,CU00003106,BR013,Home,2022-12-11,518125.1,171856.04,8.0,180,0,785,Current
LN00000522,CU00003366,BR021,Vehicle,2026-01-10,539827.04,388063.47,16.58,240,30,850,Delinquent
LN00000523,CU00000924,BR007,Home,2021-03-29,188370.29,85036.22,19.25,180,0,657,Current
LN00000524,CU00001228,BR016,Home,2026-05-17,339594.51,69226.36,11.19,240,0,680,Current
LN00000525,CU00000176,BR011,Vehicle,2024-07-09,171581.95,128404.56,8.9,60,0,669,Current
LN00000526,CU00003221,BR009,Home,2021-08-09,794502.72,181078.44,9.23,24,120,625,Non-performing
LN00000527,CU00003485,BR018,Vehicle,2024-06-25,283766.95,92772.13,10.05,12,0,700,Current
LN00000528,CU00003463,BR023,Vehicle,2023-06-17,293372.73,75024.93,14.46,180,0,701,Current
LN00000529,CU00000885,BR006,Home,2021-03-15,4627597.55,2433857.24,13.82,60,0,697,Current
LN00000530,CU00004682,BR017,Personal,2024-08-27,1482358.91,417741.17,17.93,180,0,764,Current
LN00000531,CU00004721,BR024,Vehicle,2026-03-05,1238598.3,699725.54,19.49,120,15,785,Current
LN00000532,CU00004751,BR017,Business,2024-02-16,818052.04,162405.18,9.81,24,0,755,Current
LN00000533,CU00000799,BR023,Home,2020-09-15,1254776.1,356685.52,11.43,12,0,600,Current
LN00000534,CU00002097,BR024,Education,2023-02-19,2267428.55,1744525.8,10.04,60,30,771,Delinquent
LN00000535,CU00001734,BR007,Home,2021-07-21,2469741.11,1153361.17,15.07,180,0,662,Current
LN00000536,CU00002048,BR022,Vehicle,2021-10-17,168549.33,134932.57,17.71,120,30,763,Delinquent
LN00000537,CU00003135,BR019,Personal,2026-07-03,952322.1,208961.23,10.12,24,0,746,Current
LN00000538,CU00002892,BR004,Home,2024-02-26,7541623.48,3415652.67,11.66,120,0,689,Current
LN00000539,CU00000235,BR021,Education,2024-05-17,921752.78,856587.06,18.94,180,30,650,Delinquent
LN00000540,CU00001879,BR024,Personal,2021-06-22,2397458.24,959951.48,18.27,240,90,766,Non-performing
LN00000541,CU00001118,BR002,Vehicle,2021-09-10,313661.65,90028.81,7.67,36,90,666,Non-performing
LN00000542,CU00001153,BR006,Home,2025-09-24,796269.28,563013.22,17.69,60,0,737,Current
LN00000543,CU00003363,BR020,Vehicle,2023-10-21,244704.01,162253.86,9.54,120,90,640,Non-performing
LN00000544,CU00002513,BR004,Home,2024-10-08,826667.46,673653.77,14.28,240,30,586,Delinquent
LN00000545,CU00001223,BR001,Home,2021-08-27,199585.56,120249.23,13.02,12,0,647,Current
LN00000546,CU00003559,BR001,Business,2025-12-19,2752572.04,1313851.78,8.8,240,0,685,Current
LN00000547,CU00003569,BR007,Personal,2022-04-18,275945.54,242465.29,8.18,240,0,651,Current
LN00000548,CU00001974,BR013,Home,2022-09-23,1656876.64,335688.08,12.84,240,60,758,Delinquent
LN00000549,CU00004295,BR017,Home,2023-10-28,2210803.12,1161325.85,8.97,180,0,730,Current
LN00000550,CU00004866,BR008,Vehicle,2021-12-22,164171.0,116212.58,16.99,12,0,827,Current
LN00000551,CU00004148,BR015,Personal,2023-08-02,294403.81,218291.59,15.11,24,15,741,Current
LN00000552,CU00004342,BR023,Personal,2020-12-25,279108.63,255366.73,10.72,36,120,717,Non-performing
LN00000553,CU00000517,BR022,Personal,2024-05-13,313720.56,129185.8,14.99,120,0,622,Current
LN00000554,CU00004164,BR022,Personal,2021-08-22,1067339.61,493568.36,16.67,180,30,741,Delinquent
LN00000555,CU00000516,BR007,Vehicle,2023-02-05,250546.93,232532.49,11.3,60,15,663,Current
LN00000556,CU00000324,BR017,Business,2022-09-02,282969.76,113860.4,7.99,120,0,787,Current
LN00000557,CU00002996,BR010,Home,2026-05-31,525374.22,312085.91,11.93,36,0,812,Current
LN00000558,CU00000055,BR007,Personal,2024-04-02,948206.11,278932.34,15.57,36,0,761,Current
LN00000559,CU00003073,BR014,Home,2026-06-22,1292242.38,752740.23,13.6,12,0,682,Current
LN00000560,CU00002429,BR009,Home,2022-06-13,95752.52,81419.56,12.2,180,0,669,Current
LN00000561,CU00003232,BR014,Education,2026-04-08,382152.19,55858.73,17.79,120,30,713,Delinquent
LN00000562,CU00002798,BR022,Business,2023-08-11,4985354.75,1172539.42,14.56,24,60,766,Delinquent
LN00000563,CU00001796,BR010,Home,2025-06-06,1501444.68,513684.08,9.56,12,0,756,Current
LN00000564,CU00001206,BR011,Education,2024-04-01,397700.68,338332.0,12.8,180,90,708,Non-performing
LN00000565,CU00004111,BR018,Business,2025-05-03,396078.62,196770.58,12.81,24,0,705,Current
LN00000566,CU00004532,BR011,Personal,2021-05-11,594714.68,114245.18,17.04,180,0,763,Current
LN00000567,CU00001421,BR012,Business,2025-01-11,154961.5,27170.11,18.56,240,0,627,Current
LN00000568,CU00000126,BR009,Home,2023-12-04,261410.57,73769.71,13.48,120,0,850,Current
LN00000569,CU00001477,BR005,Personal,2023-08-06,261440.7,68518.31,13.67,240,0,704,Current
LN00000570,CU00003701,BR005,Vehicle,2023-07-17,51165.62,21814.92,17.03,24,0,758,Current
LN00000571,CU00004424,BR011,Home,2022-08-26,361143.74,339621.58,10.61,180,60,720,Delinquent
LN00000572,CU00004047,BR022,Vehicle,2024-07-05,170386.2,96883.23,10.75,120,0,729,Current
LN00000573,CU00004104,BR006,Business,2022-09-05,1803193.16,1354394.22,15.07,120,60,746,Delinquent
LN00000574,CU00004687,BR022,Personal,2024-08-11,66774.25,14338.67,9.9,36,120,710,Non-performing
LN00000575,CU00002744,BR014,Vehicle,2026-06-12,137922.23,56214.37,19.43,36,60,581,Delinquent
LN00000576,CU00002930,BR015,Personal,2022-10-27,90182.28,39534.4,15.04,180,0,827,Current
LN00000577,CU00000342,BR008,Education,2022-03-30,679673.87,301744.02,8.43,60,0,630,Current
LN00000578,CU00000414,BR020,Business,2024-06-02,886432.48,637476.31,16.61,60,0,668,Current
LN00000579,CU00000951,BR013,Business,2024-02-14,843791.48,344946.9,13.77,60,30,701,Delinquent
LN00000580,CU00002978,BR021,Business,2025-09-09,209309.06,110406.72,15.25,36,0,680,Current
LN00000581,CU00004648,BR011,Personal,2025-10-10,442150.09,323089.5,10.59,60,30,788,Delinquent
LN00000582,CU00003404,BR011,Personal,2023-03-27,447943.93,122454.1,18.61,180,0,749,Current
LN00000583,CU00002723,BR003,Personal,2024-09-09,101239.93,91533.62,17.04,24,30,650,Delinquent
LN00000584,CU00002646,BR004,Education,2025-09-19,524074.23,326029.84,17.48,120,0,805,Current
LN00000585,CU00003857,BR022,Vehicle,2021-06-30,161576.12,102647.67,18.36,120,30,777,Delinquent
LN00000586,CU00001140,BR004,Education,2021-04-28,299580.49,88427.84,11.71,120,0,787,Current
LN00000587,CU00002958,BR016,Home,2022-10-06,846681.24,744852.5,8.19,180,0,771,Current
LN00000588,CU00000029,BR007,Vehicle,2024-09-29,64229.31,61506.73,17.54,12,0,725,Current
LN00000589,CU00003862,BR002,Home,2023-03-15,400757.52,285447.19,8.52,36,0,773,Current
LN00000590,CU00001117,BR008,Personal,2023-03-21,115992.7,58133.2,11.14,36,0,743,Current
LN00000591,CU00001406,BR005,Business,2025-05-17,112932.78,35142.02,11.0,120,30,850,Delinquent
LN00000592,CU00003348,BR009,Vehicle,2023-02-26,130131.87,40517.34,13.14,12,0,648,Current
LN00000593,CU00004911,BR020,Home,2023-01-22,820978.46,558358.07,17.91,60,0,725,Current
LN00000594,CU00004356,BR008,Home,2024-07-21,257461.87,112117.32,17.72,120,15,639,Current
LN00000595,CU00003966,BR024,Vehicle,2022-01-27,848981.37,539285.32,11.81,240,0,727,Current
LN00000596,CU00000348,BR015,Home,2025-09-16,50000.0,47335.26,7.69,24,30,834,Delinquent
LN00000597,CU00003031,BR001,Vehicle,2026-04-29,5600978.27,2541978.9,19.03,12,0,741,Current
LN00000598,CU00004493,BR020,Vehicle,2026-06-07,728859.77,503464.87,10.1,120,0,801,Current
LN00000599,CU00001866,BR004,Vehicle,2023-11-19,255940.08,156342.33,12.78,180,0,714,Current
LN00000600,CU00001297,BR004,Personal,2021-03-16,528717.49,303580.68,12.61,60,0,607,Current
LN00000601,CU00002654,BR004,Personal,2025-06-18,3228217.41,648851.15,10.35,60,0,657,Current
LN00000602,CU00002880,BR020,Business,2022-10-03,559787.75,503205.69,14.19,60,0,643,Current
LN00000603,CU00001828,BR002,Vehicle,2024-05-24,1506952.07,430593.32,11.8,240,0,746,Current
LN00000604,CU00002531,BR024,Business,2026-04-25,566065.95,456059.09,11.36,240,0,632,Current
LN00000605,CU00001344,BR002,Business,2023-08-25,884257.54,336785.17,8.13,24,0,654,Current
LN00000606,CU00000941,BR002,Business,2024-12-19,457968.23,419991.95,10.19,24,0,722,Current
LN00000607,CU00002372,BR023,Business,2022-10-06,261494.67,127898.78,17.18,12,0,723,Current
LN00000608,CU00000528,BR014,Personal,2025-02-21,483203.37,195433.64,18.88,12,0,751,Current
LN00000609,CU00001624,BR014,Business,2021-08-12,320413.16,301233.41,19.28,36,0,840,Current
LN00000610,CU00003391,BR002,Home,2024-12-09,386325.83,216518.69,11.85,60,60,797,Delinquent
LN00000611,CU00001650,BR012,Vehicle,2022-12-03,2163546.56,1402918.68,9.06,120,0,755,Current
LN00000612,CU00001863,BR024,Vehicle,2020-11-13,98804.56,29868.77,19.47,12,0,556,Current
LN00000613,CU00002398,BR024,Home,2024-05-04,294760.0,56859.52,16.37,60,0,732,Current
LN00000614,CU00003398,BR003,Personal,2026-05-02,231794.53,215365.26,18.42,180,0,738,Current
LN00000615,CU00002241,BR011,Business,2022-06-29,989293.32,490907.75,14.54,24,120,690,Non-performing
LN00000616,CU00000171,BR011,Education,2023-08-24,278585.82,222712.67,16.79,12,0,794,Current
LN00000617,CU00003296,BR001,Home,2026-06-16,1228946.01,912450.8,18.17,12,0,738,Current
LN00000618,CU00001944,BR014,Business,2023-07-09,253716.69,59984.88,14.48,120,0,734,Current
LN00000619,CU00002130,BR008,Home,2022-09-23,89769.97,49846.0,16.54,60,0,720,Current
LN00000620,CU00004331,BR006,Vehicle,2026-05-15,667091.17,569798.98,18.51,120,30,672,Delinquent
LN00000621,CU00002232,BR024,Education,2021-07-18,74089.25,40609.63,12.93,120,60,654,Delinquent
LN00000622,CU00000841,BR012,Vehicle,2020-11-28,2397511.7,1438837.54,16.37,60,0,682,Current
LN00000623,CU00000409,BR017,Home,2023-06-27,2828649.73,2217915.79,16.12,36,0,704,Current
LN00000624,CU00001966,BR014,Personal,2021-02-24,1059663.52,243079.5,17.02,24,0,688,Current
LN00000625,CU00000401,BR005,Personal,2020-09-14,260470.54,224234.03,12.44,60,0,788,Current
LN00000626,CU00001596,BR019,Personal,2026-06-20,1991868.23,715089.81,14.37,36,0,798,Current
LN00000627,CU00001114,BR006,Home,2023-08-15,280545.89,54095.4,11.89,240,0,774,Current
LN00000628,CU00000156,BR024,Vehicle,2021-10-31,1635698.12,1101464.51,13.9,24,0,739,Current
LN00000629,CU00003315,BR004,Personal,2023-04-09,616633.15,267850.95,9.52,12,0,732,Current
LN00000630,CU00001679,BR002,Vehicle,2024-01-02,156922.33,75518.14,9.75,120,0,801,Current
LN00000631,CU00002176,BR002,Business,2026-06-12,112268.54,82521.09,9.23,180,0,660,Current
LN00000632,CU00002841,BR023,Business,2021-06-29,737956.56,273042.16,13.92,36,0,842,Current
LN00000633,CU00002411,BR011,Home,2022-02-22,103818.55,31658.66,18.46,60,30,778,Delinquent
LN00000634,CU00004631,BR007,Vehicle,2023-05-24,381426.88,326196.33,10.97,120,0,684,Current
LN00000635,CU00004207,BR022,Business,2025-10-19,1162924.53,552834.94,15.64,36,0,766,Current
LN00000636,CU00003317,BR013,Home,2023-01-20,191188.26,38752.07,7.98,36,15,808,Current
LN00000637,CU00002243,BR006,Education,2026-07-16,385216.07,207048.02,18.51,180,0,751,Current
LN00000638,CU00002280,BR013,Education,2022-03-12,1754516.03,1418342.38,14.28,36,15,667,Current
LN00000639,CU00002832,BR001,Home,2026-07-08,378745.49,115923.13,9.71,60,0,729,Current
LN00000640,CU00002910,BR011,Business,2024-05-23,622339.13,480809.06,7.56,120,0,633,Current
LN00000641,CU00001757,BR009,Vehicle,2021-06-03,60752.13,57031.39,18.49,120,0,715,Current
LN00000642,CU00002749,BR010,Vehicle,2023-09-28,1899509.22,1493177.19,14.68,36,0,693,Current
LN00000643,CU00003979,BR004,Personal,2022-02-10,1961075.76,1261664.1,14.74,12,0,653,Current
LN00000644,CU00003864,BR007,Home,2023-03-07,160966.78,38707.11,11.45,120,0,850,Current
LN00000645,CU00002595,BR013,Personal,2022-02-20,197044.86,98859.28,19.38,12,30,798,Delinquent
LN00000646,CU00003361,BR015,Home,2023-05-16,850734.37,229391.22,12.12,120,15,799,Current
LN00000647,CU00001203,BR003,Business,2023-05-03,442973.56,192932.15,9.75,120,0,816,Current
LN00000648,CU00003165,BR007,Education,2024-11-03,353180.11,279772.52,13.43,60,0,664,Current
LN00000649,CU00002684,BR011,Personal,2021-06-30,1461501.58,254172.63,11.75,240,0,766,Current
LN00000650,CU00001484,BR020,Education,2024-12-11,413810.23,286331.7,15.75,120,0,696,Current
LN00000651,CU00003405,BR020,Personal,2025-09-02,50000.0,10161.43,7.85,180,0,704,Current
LN00000652,CU00000042,BR020,Business,2021-12-10,254412.29,87723.68,11.52,60,0,677,Current
LN00000653,CU00004842,BR004,Home,2022-06-11,628672.54,282325.74,16.09,24,0,787,Current
LN00000654,CU00004747,BR013,Vehicle,2020-09-05,223107.58,178085.8,18.43,12,0,723,Current
LN00000655,CU00002389,BR011,Education,2022-04-28,225257.86,54970.88,17.34,180,0,603,Current
LN00000656,CU00003060,BR014,Business,2023-09-18,91822.79,81801.33,15.96,120,0,713,Current
LN00000657,CU00002665,BR007,Vehicle,2021-07-10,3153156.95,2288197.65,8.15,12,0,599,Current
LN00000658,CU00002441,BR019,Business,2020-09-24,613106.0,180579.84,17.02,12,0,713,Current
LN00000659,CU00003208,BR017,Education,2022-05-01,264339.23,91475.64,14.92,12,0,667,Current
LN00000660,CU00001838,BR019,Home,2022-01-09,149770.5,117069.54,12.43,120,0,720,Current
LN00000661,CU00004819,BR001,Vehicle,2023-07-11,3094498.64,2829095.33,10.38,240,0,646,Current
LN00000662,CU00004455,BR015,Vehicle,2023-07-23,612671.61,241018.92,13.84,120,0,781,Current
LN00000663,CU00001388,BR010,Business,2026-04-24,704200.79,589698.48,9.58,36,0,804,Current
LN00000664,CU00000981,BR018,Personal,2020-10-28,3275574.68,1913349.69,7.77,120,90,651,Non-performing
LN00000665,CU00004910,BR015,Vehicle,2023-03-25,163204.65,54595.32,7.64,120,0,728,Current
LN00000666,CU00004075,BR001,Vehicle,2024-04-10,378648.24,111587.38,18.19,36,15,713,Current
LN00000667,CU00004862,BR004,Home,2026-05-16,4393785.34,3353478.55,17.92,240,0,632,Current
LN00000668,CU00001694,BR005,Home,2021-01-02,691528.46,590767.07,13.45,60,0,585,Current
LN00000669,CU00004602,BR010,Vehicle,2021-10-12,1193929.05,771689.34,16.88,12,0,801,Current
LN00000670,CU00004186,BR013,Business,2025-07-02,75184.51,44317.47,15.87,24,0,807,Current
LN00000671,CU00000990,BR015,Education,2025-04-07,111052.77,86764.98,8.21,180,0,693,Current
LN00000672,CU00003901,BR020,Vehicle,2023-04-09,207486.07,129892.74,13.84,180,0,816,Current
LN00000673,CU00000655,BR023,Home,2023-04-08,565238.33,165965.53,8.78,240,0,752,Current
LN00000674,CU00000208,BR017,Vehicle,2024-04-23,262864.11,245004.18,17.18,24,0,706,Current
LN00000675,CU00002231,BR003,Personal,2021-10-11,645276.01,384658.51,9.33,180,0,667,Current
LN00000676,CU00002745,BR010,Business,2021-06-17,1190727.29,738231.36,18.42,180,0,641,Current
LN00000677,CU00004994,BR014,Personal,2021-03-12,380425.18,265914.48,14.34,24,30,749,Delinquent
LN00000678,CU00003686,BR014,Home,2023-05-07,180493.07,151781.21,12.05,240,0,768,Current
LN00000679,CU00004875,BR004,Home,2022-10-17,1151647.67,284714.76,13.09,180,0,850,Current
LN00000680,CU00001264,BR017,Vehicle,2025-02-20,11935343.45,5438824.99,7.65,240,0,655,Current
LN00000681,CU00003216,BR012,Home,2024-02-27,835042.54,681562.73,11.63,240,15,701,Current
LN00000682,CU00001627,BR012,Personal,2022-06-09,1084508.98,1015284.98,9.45,60,0,729,Current
LN00000683,CU00004588,BR002,Home,2026-04-14,1099105.76,736183.76,13.27,120,0,782,Current
LN00000684,CU00003246,BR015,Vehicle,2024-05-02,370262.68,235453.11,9.68,36,0,759,Current
LN00000685,CU00001929,BR009,Home,2023-08-29,350654.82,332449.56,15.34,180,0,673,Current
LN00000686,CU00001198,BR018,Vehicle,2025-09-07,246915.19,39494.87,15.04,120,0,685,Current
LN00000687,CU00001661,BR015,Home,2022-02-01,1267760.58,968253.44,13.62,24,0,659,Current
LN00000688,CU00003589,BR007,Home,2020-12-08,160399.84,32705.01,11.39,12,0,691,Current
LN00000689,CU00000534,BR006,Personal,2022-03-01,300797.08,71935.17,19.03,12,0,714,Current
LN00000690,CU00001710,BR018,Business,2023-08-23,579082.49,152725.99,17.43,12,0,731,Current
LN00000691,CU00000641,BR007,Personal,2024-12-07,317353.29,297611.93,9.59,36,120,770,Non-performing
LN00000692,CU00004014,BR017,Vehicle,2024-08-30,88012.76,42129.1,11.58,60,0,727,Current
LN00000693,CU00004775,BR019,Education,2026-05-20,188906.98,66164.66,10.71,24,30,715,Delinquent
LN00000694,CU00003452,BR013,Home,2021-07-16,871836.94,751030.54,16.07,240,0,804,Current
LN00000695,CU00004656,BR007,Home,2023-11-16,211876.93,176972.3,8.75,12,0,697,Current
LN00000696,CU00001840,BR011,Vehicle,2023-08-03,546725.94,489968.38,13.83,60,0,690,Current
LN00000697,CU00004361,BR011,Education,2024-06-22,242615.36,116827.89,16.4,24,0,651,Current
LN00000698,CU00003219,BR008,Personal,2021-12-05,772724.67,300124.59,18.45,36,0,625,Current
LN00000699,CU00001413,BR001,Vehicle,2024-06-09,795393.96,693081.55,12.67,36,0,780,Current
LN00000700,CU00000238,BR015,Personal,2026-01-22,12000000.0,7327028.82,16.03,36,30,845,Delinquent
LN00000701,CU00004483,BR002,Home,2025-01-10,2057271.84,700244.39,10.12,12,30,761,Delinquent
LN00000702,CU00004007,BR012,Home,2021-11-02,402394.29,231754.42,11.82,24,0,785,Current
LN00000703,CU00004140,BR022,Home,2023-05-19,520284.77,280535.15,17.96,60,0,730,Current
LN00000704,CU00000388,BR014,Vehicle,2022-01-07,183865.46,129879.06,13.8,60,60,634,Delinquent
LN00000705,CU00002950,BR011,Home,2022-11-06,1138906.11,964253.57,10.18,24,0,736,Current
LN00000706,CU00001443,BR007,Home,2022-01-06,614131.46,505515.33,13.82,12,0,769,Current
LN00000707,CU00003041,BR003,Education,2026-02-17,2455354.76,1939875.88,18.53,120,0,743,Current
LN00000708,CU00000400,BR002,Home,2025-01-16,6234993.05,2541103.19,16.42,120,15,789,Current
LN00000709,CU00001728,BR012,Personal,2024-01-06,409613.2,148462.57,9.38,60,0,688,Current
LN00000710,CU00001807,BR011,Home,2024-03-05,1171177.86,795589.83,10.16,36,0,681,Current
LN00000711,CU00003236,BR007,Personal,2026-05-21,628690.65,497791.14,7.7,240,0,807,Current
LN00000712,CU00002427,BR012,Home,2020-12-29,1612165.45,1283450.43,19.33,240,0,810,Current
LN00000713,CU00004157,BR016,Business,2026-05-21,323778.91,299172.68,7.87,24,0,666,Current
LN00000714,CU00003781,BR018,Vehicle,2022-12-18,284709.22,254447.41,15.07,240,0,745,Current
LN00000715,CU00000679,BR012,Vehicle,2021-11-30,202306.06,134808.4,8.58,60,15,784,Current
LN00000716,CU00004877,BR011,Home,2024-01-20,322487.5,262424.28,17.11,36,90,810,Non-performing
LN00000717,CU00003346,BR013,Home,2025-11-25,306400.43,237967.01,13.81,24,0,780,Current
LN00000718,CU00004071,BR015,Personal,2025-03-25,1670251.58,255000.0,13.03,36,0,652,Current
LN00000719,CU00003501,BR020,Home,2025-11-20,399633.11,130008.62,17.81,36,30,676,Delinquent
LN00000720,CU00002016,BR002,Education,2022-03-27,417979.04,197180.14,8.69,240,0,651,Current
LN00000721,CU00002470,BR020,Home,2025-09-13,996092.41,307947.23,13.96,60,60,658,Delinquent
LN00000722,CU00001300,BR017,Home,2023-07-26,412804.35,90766.39,18.37,120,0,850,Current
LN00000723,CU00004263,BR004,Vehicle,2025-05-26,418889.82,179946.09,10.24,240,30,666,Delinquent
LN00000724,CU00004332,BR008,Home,2023-04-19,239472.96,71177.63,10.91,12,0,698,Current
LN00000725,CU00003097,BR008,Home,2025-06-22,353019.16,79745.08,14.61,180,0,650,Current
LN00000726,CU00000871,BR011,Business,2023-07-12,674778.75,555043.03,15.13,12,0,644,Current
LN00000727,CU00000143,BR020,Personal,2024-02-01,1189510.82,1073408.64,16.21,180,15,652,Current
LN00000728,CU00004619,BR021,Home,2020-12-18,509664.72,398999.32,18.42,120,30,732,Delinquent
LN00000729,CU00003910,BR006,Business,2025-01-21,252116.42,228301.82,15.03,24,0,685,Current
LN00000730,CU00003047,BR015,Personal,2021-10-05,422248.17,144658.31,9.05,24,0,681,Current
LN00000731,CU00002965,BR004,Personal,2025-10-22,850713.73,495898.22,17.87,36,0,754,Current
LN00000732,CU00004720,BR021,Personal,2025-01-13,549740.5,474532.93,11.17,24,0,778,Current
LN00000733,CU00000989,BR011,Vehicle,2024-06-07,2775288.3,1515151.95,10.29,180,0,630,Current
LN00000734,CU00003700,BR007,Home,2022-08-15,1059323.7,326493.55,13.98,180,0,673,Current
LN00000735,CU00003143,BR002,Vehicle,2020-11-11,417258.04,145483.56,12.07,60,0,737,Current
LN00000736,CU00003880,BR006,Home,2024-07-25,770179.81,199334.28,18.66,24,120,648,Non-performing
LN00000737,CU00003912,BR003,Home,2026-02-11,515306.73,355931.49,9.65,240,90,691,Non-performing
LN00000738,CU00002059,BR007,Home,2024-10-03,873965.83,785374.44,16.74,180,0,816,Current
LN00000739,CU00000986,BR009,Home,2021-10-19,1247909.32,349233.15,15.5,36,0,693,Current
LN00000740,CU00000699,BR009,Education,2022-06-21,474001.3,307576.85,15.89,60,0,850,Current
LN00000741,CU00000836,BR017,Business,2023-12-17,545845.83,367367.79,10.82,240,0,750,Current
LN00000742,CU00001738,BR007,Home,2021-12-30,289971.8,128642.53,18.81,36,0,850,Current
LN00000743,CU00002303,BR020,Vehicle,2025-06-14,1754961.86,1146673.3,18.34,60,120,721,Non-performing
LN00000744,CU00001497,BR011,Personal,2023-08-18,744786.61,546524.06,11.72,60,30,739,Delinquent
LN00000745,CU00003755,BR009,Personal,2020-11-18,293387.42,272972.82,9.03,180,0,765,Current
LN00000746,CU00001335,BR009,Vehicle,2024-08-20,210397.23,112924.24,11.2,180,15,807,Current
LN00000747,CU00001891,BR012,Vehicle,2021-11-14,419328.97,124568.45,12.31,120,0,792,Current
LN00000748,CU00003019,BR008,Personal,2022-11-06,239568.95,197041.77,10.93,240,15,796,Current
LN00000749,CU00004723,BR021,Home,2023-08-22,774277.41,131122.73,11.65,180,0,707,Current
LN00000750,CU00002317,BR010,Home,2023-01-27,510196.94,234259.87,16.56,24,120,756,Non-performing
LN00000751,CU00004311,BR022,Business,2023-05-11,194180.56,119673.03,14.04,120,0,756,Current
LN00000752,CU00001472,BR024,Personal,2024-07-11,1284313.51,550761.49,9.05,12,0,695,Current
LN00000753,CU00003838,BR017,Education,2023-06-24,2134548.34,1353577.51,11.59,120,0,670,Current
LN00000754,CU00000294,BR006,Personal,2022-05-24,108148.31,75611.4,10.98,180,0,801,Current
LN00000755,CU00002598,BR009,Vehicle,2023-10-19,1729833.63,279117.24,13.1,60,0,725,Current
LN00000756,CU00004143,BR001,Home,2022-09-09,274918.1,219738.33,18.91,24,0,742,Current
LN00000757,CU00003042,BR014,Personal,2026-06-13,321079.87,96697.44,11.97,180,120,778,Non-performing
LN00000758,CU00004371,BR017,Home,2025-07-18,97721.28,31391.81,7.72,36,0,732,Current
LN00000759,CU00002000,BR015,Personal,2024-07-20,83198.19,75434.31,9.49,120,0,702,Current
LN00000760,CU00000472,BR020,Home,2022-02-16,350160.74,49407.09,18.0,12,15,609,Current
LN00000761,CU00002024,BR024,Education,2025-12-10,4430176.93,2191552.36,8.65,12,0,757,Current
LN00000762,CU00004764,BR001,Personal,2021-01-18,716089.16,105498.34,11.23,24,0,672,Current
LN00000763,CU00001580,BR012,Personal,2023-08-19,546066.2,175573.45,10.16,24,0,722,Current
LN00000764,CU00001401,BR014,Home,2020-12-14,1100250.61,333929.66,14.66,36,0,655,Current
LN00000765,CU00004931,BR016,Vehicle,2025-05-12,2793724.0,1251990.6,12.99,60,0,667,Current
LN00000766,CU00002035,BR012,Home,2023-03-22,481336.3,263382.18,9.87,120,0,712,Current
LN00000767,CU00002599,BR003,Personal,2022-01-27,333058.34,172146.96,9.31,24,0,718,Current
LN00000768,CU00000596,BR012,Education,2026-07-02,942952.93,486487.77,19.14,24,0,729,Current
LN00000769,CU00003679,BR015,Business,2022-12-10,723802.48,227020.97,9.01,36,0,773,Current
LN00000770,CU00000205,BR023,Home,2024-06-03,381950.15,75193.46,7.84,24,0,764,Current
LN00000771,CU00003403,BR016,Home,2024-04-24,173197.45,156402.97,8.81,24,90,757,Non-performing
LN00000772,CU00001849,BR018,Vehicle,2021-08-26,166140.77,41738.8,14.12,60,120,797,Non-performing
LN00000773,CU00003822,BR006,Personal,2023-06-07,855652.32,275204.33,18.79,60,0,643,Current
LN00000774,CU00004457,BR002,Vehicle,2021-02-02,1035230.09,430733.07,18.08,60,0,652,Current
LN00000775,CU00004944,BR005,Personal,2026-01-25,288165.81,63404.3,13.48,60,0,811,Current
LN00000776,CU00003112,BR023,Business,2021-07-20,720058.97,651912.71,13.28,12,0,645,Current
LN00000777,CU00002733,BR001,Home,2020-10-10,3162496.97,2462171.14,13.15,36,30,750,Delinquent
LN00000778,CU00000524,BR009,Home,2026-03-17,50000.0,17818.77,12.31,24,0,591,Current
LN00000779,CU00003766,BR014,Education,2022-12-19,134636.44,75162.97,11.37,240,120,721,Non-performing
LN00000780,CU00002379,BR003,Personal,2025-11-14,1881586.22,1450734.94,15.32,60,15,651,Current
LN00000781,CU00003774,BR010,Personal,2020-10-01,1744700.92,1522221.26,7.79,60,0,750,Current
LN00000782,CU00000188,BR012,Education,2026-01-08,371225.32,176833.38,10.06,24,60,623,Delinquent
LN00000783,CU00003413,BR018,Vehicle,2026-01-01,318304.82,116431.45,14.85,60,0,711,Current
LN00000784,CU00001295,BR019,Home,2025-12-14,451762.94,301995.46,13.69,120,0,793,Current
LN00000785,CU00004770,BR020,Education,2021-06-07,701770.85,115756.26,14.09,240,15,750,Current
LN00000786,CU00001946,BR016,Vehicle,2021-01-11,567210.78,314887.9,13.69,36,0,596,Current
LN00000787,CU00000896,BR024,Vehicle,2023-05-30,277222.27,38422.86,9.58,12,0,708,Current
LN00000788,CU00000611,BR010,Vehicle,2025-08-13,431434.7,206265.28,9.56,12,60,734,Delinquent
LN00000789,CU00000928,BR016,Education,2022-05-26,766030.59,648171.42,10.01,240,0,644,Current
LN00000790,CU00002342,BR002,Business,2025-06-07,137189.97,105328.96,18.96,60,0,787,Current
LN00000791,CU00002757,BR021,Education,2022-03-17,2006564.08,1843620.19,12.87,240,0,747,Current
LN00000792,CU00000248,BR013,Personal,2020-12-03,1226825.14,292065.71,8.3,240,0,763,Current
LN00000793,CU00003385,BR006,Home,2025-01-06,296614.41,144615.48,14.94,120,0,614,Current
LN00000794,CU00004621,BR013,Vehicle,2025-04-10,110158.25,84913.42,17.9,12,0,802,Current
LN00000795,CU00003749,BR021,Home,2020-10-07,152370.43,49513.09,12.25,36,15,780,Current
LN00000796,CU00000580,BR007,Personal,2026-01-16,10603429.38,9841333.1,7.81,240,90,694,Non-performing
LN00000797,CU00002394,BR024,Home,2021-12-20,870815.83,238053.48,11.97,36,30,660,Delinquent
LN00000798,CU00000660,BR022,Personal,2020-08-29,168576.85,64928.81,16.26,12,0,759,Current
LN00000799,CU00003214,BR014,Home,2025-07-31,157676.1,102008.42,10.27,240,0,703,Current
LN00000800,CU00003724,BR006,Personal,2023-04-20,1312981.06,1138622.92,19.02,12,0,712,Current
LN00000801,CU00003115,BR010,Vehicle,2024-09-30,75325.66,10709.92,19.37,12,0,791,Current
LN00000802,CU00004904,BR005,Home,2021-01-23,1136444.26,1057809.38,17.44,120,0,620,Current
LN00000803,CU00004061,BR005,Education,2026-05-04,2156923.04,343202.28,8.65,24,0,828,Current
LN00000804,CU00002040,BR022,Home,2025-01-15,289820.62,201112.47,10.53,240,0,679,Current
LN00000805,CU00004629,BR012,Personal,2025-07-05,598095.61,472684.77,16.39,180,0,710,Current
LN00000806,CU00002296,BR006,Business,2020-10-02,459860.51,297268.87,9.33,240,0,850,Current
LN00000807,CU00001276,BR018,Personal,2021-01-20,89875.37,22871.2,13.62,240,15,681,Current
LN00000808,CU00002872,BR004,Home,2022-12-22,1741764.21,760857.71,13.03,60,0,797,Current
LN00000809,CU00003197,BR005,Education,2022-09-14,312170.74,87618.59,9.04,60,0,689,Current
LN00000810,CU00004519,BR005,Personal,2024-10-22,95108.44,24140.5,9.15,60,0,696,Current
LN00000811,CU00003761,BR014,Business,2024-12-19,608226.22,404687.18,8.34,180,0,799,Current
LN00000812,CU00002541,BR013,Home,2024-03-01,605885.93,352972.87,18.79,12,0,587,Current
LN00000813,CU00000639,BR010,Home,2021-01-15,480277.66,85011.32,7.53,24,0,772,Current
LN00000814,CU00001619,BR012,Home,2025-12-26,1613433.18,606195.99,8.69,120,0,731,Current
LN00000815,CU00001889,BR019,Vehicle,2026-06-18,877184.23,773208.94,14.54,180,0,751,Current
LN00000816,CU00004667,BR016,Personal,2023-09-21,551613.94,442819.36,9.89,12,0,758,Current
LN00000817,CU00004664,BR009,Home,2024-07-05,2264939.4,690498.74,15.79,240,0,713,Current
LN00000818,CU00002362,BR016,Vehicle,2026-05-25,175280.21,52658.66,9.09,120,30,761,Delinquent
LN00000819,CU00001113,BR023,Home,2021-05-30,1739503.47,976911.43,13.58,24,30,643,Delinquent
LN00000820,CU00000379,BR017,Home,2021-04-06,1930973.98,608932.86,19.12,60,0,788,Current
LN00000821,CU00003560,BR010,Vehicle,2025-05-19,412247.52,65857.03,11.76,120,0,767,Current
LN00000822,CU00001436,BR007,Home,2023-04-28,50000.0,39605.93,14.44,180,0,739,Current
LN00000823,CU00000253,BR015,Business,2024-10-15,863645.62,567999.47,16.93,36,0,811,Current
LN00000824,CU00002469,BR022,Home,2025-07-09,768692.59,305723.88,18.28,36,0,800,Current
LN00000825,CU00004021,BR022,Personal,2021-06-17,420653.38,214700.59,14.71,36,0,710,Current
LN00000826,CU00002312,BR013,Home,2020-11-17,145682.12,105823.85,9.75,60,0,664,Current
LN00000827,CU00000791,BR018,Education,2024-06-25,530042.71,490294.73,10.58,60,0,782,Current
LN00000828,CU00003117,BR002,Business,2021-01-16,613945.09,315707.78,12.91,12,0,708,Current
LN00000829,CU00000486,BR012,Home,2025-05-13,125568.95,108053.15,8.18,12,0,675,Current
LN00000830,CU00002633,BR009,Personal,2021-06-07,1588847.45,1198134.41,18.57,12,0,850,Current
LN00000831,CU00003033,BR017,Education,2022-02-01,79027.87,39177.89,8.72,24,0,804,Current
LN00000832,CU00001475,BR017,Personal,2024-05-25,151068.98,37374.52,14.18,12,15,652,Current
LN00000833,CU00001945,BR014,Education,2025-02-23,407726.97,64768.49,14.36,60,0,784,Current
LN00000834,CU00004175,BR016,Business,2020-12-11,3589396.74,2984501.21,8.78,180,0,726,Current
LN00000835,CU00004261,BR021,Home,2020-09-28,211772.39,167570.3,17.61,240,0,743,Current
LN00000836,CU00004147,BR013,Personal,2020-09-09,57424.71,44166.91,7.64,36,0,631,Current
LN00000837,CU00000743,BR008,Business,2024-06-19,740946.88,455984.23,14.15,240,0,704,Current
LN00000838,CU00004948,BR001,Education,2023-11-30,244058.57,34005.79,17.84,12,0,828,Current
LN00000839,CU00004404,BR024,Personal,2022-05-20,189237.22,116580.29,12.99,36,0,620,Current
LN00000840,CU00000602,BR002,Home,2024-01-27,438182.17,82208.28,16.08,180,0,685,Current
LN00000841,CU00000681,BR014,Vehicle,2022-02-03,550072.23,429354.06,10.07,180,0,733,Current
LN00000842,CU00002218,BR020,Vehicle,2020-09-04,264252.99,84431.41,12.59,240,0,674,Current
LN00000843,CU00004756,BR017,Personal,2022-01-12,169494.02,55712.22,14.13,60,0,654,Current
LN00000844,CU00001076,BR006,Vehicle,2021-05-06,259444.48,82439.36,9.63,12,0,731,Current
LN00000845,CU00004897,BR018,Personal,2026-03-04,50000.0,36331.77,9.86,180,0,579,Current
LN00000846,CU00004318,BR013,Vehicle,2024-11-07,176361.49,124557.59,13.54,36,90,704,Non-performing
LN00000847,CU00001560,BR018,Vehicle,2023-06-07,978595.34,175708.8,11.52,12,0,809,Current
LN00000848,CU00004246,BR022,Home,2021-05-30,125151.14,69607.93,10.95,240,0,738,Current
LN00000849,CU00000145,BR006,Personal,2022-07-28,481720.66,114906.74,12.17,36,0,724,Current
LN00000850,CU00000383,BR021,Business,2024-07-01,263791.3,35319.3,15.49,60,0,576,Current
LN00000851,CU00000621,BR021,Education,2026-06-20,324199.42,198120.61,8.32,120,0,689,Current
LN00000852,CU00002581,BR010,Vehicle,2024-11-21,206123.73,32762.88,19.09,180,90,653,Non-performing
LN00000853,CU00004407,BR011,Business,2022-09-03,496009.73,104574.24,8.82,36,0,588,Current
LN00000854,CU00000521,BR015,Home,2023-09-05,183305.19,159761.01,9.76,36,15,740,Current
LN00000855,CU00004135,BR010,Personal,2024-09-01,1398210.83,513294.76,16.41,12,0,848,Current
LN00000856,CU00002558,BR012,Personal,2022-06-16,526288.38,210772.16,8.95,12,0,672,Current
LN00000857,CU00004224,BR002,Personal,2021-05-19,257235.31,48721.28,9.88,24,0,720,Current
LN00000858,CU00002222,BR016,Vehicle,2023-10-15,98032.08,68529.33,13.25,120,0,657,Current
LN00000859,CU00002712,BR020,Business,2021-01-19,790407.99,326144.04,16.76,60,120,618,Non-performing
LN00000860,CU00004871,BR021,Vehicle,2025-07-31,220118.5,179296.6,10.16,180,0,802,Current
LN00000861,CU00004636,BR020,Personal,2024-01-28,536745.7,468041.6,17.08,60,0,646,Current
LN00000862,CU00001058,BR011,Vehicle,2022-07-29,257214.18,74619.86,12.45,180,0,673,Current
LN00000863,CU00002625,BR022,Vehicle,2021-08-09,335491.16,63744.16,19.41,12,0,734,Current
LN00000864,CU00003323,BR024,Education,2025-12-22,746042.32,637862.22,14.98,180,0,625,Current
LN00000865,CU00003726,BR020,Personal,2020-09-01,784093.63,276608.92,11.24,36,15,750,Current
LN00000866,CU00004513,BR003,Business,2024-07-22,1557129.01,1491926.35,10.08,60,0,745,Current
LN00000867,CU00004821,BR019,Vehicle,2025-03-24,135023.57,28387.83,12.95,240,0,634,Current
LN00000868,CU00003897,BR017,Personal,2026-06-16,335593.11,251991.97,18.28,240,0,754,Current
LN00000869,CU00004820,BR022,Vehicle,2023-09-24,1383787.75,974437.2,17.7,60,0,648,Current
LN00000870,CU00003534,BR018,Personal,2020-10-17,374506.75,142717.36,8.99,36,0,747,Current
LN00000871,CU00004487,BR023,Vehicle,2025-10-06,651859.7,584352.68,10.16,180,60,707,Delinquent
LN00000872,CU00003240,BR014,Personal,2023-05-24,689613.46,110143.83,11.74,60,0,833,Current
LN00000873,CU00003408,BR004,Education,2022-08-27,268173.39,214353.44,13.65,180,0,630,Current
LN00000874,CU00002574,BR004,Business,2026-02-28,320048.64,170552.46,11.39,240,0,846,Current
LN00000875,CU00004453,BR005,Business,2024-12-16,239899.67,125369.4,16.27,24,0,767,Current
LN00000876,CU00004810,BR015,Personal,2022-12-04,224434.28,146866.34,13.81,120,0,653,Current
LN00000877,CU00003848,BR010,Home,2023-08-26,353252.23,284485.08,11.86,240,0,796,Current
LN00000878,CU00003739,BR023,Personal,2025-09-02,823994.0,186288.3,12.73,60,0,790,Current
LN00000879,CU00004733,BR011,Personal,2025-06-20,415346.18,237401.68,14.97,24,0,765,Current
LN00000880,CU00003718,BR021,Vehicle,2024-06-24,747461.5,458550.54,9.93,120,0,706,Current
LN00000881,CU00001064,BR015,Home,2024-09-11,226827.25,138065.27,8.78,240,15,850,Current
LN00000882,CU00003645,BR019,Personal,2022-04-06,424648.04,160852.81,13.72,60,0,830,Current
LN00000883,CU00002305,BR006,Home,2021-09-14,532497.36,293866.36,9.06,240,0,689,Current
LN00000884,CU00000351,BR011,Vehicle,2024-01-10,216446.3,101388.13,9.81,120,0,659,Current
LN00000885,CU00000206,BR003,Business,2022-11-26,78572.76,58947.37,15.78,24,0,630,Current
LN00000886,CU00000048,BR016,Vehicle,2024-05-10,447621.24,364415.76,14.98,24,0,703,Current
LN00000887,CU00003571,BR004,Education,2024-10-21,480117.74,184721.4,14.89,24,0,595,Current
LN00000888,CU00001690,BR010,Personal,2024-11-02,694035.01,314895.25,17.85,240,0,703,Current
LN00000889,CU00004496,BR012,Vehicle,2025-06-13,450046.09,231474.32,14.56,36,0,709,Current
LN00000890,CU00000797,BR002,Home,2026-01-04,741983.67,524062.64,13.46,24,90,557,Non-performing
LN00000891,CU00001116,BR003,Personal,2025-10-05,406495.41,254301.58,9.37,12,30,724,Delinquent
LN00000892,CU00001161,BR023,Home,2022-09-07,572786.84,514265.07,8.4,120,0,700,Current
LN00000893,CU00004471,BR004,Vehicle,2025-02-01,1609277.02,830373.65,12.08,36,0,707,Current
LN00000894,CU00002503,BR020,Personal,2021-12-17,428514.78,98867.9,16.34,36,15,759,Current
LN00000895,CU00003121,BR020,Business,2024-03-16,1522958.86,413542.21,13.98,180,30,701,Delinquent
LN00000896,CU00000314,BR015,Personal,2021-02-16,50000.0,36473.4,8.92,12,0,828,Current
LN00000897,CU00000475,BR013,Business,2022-12-14,224361.53,115927.34,19.07,36,0,675,Current
LN00000898,CU00002214,BR010,Home,2021-03-21,1536753.23,1472577.95,11.89,12,0,678,Current
LN00000899,CU00003873,BR010,Education,2026-05-16,253345.81,68240.5,10.75,12,0,774,Current
LN00000900,CU00003810,BR015,Vehicle,2026-03-25,162889.88,81669.81,9.63,240,0,560,Current
LN00000901,CU00000848,BR003,Personal,2023-03-02,504730.38,400728.19,19.22,180,0,677,Current
LN00000902,CU00002573,BR002,Home,2025-06-30,705500.74,466358.22,10.27,24,0,636,Current
LN00000903,CU00003516,BR010,Business,2023-07-09,772645.82,608039.87,14.89,180,0,779,Current
LN00000904,CU00003934,BR009,Vehicle,2023-02-17,316135.72,110503.94,18.09,60,60,766,Delinquent
LN00000905,CU00001010,BR016,Vehicle,2022-05-07,660218.88,371486.91,15.62,240,0,739,Current
LN00000906,CU00004204,BR008,Personal,2022-03-30,595996.34,298850.17,10.91,36,0,850,Current
LN00000907,CU00000088,BR020,Vehicle,2020-11-18,434723.67,336176.3,16.74,180,0,841,Current
LN00000908,CU00004388,BR007,Personal,2021-03-30,573357.28,158175.58,13.1,180,60,804,Delinquent
LN00000909,CU00002644,BR019,Personal,2022-07-05,222846.06,120941.99,8.5,24,90,610,Non-performing
LN00000910,CU00003161,BR006,Personal,2025-09-26,81376.97,41063.7,17.43,120,15,762,Current
LN00000911,CU00000431,BR008,Home,2024-09-03,50000.0,36965.51,17.95,120,15,765,Current
LN00000912,CU00000738,BR007,Vehicle,2021-11-29,1080882.42,897327.08,18.34,12,0,775,Current
LN00000913,CU00002899,BR014,Personal,2022-03-01,630150.56,301284.81,16.26,120,0,749,Current
LN00000914,CU00000186,BR009,Home,2024-02-16,3079150.81,1543187.25,15.5,60,0,680,Current
LN00000915,CU00002109,BR019,Home,2022-09-21,288003.38,238523.4,7.93,24,0,842,Current
LN00000916,CU00002545,BR018,Home,2024-11-11,669563.92,244287.12,17.77,120,0,850,Current
LN00000917,CU00000427,BR005,Education,2024-09-23,546837.5,113408.88,12.35,240,0,715,Current
LN00000918,CU00002640,BR015,Home,2024-01-04,115629.4,24745.7,15.01,60,0,698,Current
LN00000919,CU00002400,BR007,Personal,2025-03-03,349741.08,164060.93,13.53,12,120,769,Non-performing
LN00000920,CU00002060,BR008,Personal,2025-07-24,896420.72,612057.48,17.95,240,0,656,Current
LN00000921,CU00002696,BR001,Vehicle,2024-09-04,329945.02,293964.06,19.29,240,0,810,Current
LN00000922,CU00001193,BR011,Vehicle,2026-05-10,508347.62,372612.4,10.3,60,120,680,Non-performing
LN00000923,CU00003119,BR006,Vehicle,2021-01-06,337247.55,82047.49,14.27,36,30,641,Delinquent
LN00000924,CU00003775,BR010,Home,2021-09-24,188137.55,23212.11,16.67,240,0,743,Current
LN00000925,CU00003014,BR003,Education,2023-08-28,105795.14,71401.02,11.83,36,0,633,Current
LN00000926,CU00000161,BR023,Education,2022-07-02,621260.71,270756.51,17.96,180,15,701,Current
LN00000927,CU00001832,BR018,Vehicle,2021-06-15,722373.0,583412.28,15.76,12,0,683,Current
LN00000928,CU00000594,BR023,Home,2025-09-21,236856.38,158125.54,13.57,240,0,692,Current
LN00000929,CU00003285,BR021,Personal,2022-10-10,542646.2,400917.19,13.31,240,0,741,Current
LN00000930,CU00004796,BR004,Personal,2023-04-03,1923519.89,706957.65,11.36,12,0,813,Current
LN00000931,CU00000413,BR001,Personal,2021-12-31,58126.64,28018.99,9.99,24,0,838,Current
LN00000932,CU00004508,BR013,Vehicle,2022-08-22,1647790.37,492389.13,16.16,240,0,754,Current
LN00000933,CU00004822,BR002,Personal,2024-01-07,634341.64,268975.55,9.7,60,0,605,Current
LN00000934,CU00003204,BR014,Vehicle,2022-10-30,311001.65,92433.42,14.75,36,0,707,Current
LN00000935,CU00002120,BR016,Personal,2021-06-30,104770.22,82857.84,8.01,24,30,702,Delinquent
LN00000936,CU00000767,BR011,Personal,2025-12-09,666050.31,552532.37,14.46,240,0,713,Current
LN00000937,CU00001931,BR020,Home,2026-01-03,962566.24,348188.23,18.44,24,0,729,Current
LN00000938,CU00002683,BR019,Business,2023-02-16,1607555.44,606385.62,9.54,12,0,707,Current
LN00000939,CU00000827,BR019,Education,2021-01-07,470805.26,349667.12,13.42,120,0,804,Current
LN00000940,CU00003451,BR008,Personal,2022-11-03,255826.74,158642.54,19.02,240,0,668,Current
LN00000941,CU00001104,BR002,Personal,2024-05-14,1972374.05,1408477.71,9.91,12,0,771,Current
LN00000942,CU00001444,BR020,Home,2026-04-16,743042.86,695576.88,18.22,24,0,645,Current
LN00000943,CU00004942,BR006,Personal,2021-07-27,155287.02,94177.73,10.18,180,0,703,Current
LN00000944,CU00000520,BR024,Education,2025-05-12,457080.38,193485.2,9.89,60,60,660,Delinquent
LN00000945,CU00000250,BR011,Business,2025-04-06,182495.09,92239.3,8.3,36,0,679,Current
LN00000946,CU00000331,BR003,Personal,2025-04-24,1323346.65,1011214.21,17.18,36,0,807,Current
LN00000947,CU00004900,BR021,Personal,2023-12-08,181970.08,78194.78,12.32,180,0,657,Current
LN00000948,CU00003360,BR013,Education,2026-02-09,173943.14,27170.43,18.36,36,0,654,Current
LN00000949,CU00000659,BR019,Personal,2025-02-19,1952771.51,660289.53,10.25,120,15,680,Current
LN00000950,CU00000798,BR003,Home,2024-03-13,582998.14,292233.9,13.05,36,60,706,Delinquent
LN00000951,CU00004579,BR004,Vehicle,2023-06-02,1952649.3,475124.21,11.7,240,0,793,Current
LN00000952,CU00004997,BR002,Education,2022-08-16,580077.93,455673.17,8.09,180,0,766,Current
LN00000953,CU00002966,BR020,Personal,2020-11-02,297377.16,142571.74,8.81,12,0,669,Current
LN00000954,CU00002487,BR012,Home,2021-08-29,304304.48,212789.94,18.55,60,0,850,Current
LN00000955,CU00003055,BR014,Personal,2024-12-08,2234238.66,2135164.62,14.09,60,0,667,Current
LN00000956,CU00001526,BR015,Personal,2023-01-24,166528.91,40730.0,17.8,120,15,826,Current
LN00000957,CU00004495,BR016,Vehicle,2021-02-04,608805.06,223847.8,8.35,60,30,766,Delinquent
LN00000958,CU00003809,BR010,Home,2020-10-19,345912.46,237594.82,11.44,24,0,671,Current
LN00000959,CU00002029,BR019,Home,2023-09-14,742437.9,137731.32,8.76,120,0,850,Current
LN00000960,CU00002476,BR012,Home,2025-05-07,831492.83,534955.08,9.13,24,0,730,Current
LN00000961,CU00001034,BR014,Personal,2022-01-05,197221.16,128140.28,8.66,24,0,561,Current
LN00000962,CU00003639,BR003,Personal,2020-09-21,9179441.04,6715205.83,10.17,36,15,728,Current
LN00000963,CU00004025,BR007,Vehicle,2024-04-16,760143.83,105125.45,14.22,12,0,766,Current
LN00000964,CU00000316,BR021,Education,2021-11-10,256144.77,187684.21,10.51,36,15,725,Current
LN00000965,CU00004647,BR012,Personal,2022-06-17,2416303.87,680143.18,10.77,180,0,789,Current
LN00000966,CU00002308,BR016,Home,2025-02-20,941265.97,563030.66,11.43,36,0,689,Current
LN00000967,CU00003148,BR020,Business,2023-09-21,185118.7,104673.01,7.95,120,90,829,Non-performing
LN00000968,CU00002831,BR016,Personal,2021-05-07,254566.64,93740.68,15.05,24,0,624,Current
LN00000969,CU00001509,BR004,Education,2024-08-03,1251965.13,1053392.89,18.01,24,0,769,Current
LN00000970,CU00004640,BR017,Vehicle,2024-05-27,375346.7,324315.28,8.36,60,0,771,Current
LN00000971,CU00001781,BR018,Personal,2026-06-05,99921.34,47782.17,19.41,120,0,711,Current
LN00000972,CU00004179,BR012,Vehicle,2025-12-27,302804.02,224145.37,11.89,12,30,671,Delinquent
LN00000973,CU00003574,BR017,Home,2023-01-30,182958.96,70402.54,10.24,24,0,767,Current
LN00000974,CU00000666,BR002,Home,2025-04-04,418887.97,230094.69,16.25,60,0,558,Current
LN00000975,CU00000603,BR018,Personal,2021-10-10,332276.1,112151.64,9.64,180,0,668,Current
LN00000976,CU00000901,BR017,Personal,2022-12-11,362390.82,219545.3,13.7,24,0,644,Current
LN00000977,CU00002254,BR019,Home,2023-07-14,630541.49,333977.05,15.43,180,0,748,Current
LN00000978,CU00002288,BR015,Vehicle,2021-09-16,58738.34,52931.74,12.67,12,60,687,Delinquent
LN00000979,CU00000950,BR003,Home,2025-01-30,357195.2,330579.99,16.43,240,0,747,Current
LN00000980,CU00000673,BR002,Business,2022-02-16,76404.66,32303.67,10.52,120,0,799,Current
LN00000981,CU00001019,BR004,Business,2022-06-30,325833.88,202259.97,11.73,36,0,699,Current
LN00000982,CU00001452,BR021,Personal,2023-09-15,1283242.6,590129.18,9.4,24,30,658,Delinquent
LN00000983,CU00001536,BR016,Education,2024-04-14,430107.04,111330.4,9.5,240,0,731,Current
LN00000984,CU00004605,BR006,Home,2024-12-09,2134511.42,1208729.05,18.91,120,0,667,Current
LN00000985,CU00002657,BR020,Personal,2024-03-25,293200.21,132238.18,17.09,24,30,718,Delinquent
LN00000986,CU00000742,BR016,Personal,2022-04-25,1022607.5,161692.87,18.16,60,0,711,Current
LN00000987,CU00002364,BR007,Personal,2021-04-12,773927.0,583316.08,8.77,12,0,718,Current
LN00000988,CU00002928,BR021,Home,2023-06-07,573214.97,393302.18,13.45,36,0,792,Current
LN00000989,CU00000765,BR002,Education,2025-03-03,2226731.39,1395659.7,18.38,240,0,747,Current
LN00000990,CU00003867,BR003,Home,2023-08-15,1492611.38,313764.76,14.0,120,0,766,Current
LN00000991,CU00003919,BR008,Business,2026-02-25,821379.45,691435.97,18.87,180,0,711,Current
LN00000992,CU00000106,BR005,Personal,2023-02-13,672633.11,159220.18,11.38,12,0,638,Current
LN00000993,CU00003258,BR005,Home,2025-02-27,158736.6,92421.36,9.41,60,0,711,Current
LN00000994,CU00004722,BR023,Home,2025-02-19,266952.46,104240.84,9.51,240,0,850,Current
LN00000995,CU00002608,BR018,Education,2022-08-16,1852451.15,1422069.82,18.28,60,30,788,Delinquent
LN00000996,CU00001201,BR006,Personal,2024-11-01,64754.66,49179.34,17.09,24,0,696,Current
LN00000997,CU00002937,BR012,Home,2024-12-12,369866.75,186784.32,18.85,240,0,618,Current
LN00000998,CU00002331,BR014,Personal,2025-08-09,227839.41,28656.3,9.6,24,0,580,Current
LN00000999,CU00002129,BR010,Personal,2022-05-03,957289.63,248257.27,8.39,36,30,719,Delinquent
LN00001000,CU00004802,BR015,Business,2022-04-06,134128.17,24770.4,17.01,36,0,686,Current
LN00001001,CU00001376,BR016,Personal,2023-09-25,683649.03,356087.31,8.3,36,0,673,Current
LN00001002,CU00001906,BR002,Home,2025-08-20,91246.59,32164.29,17.46,24,0,666,Current
LN00001003,CU00002810,BR005,Business,2026-06-05,140693.05,112058.71,15.56,240,15,795,Current
LN00001004,CU00000185,BR013,Personal,2024-05-30,172897.96,140267.92,9.74,24,0,738,Current
LN00001005,CU00004005,BR020,Business,2021-03-04,2292842.92,1059380.17,15.49,240,90,709,Non-performing
LN00001006,CU00001036,BR005,Personal,2021-11-18,736973.86,256125.16,17.79,36,0,750,Current
LN00001007,CU00002369,BR022,Home,2022-04-20,305663.66,191751.67,16.22,36,0,754,Current
LN00001008,CU00003941,BR015,Business,2026-03-11,671881.91,615928.0,14.11,36,0,777,Current
LN00001009,CU00002150,BR022,Home,2025-09-17,662284.83,111072.33,10.85,60,0,715,Current
LN00001010,CU00003496,BR012,Vehicle,2021-08-09,709268.76,523866.64,16.64,24,0,747,Current
LN00001011,CU00002124,BR023,Home,2023-02-28,584838.69,452219.95,17.13,24,0,791,Current
LN00001012,CU00002583,BR003,Personal,2025-06-04,136275.14,109259.38,16.55,60,0,711,Current
LN00001013,CU00002002,BR009,Personal,2023-12-21,1763977.83,728080.74,8.78,36,0,850,Current
LN00001014,CU00004548,BR003,Personal,2021-12-18,846754.57,312783.42,12.37,180,0,690,Current
LN00001015,CU00000212,BR024,Education,2022-07-07,788673.0,224457.97,11.13,12,0,727,Current
LN00001016,CU00002193,BR012,Personal,2021-02-15,93225.33,72533.06,14.14,60,0,715,Current
LN00001017,CU00003406,BR024,Personal,2022-03-05,84500.98,59434.82,17.86,60,120,610,Non-performing
LN00001018,CU00000583,BR022,Personal,2025-06-25,148495.01,59853.74,15.81,36,0,850,Current
LN00001019,CU00002940,BR017,Business,2026-04-22,109718.37,91150.81,11.84,24,0,823,Current
LN00001020,CU00002906,BR008,Personal,2021-09-25,280493.33,62904.32,11.43,240,0,711,Current
LN00001021,CU00001674,BR004,Personal,2024-05-21,165044.27,22207.23,13.47,36,0,737,Current
LN00001022,CU00003792,BR015,Vehicle,2020-11-10,796096.99,700246.4,9.56,36,0,791,Current
LN00001023,CU00001584,BR003,Vehicle,2024-10-02,848781.49,783325.41,11.82,36,0,574,Current
LN00001024,CU00000627,BR016,Home,2025-08-18,1628611.31,585695.86,12.44,120,0,704,Current
LN00001025,CU00000158,BR016,Home,2022-09-09,693674.04,503232.08,10.31,120,15,748,Current
LN00001026,CU00004062,BR023,Personal,2025-12-04,280398.13,72786.51,13.37,240,30,671,Delinquent
LN00001027,CU00002957,BR008,Personal,2021-10-20,614652.65,96879.57,14.62,180,0,811,Current
LN00001028,CU00001408,BR009,Vehicle,2022-03-14,1657137.73,220122.36,11.29,240,0,740,Current
LN00001029,CU00004336,BR007,Home,2020-11-24,127987.27,97237.24,12.85,240,0,756,Current
LN00001030,CU00003124,BR001,Personal,2021-11-01,540517.03,425076.99,10.34,60,0,695,Current
LN00001031,CU00002532,BR020,Business,2024-12-01,276828.22,86519.99,15.73,120,30,692,Delinquent
LN00001032,CU00003694,BR002,Personal,2026-05-12,135192.63,38926.55,13.73,36,0,675,Current
LN00001033,CU00002049,BR020,Business,2024-09-26,50000.0,22848.5,15.33,240,0,689,Current
LN00001034,CU00003334,BR008,Education,2021-04-30,918794.12,787885.95,12.62,240,0,733,Current
LN00001035,CU00001629,BR003,Education,2023-01-22,120070.7,84380.21,10.33,36,15,650,Current
LN00001036,CU00000489,BR002,Business,2022-04-01,319524.62,235251.82,16.86,180,30,670,Delinquent
LN00001037,CU00001990,BR002,Home,2020-12-25,458076.76,139227.21,10.99,240,0,709,Current
LN00001038,CU00000057,BR009,Home,2026-03-14,451618.26,181756.36,11.84,180,0,753,Current
LN00001039,CU00000289,BR019,Vehicle,2022-06-02,1921215.86,1381515.5,16.75,12,0,726,Current
LN00001040,CU00002244,BR022,Business,2024-09-14,382164.66,195991.07,17.43,120,0,729,Current
LN00001041,CU00004456,BR023,Education,2020-10-17,413475.16,60494.99,8.36,120,0,689,Current
LN00001042,CU00000682,BR002,Home,2021-07-28,516644.01,125719.5,7.83,24,30,702,Delinquent
LN00001043,CU00003390,BR001,Education,2023-12-19,400623.14,162570.76,14.14,60,0,670,Current
LN00001044,CU00000884,BR019,Education,2021-07-03,10472033.17,3743573.19,16.0,120,0,734,Current
LN00001045,CU00001800,BR016,Home,2021-07-31,1345352.75,941824.06,14.61,180,0,609,Current
LN00001046,CU00002055,BR015,Education,2024-07-27,97225.12,71136.98,17.28,180,0,850,Current
LN00001047,CU00004560,BR003,Personal,2022-08-17,448933.83,329228.93,18.56,180,0,736,Current
LN00001048,CU00003703,BR019,Vehicle,2023-01-31,2025444.1,963505.82,9.41,240,0,778,Current
LN00001049,CU00002336,BR002,Home,2025-07-23,203622.92,101221.57,12.53,36,0,790,Current
LN00001050,CU00003284,BR023,Vehicle,2021-08-28,606236.71,249620.74,10.14,36,0,772,Current
LN00001051,CU00003043,BR005,Home,2025-10-11,168913.04,32022.37,9.79,240,15,655,Current
LN00001052,CU00002443,BR007,Business,2021-06-14,3447728.72,1865549.43,17.94,120,15,697,Current
LN00001053,CU00001567,BR014,Home,2023-08-10,674297.85,441699.88,10.62,36,0,850,Current
LN00001054,CU00000424,BR016,Personal,2022-02-24,564452.46,136604.62,11.05,180,0,664,Current
LN00001055,CU00003891,BR007,Vehicle,2025-01-02,50000.0,20792.59,12.71,24,0,766,Current
LN00001056,CU00003881,BR013,Vehicle,2021-03-26,1951919.75,812431.38,8.45,180,0,730,Current
LN00001057,CU00003349,BR010,Personal,2025-09-25,1444009.61,1327228.62,17.96,12,60,779,Delinquent
LN00001058,CU00004399,BR013,Home,2025-07-16,496971.52,415079.45,10.06,240,0,690,Current
LN00001059,CU00003794,BR014,Business,2026-01-28,313502.93,199711.2,14.24,120,0,743,Current
LN00001060,CU00000378,BR005,Personal,2024-02-12,468598.77,334549.53,8.46,180,0,747,Current
LN00001061,CU00000030,BR004,Home,2024-02-05,948465.1,909884.46,13.64,240,0,786,Current
LN00001062,CU00003438,BR024,Personal,2023-06-06,557977.24,519781.44,17.65,240,15,770,Current
LN00001063,CU00003563,BR011,Vehicle,2023-01-12,346467.19,189483.7,17.08,120,0,680,Current
LN00001064,CU00001821,BR004,Home,2020-11-23,658266.51,164295.57,11.35,36,0,828,Current
LN00001065,CU00002219,BR015,Personal,2024-10-03,836345.01,610964.9,12.4,240,0,797,Current
LN00001066,CU00002322,BR013,Home,2025-05-13,2619508.12,746347.54,10.58,12,15,738,Current
LN00001067,CU00000544,BR018,Personal,2020-11-16,2853669.05,548161.48,10.96,60,0,712,Current
LN00001068,CU00001151,BR003,Education,2021-05-05,155015.76,67840.78,10.22,240,0,708,Current
LN00001069,CU00000839,BR024,Personal,2025-04-30,90936.45,52566.51,10.74,240,0,750,Current
LN00001070,CU00004569,BR015,Vehicle,2023-03-27,468894.67,387070.5,17.81,60,0,711,Current
LN00001071,CU00003806,BR007,Vehicle,2024-03-24,886409.03,182410.59,17.42,240,0,599,Current
LN00001072,CU00002791,BR022,Personal,2020-08-30,865864.98,461160.53,16.59,60,0,736,Current
LN00001073,CU00004290,BR017,Personal,2020-11-16,123805.66,55775.73,16.4,12,0,635,Current
LN00001074,CU00000984,BR005,Personal,2023-05-03,1360579.54,993669.32,10.24,36,0,660,Current
LN00001075,CU00000341,BR024,Vehicle,2022-06-08,965322.7,557502.49,15.49,12,30,720,Delinquent
LN00001076,CU00004563,BR006,Personal,2020-10-17,1444710.84,1157242.81,14.91,24,120,706,Non-performing
LN00001077,CU00000310,BR009,Home,2025-03-17,2612283.13,433269.71,13.37,120,0,743,Current
LN00001078,CU00003358,BR018,Home,2025-05-23,185417.31,41872.75,8.97,120,0,698,Current
LN00001079,CU00002104,BR023,Vehicle,2025-01-03,78741.83,41060.48,12.77,240,0,687,Current
LN00001080,CU00000296,BR001,Vehicle,2022-12-24,264924.89,160398.67,15.26,60,0,637,Current
LN00001081,CU00000469,BR015,Home,2023-05-24,373963.87,283109.85,10.5,36,30,707,Delinquent
LN00001082,CU00003416,BR022,Home,2025-03-22,2402506.14,1834467.57,16.71,60,0,572,Current
LN00001083,CU00004572,BR018,Personal,2022-05-29,564205.04,520468.98,8.14,12,0,748,Current
LN00001084,CU00001449,BR005,Home,2024-09-03,1807661.76,309021.59,7.6,180,0,752,Current
LN00001085,CU00000407,BR005,Home,2025-09-30,205946.52,76640.45,12.36,36,0,792,Current
LN00001086,CU00003804,BR007,Home,2021-08-23,333481.39,156918.45,10.68,36,0,723,Current
LN00001087,CU00002980,BR019,Home,2025-12-06,313968.57,271504.36,8.53,60,0,754,Current
LN00001088,CU00002972,BR002,Home,2022-10-26,143427.77,78341.37,14.76,180,0,819,Current
LN00001089,CU00001417,BR021,Vehicle,2021-03-17,790252.78,662064.25,8.45,60,0,676,Current
LN00001090,CU00003342,BR008,Home,2021-01-01,671725.08,373090.45,17.82,120,0,731,Current
LN00001091,CU00004559,BR022,Vehicle,2022-02-18,3172055.65,1533086.75,13.41,24,0,734,Current
LN00001092,CU00004728,BR018,Home,2026-07-16,375446.99,278481.53,17.48,120,90,742,Non-performing
LN00001093,CU00001773,BR023,Vehicle,2022-07-01,1216602.48,432390.66,13.97,36,0,723,Current
LN00001094,CU00000604,BR018,Home,2025-01-26,239098.6,36337.95,10.33,24,0,631,Current
LN00001095,CU00000790,BR009,Personal,2020-10-10,914814.86,843724.69,14.06,24,0,621,Current
LN00001096,CU00003201,BR021,Vehicle,2021-05-27,164785.86,90399.84,13.02,240,0,669,Current
LN00001097,CU00001460,BR019,Vehicle,2021-05-24,63755.88,16402.33,14.05,36,15,728,Current
LN00001098,CU00001079,BR002,Home,2024-07-22,534372.52,209551.07,10.97,120,0,642,Current
LN00001099,CU00001765,BR024,Home,2025-02-10,281380.82,245169.45,13.08,180,0,757,Current
LN00001100,CU00000737,BR019,Home,2026-03-27,1025076.15,705377.45,11.36,12,0,643,Current
LN00001101,CU00004890,BR001,Home,2023-11-18,229805.31,48431.21,11.24,240,0,691,Current
LN00001102,CU00003347,BR007,Business,2025-01-03,266451.72,94625.35,8.64,120,0,772,Current
LN00001103,CU00000619,BR023,Education,2024-12-11,457252.7,220930.8,18.57,120,0,801,Current
LN00001104,CU00001227,BR006,Vehicle,2021-02-26,1105827.66,933510.97,15.19,120,0,730,Current
LN00001105,CU00003663,BR008,Education,2020-11-09,400093.14,200063.05,12.89,12,0,751,Current
LN00001106,CU00002679,BR021,Home,2026-03-11,2114703.72,458898.94,12.57,60,0,850,Current
LN00001107,CU00001693,BR017,Vehicle,2025-11-02,171272.35,115864.47,17.55,180,0,781,Current
LN00001108,CU00001152,BR009,Business,2023-05-31,2053431.62,1640048.05,15.35,12,0,850,Current
LN00001109,CU00001535,BR021,Home,2021-05-24,532535.3,477709.46,15.25,180,0,838,Current
LN00001110,CU00002618,BR016,Home,2021-07-13,385524.63,83712.3,7.65,36,60,744,Delinquent
LN00001111,CU00001063,BR011,Business,2022-12-05,839229.28,186137.97,14.57,60,0,757,Current
LN00001112,CU00001515,BR017,Vehicle,2025-05-06,583950.02,382347.43,15.45,240,0,744,Current
LN00001113,CU00000586,BR006,Home,2023-04-30,2278872.84,1072611.69,15.83,60,0,807,Current
LN00001114,CU00001510,BR024,Home,2021-06-29,954824.47,317690.57,7.67,120,30,655,Delinquent
LN00001115,CU00001048,BR022,Personal,2023-06-12,986049.31,884193.71,19.18,36,0,588,Current
LN00001116,CU00004023,BR020,Home,2020-09-05,120621.56,115198.52,19.3,24,0,642,Current
LN00001117,CU00003714,BR019,Business,2020-09-28,202511.7,39077.05,13.73,240,0,823,Current
LN00001118,CU00001370,BR005,Home,2025-03-23,185968.99,135951.36,17.49,60,0,717,Current
LN00001119,CU00001868,BR022,Home,2025-09-21,222914.28,154587.96,8.6,240,0,622,Current
LN00001120,CU00004049,BR008,Personal,2021-12-21,893005.31,413968.13,16.39,180,0,649,Current
LN00001121,CU00000130,BR023,Vehicle,2021-06-20,930548.13,482498.99,10.19,12,0,756,Current
LN00001122,CU00002675,BR010,Home,2020-11-28,115822.22,46793.16,12.25,240,0,796,Current
LN00001123,CU00000470,BR016,Home,2021-05-05,567527.02,541603.89,18.99,36,90,641,Non-performing
LN00001124,CU00003409,BR018,Personal,2022-09-01,153937.25,90106.72,15.67,24,0,732,Current
LN00001125,CU00004880,BR003,Vehicle,2021-08-27,612530.91,228138.96,9.89,180,0,673,Current
LN00001126,CU00001407,BR014,Vehicle,2021-10-31,703303.39,342746.53,16.24,180,0,751,Current
LN00001127,CU00000192,BR011,Education,2020-11-09,2432681.53,2243377.0,8.28,36,0,722,Current
LN00001128,CU00003622,BR001,Vehicle,2024-05-12,517752.68,333738.8,7.56,24,0,676,Current
LN00001129,CU00001094,BR008,Home,2026-05-01,278216.0,185980.13,16.33,24,0,703,Current
LN00001130,CU00004492,BR019,Vehicle,2021-03-04,207249.87,118446.09,8.17,60,0,733,Current
LN00001131,CU00000405,BR012,Home,2020-10-12,1662196.71,1137581.18,12.38,120,0,777,Current
LN00001132,CU00004776,BR020,Business,2026-05-27,138685.18,91796.44,12.57,240,0,691,Current
LN00001133,CU00000140,BR014,Education,2021-12-03,434550.99,346668.12,16.06,12,15,742,Current
LN00001134,CU00004626,BR009,Personal,2023-07-10,1042337.11,490648.43,17.37,240,30,693,Delinquent
LN00001135,CU00004991,BR004,Home,2023-01-24,244275.53,119983.69,7.5,12,15,638,Current
LN00001136,CU00004192,BR008,Personal,2022-07-22,246654.29,192428.77,10.28,240,0,787,Current
LN00001137,CU00002011,BR023,Vehicle,2021-12-25,215419.94,94974.74,15.91,240,0,748,Current
LN00001138,CU00000610,BR009,Personal,2021-10-10,102853.4,82890.42,11.06,240,30,820,Delinquent
LN00001139,CU00004812,BR006,Vehicle,2025-04-19,334539.84,172720.64,18.65,12,0,701,Current
LN00001140,CU00001446,BR006,Personal,2023-06-04,4199508.17,700691.62,18.52,180,0,746,Current
LN00001141,CU00000731,BR004,Home,2020-09-29,476900.63,207880.56,14.91,36,0,717,Current
LN00001142,CU00003162,BR017,Business,2026-04-28,294133.87,184221.42,14.51,180,60,683,Delinquent
LN00001143,CU00000364,BR013,Education,2023-04-12,2294423.82,1758202.61,11.67,12,90,723,Non-performing
LN00001144,CU00001080,BR007,Business,2023-11-16,50000.0,28339.57,7.81,180,0,682,Current
LN00001145,CU00002485,BR013,Vehicle,2021-08-21,352856.81,96120.77,8.17,12,0,737,Current
LN00001146,CU00002096,BR021,Personal,2023-03-11,50000.0,22734.08,15.52,120,0,712,Current
LN00001147,CU00000518,BR001,Vehicle,2024-10-30,791514.62,513060.96,12.85,120,0,748,Current
LN00001148,CU00002527,BR006,Home,2025-03-16,1781780.15,735278.06,13.67,240,0,591,Current
LN00001149,CU00004392,BR004,Home,2023-06-19,135675.82,20224.24,9.35,180,0,679,Current
LN00001150,CU00004405,BR019,Home,2023-09-25,209778.75,51401.93,15.66,60,0,732,Current
LN00001151,CU00002087,BR021,Business,2020-12-24,1896748.48,987935.16,18.72,240,0,728,Current
LN00001152,CU00002444,BR004,Education,2025-01-01,126987.75,78225.72,7.59,12,0,759,Current
LN00001153,CU00002125,BR018,Education,2023-06-06,209351.62,181449.72,16.44,180,0,703,Current
LN00001154,CU00000932,BR010,Vehicle,2020-09-25,3075686.52,1758240.83,13.68,180,0,788,Current
LN00001155,CU00001856,BR005,Home,2025-01-26,315111.42,250475.6,14.56,12,0,575,Current
LN00001156,CU00004072,BR002,Vehicle,2023-07-06,110952.63,41936.79,16.58,24,0,796,Current
LN00001157,CU00001473,BR023,Vehicle,2025-12-07,1376925.23,313886.15,14.04,12,0,637,Current
LN00001158,CU00001662,BR013,Education,2025-09-16,102316.91,95323.74,13.57,60,0,653,Current
LN00001159,CU00001962,BR020,Education,2023-06-03,1491994.11,709201.48,16.07,24,0,763,Current
LN00001160,CU00000982,BR023,Business,2025-04-24,2038235.52,1743904.71,17.19,240,0,701,Current
LN00001161,CU00001381,BR012,Personal,2021-12-09,110527.19,67206.85,15.33,180,15,850,Current
LN00001162,CU00001735,BR023,Vehicle,2021-01-21,856262.96,573929.34,11.59,180,0,710,Current
LN00001163,CU00004002,BR012,Education,2022-02-15,72111.28,42412.2,16.05,60,0,671,Current
LN00001164,CU00002474,BR022,Home,2023-03-23,671384.43,80952.7,12.1,12,0,706,Current
LN00001165,CU00003597,BR023,Education,2025-02-20,708473.51,275122.22,14.01,36,30,733,Delinquent
LN00001166,CU00002707,BR015,Home,2025-12-07,125883.28,58189.16,12.44,120,0,540,Current
LN00001167,CU00004217,BR014,Business,2022-08-17,134551.09,54639.57,8.43,180,0,760,Current
LN00001168,CU00002944,BR004,Business,2025-04-07,558693.15,237130.0,17.26,12,120,665,Non-performing
LN00001169,CU00004749,BR022,Vehicle,2021-06-30,906976.98,761433.0,15.18,240,0,837,Current
LN00001170,CU00002724,BR001,Business,2021-08-05,1042829.17,394047.34,8.3,180,0,724,Current
LN00001171,CU00002710,BR007,Vehicle,2021-05-28,540926.31,168929.75,12.81,180,0,723,Current
LN00001172,CU00002896,BR010,Business,2020-10-16,2980362.33,978661.64,9.45,240,90,641,Non-performing
LN00001173,CU00003845,BR004,Vehicle,2023-06-24,1927532.31,572499.06,18.7,180,0,772,Current
LN00001174,CU00004445,BR019,Home,2026-05-09,268164.05,211884.21,8.93,24,0,647,Current
LN00001175,CU00002894,BR015,Business,2024-11-28,906959.79,197848.73,10.33,60,0,798,Current
LN00001176,CU00002161,BR015,Vehicle,2023-02-17,732987.13,351425.68,12.99,60,0,743,Current
LN00001177,CU00000711,BR008,Home,2024-06-20,514756.08,433677.04,10.49,24,0,746,Current
LN00001178,CU00000266,BR017,Home,2026-01-21,479456.24,455748.2,10.86,120,0,646,Current
LN00001179,CU00002765,BR016,Personal,2026-07-12,675338.93,419331.8,11.5,24,0,690,Current
LN00001180,CU00004479,BR016,Home,2026-03-09,400506.0,267702.93,11.39,24,30,649,Delinquent
LN00001181,CU00002155,BR013,Personal,2026-05-10,805155.23,302540.83,18.66,24,30,654,Delinquent
LN00001182,CU00001620,BR018,Vehicle,2021-03-12,356498.35,310033.43,13.73,24,0,582,Current
LN00001183,CU00001148,BR008,Personal,2021-04-23,1335991.92,776425.07,11.7,24,0,670,Current
LN00001184,CU00000128,BR012,Business,2022-09-12,762137.68,729161.34,14.47,12,0,687,Current
LN00001185,CU00003251,BR013,Personal,2025-01-14,374778.56,245954.53,8.47,240,30,686,Delinquent
LN00001186,CU00002071,BR016,Business,2023-12-13,2081304.13,1317633.63,18.56,120,0,840,Current
LN00001187,CU00002830,BR009,Home,2025-04-14,491726.9,241613.04,8.81,120,15,850,Current
LN00001188,CU00003326,BR015,Personal,2026-04-26,2271550.78,1962026.66,9.3,12,0,669,Current
LN00001189,CU00003839,BR014,Business,2025-01-24,232273.51,143418.23,19.21,24,0,763,Current
LN00001190,CU00003600,BR010,Personal,2021-12-13,208804.23,132114.7,9.53,240,0,808,Current
LN00001191,CU00004052,BR004,Vehicle,2021-10-29,1454866.49,1364259.73,16.24,120,0,744,Current
LN00001192,CU00001150,BR015,Home,2022-11-02,237402.0,49451.08,11.44,60,0,632,Current
LN00001193,CU00000166,BR019,Personal,2025-10-21,359783.15,324308.76,13.94,180,0,724,Current
LN00001194,CU00001120,BR011,Home,2025-06-08,246138.18,32880.42,12.23,12,0,722,Current
LN00001195,CU00001664,BR008,Personal,2024-08-04,78146.99,11589.68,15.84,36,0,726,Current
LN00001196,CU00004155,BR003,Vehicle,2021-03-06,344818.32,285119.09,17.69,36,0,633,Current
LN00001197,CU00002783,BR021,Personal,2024-08-31,211063.73,85275.29,10.54,12,0,720,Current
LN00001198,CU00000134,BR016,Business,2022-09-14,557297.2,370937.77,10.93,24,90,631,Non-performing
LN00001199,CU00000452,BR014,Personal,2026-03-07,483929.52,241628.93,15.02,60,0,702,Current
LN00001200,CU00001631,BR012,Personal,2022-07-26,360910.53,231382.2,12.89,240,0,652,Current
LN00001201,CU00004243,BR003,Personal,2025-08-31,169277.79,147813.78,17.74,12,0,720,Current
LN00001202,CU00002525,BR010,Personal,2024-12-27,676416.02,642980.51,12.72,120,0,738,Current
LN00001203,CU00002408,BR018,Business,2025-08-20,393850.08,242295.86,12.3,60,0,726,Current
LN00001204,CU00002237,BR021,Home,2021-03-25,446919.93,404317.62,10.25,180,15,757,Current
LN00001205,CU00003174,BR017,Home,2024-12-17,363242.04,88173.91,10.34,36,0,762,Current
LN00001206,CU00002827,BR001,Home,2024-10-31,449301.47,76257.48,14.83,24,0,669,Current
LN00001207,CU00003383,BR015,Business,2023-06-04,386850.76,312366.07,17.0,240,90,675,Non-performing
LN00001208,CU00000259,BR004,Home,2025-02-02,2594259.02,2247018.64,8.4,240,0,752,Current
LN00001209,CU00000343,BR018,Home,2021-06-15,70648.59,33734.52,15.87,180,0,787,Current
LN00001210,CU00000021,BR016,Business,2021-07-31,111754.52,73922.59,14.29,180,0,568,Current
LN00001211,CU00004702,BR021,Personal,2024-11-09,274505.75,129598.36,8.32,120,0,728,Current
LN00001212,CU00001824,BR009,Vehicle,2021-12-14,302609.35,275749.27,10.63,12,0,628,Current
LN00001213,CU00001324,BR022,Home,2022-03-24,110161.81,98555.1,15.73,24,0,736,Current
LN00001214,CU00000622,BR015,Home,2022-05-18,526355.08,500539.06,12.51,12,0,782,Current
LN00001215,CU00000086,BR019,Home,2026-01-26,240127.62,155026.08,17.87,12,0,791,Current
LN00001216,CU00004697,BR019,Personal,2026-07-10,146908.64,140687.1,19.3,180,0,660,Current
LN00001217,CU00002530,BR015,Vehicle,2025-07-09,134700.48,73636.18,10.99,36,0,581,Current
LN00001218,CU00003800,BR009,Education,2021-11-20,163023.73,127435.67,9.71,60,0,676,Current
LN00001219,CU00001786,BR004,Home,2024-11-07,2775333.07,1412226.04,10.49,36,0,656,Current
LN00001220,CU00004248,BR023,Home,2021-05-15,132991.68,94248.81,13.67,12,0,625,Current
LN00001221,CU00004446,BR001,Business,2022-06-11,436543.15,177742.7,11.31,60,0,844,Current
LN00001222,CU00003585,BR023,Business,2022-12-18,434603.04,332321.96,14.58,24,0,701,Current
LN00001223,CU00003407,BR003,Education,2023-06-25,273162.31,224450.5,18.74,180,0,699,Current
LN00001224,CU00003763,BR016,Personal,2025-09-16,1098766.24,288050.11,11.19,120,0,772,Current
LN00001225,CU00003034,BR016,Education,2024-01-05,476609.21,354385.18,8.6,240,0,671,Current
LN00001226,CU00004474,BR005,Education,2024-06-29,460867.17,429085.89,18.95,120,0,726,Current
LN00001227,CU00003854,BR015,Education,2023-03-03,50000.0,45244.14,10.35,60,60,835,Delinquent
LN00001228,CU00003587,BR006,Home,2024-05-09,4953254.58,2225057.99,10.64,12,0,850,Current
LN00001229,CU00000779,BR007,Home,2022-07-09,437706.92,392081.64,10.33,60,0,790,Current
LN00001230,CU00004671,BR018,Education,2021-09-18,970329.26,271655.77,11.42,240,0,812,Current
LN00001231,CU00001607,BR006,Vehicle,2022-10-30,606989.03,117836.85,14.21,12,0,843,Current
LN00001232,CU00000826,BR004,Home,2025-04-11,548347.48,279897.64,15.2,120,60,684,Delinquent
LN00001233,CU00003770,BR012,Vehicle,2021-09-13,797814.65,242372.98,13.31,180,0,738,Current
LN00001234,CU00003638,BR017,Personal,2022-05-11,523659.62,441374.59,10.72,180,0,619,Current
LN00001235,CU00004600,BR016,Vehicle,2021-09-20,146413.04,118106.34,14.31,120,0,595,Current
LN00001236,CU00004958,BR013,Home,2023-12-23,133715.69,126530.45,16.96,24,90,800,Non-performing
LN00001237,CU00000247,BR017,Business,2026-02-09,302423.01,284223.54,13.42,24,30,850,Delinquent
LN00001238,CU00000794,BR008,Home,2021-03-11,291711.07,42261.62,11.65,120,0,717,Current
LN00001239,CU00000320,BR004,Education,2025-02-06,636868.48,562246.31,8.77,60,15,783,Current
LN00001240,CU00002507,BR011,Home,2025-03-19,507563.73,354334.42,16.1,120,0,739,Current
LN00001241,CU00000183,BR021,Home,2023-09-15,804741.08,522162.87,19.18,180,0,803,Current
LN00001242,CU00001384,BR005,Vehicle,2026-05-10,1501416.96,1324289.22,17.69,180,0,634,Current
LN00001243,CU00003248,BR010,Home,2024-09-29,245690.56,215296.43,18.21,60,0,713,Current
LN00001244,CU00004230,BR008,Personal,2022-05-01,81113.71,19012.87,13.63,24,0,726,Current
LN00001245,CU00001128,BR022,Home,2021-11-26,255915.14,182634.8,19.23,240,0,762,Current
LN00001246,CU00004857,BR016,Personal,2023-09-09,3934936.06,2650923.24,8.14,240,0,689,Current
LN00001247,CU00003453,BR017,Home,2022-07-22,3113952.23,1261383.74,12.31,60,0,693,Current
LN00001248,CU00001525,BR008,Education,2021-09-05,501727.18,109479.55,18.3,180,0,685,Current
LN00001249,CU00004544,BR008,Business,2025-02-14,837126.77,247199.04,11.33,60,0,629,Current
LN00001250,CU00000701,BR006,Home,2021-04-24,1027760.47,644361.85,12.51,240,0,774,Current
LN00001251,CU00001896,BR005,Personal,2021-12-09,144053.47,24312.63,7.82,12,0,850,Current
LN00001252,CU00004151,BR024,Education,2020-10-29,185518.71,85323.54,19.26,240,0,836,Current
LN00001253,CU00003059,BR001,Vehicle,2022-04-23,228052.44,208760.45,8.45,180,15,752,Current
LN00001254,CU00004946,BR018,Home,2020-12-01,557304.14,369424.94,8.81,36,0,834,Current
LN00001255,CU00000817,BR020,Personal,2026-06-03,3008537.97,470313.44,10.4,60,90,753,Non-performing
LN00001256,CU00003176,BR005,Vehicle,2024-10-01,843708.4,335462.59,12.95,120,0,710,Current
LN00001257,CU00001032,BR002,Business,2025-03-05,488467.44,221292.45,11.06,120,0,717,Current
LN00001258,CU00000733,BR020,Vehicle,2022-04-08,2382848.66,303088.17,14.23,60,120,809,Non-performing
LN00001259,CU00000211,BR011,Home,2023-09-09,432600.96,402132.69,9.57,180,0,769,Current
LN00001260,CU00003027,BR019,Vehicle,2024-07-04,915330.1,693609.65,15.38,12,0,712,Current
LN00001261,CU00001011,BR021,Personal,2023-02-21,300484.68,279196.48,10.39,60,0,845,Current
LN00001262,CU00001241,BR004,Vehicle,2026-01-07,162985.33,80343.55,8.17,240,0,731,Current
LN00001263,CU00001704,BR018,Business,2023-08-15,195073.26,69082.83,14.97,120,0,741,Current
LN00001264,CU00000688,BR015,Home,2025-06-10,1081442.88,1020930.27,10.18,36,0,733,Current
LN00001265,CU00000677,BR016,Home,2025-12-26,341688.35,290123.58,18.11,60,0,707,Current
LN00001266,CU00001389,BR023,Vehicle,2024-03-12,1831769.13,483107.49,16.89,60,0,718,Current
LN00001267,CU00000917,BR022,Vehicle,2026-07-05,1566709.79,1486108.57,19.35,180,0,762,Current
LN00001268,CU00003486,BR019,Business,2024-01-12,589340.45,268461.89,12.51,120,0,731,Current
LN00001269,CU00003133,BR008,Education,2023-11-06,284388.62,155607.21,18.04,180,0,776,Current
LN00001270,CU00000648,BR018,Home,2021-11-29,56672.67,53457.35,11.4,12,0,687,Current
LN00001271,CU00002758,BR024,Personal,2021-10-29,805571.71,171409.79,11.25,240,0,673,Current
LN00001272,CU00001476,BR009,Personal,2021-06-28,5601613.32,5069278.74,19.25,120,0,690,Current
LN00001273,CU00000825,BR003,Business,2023-08-06,724868.36,494408.06,16.89,36,15,677,Current
LN00001274,CU00003925,BR022,Business,2022-12-30,745991.84,170219.96,14.02,180,90,659,Non-performing
LN00001275,CU00001018,BR005,Business,2022-01-14,521571.08,305948.15,13.92,12,0,792,Current
LN00001276,CU00000861,BR013,Vehicle,2023-04-02,1810374.41,945322.39,11.43,24,0,715,Current
LN00001277,CU00000933,BR003,Home,2022-05-07,126017.04,107929.2,10.21,120,30,741,Delinquent
LN00001278,CU00003797,BR013,Personal,2022-12-24,185310.15,27220.69,14.44,120,15,702,Current
LN00001279,CU00000766,BR014,Vehicle,2025-08-28,823592.77,739365.47,10.87,24,0,711,Current
LN00001280,CU00001665,BR023,Personal,2024-06-01,877163.76,667513.59,9.45,120,15,663,Current
LN00001281,CU00003923,BR023,Personal,2026-03-13,1295643.31,940644.33,14.38,24,0,773,Current
LN00001282,CU00000664,BR002,Vehicle,2024-01-06,826911.35,690396.24,10.35,120,0,615,Current
LN00001283,CU00004029,BR001,Home,2024-02-27,97522.6,23086.81,14.39,180,0,741,Current
LN00001284,CU00004485,BR014,Home,2023-01-02,2252351.95,1976666.49,14.59,240,15,735,Current
LN00001285,CU00002031,BR007,Business,2023-03-04,320637.03,129659.83,17.18,60,15,790,Current
LN00001286,CU00002891,BR021,Home,2024-07-04,248492.56,35106.89,11.57,240,60,701,Delinquent
LN00001287,CU00004789,BR014,Education,2020-08-31,869447.51,442273.6,17.56,120,0,661,Current
LN00001288,CU00000714,BR023,Vehicle,2025-12-14,127738.76,31690.24,8.95,120,0,850,Current
LN00001289,CU00002629,BR001,Home,2020-09-16,1546336.82,1238069.13,10.18,24,0,772,Current
LN00001290,CU00004327,BR003,Personal,2021-01-29,1549609.05,665325.07,12.78,240,0,758,Current
LN00001291,CU00004373,BR017,Home,2023-12-23,764792.2,415488.24,14.46,12,60,822,Delinquent
LN00001292,CU00004679,BR021,Business,2026-01-11,405007.16,319847.18,10.92,180,0,667,Current
LN00001293,CU00001050,BR003,Personal,2025-04-27,1229002.97,166669.96,14.23,12,0,848,Current
LN00001294,CU00002885,BR014,Home,2020-10-09,1001081.31,574778.76,12.25,12,0,739,Current
LN00001295,CU00003295,BR008,Personal,2026-04-05,885116.47,287558.01,12.2,36,0,831,Current
LN00001296,CU00002973,BR018,Home,2025-04-16,891509.71,781374.64,8.52,240,0,684,Current
LN00001297,CU00002775,BR015,Vehicle,2023-03-20,393743.04,78729.02,7.93,24,60,754,Delinquent
LN00001298,CU00004262,BR013,Personal,2021-07-27,723483.61,341706.19,7.74,180,0,590,Current
LN00001299,CU00003758,BR019,Personal,2024-12-25,575313.53,120972.23,15.54,24,0,803,Current
LN00001300,CU00000039,BR010,Personal,2022-03-20,487852.32,211319.97,8.03,180,0,750,Current
LN00001301,CU00000460,BR008,Home,2023-03-29,184943.04,29837.6,9.93,12,0,714,Current
LN00001302,CU00003082,BR016,Personal,2025-08-29,518693.33,403272.34,7.6,24,0,617,Current
LN00001303,CU00000705,BR023,Personal,2021-12-26,113942.41,94511.03,7.62,12,15,789,Current
LN00001304,CU00001286,BR024,Home,2025-08-25,658556.97,583992.71,10.68,36,0,673,Current
LN00001305,CU00003537,BR010,Home,2024-04-18,280964.0,124364.14,18.47,60,0,715,Current
LN00001306,CU00000065,BR005,Home,2021-01-07,1283078.83,1190882.99,15.76,36,0,689,Current
LN00001307,CU00001733,BR001,Business,2020-08-26,288312.07,209765.67,11.54,36,0,850,Current
LN00001308,CU00000061,BR021,Vehicle,2025-01-27,776374.43,133008.3,17.42,24,90,704,Non-performing
LN00001309,CU00000541,BR004,Personal,2024-03-22,253088.18,82288.17,12.37,36,0,740,Current
LN00001310,CU00000060,BR016,Business,2022-10-03,184081.56,28985.42,8.95,60,0,723,Current
LN00001311,CU00001359,BR013,Personal,2022-07-15,368135.87,107368.84,8.38,24,90,847,Non-performing
LN00001312,CU00000026,BR003,Business,2024-11-16,727154.94,520918.17,16.93,180,0,633,Current
LN00001313,CU00004077,BR002,Vehicle,2022-04-04,294243.65,175351.85,14.21,240,0,644,Current
LN00001314,CU00004477,BR018,Home,2026-04-18,3507064.16,2076914.75,12.17,12,0,768,Current
LN00001315,CU00004032,BR022,Personal,2022-10-14,692974.49,437891.81,10.9,120,0,673,Current
LN00001316,CU00004718,BR020,Personal,2022-11-21,549128.62,199827.12,15.89,60,0,656,Current
LN00001317,CU00004670,BR017,Education,2022-12-30,261293.43,218183.21,12.49,60,0,620,Current
LN00001318,CU00004321,BR009,Business,2021-03-03,195342.64,91616.69,10.47,12,0,764,Current
LN00001319,CU00004918,BR005,Education,2021-03-17,240137.23,83025.3,15.48,36,0,709,Current
LN00001320,CU00004480,BR001,Personal,2024-10-21,439753.08,82732.25,8.36,12,0,732,Current
LN00001321,CU00003801,BR020,Personal,2020-10-17,120069.76,71081.24,11.28,24,0,627,Current
LN00001322,CU00004228,BR022,Education,2025-10-18,561263.79,485024.47,13.76,24,30,801,Delinquent
LN00001323,CU00004741,BR005,Vehicle,2023-01-25,1019750.42,686468.42,14.71,12,0,801,Current
LN00001324,CU00004732,BR015,Home,2025-08-09,497542.69,392082.8,15.93,180,0,810,Current
LN00001325,CU00002277,BR013,Home,2025-09-08,739081.64,336694.77,15.21,120,0,699,Current
LN00001326,CU00002952,BR019,Personal,2024-07-10,125545.6,69767.76,7.56,12,0,799,Current
LN00001327,CU00002479,BR023,Vehicle,2022-01-07,514766.86,373177.04,17.47,12,0,774,Current
LN00001328,CU00001355,BR013,Business,2021-03-06,808254.37,740223.36,10.6,180,15,711,Current
LN00001329,CU00002936,BR014,Personal,2025-10-05,67834.43,40889.77,13.52,120,0,833,Current
LN00001330,CU00000554,BR018,Home,2025-10-31,871651.84,487999.91,15.47,60,0,693,Current
LN00001331,CU00003708,BR002,Business,2023-03-31,329364.16,82071.84,17.83,36,0,622,Current
LN00001332,CU00001103,BR002,Home,2022-09-12,586212.53,84934.43,11.65,240,0,706,Current
LN00001333,CU00002172,BR019,Personal,2023-12-09,2090576.31,344020.54,19.5,12,0,679,Current
LN00001334,CU00004258,BR011,Business,2024-10-25,209310.48,158487.27,9.03,36,15,810,Current
LN00001335,CU00000620,BR014,Education,2026-07-01,497462.75,336096.26,8.07,240,0,649,Current
LN00001336,CU00003276,BR024,Vehicle,2025-03-09,231966.97,171156.98,14.38,180,0,684,Current
LN00001337,CU00004805,BR003,Vehicle,2025-02-02,779570.01,253358.83,19.01,120,0,714,Current
LN00001338,CU00004962,BR009,Vehicle,2022-03-04,299901.91,75710.61,9.93,12,0,659,Current
LN00001339,CU00004085,BR008,Business,2020-11-10,50532.58,30647.61,13.52,120,0,696,Current
LN00001340,CU00003933,BR013,Vehicle,2022-10-14,444680.29,294126.07,11.8,12,0,783,Current
LN00001341,CU00004020,BR007,Home,2023-07-01,301483.59,158924.53,15.01,120,0,677,Current
LN00001342,CU00000089,BR016,Home,2026-02-01,1147012.61,241796.72,15.43,120,0,781,Current
LN00001343,CU00003182,BR005,Home,2024-04-11,349208.72,290108.54,14.98,36,0,786,Current
LN00001344,CU00002438,BR005,Business,2021-01-15,589372.01,382833.78,18.77,240,0,697,Current
LN00001345,CU00004355,BR005,Vehicle,2021-07-17,80794.55,65185.36,12.16,120,0,735,Current
LN00001346,CU00002357,BR015,Personal,2022-05-19,192207.14,164025.87,9.76,24,30,680,Delinquent
LN00001347,CU00000632,BR005,Personal,2024-03-19,330211.72,211317.99,7.94,60,0,668,Current
LN00001348,CU00000182,BR023,Personal,2021-04-27,336423.24,246385.69,14.02,24,120,733,Non-performing
LN00001349,CU00000903,BR022,Personal,2022-10-01,50000.0,39188.73,15.79,240,0,744,Current
LN00001350,CU00004836,BR007,Home,2020-09-20,965171.45,770536.67,10.37,12,0,752,Current
LN00001351,CU00004300,BR005,Home,2022-05-24,793688.73,301491.34,18.3,36,0,745,Current
LN00001352,CU00003767,BR013,Vehicle,2021-08-05,276520.86,239410.99,8.92,180,15,659,Current
LN00001353,CU00001842,BR011,Home,2025-09-25,1351270.91,1153947.47,13.04,180,0,751,Current
LN00001354,CU00001334,BR022,Business,2021-03-05,663136.49,82705.72,9.51,36,0,675,Current
LN00001355,CU00001651,BR006,Personal,2024-10-24,196378.5,163010.55,11.49,180,0,756,Current
LN00001356,CU00003191,BR005,Home,2025-02-11,568033.3,376024.47,15.87,180,0,714,Current
LN00001357,CU00003475,BR022,Education,2021-02-22,623839.04,170139.42,15.66,240,0,755,Current
LN00001358,CU00003266,BR004,Vehicle,2021-06-18,147363.86,30970.21,17.11,12,30,727,Delinquent
LN00001359,CU00002517,BR020,Home,2025-05-03,91237.58,16780.98,12.93,12,0,821,Current
LN00001360,CU00002047,BR022,Personal,2023-12-13,137491.37,122609.57,10.36,120,0,826,Current
LN00001361,CU00002263,BR012,Personal,2024-04-03,552906.19,333631.21,13.51,120,0,756,Current
LN00001362,CU00001989,BR017,Personal,2025-06-25,2027745.2,1497512.39,15.88,36,0,836,Current
LN00001363,CU00000433,BR012,Business,2025-11-17,845703.69,400127.48,8.21,180,0,677,Current
LN00001364,CU00003049,BR023,Vehicle,2023-06-03,693214.6,381534.02,17.73,24,0,771,Current
LN00001365,CU00002997,BR024,Home,2021-03-09,381158.09,341742.61,15.2,12,0,792,Current
LN00001366,CU00004034,BR021,Business,2021-08-01,2949534.15,2164847.58,8.99,60,0,759,Current
LN00001367,CU00003448,BR022,Vehicle,2020-10-30,1892494.01,1002922.46,7.64,60,0,628,Current
LN00001368,CU00001969,BR012,Home,2024-03-21,493879.47,406592.38,10.31,180,0,739,Current
LN00001369,CU00001950,BR018,Home,2022-12-28,148282.81,22933.96,14.55,24,0,828,Current
LN00001370,CU00002297,BR023,Business,2021-01-12,548723.46,292305.18,14.3,60,0,783,Current
LN00001371,CU00003489,BR006,Home,2025-05-05,162935.83,79731.14,10.19,240,0,727,Current
LN00001372,CU00000306,BR013,Home,2023-03-06,356791.26,235146.98,16.7,120,0,720,Current
LN00001373,CU00002685,BR014,Education,2020-11-25,664059.05,225284.01,14.8,180,0,595,Current
LN00001374,CU00003521,BR014,Education,2022-11-10,225625.18,28699.89,10.27,36,120,811,Non-performing
LN00001375,CU00004174,BR003,Education,2022-01-28,321527.53,150683.21,15.66,24,15,641,Current
LN00001376,CU00004337,BR010,Business,2021-01-11,4193582.88,3035015.58,11.95,12,0,658,Current
LN00001377,CU00002971,BR009,Business,2024-01-27,328927.84,314507.76,12.39,24,0,767,Current
LN00001378,CU00002051,BR017,Personal,2020-09-26,293244.54,122986.38,11.2,60,0,690,Current
LN00001379,CU00003460,BR002,Home,2024-04-26,3075561.75,2395127.2,19.33,24,15,691,Current
LN00001380,CU00002094,BR007,Business,2022-10-09,235024.45,98320.04,14.28,24,0,808,Current
LN00001381,CU00003678,BR018,Personal,2021-02-09,241139.96,73430.96,9.05,24,0,682,Current
LN00001382,CU00004229,BR012,Business,2026-01-18,435593.55,210826.11,9.5,60,0,684,Current
LN00001383,CU00002834,BR001,Home,2022-12-29,149881.34,22013.25,14.68,240,0,743,Current
LN00001384,CU00000786,BR012,Business,2020-10-01,217421.38,104454.31,9.14,12,0,791,Current
LN00001385,CU00000647,BR009,Vehicle,2023-10-11,374130.29,97810.71,15.34,240,15,684,Current
LN00001386,CU00003971,BR001,Vehicle,2025-01-01,70219.58,53896.28,17.91,60,0,767,Current
LN00001387,CU00001639,BR012,Personal,2023-05-07,154882.36,126096.3,10.22,12,0,821,Current
LN00001388,CU00000419,BR004,Personal,2025-09-25,1535079.25,244079.65,8.48,60,15,678,Current
LN00001389,CU00001749,BR002,Personal,2024-12-15,225129.5,178136.48,14.8,12,60,850,Delinquent
LN00001390,CU00001585,BR010,Home,2022-02-20,279261.22,101739.66,7.93,60,0,716,Current
LN00001391,CU00004244,BR022,Business,2023-06-25,2668139.69,1213492.74,15.75,12,0,732,Current
LN00001392,CU00004549,BR017,Home,2023-06-02,1272673.63,152911.15,17.44,12,0,697,Current
LN00001393,CU00003474,BR002,Education,2021-07-10,703507.85,415931.12,18.55,240,0,711,Current
LN00001394,CU00004242,BR024,Vehicle,2021-05-30,458493.13,95156.88,10.48,24,0,624,Current
LN00001395,CU00002103,BR004,Business,2023-09-12,317693.6,183256.68,10.23,36,0,726,Current
LN00001396,CU00004906,BR008,Home,2024-07-04,115206.09,74362.94,17.2,12,15,665,Current
LN00001397,CU00003990,BR022,Business,2023-05-08,293390.8,62654.88,7.7,120,0,772,Current
LN00001398,CU00001947,BR017,Personal,2025-10-16,1085725.87,843041.94,16.42,36,0,764,Current
LN00001399,CU00003218,BR005,Personal,2025-03-20,3826800.16,2005082.63,15.79,24,0,676,Current
LN00001400,CU00002722,BR002,Home,2021-11-13,75769.09,21521.17,18.16,180,0,633,Current
LN00001401,CU00003593,BR005,Personal,2024-07-05,767800.5,508925.41,7.65,240,90,738,Non-performing
LN00001402,CU00003565,BR022,Business,2024-01-12,201728.52,75767.34,15.74,36,0,546,Current
LN00001403,CU00004413,BR007,Education,2022-02-17,507850.8,96389.42,12.32,120,30,718,Delinquent
LN00001404,CU00004953,BR003,Business,2021-10-25,250410.46,80582.87,9.13,24,15,800,Current
LN00001405,CU00001248,BR021,Personal,2025-02-18,154958.52,80884.37,14.98,60,90,655,Non-performing
LN00001406,CU00003415,BR009,Vehicle,2022-05-09,257195.61,74412.21,9.47,12,0,797,Current
LN00001407,CU00003333,BR020,Business,2021-09-06,357684.19,174540.54,15.99,36,0,607,Current
LN00001408,CU00004397,BR010,Personal,2024-06-03,1650798.22,564218.11,14.3,120,0,708,Current
LN00001409,CU00001941,BR021,Personal,2025-07-06,4766103.12,2572723.06,13.93,36,0,689,Current
LN00001410,CU00003008,BR005,Personal,2021-08-27,587140.38,262253.33,14.64,36,0,640,Current
LN00001411,CU00000453,BR007,Vehicle,2022-05-15,94969.89,59319.02,15.89,120,0,768,Current
LN00001412,CU00004960,BR005,Personal,2025-10-12,3524562.46,1095065.28,11.15,24,30,631,Delinquent
LN00001413,CU00000157,BR002,Personal,2025-02-09,213839.42,196608.28,12.61,36,30,761,Delinquent
LN00001414,CU00004817,BR014,Home,2021-08-13,396290.21,241851.53,17.21,180,0,754,Current
LN00001415,CU00000709,BR019,Vehicle,2025-07-18,107426.9,29312.15,9.35,240,30,665,Delinquent
LN00001416,CU00002664,BR021,Education,2021-01-20,99914.49,79749.53,18.56,120,30,719,Delinquent
LN00001417,CU00001493,BR023,Personal,2024-06-04,599664.51,246609.77,13.04,240,90,629,Non-performing
LN00001418,CU00000277,BR022,Vehicle,2026-06-10,1475200.78,727125.48,12.94,240,0,756,Current
LN00001419,CU00000780,BR014,Business,2024-02-11,1200121.39,619512.65,16.89,120,30,751,Delinquent
LN00001420,CU00001810,BR002,Home,2025-12-14,887795.02,554896.67,11.0,240,15,684,Current
LN00001421,CU00001256,BR018,Business,2026-06-06,405797.62,229279.51,19.3,180,0,720,Current
LN00001422,CU00000159,BR024,Personal,2022-07-04,12000000.0,8954235.45,9.69,12,0,775,Current
LN00001423,CU00002273,BR008,Home,2023-11-14,734607.63,530943.8,12.73,240,30,664,Delinquent
LN00001424,CU00000718,BR023,Education,2022-05-08,70925.49,64906.8,15.54,24,0,812,Current
LN00001425,CU00004935,BR004,Personal,2023-04-03,214750.43,92024.43,7.65,24,0,733,Current
LN00001426,CU00004128,BR017,Vehicle,2021-10-01,235437.71,122859.49,19.22,120,0,772,Current
LN00001427,CU00004845,BR014,Personal,2021-10-16,121179.1,38207.18,12.23,180,0,652,Current
LN00001428,CU00003669,BR015,Vehicle,2024-02-04,140016.75,116849.23,11.8,60,0,761,Current
LN00001429,CU00000389,BR011,Personal,2020-12-17,687050.02,558387.21,18.58,240,0,653,Current
LN00001430,CU00003289,BR022,Personal,2021-07-19,301069.37,269248.49,13.52,12,0,683,Current
LN00001431,CU00001108,BR019,Vehicle,2024-02-23,1002998.89,218064.72,15.35,120,120,719,Non-performing
LN00001432,CU00004610,BR024,Home,2021-05-15,1636997.64,999815.89,12.1,24,0,677,Current
LN00001433,CU00002687,BR004,Personal,2023-07-24,227392.75,209777.95,10.18,12,0,584,Current
LN00001434,CU00004594,BR018,Vehicle,2026-04-22,1278375.01,368919.47,13.05,120,0,583,Current
LN00001435,CU00000457,BR010,Home,2022-01-26,262722.83,230981.64,10.17,36,0,799,Current
LN00001436,CU00003548,BR007,Home,2023-04-28,3627107.68,1923309.26,14.53,36,0,703,Current
LN00001437,CU00002459,BR004,Vehicle,2026-06-11,914856.75,775399.74,11.29,12,60,773,Delinquent
LN00001438,CU00004315,BR024,Business,2023-09-15,3723508.0,3427810.42,11.44,180,60,642,Delinquent
LN00001439,CU00000231,BR022,Vehicle,2020-12-26,50000.0,47239.7,9.14,180,0,716,Current
LN00001440,CU00003745,BR023,Personal,2023-02-13,863895.8,120730.05,12.16,240,15,693,Current
LN00001441,CU00000066,BR023,Business,2024-03-14,1097724.9,781928.86,12.16,36,0,691,Current
LN00001442,CU00002873,BR023,Home,2025-04-22,109947.14,101643.11,11.1,180,0,659,Current
LN00001443,CU00004830,BR004,Personal,2026-04-13,429830.94,121722.08,9.09,240,0,683,Current
LN00001444,CU00002759,BR012,Personal,2024-01-11,270181.69,84883.27,13.1,180,0,673,Current
LN00001445,CU00003512,BR005,Business,2026-06-13,1141850.32,583490.2,14.22,36,0,754,Current
LN00001446,CU00000218,BR022,Education,2023-03-02,1325681.03,1238302.64,12.64,120,0,678,Current
LN00001447,CU00002034,BR023,Personal,2023-07-09,722847.39,200862.83,9.83,36,0,794,Current
LN00001448,CU00002543,BR020,Education,2024-06-28,811742.36,126878.71,15.83,120,0,712,Current
LN00001449,CU00004103,BR009,Education,2023-02-19,448939.61,110110.22,14.67,12,0,792,Current
LN00001450,CU00004505,BR014,Education,2024-10-10,1322785.0,1108627.61,8.82,60,0,774,Current
LN00001451,CU00000380,BR002,Home,2025-01-31,339988.48,62208.43,7.58,120,0,829,Current
LN00001452,CU00001028,BR023,Home,2025-05-02,1250077.23,521114.53,11.75,120,0,697,Current
LN00001453,CU00004298,BR019,Personal,2025-12-11,854554.64,576417.4,16.98,240,0,746,Current
LN00001454,CU00004122,BR006,Business,2023-11-01,160836.53,106921.49,18.48,120,0,698,Current
LN00001455,CU00004725,BR008,Vehicle,2023-08-17,177538.27,147557.86,10.02,240,0,685,Current
LN00001456,CU00004927,BR009,Home,2021-03-01,99149.29,30014.98,16.94,120,0,687,Current
LN00001457,CU00001556,BR014,Personal,2025-02-22,760808.93,373135.3,12.79,240,0,762,Current
LN00001458,CU00004150,BR022,Personal,2022-10-18,555508.17,94297.35,11.92,36,0,612,Current
LN00001459,CU00000451,BR022,Personal,2023-11-21,1343274.53,1022268.46,18.38,180,0,743,Current
LN00001460,CU00002713,BR017,Home,2022-05-18,936151.31,837892.42,14.13,180,0,784,Current
LN00001461,CU00004353,BR022,Personal,2021-11-16,597273.5,113751.39,10.77,180,0,705,Current
LN00001462,CU00000741,BR015,Business,2024-02-16,50000.0,28880.99,13.66,36,60,711,Delinquent
LN00001463,CU00002134,BR012,Business,2024-09-20,630820.14,328963.92,15.38,120,0,697,Current
LN00001464,CU00003929,BR008,Personal,2024-09-28,507259.07,244841.85,16.7,120,0,599,Current
LN00001465,CU00000624,BR003,Vehicle,2026-06-21,82159.13,54051.71,13.66,240,15,627,Current
LN00001466,CU00000411,BR012,Business,2021-05-14,412514.08,50517.03,11.12,12,0,665,Current
LN00001467,CU00002835,BR013,Education,2021-12-25,331631.96,317545.21,9.91,240,15,637,Current
LN00001468,CU00003136,BR024,Home,2024-07-13,224563.73,138910.91,14.16,36,0,732,Current
LN00001469,CU00001023,BR009,Personal,2025-11-20,1262415.87,687703.28,18.21,180,15,709,Current
LN00001470,CU00001983,BR011,Personal,2021-02-25,334950.23,55261.59,17.35,120,60,716,Delinquent
LN00001471,CU00002711,BR006,Personal,2023-10-31,1754327.5,1118445.65,14.12,180,0,734,Current
LN00001472,CU00000227,BR010,Personal,2025-09-04,178693.34,154647.42,12.23,180,0,768,Current
LN00001473,CU00002030,BR001,Home,2025-10-26,957209.56,495169.84,15.69,36,30,751,Delinquent
LN00001474,CU00004709,BR021,Business,2024-04-12,239644.3,176100.2,12.25,12,0,675,Current
LN00001475,CU00002101,BR015,Education,2020-10-16,246441.63,67185.95,9.08,60,0,661,Current
LN00001476,CU00000552,BR022,Education,2025-05-22,213743.24,203106.81,12.86,36,120,703,Non-performing
LN00001477,CU00000384,BR002,Home,2025-10-04,176707.63,127814.47,13.66,180,30,799,Delinquent
LN00001478,CU00001909,BR022,Business,2025-10-26,413856.25,283404.05,9.47,180,60,727,Delinquent
LN00001479,CU00000574,BR002,Education,2021-12-16,2283294.17,1379556.84,16.83,120,0,717,Current
LN00001480,CU00003962,BR021,Personal,2024-03-02,119532.85,91762.15,10.0,60,30,575,Delinquent
LN00001481,CU00003712,BR015,Vehicle,2024-05-06,1357973.0,651467.21,15.23,240,0,756,Current
LN00001482,CU00004339,BR024,Vehicle,2024-12-04,1035483.28,416832.79,12.65,240,0,686,Current
LN00001483,CU00000062,BR020,Home,2022-12-24,1203054.6,734863.16,13.2,240,30,678,Delinquent
LN00001484,CU00001656,BR023,Personal,2022-10-05,727823.81,402424.42,7.58,180,0,710,Current
LN00001485,CU00003503,BR019,Vehicle,2023-04-12,290297.07,156410.83,11.18,180,0,769,Current
LN00001486,CU00000623,BR003,Home,2021-06-23,665675.22,154002.18,13.16,36,0,751,Current
LN00001487,CU00002688,BR003,Business,2023-04-26,702679.62,550796.51,7.76,120,0,704,Current
LN00001488,CU00001502,BR011,Home,2022-05-31,205938.15,130011.21,12.31,24,0,850,Current
LN00001489,CU00002252,BR023,Business,2025-12-28,189393.23,66643.08,9.81,240,0,750,Current
LN00001490,CU00004929,BR014,Vehicle,2022-02-08,188858.63,74936.37,18.08,240,90,694,Non-performing
LN00001491,CU00002638,BR021,Business,2021-10-11,146573.68,30930.0,19.25,24,0,643,Current
LN00001492,CU00002200,BR012,Home,2023-07-20,140435.72,32664.48,11.46,240,30,850,Delinquent
LN00001493,CU00002839,BR003,Business,2024-11-10,50000.0,42125.51,13.32,36,0,720,Current
LN00001494,CU00004214,BR011,Education,2022-07-28,632369.24,162274.48,16.19,120,0,828,Current
LN00001495,CU00002709,BR012,Personal,2021-11-12,1086166.32,551154.91,13.72,120,60,717,Delinquent
LN00001496,CU00001012,BR018,Business,2021-08-23,685880.07,233385.89,12.41,12,0,711,Current
LN00001497,CU00002797,BR021,Education,2023-12-08,190776.57,54029.47,15.48,180,90,748,Non-performing
LN00001498,CU00002660,BR008,Personal,2025-04-09,422576.79,254039.55,10.48,120,15,832,Current
LN00001499,CU00001771,BR015,Personal,2024-06-22,615082.81,511346.66,14.52,12,0,664,Current
LN00001500,CU00003235,BR024,Home,2023-03-25,1172838.4,956065.88,8.3,60,0,761,Current
LN00001501,CU00002435,BR001,Business,2020-12-21,488900.34,335143.97,9.59,12,15,782,Current
LN00001502,CU00000879,BR005,Business,2024-04-27,143952.51,43222.09,14.57,12,0,746,Current
LN00001503,CU00000034,BR018,Personal,2021-08-30,50000.0,31752.51,13.63,12,0,784,Current
LN00001504,CU00000335,BR022,Personal,2025-10-09,551407.1,69487.82,13.3,120,0,761,Current
LN00001505,CU00001548,BR005,Personal,2021-01-19,971440.17,462268.57,16.31,36,0,850,Current
LN00001506,CU00002084,BR004,Personal,2025-12-29,166562.59,56654.67,11.57,12,0,692,Current
LN00001507,CU00002461,BR008,Business,2021-08-19,218812.46,76334.77,12.54,240,15,602,Current
LN00001508,CU00001090,BR022,Home,2023-01-14,187611.34,35906.64,18.03,180,0,693,Current
LN00001509,CU00002323,BR011,Vehicle,2022-08-20,292170.56,89405.17,15.86,120,0,790,Current
LN00001510,CU00000481,BR015,Home,2023-09-24,474817.53,410366.52,12.11,180,0,706,Current
LN00001511,CU00004083,BR013,Vehicle,2023-01-08,301602.79,250254.05,8.32,120,15,743,Current
LN00001512,CU00003899,BR006,Personal,2022-11-24,973521.41,279824.73,18.55,36,60,795,Delinquent
LN00001513,CU00002756,BR014,Business,2021-06-26,635950.37,533409.26,17.09,24,0,665,Current
LN00001514,CU00003147,BR005,Business,2025-02-13,605217.14,75318.11,12.31,240,0,733,Current
LN00001515,CU00000675,BR002,Vehicle,2024-07-01,138358.77,116590.91,10.37,24,15,721,Current
LN00001516,CU00003142,BR016,Vehicle,2022-05-28,99802.69,88606.14,8.27,180,0,736,Current
LN00001517,CU00000892,BR001,Personal,2022-05-06,708820.94,504151.63,11.57,60,0,618,Current
LN00001518,CU00001224,BR016,Home,2020-10-24,837522.68,698226.89,8.18,36,0,695,Current
LN00001519,CU00002054,BR009,Business,2022-01-02,140848.58,50894.52,10.04,180,90,766,Non-performing
LN00001520,CU00004227,BR014,Home,2024-09-10,720443.87,106973.9,9.98,12,0,798,Current
LN00001521,CU00000464,BR019,Personal,2020-10-30,579714.34,513853.6,7.86,36,0,727,Current
LN00001522,CU00002026,BR010,Education,2023-08-30,522918.31,400050.04,17.36,36,0,748,Current
LN00001523,CU00004555,BR024,Business,2022-06-03,202269.22,152937.18,7.99,24,15,791,Current
LN00001524,CU00000505,BR012,Personal,2024-11-21,346302.93,63695.97,10.53,60,15,850,Current
LN00001525,CU00001222,BR012,Home,2022-07-24,221253.75,63550.8,17.51,24,0,688,Current
LN00001526,CU00002245,BR017,Home,2021-06-07,172816.67,120060.19,19.32,240,0,732,Current
LN00001527,CU00002177,BR001,Home,2025-01-19,146570.7,105826.61,13.48,12,0,783,Current
LN00001528,CU00001379,BR021,Home,2022-01-08,248866.34,58188.92,13.99,180,0,736,Current
LN00001529,CU00004591,BR011,Business,2023-11-12,1231776.06,811169.91,16.11,36,0,759,Current
LN00001530,CU00002014,BR007,Home,2023-06-10,633822.8,299404.07,8.18,60,0,750,Current
LN00001531,CU00001630,BR014,Personal,2025-03-26,241604.31,156282.02,16.23,180,0,677,Current
LN00001532,CU00003381,BR006,Personal,2026-02-18,1683347.85,402942.84,15.68,12,0,582,Current
LN00001533,CU00003817,BR007,Home,2025-09-02,316820.73,204511.98,18.18,36,0,793,Current
LN00001534,CU00002264,BR002,Business,2023-02-20,2069226.4,506467.07,13.18,36,0,672,Current
LN00001535,CU00002366,BR006,Vehicle,2021-03-09,1091731.68,331550.63,17.23,120,0,735,Current
LN00001536,CU00004864,BR005,Personal,2021-03-16,495368.88,266767.75,9.32,36,0,767,Current
LN00001537,CU00004260,BR006,Personal,2024-12-18,150880.51,35855.61,7.56,24,15,680,Current
LN00001538,CU00001378,BR019,Business,2023-04-30,340768.61,61567.38,12.71,120,0,804,Current
LN00001539,CU00004364,BR022,Home,2025-07-23,309964.11,241086.49,9.05,60,0,756,Current
LN00001540,CU00003760,BR013,Home,2020-10-21,916420.77,322290.83,13.43,240,0,664,Current
LN00001541,CU00003629,BR004,Business,2025-12-02,136394.63,20193.67,14.08,120,15,769,Current
LN00001542,CU00000665,BR023,Business,2025-01-28,1755131.14,531008.98,18.01,180,0,793,Current
LN00001543,CU00000214,BR024,Business,2024-02-12,1143030.63,861246.57,16.45,60,0,642,Current
LN00001544,CU00004341,BR004,Personal,2022-01-24,581589.0,159222.96,14.01,60,120,679,Non-performing
LN00001545,CU00000997,BR007,Education,2020-10-20,3223960.65,629917.35,8.29,24,15,705,Current
LN00001546,CU00001554,BR002,Vehicle,2023-11-06,776117.92,263275.18,9.18,24,120,756,Non-performing
LN00001547,CU00004950,BR015,Home,2023-04-25,839525.08,144056.63,8.52,240,120,741,Non-performing
LN00001548,CU00003328,BR006,Personal,2023-04-12,396022.8,296386.64,10.01,120,0,683,Current
LN00001549,CU00001314,BR023,Vehicle,2023-10-19,57605.44,10951.14,15.44,120,0,685,Current
LN00001550,CU00004317,BR010,Business,2024-08-07,187073.35,108128.08,13.23,60,0,605,Current
LN00001551,CU00003541,BR020,Home,2021-11-26,91724.01,24584.92,17.2,240,0,738,Current
LN00001552,CU00001491,BR005,Personal,2021-07-22,214279.9,56676.97,8.43,60,0,708,Current
LN00001553,CU00004127,BR012,Personal,2023-04-09,431625.52,413503.06,15.63,240,0,739,Current
LN00001554,CU00001783,BR014,Business,2025-02-25,166940.24,70155.53,19.2,120,15,773,Current
LN00001555,CU00003612,BR021,Home,2021-10-25,603154.16,187503.83,13.14,180,0,745,Current
LN00001556,CU00003299,BR011,Vehicle,2021-01-07,220912.89,93522.02,16.12,240,30,694,Delinquent
LN00001557,CU00004340,BR013,Vehicle,2025-03-12,1064782.4,154408.19,14.24,60,60,613,Delinquent
LN00001558,CU00000011,BR022,Personal,2025-03-27,679390.98,608045.84,18.16,60,0,736,Current
LN00001559,CU00003312,BR012,Personal,2025-06-04,130929.38,70778.2,7.52,12,0,726,Current
LN00001560,CU00003327,BR007,Education,2023-02-13,259103.58,110307.94,8.05,36,30,707,Delinquent
LN00001561,CU00002352,BR002,Vehicle,2023-04-29,134267.7,62675.71,17.43,180,30,756,Delinquent
LN00001562,CU00001952,BR004,Home,2022-10-02,645232.33,440269.66,18.85,120,0,710,Current
LN00001563,CU00002361,BR012,Home,2025-07-30,2227145.73,1627856.94,18.92,24,0,566,Current
LN00001564,CU00000991,BR019,Vehicle,2025-01-10,137553.51,25268.37,13.49,240,0,705,Current
LN00001565,CU00004644,BR009,Vehicle,2020-11-12,465296.69,404791.57,14.38,180,0,747,Current
LN00001566,CU00004934,BR010,Home,2023-03-06,222977.24,191893.7,11.73,240,0,779,Current
LN00001567,CU00000959,BR012,Business,2022-07-29,362426.82,174574.49,9.63,12,0,726,Current
LN00001568,CU00001017,BR014,Home,2022-10-20,581503.48,175962.25,9.5,24,0,729,Current
LN00001569,CU00000085,BR003,Education,2021-05-22,210484.7,198981.02,12.99,120,30,698,Delinquent
LN00001570,CU00000637,BR002,Personal,2022-06-05,278784.63,98444.27,10.08,36,60,751,Delinquent
LN00001571,CU00001107,BR019,Personal,2024-11-05,1355846.21,775277.27,18.79,24,30,673,Delinquent
LN00001572,CU00000322,BR004,Personal,2024-10-13,412492.65,120831.92,9.19,12,30,648,Delinquent
LN00001573,CU00000461,BR007,Personal,2020-09-12,516323.93,109986.29,12.53,240,0,675,Current
LN00001574,CU00002098,BR018,Home,2022-05-10,225134.64,90700.64,7.67,36,0,705,Current
LN00001575,CU00003741,BR022,Home,2025-06-28,401908.48,285324.21,16.94,12,0,659,Current
LN00001576,CU00004726,BR022,Home,2021-04-06,246609.67,153979.57,18.19,180,0,591,Current
LN00001577,CU00003434,BR001,Vehicle,2023-03-11,2028012.04,555649.51,11.98,36,15,698,Current
LN00001578,CU00004746,BR007,Home,2024-04-14,55482.07,46923.08,9.39,180,120,807,Non-performing
LN00001579,CU00001623,BR008,Home,2023-01-12,92926.53,28878.5,7.95,120,0,790,Current
LN00001580,CU00002637,BR001,Vehicle,2021-08-10,146945.34,33734.64,14.42,180,0,743,Current
LN00001581,CU00004198,BR023,Home,2022-01-31,684945.72,170898.02,11.29,120,0,651,Current
LN00001582,CU00004031,BR006,Education,2022-09-03,289956.39,226956.99,7.57,24,30,637,Delinquent
LN00001583,CU00000243,BR024,Vehicle,2025-06-26,63684.67,38839.65,19.12,12,120,797,Non-performing
LN00001584,CU00002015,BR010,Vehicle,2026-04-22,171383.71,28567.4,17.7,12,0,698,Current
LN00001585,CU00003215,BR008,Vehicle,2021-12-31,1062561.22,501406.17,10.55,36,0,738,Current
LN00001586,CU00002536,BR010,Vehicle,2026-06-21,625980.24,521640.38,8.49,60,0,687,Current
LN00001587,CU00000898,BR005,Home,2026-07-03,1150810.15,680875.33,15.97,120,15,733,Current
LN00001588,CU00002423,BR009,Vehicle,2020-10-27,116489.2,80242.07,10.32,120,0,799,Current
LN00001589,CU00004534,BR007,Vehicle,2024-10-26,1482817.91,813223.85,13.43,36,0,720,Current
LN00001590,CU00000535,BR005,Personal,2025-01-27,128550.84,81149.44,16.44,36,0,672,Current
LN00001591,CU00003802,BR023,Personal,2026-01-07,1255102.52,929412.69,16.65,36,90,679,Non-performing
LN00001592,CU00002295,BR013,Vehicle,2022-05-03,213281.05,201057.87,8.33,24,0,757,Current
LN00001593,CU00001854,BR021,Business,2023-06-24,141100.65,131769.8,9.2,240,0,850,Current
LN00001594,CU00002909,BR012,Home,2022-04-17,243213.33,75323.96,16.76,180,0,690,Current
LN00001595,CU00004346,BR014,Vehicle,2023-02-11,1784847.2,753407.92,11.13,180,0,827,Current
LN00001596,CU00000599,BR007,Vehicle,2021-02-07,164488.7,28129.76,16.1,24,0,807,Current
LN00001597,CU00001614,BR016,Personal,2023-10-13,355798.13,275542.86,8.55,120,0,709,Current
LN00001598,CU00000578,BR020,Personal,2025-04-24,91726.84,15530.18,18.07,60,0,728,Current
LN00001599,CU00000925,BR010,Home,2024-05-24,498111.21,231846.04,7.99,120,15,707,Current
LN00001600,CU00001988,BR002,Business,2023-06-12,368843.72,288104.53,11.82,120,0,805,Current
LN00001601,CU00002137,BR002,Vehicle,2023-01-21,590229.35,504545.76,18.43,240,0,691,Current
LN00001602,CU00003917,BR021,Home,2023-08-15,2703594.38,1889843.39,19.47,60,0,713,Current
LN00001603,CU00002464,BR015,Personal,2023-10-03,133568.02,29889.15,7.83,120,0,632,Current
LN00001604,CU00004976,BR014,Home,2025-06-06,935289.32,422637.18,16.36,120,0,724,Current
LN00001605,CU00001512,BR023,Personal,2025-10-24,2593743.45,1980575.87,13.06,180,0,726,Current
LN00001606,CU00002483,BR014,Personal,2023-04-22,114374.07,23248.02,9.49,36,60,751,Delinquent
LN00001607,CU00000047,BR004,Vehicle,2022-07-17,1007707.46,704912.01,17.9,120,0,733,Current
LN00001608,CU00002590,BR007,Personal,2026-04-11,3730998.91,1981163.87,18.75,60,0,811,Current
LN00001609,CU00003081,BR012,Business,2022-10-20,472819.08,277180.02,18.04,60,0,756,Current
LN00001610,CU00004676,BR001,Home,2024-10-20,273791.56,245639.47,12.39,120,0,678,Current
LN00001611,CU00004700,BR001,Business,2022-11-16,681770.14,301983.68,13.89,180,0,679,Current
LN00001612,CU00000891,BR021,Home,2023-05-20,412986.72,172364.02,11.7,180,0,680,Current
LN00001613,CU00000439,BR007,Home,2024-05-11,2813824.37,2002947.28,17.68,180,0,681,Current
LN00001614,CU00000750,BR008,Education,2023-10-10,173697.87,110556.68,16.78,240,120,603,Non-performing
LN00001615,CU00000899,BR023,Home,2021-01-13,1237181.13,450743.03,13.74,24,15,670,Current
LN00001616,CU00001049,BR002,Vehicle,2025-04-24,162735.95,75864.09,15.41,36,0,738,Current
LN00001617,CU00000717,BR020,Home,2025-10-17,317368.19,228276.31,18.78,180,0,832,Current
LN00001618,CU00001636,BR018,Home,2025-06-23,379114.42,107420.05,15.3,240,60,723,Delinquent
LN00001619,CU00003302,BR014,Personal,2025-05-10,419355.32,400876.92,16.83,24,0,717,Current
LN00001620,CU00004832,BR005,Education,2024-10-26,107838.76,77799.01,15.67,240,0,615,Current
LN00001621,CU00001229,BR017,Vehicle,2023-07-13,1508607.22,985915.31,18.73,24,0,668,Current
LN00001622,CU00004507,BR021,Business,2020-12-19,874185.41,245900.4,8.3,36,0,808,Current
LN00001623,CU00003608,BR023,Home,2022-04-13,1118532.19,617111.54,9.65,36,0,781,Current
LN00001624,CU00003195,BR024,Personal,2024-09-21,1225859.35,923356.92,18.71,60,0,729,Current
LN00001625,CU00000868,BR012,Education,2023-07-23,262464.74,120511.49,16.04,240,0,790,Current
LN00001626,CU00000191,BR020,Vehicle,2023-07-29,794179.51,732683.08,11.01,120,15,807,Current
LN00001627,CU00001240,BR019,Business,2022-02-08,263058.42,208770.85,12.28,240,15,744,Current
LN00001628,CU00003690,BR017,Personal,2026-07-02,329298.46,41288.82,10.56,24,0,754,Current
LN00001629,CU00001159,BR013,Personal,2024-01-10,348017.91,246616.01,9.26,180,30,670,Delinquent
LN00001630,CU00000545,BR002,Personal,2022-06-17,898791.06,187695.74,18.54,12,0,762,Current
LN00001631,CU00004030,BR012,Education,2021-04-23,143547.26,82765.17,15.67,24,0,741,Current
LN00001632,CU00003238,BR011,Education,2022-08-16,581516.56,74811.73,12.59,60,0,761,Current
LN00001633,CU00003283,BR022,Education,2025-09-29,1598323.0,628209.99,13.14,36,0,689,Current
LN00001634,CU00003190,BR020,Vehicle,2026-01-05,424164.84,173564.43,18.95,60,0,674,Current
LN00001635,CU00003969,BR009,Home,2024-12-26,523969.98,391984.84,10.93,12,0,777,Current
LN00001636,CU00000964,BR023,Home,2021-07-29,161439.06,122216.65,10.36,36,0,672,Current
LN00001637,CU00002840,BR016,Personal,2020-10-23,1104450.3,611632.24,11.62,180,0,743,Current
LN00001638,CU00003604,BR010,Home,2021-12-28,1077920.08,386390.73,15.83,24,0,787,Current
LN00001639,CU00002371,BR023,Education,2021-12-23,109408.31,104606.46,13.35,12,0,785,Current
LN00001640,CU00003109,BR023,Business,2021-03-13,536992.72,441899.67,16.83,120,0,824,Current
LN00001641,CU00000729,BR015,Home,2020-11-06,74168.59,68116.74,8.84,240,0,758,Current
LN00001642,CU00001843,BR018,Home,2023-02-28,184295.04,174800.99,17.72,36,0,814,Current
LN00001643,CU00004427,BR020,Home,2021-07-07,1769946.41,1367453.82,9.22,240,0,832,Current
LN00001644,CU00003052,BR012,Personal,2025-01-01,349437.86,130900.11,15.84,24,30,828,Delinquent
LN00001645,CU00004779,BR016,Personal,2021-04-29,160880.37,35612.26,17.01,180,60,792,Delinquent
LN00001646,CU00003773,BR008,Personal,2024-06-17,580011.87,542802.65,10.72,36,0,607,Current
LN00001647,CU00003964,BR012,Home,2020-12-26,1138078.97,326725.76,16.36,60,0,701,Current
LN00001648,CU00001789,BR006,Vehicle,2021-03-04,127103.74,93605.65,11.98,12,0,845,Current
LN00001649,CU00004107,BR007,Vehicle,2021-08-13,276022.07,120702.94,11.11,12,30,705,Delinquent
LN00001650,CU00000862,BR005,Vehicle,2023-07-05,1573329.85,1128141.35,16.13,36,0,755,Current
LN00001651,CU00004203,BR007,Education,2020-10-05,246957.99,50005.82,15.62,36,15,619,Current
LN00001652,CU00002050,BR006,Home,2026-05-09,685153.64,646424.88,14.91,12,0,742,Current
LN00001653,CU00001337,BR023,Education,2022-06-29,83741.15,26622.31,16.36,12,30,760,Delinquent
LN00001654,CU00004677,BR011,Personal,2025-08-14,306463.05,264993.19,17.36,60,0,850,Current
LN00001655,CU00002809,BR019,Personal,2023-08-19,480900.83,289571.91,14.98,240,0,850,Current
LN00001656,CU00001591,BR012,Vehicle,2021-01-03,157121.41,92689.18,13.51,60,30,831,Delinquent
LN00001657,CU00004028,BR020,Vehicle,2021-06-05,185779.08,112710.73,15.29,24,0,731,Current
LN00001658,CU00004125,BR012,Personal,2023-07-08,339662.44,147939.83,7.69,240,0,715,Current
LN00001659,CU00003790,BR013,Business,2024-12-19,321969.85,101352.51,7.78,60,60,759,Delinquent
LN00001660,CU00002828,BR005,Home,2020-10-17,464203.23,353450.92,10.07,240,30,840,Delinquent
LN00001661,CU00002984,BR013,Home,2024-09-04,273284.6,69996.07,8.39,60,0,686,Current
LN00001662,CU00003065,BR023,Home,2021-04-30,1302996.75,170472.36,12.43,120,30,688,Delinquent
LN00001663,CU00001583,BR023,Home,2021-05-25,1277538.73,957124.94,9.06,60,0,663,Current
LN00001664,CU00004024,BR001,Home,2021-02-07,196466.58,141824.12,16.57,180,0,738,Current
LN00001665,CU00003504,BR009,Personal,2023-10-19,1537421.65,818287.46,12.03,240,15,640,Current
LN00001666,CU00004018,BR016,Business,2024-02-28,1291877.24,997638.58,18.89,120,0,767,Current
LN00001667,CU00004425,BR023,Home,2021-08-31,239925.41,165160.56,16.58,120,15,696,Current
LN00001668,CU00000004,BR014,Vehicle,2021-01-02,103251.57,88554.47,18.49,24,0,670,Current
LN00001669,CU00004688,BR003,Business,2024-06-27,521204.65,443452.88,13.67,120,0,723,Current
LN00001670,CU00001658,BR014,Vehicle,2022-11-02,936118.03,182190.07,9.36,240,0,800,Current
LN00001671,CU00002171,BR012,Home,2021-10-19,601999.63,180207.7,16.79,24,0,680,Current
LN00001672,CU00000496,BR021,Business,2023-04-17,1715279.59,1306328.01,8.07,120,90,637,Non-performing
LN00001673,CU00001225,BR019,Vehicle,2023-04-23,327752.02,160649.17,13.94,12,15,681,Current
LN00001674,CU00001328,BR017,Home,2022-03-06,225791.93,31868.82,7.95,36,15,700,Current
LN00001675,CU00000536,BR009,Personal,2020-12-28,466405.06,404230.81,10.95,24,0,748,Current
LN00001676,CU00004683,BR009,Home,2021-01-06,464850.55,61634.71,15.38,36,0,737,Current
LN00001677,CU00000881,BR004,Home,2025-02-09,490749.34,314045.39,16.74,240,0,752,Current
LN00001678,CU00002249,BR008,Business,2026-02-03,1156283.34,563589.69,10.77,240,0,797,Current
LN00001679,CU00003098,BR004,Business,2025-04-03,715204.13,660301.84,17.93,120,0,700,Current
LN00001680,CU00000999,BR017,Personal,2024-04-16,185861.95,128273.59,14.41,36,0,721,Current
LN00001681,CU00000417,BR004,Personal,2023-12-14,896334.68,149698.45,16.68,60,0,751,Current
LN00001682,CU00003903,BR004,Business,2021-10-05,4519483.64,4256976.9,18.23,120,0,712,Current
LN00001683,CU00001220,BR014,Vehicle,2021-05-12,768123.81,147133.13,11.48,60,0,665,Current
LN00001684,CU00000209,BR018,Personal,2025-08-19,367619.04,249121.68,17.84,12,0,769,Current
LN00001685,CU00004280,BR004,Personal,2026-03-22,204152.87,183097.36,8.52,180,0,735,Current
LN00001686,CU00002293,BR004,Vehicle,2025-03-02,357479.61,225244.22,17.54,120,0,742,Current
LN00001687,CU00001763,BR012,Education,2020-09-13,1578186.26,655667.12,13.94,240,0,626,Current
LN00001688,CU00002069,BR001,Personal,2022-06-28,83850.69,74894.42,14.18,24,0,777,Current
LN00001689,CU00002374,BR023,Home,2023-04-13,1374823.47,771699.42,9.33,180,60,718,Delinquent
LN00001690,CU00000361,BR022,Home,2021-06-19,270751.29,180035.89,16.43,180,0,683,Current
LN00001691,CU00003085,BR023,Personal,2023-03-16,150894.7,65677.81,7.99,120,0,640,Current
LN00001692,CU00001532,BR014,Business,2021-07-28,162453.3,27320.9,13.84,120,0,818,Current
LN00001693,CU00003370,BR021,Vehicle,2025-05-13,151923.2,96833.22,16.03,36,0,809,Current
LN00001694,CU00004529,BR008,Vehicle,2024-04-30,1083121.42,639833.75,7.83,12,0,655,Current
LN00001695,CU00001426,BR018,Home,2022-06-10,2621912.5,2497617.26,8.63,36,0,778,Current
LN00001696,CU00003637,BR008,Vehicle,2022-02-01,122830.71,42370.26,15.0,60,0,658,Current
LN00001697,CU00004996,BR016,Personal,2025-09-16,96379.67,60508.14,11.74,180,0,564,Current
LN00001698,CU00001697,BR006,Home,2025-11-04,1703861.88,574533.29,14.48,60,0,792,Current
LN00001699,CU00002616,BR020,Business,2021-03-06,166514.17,27280.0,9.04,60,90,683,Non-performing
LN00001700,CU00003002,BR017,Personal,2021-09-23,292315.73,121262.01,18.34,24,15,850,Current
LN00001701,CU00002169,BR023,Personal,2021-06-17,512420.69,336817.75,16.24,24,0,694,Current
LN00001702,CU00000883,BR021,Personal,2026-02-12,162303.92,116342.68,17.13,12,0,698,Current
LN00001703,CU00003470,BR005,Personal,2021-04-23,1242932.45,503878.58,10.98,120,0,776,Current
LN00001704,CU00003940,BR006,Education,2023-10-15,3258130.73,3123954.55,10.75,60,0,795,Current
LN00001705,CU00000581,BR021,Education,2022-04-08,292067.21,196883.7,12.58,36,0,811,Current
LN00001706,CU00004131,BR003,Home,2026-01-17,268913.72,124693.7,9.8,60,0,690,Current
LN00001707,CU00003020,BR012,Home,2020-12-21,104281.37,65465.45,12.16,60,0,797,Current
LN00001708,CU00003680,BR015,Vehicle,2023-05-02,1149672.4,304858.62,10.02,24,0,745,Current
LN00001709,CU00004161,BR006,Education,2025-11-30,304312.36,255473.38,8.63,24,0,653,Current
LN00001710,CU00001292,BR006,Vehicle,2021-04-01,305265.55,66732.73,13.12,60,0,731,Current
LN00001711,CU00004982,BR016,Home,2021-12-06,1660667.29,1271844.42,19.44,60,0,823,Current
LN00001712,CU00004799,BR006,Personal,2024-11-03,913226.63,720208.46,10.94,36,0,682,Current
LN00001713,CU00001852,BR022,Personal,2024-10-31,1790444.05,778495.17,12.03,60,0,744,Current
LN00001714,CU00004359,BR008,Education,2026-04-10,1139863.96,437346.23,8.87,240,15,800,Current
LN00001715,CU00000090,BR018,Business,2026-04-26,1795963.11,386540.24,8.47,240,0,766,Current
LN00001716,CU00002253,BR006,Home,2023-06-06,929344.12,800464.57,14.46,180,0,824,Current
LN00001717,CU00004835,BR011,Business,2021-06-13,639160.43,210638.04,14.85,180,0,707,Current
LN00001718,CU00001577,BR021,Education,2024-08-11,3834452.38,991806.08,19.44,12,0,744,Current
LN00001719,CU00003515,BR004,Education,2024-10-07,2683079.48,1670812.27,14.8,180,0,642,Current
LN00001720,CU00001244,BR016,Personal,2024-07-06,109598.83,27554.6,11.72,60,15,850,Current
LN00001721,CU00001760,BR012,Vehicle,2022-10-22,407482.83,70191.31,19.43,180,0,805,Current
LN00001722,CU00003927,BR018,Personal,2023-02-10,256415.98,102506.76,17.13,60,0,846,Current
LN00001723,CU00003287,BR016,Personal,2022-05-03,280369.64,71887.17,15.88,24,0,676,Current
LN00001724,CU00001301,BR018,Home,2021-06-30,488685.21,292341.7,13.19,12,15,627,Current
LN00001725,CU00003088,BR006,Home,2025-09-10,132521.66,19815.86,17.04,12,0,850,Current
LN00001726,CU00002432,BR014,Home,2024-06-18,173196.99,86003.09,7.67,36,15,673,Current
LN00001727,CU00003245,BR014,Education,2023-02-23,58972.2,14218.52,11.01,24,0,747,Current
LN00001728,CU00004123,BR012,Business,2023-01-06,235889.49,39680.28,7.64,24,0,761,Current
LN00001729,CU00003721,BR014,Education,2022-05-22,263152.83,174562.86,15.16,36,0,758,Current
LN00001730,CU00004840,BR014,Home,2022-07-22,171411.14,80355.08,13.77,36,0,753,Current
LN00001731,CU00004769,BR007,Personal,2022-09-28,50000.0,22593.07,10.39,180,15,621,Current
LN00001732,CU00003436,BR013,Home,2021-09-15,115308.2,53776.95,19.28,240,60,696,Delinquent
LN00001733,CU00001534,BR008,Home,2026-04-05,606961.64,237515.78,16.63,60,0,658,Current
LN00001734,CU00001457,BR006,Business,2024-12-30,802695.11,347355.25,8.23,60,0,739,Current
LN00001735,CU00001373,BR011,Business,2025-12-21,453447.01,394529.98,13.29,120,0,788,Current
LN00001736,CU00003942,BR001,Vehicle,2024-02-10,980376.48,627865.14,7.79,24,0,662,Current
LN00001737,CU00001182,BR002,Business,2024-12-03,172413.73,153820.72,18.01,36,0,794,Current
LN00001738,CU00004535,BR016,Home,2025-08-03,181088.23,85611.36,14.61,24,15,588,Current
LN00001739,CU00000960,BR001,Vehicle,2021-08-11,1127702.31,800284.98,14.5,24,0,617,Current
LN00001740,CU00000972,BR016,Home,2022-11-21,192782.72,79943.72,9.86,180,60,726,Delinquent
LN00001741,CU00000696,BR012,Education,2021-05-11,347474.4,282541.72,15.58,120,60,741,Delinquent
LN00001742,CU00003400,BR018,Home,2025-09-19,429687.77,325813.06,16.76,120,0,697,Current
LN00001743,CU00002864,BR022,Home,2020-09-15,743656.71,130978.85,13.99,24,15,788,Current
LN00001744,CU00000054,BR011,Personal,2025-07-28,640831.63,219204.98,13.3,240,0,696,Current
LN00001745,CU00004783,BR002,Home,2021-04-15,3081628.87,607151.98,10.49,120,15,797,Current
LN00001746,CU00004073,BR004,Personal,2021-08-30,1679015.24,805479.26,14.18,12,0,796,Current
LN00001747,CU00004643,BR004,Vehicle,2024-04-15,273021.08,238158.52,15.9,12,0,850,Current
LN00001748,CU00000587,BR013,Vehicle,2024-04-22,249848.76,170780.56,12.1,36,0,712,Current
LN00001749,CU00000878,BR011,Home,2024-12-01,319823.03,64942.43,18.76,180,0,734,Current
LN00001750,CU00003122,BR004,Personal,2021-12-26,1294494.41,339303.01,14.69,36,15,593,Current
LN00001751,CU00000139,BR017,Vehicle,2020-10-14,496071.84,219861.42,16.63,12,0,632,Current
LN00001752,CU00001825,BR022,Home,2023-04-25,440086.18,82662.95,15.64,180,0,668,Current
LN00001753,CU00003056,BR019,Education,2021-12-15,386949.27,99047.59,17.13,12,0,843,Current
LN00001754,CU00002836,BR024,Business,2021-04-04,474237.03,136868.13,17.44,12,15,676,Current
LN00001755,CU00004010,BR005,Vehicle,2022-12-22,505366.42,204104.01,19.03,120,0,714,Current
LN00001756,CU00002548,BR016,Personal,2022-11-19,827422.1,278440.91,16.74,120,0,690,Current
LN00001757,CU00000449,BR012,Business,2024-10-10,966269.87,486140.45,18.95,60,0,621,Current
LN00001758,CU00005000,BR002,Vehicle,2021-07-23,587949.23,243365.41,18.92,180,30,760,Delinquent
LN00001759,CU00003166,BR001,Personal,2025-11-12,772368.62,704170.61,16.25,180,0,577,Current
LN00001760,CU00003488,BR018,Home,2023-10-24,176845.48,101257.84,11.97,36,15,682,Current
LN00001761,CU00000813,BR019,Business,2023-04-05,453675.62,76825.17,11.84,36,0,745,Current
LN00001762,CU00003830,BR001,Home,2021-12-16,1470035.33,435931.16,14.76,24,0,740,Current
LN00001763,CU00004554,BR002,Home,2024-07-03,846063.59,704806.58,19.28,120,0,751,Current
LN00001764,CU00001521,BR022,Home,2022-04-08,784182.89,178153.38,8.43,24,15,812,Current
LN00001765,CU00004431,BR022,Business,2022-12-13,433233.97,385394.19,17.21,180,0,783,Current
LN00001766,CU00000948,BR013,Personal,2025-06-26,86860.62,45061.88,16.84,36,0,826,Current
LN00001767,CU00000512,BR006,Home,2023-04-28,192074.28,31144.47,14.84,240,0,771,Current
LN00001768,CU00001038,BR015,Home,2021-05-19,631054.96,329009.52,16.94,240,15,728,Current
LN00001769,CU00003866,BR017,Personal,2023-12-03,139464.03,124076.21,9.51,120,0,796,Current
LN00001770,CU00002509,BR020,Education,2025-08-05,635863.53,181375.26,8.48,240,0,777,Current
LN00001771,CU00003759,BR005,Personal,2026-04-11,605375.04,208089.83,10.11,240,15,708,Current
LN00001772,CU00001968,BR017,Home,2024-06-20,794374.85,223421.14,10.88,12,0,755,Current
LN00001773,CU00002220,BR011,Personal,2023-01-19,86218.74,13710.34,14.14,24,0,726,Current
LN00001774,CU00001221,BR024,Business,2022-10-31,304473.13,139547.66,9.41,36,0,803,Current
LN00001775,CU00000563,BR002,Home,2023-06-27,99921.49,76393.92,17.69,120,0,710,Current
LN00001776,CU00000336,BR009,Personal,2020-08-30,907195.91,444564.89,14.47,240,0,668,Current
LN00001777,CU00001827,BR006,Vehicle,2024-04-20,1259904.96,1058192.43,19.38,180,90,840,Non-performing
LN00001778,CU00000077,BR007,Home,2026-02-07,632019.58,341109.27,17.58,36,0,785,Current
LN00001779,CU00004038,BR018,Home,2023-07-20,328443.39,54322.74,18.48,240,0,717,Current
LN00001780,CU00004494,BR008,Business,2024-06-15,571032.42,114141.28,13.08,120,0,698,Current
LN00001781,CU00003153,BR015,Personal,2025-12-13,1373482.42,395788.91,8.92,180,120,809,Non-performing
LN00001782,CU00003567,BR017,Business,2024-12-08,2574552.02,935598.66,14.64,180,0,788,Current
LN00001783,CU00003959,BR004,Home,2022-02-20,198039.52,96868.53,12.1,180,15,634,Current
LN00001784,CU00004102,BR015,Business,2021-02-14,1852165.51,1435016.71,13.26,36,0,733,Current
LN00001785,CU00002695,BR020,Education,2025-10-12,370220.06,318891.62,17.26,120,0,780,Current
LN00001786,CU00002811,BR013,Personal,2022-01-26,880655.33,373502.4,12.82,180,15,660,Current
LN00001787,CU00001432,BR017,Vehicle,2022-01-03,373185.86,307537.97,12.63,60,0,744,Current
LN00001788,CU00004323,BR013,Personal,2023-08-21,753885.98,700010.86,14.27,12,0,683,Current
LN00001789,CU00001059,BR012,Personal,2026-05-16,346974.07,201342.04,13.83,24,0,736,Current
LN00001790,CU00003159,BR013,Education,2025-02-13,1272931.13,885360.85,13.92,36,0,686,Current
LN00001791,CU00003482,BR017,Business,2020-11-16,291507.77,77843.87,17.54,180,0,699,Current
LN00001792,CU00000084,BR010,Home,2023-10-02,196672.2,168861.51,8.38,180,0,850,Current
LN00001793,CU00004833,BR002,Personal,2021-11-24,341926.71,136760.39,11.83,60,0,746,Current
LN00001794,CU00001236,BR024,Personal,2024-09-07,284743.58,58583.23,12.09,240,60,731,Delinquent
LN00001795,CU00003772,BR005,Vehicle,2021-10-06,386462.68,119887.79,16.49,12,120,723,Non-performing
LN00001796,CU00000436,BR018,Business,2020-12-09,400713.38,99109.44,8.64,120,15,705,Current
LN00001797,CU00004402,BR008,Personal,2025-04-06,84153.89,12384.37,10.76,24,0,719,Current
LN00001798,CU00000652,BR019,Home,2026-06-01,1049953.95,591479.8,15.11,120,0,717,Current
LN00001799,CU00002397,BR006,Vehicle,2026-03-26,914147.38,465816.06,9.25,24,0,646,Current
LN00001800,CU00004691,BR005,Personal,2024-04-06,750519.75,690201.29,15.18,24,0,689,Current
LN00001801,CU00000828,BR009,Personal,2024-11-29,707854.57,566839.42,9.48,240,0,821,Current
LN00001802,CU00003601,BR005,Personal,2021-03-09,103673.21,18847.63,8.26,240,30,716,Delinquent
LN00001803,CU00002741,BR009,Personal,2023-04-09,69286.73,30485.68,11.51,180,0,750,Current
LN00001804,CU00002917,BR008,Home,2023-04-27,93470.23,76212.01,15.12,24,0,790,Current
LN00001805,CU00001598,BR007,Education,2024-05-14,2830773.61,1302473.53,15.35,60,60,759,Delinquent
LN00001806,CU00001908,BR010,Personal,2025-08-01,1165228.14,557295.95,7.95,240,0,776,Current
LN00001807,CU00004251,BR003,Business,2023-06-05,129775.84,85966.26,18.57,120,0,736,Current
LN00001808,CU00002635,BR014,Business,2026-05-17,571100.11,155744.39,13.02,60,0,762,Current
LN00001809,CU00004806,BR006,Personal,2025-10-22,50004.46,15452.01,13.55,24,0,774,Current
LN00001810,CU00003599,BR014,Vehicle,2020-10-07,2509685.29,2313046.36,16.51,240,0,719,Current
LN00001811,CU00002805,BR007,Home,2022-11-01,212659.61,37121.6,11.58,12,30,705,Delinquent
LN00001812,CU00003636,BR024,Personal,2022-08-14,294583.77,267576.43,11.16,12,0,654,Current
LN00001813,CU00004491,BR004,Business,2026-05-15,1715458.54,291084.12,7.91,12,0,700,Current
LN00001814,CU00003828,BR014,Vehicle,2023-12-25,352805.24,83335.89,16.93,36,0,677,Current
LN00001815,CU00001219,BR017,Business,2025-11-21,1311352.48,480264.02,14.11,120,0,726,Current
LN00001816,CU00002582,BR001,Home,2024-07-15,578200.17,157496.52,8.45,12,0,791,Current
LN00001817,CU00003513,BR011,Vehicle,2021-06-22,100743.49,84493.81,8.99,24,15,776,Current
LN00001818,CU00003654,BR020,Personal,2023-07-08,178647.4,156698.15,18.16,36,0,679,Current
LN00001819,CU00004048,BR021,Personal,2022-06-01,62645.63,29271.36,11.47,120,30,742,Delinquent
LN00001820,CU00004171,BR018,Home,2023-06-07,209498.13,33286.56,9.74,120,0,701,Current
LN00001821,CU00004834,BR010,Home,2021-11-03,1251995.67,622278.56,12.11,120,0,680,Current
LN00001822,CU00001972,BR020,Vehicle,2023-12-14,106814.7,60859.5,15.92,240,30,782,Delinquent
LN00001823,CU00003410,BR017,Education,2023-12-16,242450.71,58346.65,12.34,120,60,775,Delinquent
LN00001824,CU00004177,BR021,Vehicle,2020-10-27,66754.79,21860.95,8.57,120,0,748,Current
LN00001825,CU00001091,BR018,Personal,2022-12-09,591124.32,407909.75,15.94,60,0,785,Current
LN00001826,CU00003570,BR019,Home,2021-03-20,50000.0,25827.95,7.85,240,15,779,Current
LN00001827,CU00004255,BR024,Education,2025-10-26,96929.28,38618.81,13.75,240,0,760,Current
LN00001828,CU00000855,BR016,Business,2024-02-11,225707.49,148173.83,17.49,180,60,743,Delinquent
LN00001829,CU00001004,BR004,Vehicle,2023-10-14,147440.94,37451.92,9.12,24,30,745,Delinquent
LN00001830,CU00003026,BR006,Personal,2024-04-28,834924.36,650731.12,8.85,36,60,815,Delinquent
LN00001831,CU00003974,BR018,Personal,2023-03-23,193416.28,183322.85,16.6,12,0,702,Current
LN00001832,CU00000046,BR002,Home,2023-07-27,73671.84,45056.69,19.14,240,0,749,Current
LN00001833,CU00002449,BR007,Home,2022-05-18,98743.39,94604.73,9.15,180,0,691,Current
LN00001834,CU00000473,BR012,Business,2024-11-29,2269666.91,1139102.68,11.15,120,0,757,Current
LN00001835,CU00001185,BR021,Home,2021-04-24,164063.71,89326.92,17.06,120,0,645,Current
LN00001836,CU00004784,BR015,Personal,2022-03-27,52551.6,43346.77,8.54,60,0,590,Current
LN00001837,CU00001892,BR017,Vehicle,2025-06-15,521041.91,437800.71,8.45,36,0,736,Current
LN00001838,CU00003362,BR001,Personal,2021-11-19,797271.84,160111.61,10.86,120,15,768,Current
LN00001839,CU00004275,BR017,Vehicle,2021-09-29,683594.29,415781.45,12.63,240,0,756,Current
LN00001840,CU00002895,BR006,Personal,2022-08-26,382638.51,111323.94,19.49,24,0,808,Current
LN00001841,CU00003308,BR007,Personal,2025-01-14,243329.65,76340.02,14.23,60,30,722,Delinquent
LN00001842,CU00001445,BR020,Home,2026-03-12,2529105.41,1565096.76,9.82,60,0,576,Current
LN00001843,CU00001603,BR005,Home,2021-07-11,328379.01,62782.71,15.1,60,0,750,Current
LN00001844,CU00004183,BR003,Home,2022-07-01,1162379.75,168289.74,17.73,60,30,709,Delinquent
LN00001845,CU00004449,BR001,Personal,2021-01-24,513801.87,275462.99,11.34,180,15,809,Current
LN00001846,CU00002804,BR022,Vehicle,2023-10-14,634460.88,151712.15,18.14,36,15,700,Current
LN00001847,CU00002866,BR006,Education,2023-09-12,172601.73,68361.88,11.43,120,0,683,Current
LN00001848,CU00003379,BR009,Personal,2024-07-03,633960.95,264070.55,8.31,240,0,748,Current
LN00001849,CU00001996,BR016,Home,2024-02-08,2351037.52,2063122.04,9.93,120,0,625,Current
LN00001850,CU00002747,BR005,Vehicle,2021-11-30,548890.47,297631.74,8.97,240,60,725,Delinquent
LN00001851,CU00001766,BR015,Education,2025-11-08,1068731.54,593898.34,17.09,240,0,723,Current
LN00001852,CU00002719,BR015,Business,2022-07-28,1108736.5,1002669.06,16.38,60,30,672,Delinquent
LN00001853,CU00002102,BR017,Personal,2021-04-05,1617331.43,1042134.07,16.42,240,0,680,Current
LN00001854,CU00004613,BR023,Education,2022-02-11,128063.98,119132.9,14.72,180,0,741,Current
LN00001855,CU00003613,BR021,Education,2026-03-06,1330225.01,1218582.57,10.85,180,0,746,Current
LN00001856,CU00003274,BR005,Home,2022-01-28,351652.98,141132.08,12.35,240,15,695,Current
LN00001857,CU00002673,BR006,Education,2023-06-07,422800.59,206577.29,10.37,180,60,654,Delinquent
LN00001858,CU00001465,BR013,Home,2023-08-25,67026.43,54219.22,19.31,180,60,658,Delinquent
LN00001859,CU00001752,BR004,Business,2023-07-27,259886.3,178709.72,17.91,60,30,762,Delinquent
LN00001860,CU00000889,BR002,Business,2024-05-19,338612.47,81710.17,14.8,120,0,728,Current
LN00001861,CU00001399,BR003,Education,2022-09-26,515220.97,493088.79,16.07,36,0,840,Current
LN00001862,CU00004366,BR020,Business,2025-08-07,466130.93,253077.24,13.17,36,0,723,Current
LN00001863,CU00002217,BR010,Personal,2023-04-19,869131.82,527425.74,16.76,24,0,773,Current
LN00001864,CU00002160,BR004,Vehicle,2021-02-08,2707606.31,1501190.21,9.03,180,0,667,Current
LN00001865,CU00004603,BR010,Home,2023-01-08,1036099.06,233885.09,12.25,240,0,750,Current
LN00001866,CU00004826,BR009,Personal,2024-04-19,150801.71,50352.94,13.72,60,0,801,Current
LN00001867,CU00004484,BR003,Home,2026-03-13,353311.21,156521.92,11.35,60,0,825,Current
LN00001868,CU00000369,BR017,Education,2025-05-29,2156273.53,1992690.83,18.25,12,30,613,Delinquent
LN00001869,CU00002643,BR001,Home,2023-08-14,53481.45,30875.32,14.73,120,0,676,Current
LN00001870,CU00000438,BR008,Home,2022-02-05,1046115.83,709652.82,14.51,120,60,746,Delinquent
LN00001871,CU00002560,BR006,Home,2023-08-29,1932114.11,1232357.15,17.42,240,0,790,Current
LN00001872,CU00003736,BR007,Home,2026-06-13,145430.57,136922.26,19.31,180,0,722,Current
LN00001873,CU00000674,BR008,Home,2025-10-07,137917.95,55549.5,15.98,120,0,642,Current
LN00001874,CU00002089,BR008,Business,2025-01-01,143531.71,38590.57,7.73,36,0,655,Current
LN00001875,CU00003337,BR012,Education,2026-07-13,156733.51,101818.68,18.19,36,0,692,Current
LN00001876,CU00002846,BR014,Vehicle,2025-03-05,254878.29,57761.51,13.29,24,0,626,Current
LN00001877,CU00001171,BR024,Business,2022-07-09,758348.23,422665.01,18.42,12,15,714,Current
LN00001878,CU00001503,BR015,Home,2023-03-28,318492.91,50600.12,17.38,240,0,752,Current
LN00001879,CU00000273,BR012,Education,2023-08-09,4847971.18,2896913.01,8.2,12,0,758,Current
LN00001880,CU00001756,BR023,Business,2023-07-24,1345927.51,435674.45,16.28,36,0,727,Current
LN00001881,CU00001016,BR015,Home,2023-01-11,109190.0,50692.88,13.03,12,0,640,Current
LN00001882,CU00003223,BR016,Personal,2022-01-01,1281748.33,818555.31,12.86,180,0,752,Current
LN00001883,CU00003617,BR013,Vehicle,2021-12-24,1283331.06,1064439.21,10.99,24,0,742,Current
LN00001884,CU00003105,BR009,Business,2024-02-01,2500427.94,1351816.15,14.9,120,0,767,Current
LN00001885,CU00003211,BR004,Business,2025-05-09,446628.81,345211.84,11.41,240,0,732,Current
LN00001886,CU00004985,BR009,Personal,2022-12-29,1913162.46,1093790.69,14.0,36,15,744,Current
LN00001887,CU00003683,BR005,Home,2021-06-13,389431.7,350996.75,10.13,36,0,698,Current
LN00001888,CU00002133,BR017,Personal,2021-03-13,454275.96,65078.08,15.4,120,0,738,Current
LN00001889,CU00000726,BR019,Home,2025-03-13,483435.13,351151.43,18.68,180,0,635,Current
LN00001890,CU00004119,BR010,Home,2021-04-06,1898024.59,387078.85,10.52,12,0,681,Current
LN00001891,CU00003544,BR014,Personal,2023-02-01,258491.72,135648.08,14.04,120,0,802,Current
LN00001892,CU00004193,BR013,Personal,2021-08-31,1085855.56,575623.23,15.48,36,0,732,Current
LN00001893,CU00000097,BR012,Education,2024-03-25,311991.96,77839.01,16.74,36,0,680,Current
LN00001894,CU00003813,BR005,Home,2022-04-08,1420431.0,413655.75,17.9,24,15,692,Current
LN00001895,CU00001791,BR015,Vehicle,2020-08-27,314386.11,159225.35,17.89,24,0,797,Current
LN00001896,CU00000527,BR011,Business,2023-06-09,624980.73,250410.52,15.59,240,0,688,Current
LN00001897,CU00003078,BR020,Vehicle,2024-10-06,899072.39,358228.57,14.96,24,0,739,Current
LN00001898,CU00000698,BR008,Personal,2024-08-27,278184.42,164489.61,13.37,180,0,650,Current
LN00001899,CU00003908,BR010,Business,2024-12-20,5423158.14,2216671.14,8.75,12,0,780,Current
LN00001900,CU00003827,BR008,Personal,2025-02-22,520337.82,78992.15,16.59,60,0,663,Current
LN00001901,CU00003868,BR007,Business,2023-08-14,160019.25,49414.75,10.1,180,0,735,Current
LN00001902,CU00000292,BR007,Vehicle,2022-08-11,663034.26,518501.82,9.26,36,0,746,Current
LN00001903,CU00002462,BR018,Personal,2022-04-24,1107749.39,409572.5,10.21,60,0,660,Current
LN00001904,CU00004522,BR006,Personal,2021-09-09,442059.59,288028.48,17.93,36,0,775,Current
LN00001905,CU00000497,BR024,Business,2025-12-12,152202.39,98889.92,16.3,240,0,749,Current
LN00001906,CU00001075,BR003,Vehicle,2023-01-11,550710.0,342417.0,8.4,240,0,668,Current
LN00001907,CU00004271,BR016,Personal,2021-04-02,342918.33,51599.57,12.91,60,0,840,Current
LN00001908,CU00001928,BR024,Home,2025-08-31,284741.85,186380.06,14.66,12,0,747,Current
LN00001909,CU00000684,BR011,Home,2025-08-03,1691779.17,1392928.3,9.37,180,0,798,Current
LN00001910,CU00002451,BR009,Home,2024-04-20,462072.71,321524.55,15.91,60,0,708,Current
LN00001911,CU00001987,BR019,Vehicle,2023-05-05,92670.57,38843.15,13.72,12,30,573,Delinquent
LN00001912,CU00003611,BR012,Home,2022-11-30,521230.12,132228.91,13.24,12,0,749,Current
LN00001913,CU00001043,BR014,Home,2024-10-21,2006096.25,1194434.62,17.45,240,0,775,Current
LN00001914,CU00003441,BR017,Education,2020-11-26,123955.14,113118.14,15.96,120,0,701,Current
LN00001915,CU00000239,BR024,Home,2025-04-17,1203684.83,548501.84,15.01,36,0,608,Current
LN00001916,CU00004716,BR014,Personal,2020-10-18,155962.05,76165.16,10.39,24,0,739,Current
LN00001917,CU00002844,BR003,Personal,2024-03-12,202446.13,87906.63,10.86,36,0,689,Current
LN00001918,CU00002856,BR005,Personal,2024-08-20,153540.82,71449.04,15.06,36,0,637,Current
LN00001919,CU00002046,BR020,Personal,2021-02-06,808787.33,533318.35,13.05,24,0,639,Current
LN00001920,CU00004241,BR013,Vehicle,2020-10-14,208124.87,123476.15,8.83,24,0,605,Current
LN00001921,CU00004758,BR005,Personal,2020-09-17,149490.34,32179.06,9.52,24,0,832,Current
LN00001922,CU00003250,BR011,Education,2026-05-29,2944731.29,2021592.68,13.26,240,0,850,Current
LN00001923,CU00001949,BR012,Vehicle,2023-02-22,155959.43,24339.32,18.72,180,0,701,Current
LN00001924,CU00003146,BR016,Personal,2021-12-19,253697.44,235961.19,10.15,60,0,740,Current
LN00001925,CU00002211,BR021,Personal,2021-05-18,66980.05,17799.1,18.01,60,0,713,Current
LN00001926,CU00001797,BR017,Personal,2022-10-24,159119.45,137745.54,17.45,36,0,756,Current
LN00001927,CU00001253,BR005,Home,2024-08-29,113793.1,86544.99,16.76,12,0,745,Current
LN00001928,CU00004978,BR023,Vehicle,2023-12-31,353879.67,164018.95,14.27,180,0,850,Current
LN00001929,CU00001163,BR012,Vehicle,2025-04-01,540907.44,145404.21,10.23,24,0,764,Current
LN00001930,CU00001242,BR006,Home,2022-01-21,108725.84,60534.98,17.17,120,0,711,Current
LN00001931,CU00001195,BR012,Business,2024-01-01,392195.5,371134.45,15.51,120,0,780,Current
LN00001932,CU00000845,BR019,Vehicle,2026-05-24,108359.14,21077.72,12.99,36,15,635,Current
LN00001933,CU00001495,BR022,Vehicle,2020-10-10,359307.54,93275.54,13.5,120,0,722,Current
LN00001934,CU00003479,BR009,Vehicle,2024-08-08,470655.62,172053.85,16.35,12,0,782,Current
LN00001935,CU00000114,BR017,Vehicle,2023-06-26,319811.81,280705.76,17.99,180,0,760,Current
LN00001936,CU00000870,BR002,Home,2022-12-25,399391.92,284449.97,9.61,180,0,771,Current
LN00001937,CU00003603,BR016,Vehicle,2024-03-06,3134119.16,1061295.78,10.91,12,0,694,Current
LN00001938,CU00002994,BR020,Home,2020-09-26,2591573.31,2048870.71,11.26,12,0,658,Current
LN00001939,CU00003388,BR006,Personal,2022-08-20,277354.49,128476.08,12.31,36,0,737,Current
LN00001940,CU00004703,BR014,Home,2020-11-24,102613.42,54046.15,15.99,12,0,686,Current
LN00001941,CU00000945,BR008,Vehicle,2021-01-14,260534.0,152879.33,17.01,60,0,810,Current
LN00001942,CU00002419,BR009,Personal,2020-09-11,146670.51,39255.51,14.7,36,15,798,Current
LN00001943,CU00002382,BR008,Vehicle,2022-03-24,259663.61,44885.99,14.58,240,0,740,Current
LN00001944,CU00002854,BR013,Personal,2021-04-01,112593.25,71896.31,14.35,60,120,775,Non-performing
LN00001945,CU00002755,BR003,Business,2022-09-22,268427.45,185929.94,17.46,12,0,680,Current
LN00001946,CU00002714,BR019,Education,2023-07-12,457637.91,424324.87,12.66,240,0,624,Current
LN00001947,CU00001390,BR004,Home,2021-02-22,1047691.23,536714.15,15.4,12,30,791,Delinquent
LN00001948,CU00004035,BR010,Personal,2024-10-21,218599.58,131568.51,11.21,240,0,695,Current
LN00001949,CU00003556,BR001,Home,2025-10-08,413503.03,280789.32,17.55,120,30,703,Delinquent
LN00001950,CU00004133,BR013,Business,2020-12-14,1647909.49,1220905.33,12.98,12,0,776,Current
LN00001951,CU00000946,BR004,Personal,2026-07-07,483364.42,178918.1,7.61,240,15,677,Current
LN00001952,CU00002223,BR010,Vehicle,2025-10-07,1230140.08,212804.75,11.78,240,0,703,Current
LN00001953,CU00002179,BR006,Personal,2023-12-11,544385.51,387103.34,18.18,180,0,602,Current
LN00001954,CU00003591,BR024,Business,2024-02-11,347868.75,149013.64,9.16,180,0,748,Current
LN00001955,CU00002267,BR016,Personal,2021-05-15,574892.45,514152.97,15.97,12,0,662,Current
LN00001956,CU00000949,BR022,Home,2025-09-06,105676.27,68892.47,15.31,240,0,758,Current
LN00001957,CU00003158,BR006,Home,2023-04-27,409852.48,169829.81,17.79,24,90,638,Non-performing
LN00001958,CU00001289,BR017,Home,2025-04-09,122136.85,38892.4,13.69,24,0,740,Current
LN00001959,CU00002482,BR009,Vehicle,2026-06-23,391623.75,323445.18,8.05,60,60,646,Delinquent
LN00001960,CU00004027,BR004,Home,2026-02-19,11310272.97,9467882.19,19.41,12,0,645,Current
LN00001961,CU00004734,BR008,Vehicle,2021-03-04,319946.23,143252.71,18.41,240,0,828,Current
LN00001962,CU00004793,BR014,Home,2024-08-08,181399.27,125546.33,12.16,36,0,718,Current
LN00001963,CU00002787,BR016,Home,2023-09-23,422837.41,352421.42,18.46,60,0,725,Current
LN00001964,CU00000001,BR001,Vehicle,2026-04-24,720270.26,651670.67,15.39,240,0,731,Current
LN00001965,CU00002330,BR011,Personal,2024-01-26,1121448.04,215466.08,17.41,120,0,779,Current
LN00001966,CU00002156,BR006,Business,2026-04-13,135850.31,97165.08,12.27,60,15,818,Current
LN00001967,CU00004095,BR013,Home,2023-11-03,361401.56,234862.61,9.13,60,0,690,Current
LN00001968,CU00002259,BR019,Personal,2025-04-04,527819.5,269635.13,11.26,36,0,673,Current
LN00001969,CU00004287,BR007,Home,2024-01-02,369889.21,67075.2,13.81,36,0,850,Current
LN00001970,CU00001894,BR022,Education,2024-12-16,391177.12,86348.63,18.13,180,0,686,Current
LN00001971,CU00000199,BR007,Education,2021-01-31,137877.76,19396.77,8.35,24,0,839,Current
LN00001972,CU00001396,BR006,Vehicle,2023-07-22,580494.35,479132.08,14.36,240,0,730,Current
LN00001973,CU00001400,BR010,Personal,2026-03-19,529614.76,435715.54,15.25,36,0,705,Current
LN00001974,CU00002869,BR005,Vehicle,2024-03-25,193374.98,141066.0,8.9,36,15,747,Current
LN00001975,CU00003275,BR024,Home,2025-06-17,1694997.19,1275412.8,8.14,24,0,710,Current
LN00001976,CU00002649,BR012,Home,2024-03-05,89705.52,33689.31,10.47,240,0,701,Current
LN00001977,CU00001068,BR013,Personal,2024-05-21,1037172.37,317779.66,12.0,60,0,651,Current
LN00001978,CU00003924,BR004,Home,2025-04-16,135415.03,106719.5,14.19,120,90,733,Non-performing
LN00001979,CU00001298,BR022,Education,2023-01-08,87628.38,39615.95,9.85,24,0,726,Current
LN00001980,CU00000141,BR001,Home,2022-08-01,356182.41,82839.75,14.69,180,0,709,Current
LN00001981,CU00001670,BR022,Vehicle,2020-10-17,602312.85,336084.68,9.82,240,0,616,Current
LN00001982,CU00000271,BR010,Vehicle,2024-01-07,1313485.63,716234.42,8.51,12,0,664,Current
LN00001983,CU00001901,BR011,Vehicle,2024-04-09,140693.44,19962.03,8.61,60,120,657,Non-performing
LN00001984,CU00001130,BR008,Home,2023-04-27,311516.2,296711.37,19.43,12,90,703,Non-performing
LN00001985,CU00001563,BR001,Home,2026-07-01,771847.6,494089.32,16.52,12,0,656,Current
LN00001986,CU00001285,BR014,Personal,2021-12-24,182879.13,125504.55,15.03,60,0,763,Current
LN00001987,CU00002067,BR003,Vehicle,2020-11-13,410403.97,212375.3,10.12,12,30,692,Delinquent
LN00001988,CU00003717,BR019,Business,2024-07-09,589981.29,509158.14,12.26,36,15,647,Current
LN00001989,CU00002045,BR010,Vehicle,2021-10-21,110009.79,43591.62,14.06,36,0,648,Current
LN00001990,CU00004967,BR009,Business,2022-05-20,1006872.34,955492.11,14.9,180,0,737,Current
LN00001991,CU00003205,BR023,Education,2024-01-14,1758182.82,715620.51,11.54,120,0,682,Current
LN00001992,CU00000448,BR012,Home,2022-01-06,1744111.55,1219609.44,15.59,12,15,751,Current
LN00001993,CU00003009,BR015,Vehicle,2024-12-17,89787.02,72394.53,15.44,36,0,691,Current
LN00001994,CU00000511,BR005,Home,2023-06-22,2027815.78,1748425.76,8.37,120,90,770,Non-performing
LN00001995,CU00003338,BR006,Business,2024-02-25,811873.8,488431.7,11.69,12,0,715,Current
LN00001996,CU00002399,BR021,Education,2021-08-22,257975.51,241254.93,15.06,180,0,795,Current
LN00001997,CU00000415,BR015,Personal,2022-09-30,549150.08,142804.69,8.27,36,0,691,Current
LN00001998,CU00001978,BR014,Home,2020-10-02,528693.97,78121.48,16.01,60,30,699,Delinquent
LN00001999,CU00004488,BR011,Personal,2025-02-25,764224.32,623286.49,18.52,180,0,671,Current
LN00002000,CU00000408,BR005,Vehicle,2022-09-13,196482.41,60004.04,18.9,180,0,724,Current
LN00002001,CU00001648,BR009,Business,2021-05-30,664309.66,84393.64,13.1,120,0,666,Current
LN00002002,CU00003192,BR016,Education,2021-06-18,237273.79,138750.45,9.28,12,0,756,Current
LN00002003,CU00004234,BR011,Vehicle,2025-02-19,557942.11,128013.72,9.92,120,0,827,Current
LN00002004,CU00000645,BR002,Home,2022-06-01,228725.55,85573.14,16.44,36,30,775,Delinquent
LN00002005,CU00004184,BR001,Business,2026-02-15,953649.65,345166.25,15.76,60,0,689,Current
LN00002006,CU00003687,BR013,Education,2025-08-02,205512.78,70884.34,8.91,180,0,581,Current
LN00002007,CU00000396,BR003,Business,2023-04-05,3009409.35,1708916.97,7.69,240,0,761,Current
LN00002008,CU00002522,BR013,Vehicle,2022-12-08,133567.26,92425.82,7.75,180,60,762,Delinquent
LN00002009,CU00002607,BR004,Vehicle,2022-11-22,171728.76,78757.63,19.41,24,0,668,Current
LN00002010,CU00001942,BR016,Home,2021-12-11,903064.68,851155.5,11.25,12,0,768,Current
LN00002011,CU00002446,BR011,Business,2023-04-25,923982.13,493743.34,18.56,24,0,691,Current
LN00002012,CU00002860,BR014,Vehicle,2023-10-12,259891.51,219440.69,12.99,36,0,671,Current
LN00002013,CU00003689,BR006,Personal,2025-04-18,302376.42,56420.04,10.48,24,90,735,Non-performing
LN00002014,CU00002174,BR017,Home,2022-04-21,436001.14,214073.35,11.04,36,0,738,Current
LN00002015,CU00004788,BR024,Home,2021-01-12,402657.62,122467.37,19.28,120,0,712,Current
LN00002016,CU00003737,BR014,Home,2022-05-26,347296.58,49360.51,19.12,12,0,688,Current
LN00002017,CU00000562,BR024,Education,2025-07-11,961360.74,186638.68,8.83,240,0,671,Current
LN00002018,CU00004669,BR023,Personal,2021-06-09,295790.06,279466.02,9.53,180,0,771,Current
LN00002019,CU00003018,BR022,Home,2026-05-14,976159.35,788999.72,11.2,36,0,618,Current
LN00002020,CU00000329,BR017,Business,2026-03-09,538356.33,480339.9,10.85,180,0,768,Current
LN00002021,CU00002602,BR019,Personal,2021-12-21,140231.5,42619.44,18.88,36,0,754,Current
LN00002022,CU00002414,BR008,Home,2025-05-16,250658.06,46316.3,10.04,24,60,706,Delinquent
LN00002023,CU00003269,BR017,Vehicle,2025-04-26,61608.41,19338.59,15.82,240,15,804,Current
LN00002024,CU00003222,BR012,Home,2024-08-31,771054.9,472710.79,13.31,180,30,792,Delinquent
LN00002025,CU00002826,BR018,Personal,2021-08-22,157832.57,76623.31,9.19,36,0,543,Current
LN00002026,CU00003443,BR018,Personal,2024-05-19,821139.59,358789.12,7.82,36,0,766,Current
LN00002027,CU00002122,BR010,Vehicle,2025-05-28,2174899.54,2051234.85,9.61,120,0,809,Current
LN00002028,CU00004578,BR010,Education,2023-11-15,706621.79,173936.47,13.91,12,0,650,Current
LN00002029,CU00002165,BR014,Personal,2024-07-03,63291.72,8204.32,15.76,24,0,683,Current
LN00002030,CU00000219,BR002,Business,2025-06-10,1436071.93,1264410.91,15.87,24,0,624,Current
LN00002031,CU00002170,BR002,Vehicle,2021-03-10,1088687.14,851175.56,7.97,120,0,745,Current
LN00002032,CU00002471,BR019,Home,2023-12-01,515280.08,218831.63,17.76,180,0,635,Current
LN00002033,CU00000420,BR016,Vehicle,2024-05-19,5402357.8,4114550.73,8.22,60,0,849,Current
LN00002034,CU00002188,BR013,Education,2025-07-23,109710.26,15382.97,16.7,36,90,797,Non-performing
LN00002035,CU00002074,BR017,Home,2024-03-06,252403.98,67127.01,18.75,120,90,603,Non-performing
LN00002036,CU00001062,BR004,Education,2021-09-02,3404340.63,1516163.61,12.05,120,90,727,Non-performing
LN00002037,CU00002556,BR021,Personal,2023-12-29,2118983.9,925115.09,16.73,24,0,644,Current
LN00002038,CU00000099,BR002,Education,2025-11-05,3459645.33,3285590.49,17.25,180,0,749,Current
LN00002039,CU00002619,BR015,Education,2026-04-07,95753.68,72907.76,14.47,120,0,775,Current
LN00002040,CU00001274,BR020,Business,2022-03-29,1653684.84,205875.49,16.12,60,60,731,Delinquent
LN00002041,CU00004979,BR002,Home,2025-12-04,259808.3,194394.49,17.85,24,0,739,Current
LN00002042,CU00000697,BR014,Home,2024-12-09,254347.11,178678.2,18.76,60,0,780,Current
LN00002043,CU00003497,BR019,Personal,2021-11-14,331836.06,145510.62,11.81,240,0,693,Current
LN00002044,CU00000753,BR011,Home,2021-10-27,525881.0,289051.42,12.35,24,0,771,Current
LN00002045,CU00004893,BR015,Home,2021-07-10,1316247.28,364335.74,8.23,180,15,783,Current
LN00002046,CU00003855,BR024,Home,2025-09-14,301077.77,167908.59,15.33,180,30,724,Delinquent
LN00002047,CU00002008,BR015,Home,2021-11-22,186440.19,64455.67,10.81,180,60,748,Delinquent
LN00002048,CU00001602,BR012,Business,2026-02-19,88458.82,40624.24,17.24,36,0,765,Current
LN00002049,CU00002945,BR021,Home,2023-06-18,1394596.66,1080424.61,8.93,120,90,742,Non-performing
LN00002050,CU00002766,BR003,Education,2021-10-30,182486.95,89219.25,12.86,120,0,699,Current
LN00002051,CU00000280,BR024,Vehicle,2024-08-20,503085.29,358354.55,18.44,180,0,687,Current
LN00002052,CU00001798,BR013,Vehicle,2021-01-19,575943.36,191894.64,8.56,24,60,713,Delinquent
LN00002053,CU00002294,BR013,Personal,2024-05-26,605637.61,497142.85,11.57,60,0,777,Current
LN00002054,CU00002506,BR003,Education,2023-09-17,281024.85,263026.39,15.45,240,15,719,Current
LN00002055,CU00002028,BR016,Education,2024-02-04,486363.48,158456.97,13.89,240,0,792,Current
LN00002056,CU00001133,BR023,Vehicle,2022-11-17,1184251.49,282612.26,9.02,24,0,717,Current
LN00002057,CU00002416,BR004,Home,2021-10-10,85753.91,80620.39,7.87,24,15,780,Current
LN00002058,CU00000834,BR011,Home,2023-05-03,980828.64,396370.58,15.28,24,15,727,Current
LN00002059,CU00000886,BR012,Education,2025-01-09,201309.7,185618.22,17.81,180,30,760,Delinquent
LN00002060,CU00004463,BR021,Vehicle,2026-02-25,315171.63,149292.86,19.42,240,0,749,Current
LN00002061,CU00003511,BR009,Personal,2022-01-06,835326.23,468588.37,13.8,240,15,626,Current
LN00002062,CU00004869,BR007,Personal,2021-10-27,370245.12,318695.66,9.27,24,15,699,Current
LN00002063,CU00001790,BR006,Home,2022-08-27,207604.94,72938.03,18.78,120,0,646,Current
LN00002064,CU00003252,BR020,Vehicle,2023-08-26,1191711.41,1115109.36,19.31,120,0,850,Current
LN00002065,CU00004557,BR014,Home,2024-04-29,1540372.79,600520.86,11.97,240,0,724,Current
LN00002066,CU00003648,BR010,Business,2020-09-19,4592961.71,1155528.86,19.41,60,0,736,Current
LN00002067,CU00003226,BR009,Home,2023-04-21,1516295.7,826739.9,18.69,36,60,760,Delinquent
LN00002068,CU00004763,BR009,Vehicle,2021-04-19,560954.75,228979.8,7.77,240,30,690,Delinquent
LN00002069,CU00000220,BR007,Personal,2026-02-05,298123.49,277595.37,13.51,180,0,729,Current
LN00002070,CU00000906,BR014,Business,2023-02-07,457685.59,206571.22,18.67,24,0,596,Current
LN00002071,CU00001564,BR004,Home,2025-06-25,213246.46,157365.49,13.98,24,0,754,Current
LN00002072,CU00001282,BR012,Home,2022-02-24,1631006.74,385448.21,8.93,12,30,685,Delinquent
LN00002073,CU00001716,BR013,Home,2022-04-24,1499306.84,335582.74,17.32,36,0,731,Current
LN00002074,CU00000548,BR004,Personal,2022-03-20,295542.64,115407.6,9.96,60,0,788,Current
LN00002075,CU00003499,BR013,Home,2026-01-03,231690.72,50728.4,10.49,12,0,679,Current
LN00002076,CU00001450,BR004,Home,2024-02-09,124210.87,74929.41,9.43,36,0,619,Current
LN00002077,CU00000911,BR018,Home,2024-05-11,456288.83,142452.96,14.1,120,60,693,Delinquent
LN00002078,CU00002915,BR016,Education,2026-02-13,437908.02,147112.84,9.48,60,0,696,Current
LN00002079,CU00003319,BR006,Vehicle,2025-08-29,4620290.04,1737009.0,19.39,12,15,724,Current
LN00002080,CU00004774,BR017,Home,2021-11-28,267201.7,124865.02,11.77,120,0,756,Current
LN00002081,CU00000929,BR011,Vehicle,2023-01-26,254921.71,174893.96,8.9,36,0,757,Current
LN00002082,CU00004176,BR008,Home,2021-12-04,380030.64,212505.9,16.39,180,0,729,Current
LN00002083,CU00001235,BR016,Business,2025-06-14,254294.06,75361.43,7.57,120,0,625,Current
LN00002084,CU00002812,BR017,Vehicle,2023-01-12,229176.02,182232.59,17.74,12,60,777,Delinquent
LN00002085,CU00000968,BR011,Home,2025-10-25,628094.06,208438.48,10.85,36,0,739,Current
LN00002086,CU00001739,BR016,Personal,2025-08-07,910130.39,574755.33,16.57,24,0,801,Current
LN00002087,CU00002350,BR023,Vehicle,2025-12-12,1285346.03,744537.91,11.75,36,120,846,Non-performing
LN00002088,CU00000194,BR023,Personal,2024-05-03,635780.26,524204.92,16.84,180,0,749,Current
LN00002089,CU00004225,BR002,Personal,2022-12-22,865703.91,238823.39,13.34,120,0,597,Current
LN00002090,CU00002356,BR024,Personal,2021-10-08,1054418.38,1005405.08,12.99,120,0,726,Current
LN00002091,CU00002270,BR012,Vehicle,2022-09-23,237091.77,133847.97,18.57,36,0,704,Current
LN00002092,CU00001428,BR002,Home,2024-09-13,471143.31,323808.18,12.22,240,90,698,Non-performing
LN00002093,CU00001442,BR013,Business,2025-09-04,543162.63,109003.99,16.64,60,0,743,Current
LN00002094,CU00001517,BR021,Vehicle,2022-11-06,7702057.24,2081739.01,7.56,12,0,683,Current
LN00002095,CU00001081,BR020,Business,2024-11-10,213837.95,46198.21,13.52,12,0,706,Current
LN00002096,CU00001096,BR003,Business,2024-11-09,4420595.61,2642653.2,13.61,24,120,708,Non-performing
LN00002097,CU00000459,BR001,Business,2026-03-18,2184679.72,2068563.74,11.1,120,30,734,Delinquent
LN00002098,CU00003550,BR022,Education,2023-12-12,451652.07,194947.94,18.5,36,0,650,Current
LN00002099,CU00001131,BR023,Vehicle,2021-02-28,1190796.65,875100.26,15.03,36,0,684,Current
LN00002100,CU00004159,BR022,Personal,2025-12-28,144305.94,27256.84,11.98,120,0,728,Current
